epoch,loss,mean_absolute_error,mean_absolute_percentage_error,val_loss,val_mean_absolute_error,val_mean_absolute_percentage_error
0,1214945.25,993.39111328125,99.13274383544922,1222610.875,989.1629638671875,98.56881713867188
1,1194492.375,982.7633056640625,98.63414764404297,1212524.875,983.9982299804688,98.82036590576172
2,1185574.5,978.22314453125,98.5931396484375,1204433.125,979.9075317382812,98.7361831665039
3,1177994.0,974.3668823242188,98.47431182861328,1197136.25,976.2080078125,98.67134857177734
4,1170805.5,970.69970703125,98.3785171508789,1190016.625,972.5868530273438,98.61516571044922
5,1163782.125,967.1077880859375,98.26275634765625,1183054.625,969.0348510742188,98.5668716430664
6,1156872.875,963.5607299804688,98.16756439208984,1176130.25,965.4915161132812,98.52578735351562
7,1150028.75,960.0355834960938,98.11478424072266,1169327.875,962.0006103515625,98.4926986694336
8,1143290.125,956.5592041015625,98.02786254882812,1162616.375,958.5482177734375,98.47067260742188
9,1136640.25,953.1140747070312,97.94608306884766,1155976.0,955.1228637695312,98.4549331665039
10,1130053.5,949.6961059570312,97.91411590576172,1149401.5,951.7213134765625,98.44400787353516
11,1123528.625,946.3024291992188,97.86016845703125,1142883.125,948.3399658203125,98.4391860961914
12,1117063.0,942.9279174804688,97.81832885742188,1136420.0,944.9769287109375,98.43746948242188
13,1110626.125,939.561279296875,97.78961181640625,1129950.0,941.5994262695312,98.43827056884766
14,1104203.625,936.1961669921875,97.76748657226562,1123532.0,938.2396240234375,98.4432144165039
15,1097836.5,932.8497314453125,97.74227905273438,1117166.625,934.8963012695312,98.44994354248047
16,1091516.25,929.5183715820312,97.7319107055664,1110847.5,931.5670166015625,98.4591293334961
17,1085247.0,926.2041625976562,97.70104217529297,1104578.75,928.2540893554688,98.47077178955078
18,1079022.375,922.9053344726562,97.69623565673828,1098353.0,924.9570922851562,98.48922729492188
19,1072842.625,919.6182861328125,97.69080352783203,1092160.75,921.6698608398438,98.5124740600586
20,1066694.0,916.3431396484375,97.68391418457031,1086015.875,918.3983764648438,98.5386734008789
21,1060595.125,913.0802612304688,97.69975280761719,1079904.875,915.1351928710938,98.56737518310547
22,1054528.0,909.8291015625,97.68643951416016,1073838.25,911.8861083984375,98.59840393066406
23,1048499.75,906.5896606445312,97.67823028564453,1067808.875,908.6476440429688,98.63191986083984
24,1042514.75,903.3583984375,97.68988037109375,1061812.25,905.4166870117188,98.66720581054688
25,1036557.875,900.135986328125,97.70608520507812,1055852.5,902.1961059570312,98.70471954345703
26,1030636.9375,896.924560546875,97.7151107788086,1049931.5,898.988037109375,98.74506378173828
27,1024761.0,893.72119140625,97.73531341552734,1044041.0625,895.7872924804688,98.78785705566406
28,1018913.6875,890.5264892578125,97.75238037109375,1038190.375,892.5983276367188,98.83236694335938
29,1013101.25,887.3410034179688,97.76152038574219,1032373.25,889.4186401367188,98.8789291381836
30,1007322.625,884.1643676757812,97.76919555664062,1026588.1875,886.2474975585938,98.92774963378906
31,1001577.75,880.99462890625,97.78730773925781,1020835.0625,883.083740234375,98.97785949707031
32,995864.5,877.8339233398438,97.81340026855469,1015118.5,879.9303588867188,99.029296875
33,990183.9375,874.6800537109375,97.83027648925781,1009431.0,876.7828979492188,99.0819320678711
34,984536.375,871.53369140625,97.84352111816406,1003770.875,873.64111328125,99.1361312866211
35,978918.5,868.3924560546875,97.86869812011719,998142.3125,870.5074462890625,99.19182586669922
36,973329.75,865.26171875,97.89207458496094,992554.25,867.38671875,99.24888610839844
37,967782.375,862.1398315429688,97.90679168701172,986995.875,864.2730712890625,99.30725860595703
38,962264.8125,859.0269775390625,97.9359130859375,981474.375,861.1697998046875,99.36650848388672
39,956778.0,855.9221801757812,97.96346282958984,975978.8125,858.071044921875,99.42666625976562
40,951320.1875,852.8242797851562,97.98979187011719,970518.125,854.9820556640625,99.48778533935547
41,945897.625,849.7318725585938,98.02873992919922,965078.75,851.8955078125,99.5501480102539
42,940500.125,846.6471557617188,98.04076385498047,959677.8125,848.8203125,99.61302947998047
43,935137.5625,843.5716552734375,98.07156372070312,954305.5625,845.751953125,99.6771469116211
44,929802.0625,840.5031127929688,98.10700225830078,948964.5625,842.6917724609375,99.74224853515625
45,924498.125,837.4415283203125,98.14680480957031,943647.375,839.6354370117188,99.80838775634766
46,919218.5625,834.3859252929688,98.1903305053711,938363.875,836.5895385742188,99.87576293945312
47,913972.75,831.3388061523438,98.21224212646484,933112.25,833.5527954101562,99.94444274902344
48,908761.9375,828.297607421875,98.25458526611328,927886.0,830.52099609375,100.01414489746094
49,903570.375,825.2676391601562,98.28763580322266,922698.4375,827.50244140625,100.08477020263672
50,898419.1875,822.2433471679688,98.31908416748047,917532.9375,824.4871215820312,100.15637969970703
51,893205.125,819.1737060546875,98.36505126953125,912214.1875,821.3720092773438,100.23152160644531
52,887977.5625,816.0857543945312,98.40055847167969,907024.6875,818.3233642578125,100.30655670166016
53,882828.9375,813.034912109375,98.43611907958984,901879.875,815.2913208007812,100.38232421875
54,877724.75,809.9998779296875,98.47709655761719,896769.25,812.269287109375,100.45874786376953
55,872652.625,806.976806640625,98.51302337646484,891697.6875,809.260986328125,100.53607177734375
56,867623.5,803.9639282226562,98.55970001220703,886657.875,806.26171875,100.61407470703125
57,862622.9375,800.9638671875,98.60149383544922,881657.125,803.2760620117188,100.69297790527344
58,857659.75,797.9697265625,98.6512222290039,876679.625,800.2959594726562,100.77325439453125
59,852718.875,794.9844360351562,98.6872787475586,871735.9375,797.3272705078125,100.85478210449219
60,847813.4375,792.0101318359375,98.73931121826172,866823.0,794.3678588867188,100.93718719482422
61,842936.1875,789.0404052734375,98.7803955078125,861935.0,791.4147338867188,101.02082061767578
62,838087.3125,786.0798950195312,98.83858489990234,857075.5,788.4698486328125,101.10548400878906
63,833265.375,783.1263427734375,98.88443756103516,852245.8125,785.5333251953125,101.19091796875
64,828473.3125,780.181640625,98.92803955078125,847449.25,782.607666015625,101.27703857421875
65,823712.1875,777.2464599609375,98.97803497314453,842680.875,779.68994140625,101.36399841308594
66,818981.125,774.3179931640625,99.02690887451172,837936.375,776.7778930664062,101.45208740234375
67,814275.0,771.3998413085938,99.07737731933594,833231.1875,773.8816528320312,101.54106903076172
68,809602.25,768.4905395507812,99.13231658935547,828542.0,770.9864501953125,101.63127136230469
69,804948.5,765.5830078125,99.17909240722656,823883.6875,768.1018676757812,101.72256469726562
70,800323.3125,762.6865234375,99.23165130615234,819253.9375,765.2262573242188,101.81480407714844
71,795728.375,759.7960205078125,99.29182434082031,814641.25,762.3528442382812,101.9083251953125
72,791154.4375,756.9114990234375,99.34596252441406,810062.125,759.4916381835938,102.00272369384766
73,786609.0,754.0369873046875,99.40493774414062,805509.6875,756.6380004882812,102.09785461425781
74,782092.875,751.1690063476562,99.45907592773438,800982.0625,753.791748046875,102.19416046142578
75,777599.0,748.3096923828125,99.5252456665039,796483.75,750.9561157226562,102.29171752929688
76,773137.1875,745.4590454101562,99.58354949951172,792011.3125,748.1296997070312,102.39071655273438
77,768699.8125,742.6163940429688,99.63858032226562,787563.625,745.310791015625,102.49087524414062
78,764284.875,739.7808227539062,99.69282531738281,783139.6875,742.4999389648438,102.59253692626953
79,759897.0625,736.9519653320312,99.77095031738281,778739.5625,739.6974487304688,102.69585418701172
80,755532.0,734.1342163085938,99.83391571044922,774368.375,736.9092407226562,102.80158996582031
81,751195.375,731.3255004882812,99.89846801757812,770024.6875,734.1393432617188,102.9114761352539
82,746884.125,728.5272827148438,99.95991516113281,765703.8125,731.38427734375,103.0254135131836
83,742600.0,725.7462158203125,100.0392074584961,761409.3125,728.684814453125,103.15682983398438
84,738339.0625,722.9933471679688,100.1163101196289,757142.875,726.0830688476562,103.31996154785156
85,734107.0625,720.2908325195312,100.20905303955078,752903.0625,723.5145874023438,103.4924087524414
86,729901.0,717.63623046875,100.32511138916016,748680.4375,720.9812622070312,103.67704010009766
87,725714.25,715.0181274414062,100.43849182128906,744489.0625,718.4906616210938,103.87281799316406
88,721555.75,712.449462890625,100.5666275024414,740326.0625,716.0426635742188,104.0802001953125
89,717423.875,709.938720703125,100.72888946533203,736181.3125,713.6258544921875,104.29777526855469
90,713318.0625,707.4745483398438,100.89251708984375,732058.6875,711.2418212890625,104.52503967285156
91,709229.0,705.0360717773438,101.06803894042969,727967.0625,708.8909912109375,104.75978088378906
92,705172.625,702.6264038085938,101.24788665771484,723899.6875,706.5684204101562,105.00199890136719
93,701134.625,700.240966796875,101.423828125,719858.1875,704.2761840820312,105.25176239013672
94,697128.3125,697.8787231445312,101.62702941894531,715835.875,701.99853515625,105.50569152832031
95,693138.25,695.5311889648438,101.81233978271484,711841.125,699.7503662109375,105.76638793945312
96,689176.4375,693.2196655273438,102.02458190917969,707865.6875,697.5189208984375,106.03173828125
97,685235.75,690.936279296875,102.23703002929688,703917.75,695.303466796875,106.2994613647461
98,681318.5,688.68115234375,102.46167755126953,699991.0,693.1092529296875,106.5726547241211
99,677422.875,686.4444580078125,102.68768310546875,696085.5,690.931640625,106.84984588623047
100,673555.8125,684.2247924804688,102.91100311279297,692203.1875,688.763916015625,107.12847137451172
101,669706.4375,682.0226440429688,103.1431884765625,688351.0,686.6174926757812,107.41024017333984
102,665884.3125,679.8345336914062,103.37527465820312,684518.6875,684.48974609375,107.6967544555664
103,662084.125,677.6588745117188,103.62075805664062,680709.8125,682.3771362304688,107.98616027832031
104,658308.5625,675.503173828125,103.85012817382812,676926.0625,680.2803344726562,108.27804565429688
105,654554.9375,673.3671264648438,104.0991439819336,673160.8125,678.194091796875,108.57254028320312
106,650822.5,671.2489624023438,104.35568237304688,669420.125,676.1251220703125,108.87000274658203
107,647114.0625,669.1491088867188,104.6093521118164,665702.0,674.0753784179688,109.17146301269531
108,643429.625,667.0604858398438,104.85584259033203,662004.1875,672.0380859375,109.47550201416016
109,639765.25,664.9866333007812,105.11895751953125,658331.6875,670.0154418945312,109.781494140625
110,636123.3125,662.9264526367188,105.37767791748047,654687.3125,668.00830078125,110.08893585205078
111,632510.9375,660.88037109375,105.63899993896484,651057.8125,666.00830078125,110.3986587524414
112,628912.75,658.8397216796875,105.89802551269531,647452.1875,664.0186157226562,110.70935821533203
113,625338.0,656.8057250976562,106.15139770507812,643865.375,662.0352172851562,111.0210952758789
114,621786.5625,654.78369140625,106.42361450195312,640301.1875,660.0599365234375,111.33345794677734
115,618254.8125,652.765869140625,106.68307495117188,636761.3125,658.0950317382812,111.6466064453125
116,614747.125,650.7603149414062,106.94534301757812,633249.375,656.142333984375,111.9601058959961
117,611265.25,648.7626342773438,107.22238159179688,629758.0625,654.1965942382812,112.2743148803711
118,607800.75,646.7742309570312,107.49166107177734,626283.9375,652.2561645507812,112.58956909179688
119,604361.4375,644.7949829101562,107.75001525878906,622830.625,650.32275390625,112.90540313720703
120,600938.3125,642.8275756835938,108.0205078125,619399.1875,648.3971557617188,113.22183227539062
121,597536.6875,640.8711547851562,108.30780792236328,615986.75,646.4803466796875,113.53972625732422
122,594154.4375,638.9235229492188,108.5685043334961,612596.3125,644.5721435546875,113.85823822021484
123,590798.0,636.9868774414062,108.85189056396484,609230.8125,642.6753540039062,114.1773910522461
124,587463.125,635.061767578125,109.12066650390625,605887.8125,640.7891235351562,114.49750518798828
125,584151.8125,633.1492919921875,109.40808868408203,602564.25,638.909423828125,114.81829071044922
126,580857.6875,631.2410278320312,109.68138122558594,599257.75,637.0350341796875,115.13997650146484
127,577584.8125,629.3444213867188,109.95637512207031,595972.0,635.1671752929688,115.46197509765625
128,574329.4375,627.45166015625,110.24278259277344,592719.25,633.3138427734375,115.78329467773438
129,571103.3125,625.5740356445312,110.52042388916016,589474.875,631.460693359375,116.10626983642578
130,567889.8125,623.6967163085938,110.79324340820312,586255.0625,629.6170654296875,116.42924499511719
131,564701.125,621.8292846679688,111.09065246582031,583054.1875,627.7798461914062,116.75289154052734
132,561532.8125,619.9678344726562,111.350341796875,579875.875,625.95068359375,117.07667541503906
133,558384.8125,618.1222534179688,111.64742279052734,576722.1875,624.1304931640625,117.40022277832031
134,555262.75,616.2797241210938,111.92041015625,573588.125,622.3170166015625,117.72419738769531
135,552158.4375,614.4481201171875,112.20711517333984,570476.8125,620.5119018554688,118.04824829101562
136,549075.5625,612.6265258789062,112.50718688964844,567377.875,618.7093505859375,118.37345886230469
137,546007.9375,610.8148193359375,112.78581237792969,564303.375,616.916259765625,118.69854736328125
138,542960.1875,609.0073852539062,113.06293487548828,561244.5625,615.1272583007812,119.02428436279297
139,539934.5625,607.2084350585938,113.35277557373047,558207.125,613.3472290039062,119.35047912597656
140,536927.5,605.4190063476562,113.64458465576172,555194.4375,611.5782470703125,119.67672729492188
141,533942.0,603.6339111328125,113.932861328125,552197.75,609.8155517578125,120.00399780273438
142,530975.875,601.8594970703125,114.2099609375,549218.9375,608.0598754882812,120.33203887939453
143,528027.75,600.0907592773438,114.50482177734375,546264.5625,606.3168334960938,120.66046142578125
144,525101.0,598.3303833007812,114.7926254272461,543332.0625,604.5827026367188,120.98902893066406
145,522200.96875,596.5806884765625,115.06993865966797,540410.875,602.8502807617188,121.3187026977539
146,519308.3125,594.832763671875,115.3788833618164,537516.3125,601.1284790039062,121.6476821899414
147,516440.9375,593.0960693359375,115.6579818725586,534640.6875,599.4130249023438,121.9769287109375
148,513594.5,591.3672485351562,115.94774627685547,531777.6875,597.6995239257812,122.30693817138672
149,510763.84375,589.6428833007812,116.2470932006836,528943.1875,595.998779296875,122.63613891601562
150,507956.3125,587.9293823242188,116.53132629394531,526123.9375,594.3031005859375,122.9661636352539
151,505165.9375,586.224365234375,116.8159408569336,523326.6875,592.6173095703125,123.29629516601562
152,502395.6875,584.5241088867188,117.12165832519531,520541.71875,590.9354248046875,123.62769317626953
153,499641.15625,582.8302001953125,117.4054183959961,517777.53125,589.2620239257812,123.95915985107422
154,496906.53125,581.1442260742188,117.70488739013672,515035.375,587.59814453125,124.29061126708984
155,494192.90625,579.4680786132812,117.99527740478516,512312.15625,585.94189453125,124.62232971191406
156,491497.625,577.8009033203125,118.28694915771484,509606.875,584.293701171875,124.95470428466797
157,488822.21875,576.1427001953125,118.59927368164062,506919.40625,582.6548461914062,125.28795623779297
158,486164.1875,574.488037109375,118.8895034790039,504249.40625,581.024658203125,125.62201690673828
159,483522.28125,572.8426513671875,119.1895523071289,501602.78125,579.4050903320312,125.95582580566406
160,480903.09375,571.2075805664062,119.47075653076172,498967.75,577.7882690429688,126.29063415527344
161,478296.90625,569.5757446289062,119.7698974609375,496354.125,576.1792602539062,126.62506103515625
162,475711.65625,567.9509887695312,120.0664291381836,493756.625,574.5752563476562,126.95980072021484
163,473143.65625,566.3355712890625,120.3681411743164,491180.6875,572.9796142578125,127.29417419433594
164,470595.21875,564.7294921875,120.67491912841797,488624.40625,571.3923950195312,127.62857818603516
165,468067.90625,563.1347045898438,120.95304107666016,486086.03125,569.8123779296875,127.96324920654297
166,465555.53125,561.5447998046875,121.2624740600586,483565.34375,568.239990234375,128.2982635498047
167,463062.09375,559.9644165039062,121.55127716064453,481061.09375,566.6759033203125,128.6340789794922
168,460586.53125,558.3900146484375,121.85670471191406,478577.90625,565.1229858398438,128.9700469970703
169,458130.03125,556.8271484375,122.16130065917969,476114.65625,563.580322265625,129.30618286132812
170,455694.0,555.2730102539062,122.46377563476562,473660.21875,562.0400390625,129.6438751220703
171,453267.75,553.7190551757812,122.75386047363281,471226.6875,560.5086059570312,129.98123168945312
172,450861.4375,552.1721801757812,123.05189514160156,468813.71875,558.9859619140625,130.31829833984375
173,448475.65625,550.6364135742188,123.35285186767578,466410.0625,557.4660034179688,130.6567840576172
174,446100.03125,549.0992431640625,123.64480590820312,464028.9375,555.9561767578125,130.99465942382812
175,443745.96875,547.5735473632812,123.96635437011719,461666.15625,554.4534912109375,131.33242797851562
176,441409.75,546.057373046875,124.25518798828125,459319.1875,552.9566040039062,131.6704864501953
177,439090.875,544.542236328125,124.55742645263672,456985.375,551.4638061523438,132.00918579101562
178,436787.40625,543.03564453125,124.85648345947266,454673.46875,549.9802856445312,132.34715270996094
179,434500.875,541.53857421875,125.16273498535156,452385.28125,548.5078125,132.68423461914062
180,432239.53125,540.0514526367188,125.46247100830078,450106.875,547.0372924804688,133.02239990234375
181,429990.9375,538.5706787109375,125.7634048461914,447848.375,545.575927734375,133.36024475097656
182,427758.6875,537.0946655273438,126.05806732177734,445606.6875,544.1204223632812,133.69796752929688
183,425542.0,535.6264038085938,126.3751220703125,443382.28125,542.6710205078125,134.0354766845703
184,423344.0,534.165771484375,126.66647338867188,441170.78125,541.2259521484375,134.3736114501953
185,421163.4375,532.7099609375,126.97542572021484,438978.65625,539.789306640625,134.7113800048828
186,418997.1875,531.257568359375,127.26385498046875,436805.25,538.361083984375,135.0488739013672
187,416850.9375,529.8153686523438,127.57170867919922,434647.21875,536.939453125,135.38665771484375
188,414718.8125,528.3792114257812,127.8772964477539,432507.09375,535.5270385742188,135.72450256347656
189,412606.375,526.9520263671875,128.1765899658203,430383.9375,534.1229248046875,136.06243896484375
190,410509.1875,525.5319213867188,128.48280334472656,428279.8125,532.72900390625,136.40023803710938
191,408427.65625,524.1136474609375,128.77793884277344,426190.59375,531.341064453125,136.73826599121094
192,406365.34375,522.7045288085938,129.07293701171875,424112.25,529.9566040039062,137.07717895507812
193,404315.34375,521.2985229492188,129.3761444091797,422057.21875,528.5841064453125,137.41494750976562
194,402283.8125,519.9005737304688,129.69004821777344,420017.8125,527.2178344726562,137.7527618408203
195,400271.40625,518.510986328125,129.98208618164062,417987.59375,525.8538818359375,138.09170532226562
196,398269.1875,517.1259765625,130.29193115234375,415977.65625,524.5012817382812,138.43016052246094
197,396285.0,515.748779296875,130.57986450195312,413986.25,523.159423828125,138.76846313476562
198,394316.71875,514.3772583007812,130.87130737304688,412011.65625,521.825927734375,139.10671997070312
199,392369.5625,513.0147705078125,131.18702697753906,410049.75,520.4974975585938,139.44549560546875
200,390430.125,511.65484619140625,131.49127197265625,408108.15625,519.1785888671875,139.78335571289062
201,388513.09375,510.3074035644531,131.78273010253906,406178.1875,517.8633422851562,140.12176513671875
202,386609.84375,508.96337890625,132.08456420898438,404261.9375,516.5538330078125,140.46047973632812
203,384722.21875,507.6263732910156,132.3917999267578,402361.25,515.2548828125,140.79971313476562
204,382845.625,506.2990417480469,132.6950225830078,400477.40625,513.96484375,141.13880920410156
205,380987.8125,504.98590087890625,132.99032592773438,398612.375,512.6841430664062,141.4772186279297
206,379145.0,503.681884765625,133.2842559814453,396756.0625,511.4064636230469,141.81686401367188
207,377314.90625,502.3927917480469,133.59500122070312,394915.5625,510.1368103027344,142.15647888183594
208,375499.40625,501.1165466308594,133.90220642089844,393091.96875,508.8813781738281,142.4966583251953
209,373700.96875,499.85198974609375,134.20635986328125,391284.3125,507.6399841308594,142.83767700195312
210,371918.59375,498.60443115234375,134.51206970214844,389491.3125,506.4156494140625,143.18035888671875
211,370151.90625,497.3709716796875,134.8263702392578,387713.0,505.2139587402344,143.52554321289062
212,368394.4375,496.1519470214844,135.1334686279297,385947.5625,504.04095458984375,143.874755859375
213,366656.28125,494.9501953125,135.44985961914062,384197.90625,502.8893737792969,144.22589111328125
214,364930.9375,493.7527770996094,135.76446533203125,382466.1875,501.7445373535156,144.5758819580078
215,363225.21875,492.5662536621094,136.07528686523438,380746.375,500.60260009765625,144.92604064941406
216,361530.09375,491.3854675292969,136.37744140625,379043.875,499.4689636230469,145.2754364013672
217,359853.25,490.2165832519531,136.6959228515625,377355.21875,498.3443603515625,145.62530517578125
218,358188.09375,489.0477600097656,137.0074920654297,375679.40625,497.22540283203125,145.975341796875
219,356538.28125,487.8828125,137.32186889648438,374019.0,496.112548828125,146.3248291015625
220,354900.78125,486.7275695800781,137.63287353515625,372373.9375,495.00537109375,146.6737060546875
221,353277.78125,485.57440185546875,137.93661499023438,370743.21875,493.9036865234375,147.0221710205078
222,351671.96875,484.4298095703125,138.25149536132812,369125.0625,492.8059387207031,147.37060546875
223,350078.03125,483.2890625,138.55467224121094,367522.5625,491.7145080566406,147.7183074951172
224,348501.5625,482.1564636230469,138.86724853515625,365936.0,490.6293640136719,148.06515502929688
225,346936.8125,481.0328674316406,139.17672729492188,364365.9375,489.5506591796875,148.4109649658203
226,345389.1875,479.91363525390625,139.48455810546875,362807.8125,488.4757995605469,148.7567901611328
227,343854.21875,478.8075256347656,139.79393005371094,361259.78125,487.4037780761719,149.10305786132812
228,342331.46875,477.69989013671875,140.10694885253906,359727.28125,486.3378601074219,149.44851684570312
229,340823.09375,476.6059875488281,140.41383361816406,358210.4375,485.2779846191406,149.7930450439453
230,339330.28125,475.51507568359375,140.7267608642578,356708.40625,484.2243957519531,150.1368865966797
231,337850.84375,474.4336853027344,141.0348663330078,355221.625,483.1768798828125,150.47987365722656
232,336386.8125,473.3591613769531,141.34458923339844,353746.59375,482.13323974609375,150.8227996826172
233,334937.21875,472.2933044433594,141.64901733398438,352283.09375,481.09552001953125,151.1660614013672
234,333494.9375,471.2284240722656,141.95516967773438,350833.59375,480.06817626953125,151.50942993164062
235,332069.59375,470.1717529296875,142.26950073242188,349399.5,479.04925537109375,151.8521270751953
236,330658.59375,469.1248779296875,142.56900024414062,347976.5625,478.03466796875,152.1949462890625
237,329258.09375,468.0819091796875,142.86817932128906,346565.53125,477.025146484375,152.53775024414062
238,327870.96875,467.0494079589844,143.18006896972656,345171.40625,476.0242004394531,152.87925720214844
239,326502.5625,466.02740478515625,143.49908447265625,343787.96875,475.0267333984375,153.2209014892578
240,325139.96875,465.0080261230469,143.79214477539062,342426.84375,474.04156494140625,153.55979919433594
241,323799.625,464.0062561035156,144.1055908203125,341069.59375,473.05584716796875,153.90057373046875
242,322466.3125,463.0046081542969,144.41506958007812,339724.28125,472.0771789550781,154.24148559570312
243,321144.75,462.01019287109375,144.7220001220703,338396.5625,471.11126708984375,154.58128356933594
244,319838.03125,461.0272216796875,145.0297088623047,337080.40625,470.1512756347656,154.92112731933594
245,318544.71875,460.0525817871094,145.33006286621094,335778.3125,469.198974609375,155.26026916503906
246,317262.84375,459.09124755859375,145.6365509033203,334490.0625,468.2550964355469,155.59893798828125
247,315994.28125,458.1454162597656,145.9513397216797,333209.625,467.31512451171875,155.93869018554688
248,314737.4375,457.22137451171875,146.263916015625,331943.21875,466.3910217285156,156.27880859375
249,313494.4375,456.3139343261719,146.5726318359375,330688.4375,465.4836730957031,156.62039184570312
250,312264.46875,455.4157409667969,146.88833618164062,329447.125,464.5857849121094,156.9616241455078
251,311044.46875,454.5267333984375,147.20387268066406,328220.375,463.69854736328125,157.30221557617188
252,309841.625,453.64794921875,147.50762939453125,327007.96875,462.83154296875,157.64356994628906
253,308649.96875,452.7772216796875,147.8175048828125,325806.875,461.9759826660156,157.985595703125
254,307468.28125,451.91192626953125,148.13534545898438,324616.03125,461.1293029785156,158.3282928466797
255,306297.96875,451.04986572265625,148.45169067382812,323435.0625,460.2904357910156,158.67160034179688
256,305139.65625,450.1944274902344,148.75650024414062,322267.03125,459.4591369628906,159.0143280029297
257,303993.5,449.3460693359375,149.06271362304688,321111.96875,458.6378479003906,159.3567657470703
258,302859.9375,448.50238037109375,149.38095092773438,319969.15625,457.8273620605469,159.6992645263672
259,301736.8125,447.6697082519531,149.68716430664062,318841.15625,457.0269470214844,160.04063415527344
260,300629.75,446.8499450683594,149.9905548095703,317719.53125,456.23052978515625,160.3833770751953
261,299532.03125,446.0403747558594,150.3030242919922,316612.625,455.45147705078125,160.7259521484375
262,298446.21875,445.2525634765625,150.6254425048828,315516.6875,454.68548583984375,161.0692901611328
263,297370.0,444.476318359375,150.9277801513672,314435.53125,453.93988037109375,161.41275024414062
264,296310.75,443.7220764160156,151.25033569335938,313364.03125,453.2225341796875,161.75946044921875
265,295259.9375,442.98028564453125,151.5706024169922,312304.40625,452.5296630859375,162.10797119140625
266,294222.25,442.2584533691406,151.8772430419922,311253.5,451.8515930175781,162.45823669433594
267,293192.15625,441.5496826171875,152.1920166015625,310217.5625,451.1886291503906,162.80764770507812
268,292177.40625,440.8694152832031,152.5115509033203,309193.5,450.5354309082031,163.15673828125
269,291175.21875,440.2080078125,152.82833862304688,308181.65625,449.89031982421875,163.50514221191406
270,290182.53125,439.5643310546875,153.14808654785156,307178.125,449.2574768066406,163.8550262451172
271,289199.375,438.9322204589844,153.4654541015625,306186.25,448.6436462402344,164.20574951171875
272,288227.78125,438.3080749511719,153.79278564453125,305205.125,448.04632568359375,164.55752563476562
273,287269.15625,437.6884460449219,154.11810302734375,304240.6875,447.4678039550781,164.90777587890625
274,286322.375,437.075927734375,154.43360900878906,303283.375,446.8962097167969,165.2592315673828
275,285384.46875,436.47039794921875,154.75018310546875,302337.0625,446.328369140625,165.6096649169922
276,284461.03125,435.8725280761719,155.07009887695312,301399.15625,445.7627868652344,165.9600830078125
277,283541.96875,435.2754211425781,155.38201904296875,300476.34375,445.2036437988281,166.30796813964844
278,282638.03125,434.68408203125,155.7083282470703,299560.53125,444.6471252441406,166.6564178466797
279,281743.71875,434.0980529785156,156.02903747558594,298657.59375,444.0980529785156,167.0033416748047
280,280860.6875,433.51336669921875,156.33285522460938,297768.9375,443.5601806640625,167.34852600097656
281,279991.0,432.9344177246094,156.64549255371094,296888.90625,443.0267028808594,167.69374084472656
282,279129.53125,432.3594665527344,156.95285034179688,296017.09375,442.49749755859375,168.03895568847656
283,278276.9375,431.7862548828125,157.2723846435547,295156.875,441.97698974609375,168.38331604003906
284,277436.21875,431.21722412109375,157.58189392089844,294303.96875,441.459716796875,168.72802734375
285,276602.25,430.6527099609375,157.8967742919922,293461.5625,440.94677734375,169.0717010498047
286,275779.84375,430.0929260253906,158.20823669433594,292633.6875,440.440673828125,169.41265869140625
287,274970.71875,429.5389099121094,158.51382446289062,291810.875,439.9356384277344,169.7546844482422
288,274168.15625,428.9863586425781,158.81178283691406,290998.71875,439.4349060058594,170.0955352783203
289,273372.53125,428.4330749511719,159.1314697265625,290197.21875,438.93902587890625,170.43511962890625
290,272589.90625,427.8906555175781,159.43849182128906,289404.84375,438.4476013183594,170.7742156982422
291,271819.6875,427.3574523925781,159.74325561523438,288625.625,437.9645080566406,171.11109924316406
292,271059.53125,426.8313903808594,160.04786682128906,287855.96875,437.4881286621094,171.4474639892578
293,270305.875,426.3077087402344,160.356689453125,287097.28125,437.0216369628906,171.78282165527344
294,269566.875,425.7931213378906,160.6590576171875,286346.53125,436.56378173828125,172.11865234375
295,268834.71875,425.278076171875,160.96200561523438,285604.25,436.1110534667969,172.45416259765625
296,268108.3125,424.7637634277344,161.25836181640625,284871.78125,435.6631774902344,172.78855895996094
297,267393.21875,424.25634765625,161.55380249023438,284146.03125,435.21728515625,173.12315368652344
298,266685.875,423.7515563964844,161.8694610595703,283430.03125,434.7749938964844,173.45643615722656
299,265989.375,423.2511291503906,162.15786743164062,282724.40625,434.3378601074219,173.7882843017578
300,265303.21875,422.7568359375,162.456787109375,282032.65625,433.90838623046875,174.1168975830078
301,264627.71875,422.2668151855469,162.75730895996094,281345.90625,433.4797668457031,174.4463653564453
302,263959.40625,421.77984619140625,163.04518127441406,280670.46875,433.0556640625,174.7736053466797
303,263300.78125,421.3003234863281,163.3476104736328,280001.25,432.63348388671875,175.10107421875
304,262648.125,420.8221130371094,163.6401824951172,279339.875,432.21392822265625,175.42791748046875
305,262006.53125,420.3490905761719,163.9354705810547,278689.875,431.7996826171875,175.75244140625
306,261373.828125,419.881103515625,164.2294158935547,278047.71875,431.3887634277344,176.0763702392578
307,260748.96875,419.41802978515625,164.52401733398438,277415.25,430.9822082519531,176.39866638183594
308,260134.09375,418.95697021484375,164.80776977539062,276791.75,430.57891845703125,176.7196044921875
309,259528.15625,418.50103759765625,165.0963134765625,276179.28125,430.1813049316406,177.0382080078125
310,258930.59375,418.0480651855469,165.385498046875,275572.15625,429.78631591796875,177.35739135742188
311,258341.359375,417.5993957519531,165.68161010742188,274972.6875,429.39715576171875,177.67620849609375
312,257759.515625,417.15509033203125,165.96026611328125,274381.875,429.017333984375,177.99441528320312
313,257186.9375,416.716064453125,166.25042724609375,273800.28125,428.64678955078125,178.31155395507812
314,256622.5625,416.2835388183594,166.53114318847656,273230.09375,428.28472900390625,178.62619018554688
315,256069.515625,415.8624572753906,166.8160400390625,272665.96875,427.92706298828125,178.94094848632812
316,255521.421875,415.44708251953125,167.09466552734375,272111.96875,427.57708740234375,179.25375366210938
317,254982.578125,415.04217529296875,167.38314819335938,271563.90625,427.2358703613281,179.56727600097656
318,254451.5625,414.6479797363281,167.66468811035156,271022.8125,426.90594482421875,179.88121032714844
319,258972.890625,417.8435363769531,164.48565673828125,387512.46875,504.6026611328125,134.6320037841797
320,442870.125,545.7817993164062,99.34467315673828,490022.03125,571.365478515625,97.20594787597656
321,494760.59375,578.6776123046875,89.64581298828125,515172.0,586.2103881835938,86.00160217285156
322,492082.21875,576.2626953125,87.51526641845703,496278.65625,574.0567626953125,80.72090148925781
323,397307.8125,512.3251953125,79.98802185058594,359139.0625,481.05615234375,78.23445892333984
324,358491.46875,484.7005615234375,74.19961547851562,386456.46875,499.9297790527344,79.09722900390625
325,365959.84375,489.5326843261719,71.8048324584961,379093.46875,491.91864013671875,70.98493957519531
326,356404.65625,477.0077819824219,68.86399841308594,364820.71875,472.43353271484375,71.77281951904297
327,346075.90625,463.5602722167969,70.39248657226562,361564.59375,467.4254150390625,72.33106231689453
328,342622.40625,458.9744873046875,69.0389404296875,358310.5625,464.57427978515625,65.7845687866211
329,338748.0,455.48895263671875,64.0915756225586,353252.5,460.4969482421875,60.87138366699219
330,332048.40625,449.6402587890625,60.73143005371094,340534.71875,450.6405334472656,68.75453186035156
331,319027.125,438.4694519042969,60.890193939208984,329595.59375,441.3654479980469,60.28174591064453
332,309104.28125,429.737548828125,58.08893966674805,321423.03125,434.58770751953125,56.03642272949219
333,302870.5625,424.4597473144531,56.455039978027344,319093.59375,432.75933837890625,57.56417465209961
334,300606.25,422.199951171875,56.31190872192383,316890.46875,430.6989440917969,55.291419982910156
335,296758.1875,418.9264221191406,55.8100471496582,312927.78125,427.4937744140625,55.2590217590332
336,294521.0625,417.12353515625,56.71796417236328,310750.09375,425.7040710449219,55.85247802734375
337,292649.0625,415.3939208984375,54.910804748535156,308625.9375,424.154541015625,59.32145309448242
338,290292.125,413.2373352050781,54.90202331542969,306522.75,421.8739929199219,57.23442077636719
339,288236.09375,411.44482421875,54.37272262573242,303016.5,418.8589172363281,55.620933532714844
340,282978.59375,407.3782043457031,53.93958282470703,299198.15625,416.443115234375,62.59941482543945
341,280949.84375,405.86309814453125,55.63059997558594,297139.125,414.8809814453125,58.64577102661133
342,279051.65625,404.28131103515625,54.001495361328125,295110.21875,412.5943603515625,55.700592041015625
343,277062.5,402.0330810546875,54.21104431152344,293245.1875,411.15069580078125,55.146690368652344
344,275199.6875,400.46661376953125,52.99492263793945,291353.28125,409.6341552734375,54.758785247802734
345,273353.5,398.9185791015625,52.245277404785156,289484.09375,408.0780029296875,53.86479949951172
346,271554.65625,397.5079650878906,53.04412841796875,287768.125,406.4523620605469,56.7044563293457
347,269686.40625,395.8266906738281,52.9322395324707,285845.15625,405.1246643066406,53.93708038330078
348,267151.5,393.7628479003906,51.98007583618164,282301.71875,402.23114013671875,52.885746002197266
349,264500.5,391.70550537109375,50.81882858276367,280577.40625,401.27264404296875,54.10437774658203
350,262777.4375,390.40740966796875,50.400672912597656,278887.9375,400.0319519042969,54.089599609375
351,260554.171875,388.7679138183594,51.4209098815918,275766.625,397.5632019042969,51.1863899230957
352,258035.625,386.8099365234375,50.908477783203125,274108.28125,396.9253234863281,53.76236343383789
353,256431.125,385.68096923828125,50.93320846557617,272472.5,395.2342834472656,54.15435791015625
354,254819.15625,384.0251159667969,50.435752868652344,270824.875,393.55218505859375,52.88203811645508
355,253257.015625,382.9847412109375,50.82614517211914,269305.0625,393.0182189941406,50.6205940246582
356,251696.90625,381.83135986328125,50.21570587158203,267690.6875,391.6686096191406,52.69609832763672
357,250151.84375,380.42205810546875,49.897029876708984,266160.8125,390.3877868652344,52.52303695678711
358,248658.765625,379.4674377441406,49.62372589111328,264631.28125,389.3564147949219,51.730873107910156
359,247167.796875,378.12738037109375,49.473270416259766,263181.375,388.5068359375,52.5181884765625
360,245712.140625,377.022705078125,50.06306076049805,261687.890625,387.2554931640625,51.378265380859375
361,243448.171875,375.174560546875,49.800819396972656,259193.71875,386.198974609375,52.15703201293945
362,241409.859375,373.6480712890625,49.06675720214844,256425.9375,383.7367858886719,52.45024490356445
363,239049.484375,371.5648193359375,49.16248321533203,254988.796875,382.4809875488281,50.6568603515625
364,237717.15625,370.8298645019531,48.828346252441406,253609.265625,380.16015625,51.5694694519043
365,236449.484375,369.6860656738281,48.6049919128418,252210.921875,379.741943359375,50.15507507324219
366,235072.09375,368.3735656738281,48.574947357177734,250954.875,379.6415100097656,51.965667724609375
367,233740.421875,367.656005859375,48.60187911987305,249515.71875,377.6089782714844,50.37154006958008
368,232499.484375,366.3464660644531,48.25550842285156,258500.109375,398.7878112792969,51.34235763549805
369,235393.203125,374.1952819824219,59.22987365722656,249732.390625,381.1749267578125,71.60951232910156
370,232473.359375,368.9029235839844,60.738319396972656,247726.71875,377.7410583496094,59.5744514465332
371,230379.484375,365.81463623046875,53.60466384887695,245266.0625,375.5512390136719,50.03803634643555
372,228201.1875,363.7293395996094,53.0203971862793,243890.90625,374.4156188964844,55.95598220825195
373,226909.828125,362.4501037597656,52.57337951660156,242636.53125,373.2744445800781,52.91537857055664
374,225684.046875,361.2674560546875,50.72526168823242,241421.671875,372.3287353515625,51.93369674682617
375,224460.828125,360.1739807128906,50.4462776184082,240221.25,371.45941162109375,52.1187744140625
376,223310.875,359.2678527832031,50.22120666503906,239030.703125,370.60992431640625,52.3540153503418
377,222162.453125,358.3747863769531,49.897926330566406,237868.6875,369.7031555175781,52.070701599121094
378,221022.546875,357.391357421875,49.54403305053711,236724.875,368.83123779296875,52.82019805908203
379,219905.015625,356.4446105957031,49.53578567504883,235559.453125,367.8131408691406,51.066429138183594
380,218769.96875,355.3727111816406,48.69561767578125,234423.46875,366.873046875,52.25932312011719
381,217654.875,354.63336181640625,49.1724853515625,233236.5,366.3111572265625,53.04278564453125
382,216508.796875,353.98968505859375,49.38451385498047,232094.40625,365.368408203125,51.579261779785156
383,214218.28125,352.0328369140625,49.8576545715332,229719.65625,363.53851318359375,49.15003204345703
384,213051.84375,350.9925537109375,49.31000900268555,228582.03125,362.64569091796875,51.179622650146484
385,211973.640625,350.1233825683594,48.95497131347656,227449.328125,361.5052490234375,50.04111862182617
386,210886.59375,349.1372985839844,48.1507453918457,226395.890625,360.8014221191406,49.22849655151367
387,209921.3125,348.3584899902344,48.24746322631836,225350.25,359.5672607421875,50.69631576538086
388,208907.578125,347.2249755859375,48.60658264160156,224329.15625,358.89276123046875,50.4774284362793
389,207859.09375,346.5535583496094,48.61664581298828,223157.46875,358.1012268066406,48.84540939331055
390,207109.5625,345.7135314941406,47.86343765258789,222432.34375,357.59259033203125,49.30524826049805
391,205952.234375,344.7792663574219,49.492164611816406,221345.25,356.4580078125,52.33657455444336
392,204487.921875,343.1221618652344,48.07128143310547,219963.265625,355.42169189453125,47.88155746459961
393,201928.75,339.68524169921875,47.685665130615234,215836.71875,350.42767333984375,50.623809814453125
394,198811.109375,336.8413391113281,49.67780685424805,212430.96875,346.4662170410156,51.54411315917969
395,196403.5,334.2810974121094,50.4101448059082,211739.875,346.679443359375,48.73652648925781
396,194935.390625,332.9307861328125,51.0079460144043,208424.0625,341.8103942871094,51.96330642700195
397,191764.125,328.3838195800781,48.11159133911133,204395.671875,336.182373046875,48.46427536010742
398,188102.78125,322.7797546386719,45.9322624206543,202485.671875,334.0162658691406,47.06946563720703
399,186609.859375,321.1627502441406,45.25004959106445,200942.390625,331.96087646484375,46.61347579956055
400,185126.90625,319.38262939453125,44.96836853027344,199356.125,329.9183044433594,46.94856643676758
401,183475.59375,317.09014892578125,44.61146926879883,197446.40625,327.10943603515625,44.93775939941406
402,182055.09375,315.2548522949219,43.73735046386719,196330.3125,326.29266357421875,45.98838806152344
403,180805.109375,314.0046081542969,43.80895233154297,193695.578125,324.125732421875,43.932518005371094
404,181854.125,320.33551025390625,48.123779296875,192103.890625,322.6116943359375,51.1674690246582
405,174882.140625,308.1933288574219,51.74629592895508,186599.40625,316.2200622558594,47.69532012939453
406,171467.578125,301.54931640625,42.9086799621582,184400.484375,312.1937255859375,42.19495391845703
407,169369.296875,299.2147521972656,41.653663635253906,182232.921875,310.0716857910156,43.0328369140625
408,167592.9375,297.3901672363281,40.87741470336914,180944.953125,308.1556091308594,41.49785614013672
409,166254.6875,295.3910217285156,40.29182815551758,179571.65625,306.3818359375,42.892791748046875
410,165127.421875,294.2128601074219,40.84055709838867,178321.03125,305.7261962890625,40.66886520385742
411,163760.109375,292.6284484863281,40.75614547729492,177112.375,304.5062255859375,40.83395004272461
412,162535.890625,291.13360595703125,39.96813201904297,175850.9375,302.81072998046875,43.044925689697266
413,161729.53125,290.6224365234375,39.99983215332031,174992.765625,302.9408874511719,39.37868118286133
414,160792.09375,290.45709228515625,40.13582229614258,173700.46875,300.1546325683594,42.72622299194336
415,159291.609375,287.61328125,39.700836181640625,172221.9375,298.5851745605469,40.73339080810547
416,158002.734375,285.95648193359375,39.21895980834961,171046.125,297.6316223144531,39.68056106567383
417,156745.8125,284.39105224609375,39.052284240722656,169884.5,296.30767822265625,40.13704299926758
418,154876.46875,282.01544189453125,38.87638854980469,167635.671875,293.9790954589844,43.40365219116211
419,153362.84375,280.37408447265625,39.30851364135742,166315.71875,292.3522033691406,38.88420486450195
420,152159.21875,278.7590026855469,39.1263427734375,165166.46875,291.0466613769531,39.890052795410156
421,151037.828125,277.3640441894531,39.34269714355469,164043.84375,289.5707092285156,39.19820785522461
422,149935.875,275.8702087402344,38.35972213745117,163059.140625,288.75225830078125,39.58118438720703
423,148961.703125,274.7022399902344,38.1944694519043,162043.28125,287.9855651855469,40.459556579589844
424,147973.8125,273.6817626953125,38.18079376220703,160734.65625,285.674072265625,39.277774810791016
425,146840.40625,271.9269714355469,37.71201705932617,159776.796875,284.6654357910156,36.26979064941406
426,145961.0,271.24261474609375,37.4754638671875,159905.140625,285.7422180175781,43.8279914855957
427,145539.859375,272.2315368652344,39.260616302490234,158612.71875,284.25555419921875,44.59812545776367
428,144185.625,269.8333435058594,39.193756103515625,156515.46875,281.0735778808594,42.012184143066406
429,142799.5,267.3585205078125,38.530479431152344,155459.421875,279.5534362792969,40.76101303100586
430,141734.6875,265.7685852050781,37.810062408447266,154590.859375,278.5027770996094,41.468902587890625
431,140924.78125,265.0749206542969,37.7800407409668,153539.890625,276.9355163574219,38.6063346862793
432,139877.890625,263.4002685546875,37.698883056640625,152558.390625,276.0724792480469,36.89639663696289
433,139018.1875,262.5680847167969,37.556217193603516,151450.421875,274.0014953613281,38.518516540527344
434,138368.96875,262.1369323730469,37.800968170166016,150413.609375,272.9259338378906,39.91262435913086
435,137143.375,260.2669677734375,37.493064880371094,149490.96875,271.8067626953125,37.785057067871094
436,136224.0,258.8968811035156,36.96894454956055,148932.46875,272.4420166015625,39.227725982666016
437,135210.171875,257.6006164550781,36.56156539916992,147508.21875,269.98101806640625,38.939964294433594
438,134137.90625,255.94044494628906,36.768829345703125,146565.703125,268.52996826171875,38.97046661376953
439,133217.046875,254.63775634765625,36.3034553527832,145589.46875,267.49285888671875,37.39986038208008
440,132280.109375,253.3195037841797,35.898353576660156,144680.328125,265.927978515625,38.81346893310547
441,131401.421875,252.01377868652344,36.15576934814453,143993.109375,265.8806457519531,35.19952392578125
442,130529.3984375,250.92642211914062,36.1506462097168,142835.28125,263.5888977050781,39.02848815917969
443,129787.3125,250.07009887695312,36.35072326660156,141947.09375,262.1185302734375,37.87940979003906
444,129074.4140625,249.43177795410156,36.833377838134766,141273.296875,261.7549743652344,39.170135498046875
445,128143.7734375,248.190185546875,37.02183532714844,140158.5,260.26068115234375,36.22222137451172
446,127216.6796875,246.69046020507812,36.23383712768555,139284.1875,259.1478576660156,36.879825592041016
447,126371.234375,245.4695587158203,36.2584342956543,138386.265625,258.0128479003906,37.319908142089844
448,125487.0078125,244.2021484375,35.584285736083984,137588.609375,257.13134765625,35.531829833984375
449,124625.2109375,242.69259643554688,35.077232360839844,136704.546875,255.65371704101562,39.45635223388672
450,124003.4296875,242.17669677734375,35.590240478515625,135888.609375,254.57723999023438,37.39883804321289
451,123163.375,241.0640869140625,35.08430480957031,135090.734375,253.72406005859375,36.250118255615234
452,122223.9921875,239.63137817382812,34.98866271972656,134195.65625,253.01898193359375,36.35870361328125
453,121433.0390625,238.50869750976562,34.74064636230469,133320.640625,251.1200714111328,35.25437927246094
454,120617.0625,237.07887268066406,34.770877838134766,132534.1875,250.63734436035156,36.30025100708008
455,119862.3515625,236.04054260253906,34.65934371948242,132106.625,251.37078857421875,35.09108352661133
456,119607.6015625,236.6876983642578,35.26016616821289,130943.6875,248.461181640625,35.03909683227539
457,118743.8828125,235.26170349121094,35.92665481567383,130227.484375,247.6600799560547,35.59246826171875
458,117673.21875,233.33798217773438,35.7484130859375,129323.7109375,245.923095703125,35.50556945800781
459,116871.828125,231.9041748046875,34.71696472167969,128609.4375,244.85653686523438,38.055152893066406
460,116203.375,231.2176055908203,35.43143081665039,127804.703125,243.87918090820312,37.62093734741211
461,115463.1796875,230.33245849609375,35.911869049072266,127063.078125,243.3110809326172,36.36959457397461
462,114801.0859375,229.35189819335938,35.14126968383789,126346.125,242.4403839111328,34.451446533203125
463,114315.2734375,229.63417053222656,34.8701057434082,125624.0078125,241.95472717285156,35.50242614746094
464,113291.3671875,227.3404541015625,34.63054275512695,124876.4296875,240.71932983398438,33.84922790527344
465,112504.28125,225.99728393554688,34.175750732421875,124045.09375,239.43763732910156,38.060420989990234
466,111791.9296875,225.22885131835938,34.36713409423828,123216.3046875,237.8280029296875,34.456844329833984
467,111083.8125,224.08453369140625,33.652069091796875,122535.1796875,236.96107482910156,34.49638748168945
468,110486.8359375,223.3048095703125,34.086692810058594,121931.546875,237.34242248535156,35.79927444458008
469,109933.5546875,223.42054748535156,34.575279235839844,121061.4765625,235.330810546875,35.26359939575195
470,109045.4296875,221.8478546142578,33.671653747558594,120886.90625,237.75506591796875,36.005638122558594
471,108550.171875,221.62501525878906,33.98823547363281,119728.125,233.98487854003906,33.849510192871094
472,107809.984375,220.66551208496094,33.88521194458008,119030.796875,232.58377075195312,36.3497428894043
473,107332.328125,220.27049255371094,33.64742660522461,118531.1953125,233.77122497558594,31.875226974487305
474,106554.3046875,219.372802734375,34.05643844604492,117568.75,231.47254943847656,36.0809211730957
475,105809.4296875,218.06594848632812,34.19981384277344,117018.328125,231.33938598632812,34.10234069824219
476,105601.34375,218.4392547607422,34.60322952270508,116978.390625,233.71051025390625,33.41495132446289
477,104707.6953125,216.69732666015625,33.92087936401367,115544.90625,229.21966552734375,34.65814971923828
478,103817.7421875,215.32028198242188,33.543453216552734,114825.578125,228.29010009765625,34.7989387512207
479,103152.40625,214.64427185058594,33.36726379394531,114174.6328125,226.89736938476562,35.063899993896484
480,102544.4140625,213.8983154296875,33.25944900512695,113516.53125,225.97645568847656,34.416439056396484
481,101891.3515625,213.01016235351562,32.98506164550781,112852.8203125,225.35986328125,33.589088439941406
482,101373.2421875,212.57723999023438,33.55219268798828,112316.4609375,225.7094268798828,36.596431732177734
483,100694.1796875,211.5774383544922,34.51090621948242,111587.1015625,224.45306396484375,35.12165832519531
484,100195.625,211.46832275390625,33.590885162353516,110893.2890625,223.7139434814453,34.11847686767578
485,99542.96875,210.6956787109375,33.52274703979492,110306.6328125,222.85113525390625,35.48735046386719
486,98838.5859375,209.51669311523438,32.93897247314453,109638.9140625,222.50439453125,34.92941665649414
487,98305.484375,208.99742126464844,32.831260681152344,109176.6953125,222.77598571777344,33.36845397949219
488,97716.8984375,208.4052734375,33.32155990600586,108455.875,221.29478454589844,33.60490798950195
489,97197.5234375,207.836181640625,32.92157745361328,107777.625,220.0117645263672,33.242919921875
490,96958.6328125,208.46005249023438,32.462135314941406,108357.8828125,220.26986694335938,40.078857421875
491,97067.5390625,209.63560485839844,34.81119155883789,106745.75,219.35948181152344,37.86039733886719
492,95685.640625,206.87442016601562,34.40849304199219,105922.0546875,217.7182159423828,34.880157470703125
493,94808.2109375,205.18414306640625,33.56510925292969,105302.609375,217.41415405273438,34.007972717285156
494,94224.046875,204.14952087402344,32.39820098876953,104735.1171875,216.26272583007812,32.973995208740234
495,93667.9609375,203.5975799560547,32.44096755981445,104225.2421875,217.5247344970703,34.95664978027344
496,93138.3671875,203.25843811035156,32.90879821777344,103690.9921875,214.324462890625,33.824058532714844
497,92967.21875,203.72769165039062,32.831478118896484,103060.8984375,214.1762237548828,35.09996032714844
498,92244.1640625,202.55987548828125,33.04595184326172,102359.828125,213.856689453125,32.85883712768555
499,91547.0625,201.39236450195312,33.029300689697266,101938.1953125,214.32015991210938,34.957271575927734
500,91387.6953125,202.2455291748047,33.527587890625,101265.8828125,212.53506469726562,32.616111755371094
501,90406.875,199.79827880859375,32.756996154785156,100682.515625,211.51828002929688,32.944427490234375
502,89794.0859375,198.68930053710938,32.78229522705078,100268.6640625,212.76449584960938,32.479652404785156
503,89304.09375,198.74400329589844,32.182743072509766,99685.7265625,209.8184814453125,34.38313674926758
504,89493.46875,198.58078002929688,32.059043884277344,100090.0078125,211.3167266845703,33.73981857299805
505,89320.40625,198.18148803710938,32.17201232910156,99601.671875,210.86361694335938,32.03606414794922
506,88807.75,197.48155212402344,32.21235275268555,99017.2890625,211.04296875,34.96622085571289
507,88262.5,196.93185424804688,32.731353759765625,98444.4140625,209.4691162109375,35.89578628540039
508,87806.765625,196.45877075195312,32.408329010009766,97997.4296875,210.3533477783203,33.89318084716797
509,87148.625,195.4452362060547,32.047542572021484,97229.09375,207.48434448242188,32.12512969970703
510,86610.7109375,194.7976837158203,31.706079483032227,96747.8046875,206.73133850097656,34.0496826171875
511,86168.4453125,194.21630859375,31.578237533569336,96360.421875,207.4665985107422,31.48415756225586
512,85584.765625,193.46405029296875,31.672401428222656,95621.6015625,205.6382598876953,32.18051528930664
513,85144.7265625,193.22592163085938,31.805328369140625,95584.3671875,209.2257537841797,31.539283752441406
514,84875.2109375,193.6619110107422,31.837392807006836,95447.0625,211.1219940185547,31.440744400024414
515,84447.75,193.27671813964844,31.986953735351562,94587.0703125,209.55825805664062,32.01162338256836
516,84021.9921875,192.94850158691406,32.185001373291016,93707.703125,206.42337036132812,31.201095581054688
517,83274.75,191.32699584960938,31.70355987548828,93045.1875,204.44688415527344,33.136417388916016
518,82685.8359375,190.72230529785156,31.55583953857422,92494.28125,203.3872528076172,31.9959716796875
519,82019.0390625,189.42950439453125,31.511337280273438,91857.2421875,201.86219787597656,32.2611198425293
520,81499.0625,188.57888793945312,31.311134338378906,91323.375,201.57899475097656,31.876699447631836
521,81048.65625,187.91844177246094,30.859880447387695,90830.1953125,199.9746551513672,32.843048095703125
522,80729.40625,187.5856170654297,31.132503509521484,90310.171875,200.40695190429688,34.49750518798828
523,80230.3515625,187.4344940185547,31.951448440551758,89948.53125,200.9060516357422,31.449495315551758
524,79617.5625,186.62405395507812,31.744422912597656,89382.1484375,199.94613647460938,31.11307716369629
525,79136.2421875,186.05157470703125,31.78122901916504,88766.390625,198.97998046875,33.799983978271484
526,78624.8515625,185.5582733154297,31.23309898376465,88264.2421875,197.21966552734375,31.65723991394043
527,78138.625,184.93894958496094,30.871320724487305,87780.0703125,198.7818145751953,34.46842956542969
528,77722.828125,184.85983276367188,31.36934471130371,87393.125,196.67996215820312,31.053089141845703
529,77376.6875,184.5396728515625,31.017166137695312,86781.8671875,196.39488220214844,32.42544937133789
530,76887.3828125,183.73934936523438,31.685930252075195,86320.5546875,196.42474365234375,35.11589813232422
531,76332.9765625,182.9438018798828,31.7349796295166,85759.4609375,194.42132568359375,33.58446502685547
532,75871.2265625,182.37033081054688,31.571687698364258,85243.9453125,195.08839416503906,31.608739852905273
533,75325.9609375,181.7655029296875,30.91484260559082,85010.4453125,196.96885681152344,31.548248291015625
534,74955.3671875,181.473876953125,30.948532104492188,84254.78125,194.13604736328125,31.829240798950195
535,74612.1015625,181.34657287597656,30.824003219604492,84381.234375,194.22003173828125,33.8532829284668
536,74314.609375,181.18521118164062,31.14906883239746,83996.15625,193.63360595703125,31.17824935913086
537,73766.9921875,180.59646606445312,31.165103912353516,82812.703125,191.79336547851562,32.052406311035156
538,73288.421875,179.88560485839844,30.56273651123047,82567.8515625,192.96470642089844,30.546466827392578
539,72659.3515625,178.5825653076172,30.580120086669922,81956.8125,192.0807647705078,30.45683479309082
540,72218.125,178.4270782470703,30.40252685546875,81366.9921875,190.86233520507812,31.078479766845703
541,71754.9375,177.61679077148438,30.29509925842285,81135.4453125,191.0767059326172,36.823158264160156
542,71745.9140625,178.64085388183594,32.55253601074219,80492.078125,189.8259735107422,31.890239715576172
543,71349.40625,178.60012817382812,31.921241760253906,80503.015625,192.8188018798828,30.466663360595703
544,70922.4765625,178.1861572265625,31.493196487426758,79656.109375,189.9851837158203,30.400436401367188
545,70253.7421875,176.50408935546875,31.431459426879883,79920.21875,194.3153839111328,31.141643524169922
546,70081.7421875,177.1904754638672,31.630151748657227,79141.5703125,191.7392578125,32.20389175415039
547,69241.53125,175.0006103515625,31.01725196838379,78087.1875,186.6357421875,31.50900650024414
548,68667.65625,173.69659423828125,30.61119270324707,77693.0078125,187.1632080078125,33.84375762939453
549,68255.5390625,173.1861572265625,30.924848556518555,77155.6875,184.7991943359375,31.04151153564453
550,67814.5390625,172.50485229492188,30.422500610351562,76692.21875,184.55459594726562,31.149436950683594
551,67484.0859375,172.44351196289062,30.82227325439453,76213.5078125,184.59181213378906,31.9810848236084
552,66989.2734375,171.67701721191406,30.620027542114258,75743.40625,183.9462432861328,30.870988845825195
553,66561.84375,171.02919006347656,30.362812042236328,75318.71875,183.22520446777344,32.12101364135742
554,66190.4296875,170.8785858154297,30.54477882385254,74964.203125,182.86029052734375,29.75320816040039
555,65768.4921875,170.02474975585938,30.061521530151367,74462.5,182.5046844482422,30.863948822021484
556,65441.96875,169.4537811279297,30.126102447509766,74035.0546875,181.33595275878906,30.203853607177734
557,65016.94921875,169.009521484375,29.945865631103516,73687.984375,182.55517578125,31.20399284362793
558,64587.48046875,168.6002197265625,30.085243225097656,73232.5703125,181.45083618164062,30.1243896484375
559,64143.9765625,167.8564910888672,29.899456024169922,72740.96875,180.25538635253906,32.439788818359375
560,63793.81640625,167.61500549316406,30.276601791381836,72377.5625,181.45703125,30.076120376586914
561,63379.20703125,167.20489501953125,30.622032165527344,72063.609375,180.5296173095703,31.42661476135254
562,62956.171875,166.454833984375,30.499345779418945,71402.8984375,178.83494567871094,32.5257568359375
563,62533.10546875,165.8440704345703,30.214473724365234,71063.8984375,178.164306640625,31.971763610839844
564,62202.9765625,165.52679443359375,29.9432373046875,70600.9296875,176.98782348632812,31.2364444732666
565,61812.3515625,164.78399658203125,29.752864837646484,70227.703125,177.1948699951172,30.112319946289062
566,61356.15234375,164.3324432373047,29.689016342163086,69761.2890625,176.37771606445312,30.58159637451172
567,60993.2265625,163.83502197265625,29.9263973236084,69445.671875,175.5615692138672,33.07014083862305
568,60652.53125,163.22471618652344,30.471973419189453,68923.0078125,174.6836395263672,29.329811096191406
569,60241.484375,162.5933074951172,29.4935302734375,68521.96875,175.4149932861328,30.636219024658203
570,59785.58984375,161.75875854492188,29.299150466918945,68147.7578125,173.51588439941406,31.598325729370117
571,59775.2109375,162.39407348632812,29.782773971557617,67833.6796875,174.6276092529297,29.181318283081055
572,59217.37109375,161.3004913330078,29.97893524169922,67669.25,173.18675231933594,30.78060531616211
573,59114.8359375,161.85365295410156,30.06013298034668,67174.1484375,175.28366088867188,30.53230094909668
574,58555.265625,161.14825439453125,30.06451416015625,67152.5703125,176.5512237548828,30.20707130432129
575,58259.97265625,160.90298461914062,30.1341609954834,66056.3984375,172.42153930664062,31.357540130615234
576,57626.765625,159.10928344726562,29.540668487548828,65805.2890625,170.74407958984375,28.953594207763672
577,57331.87890625,158.7162628173828,29.400684356689453,65399.5625,171.25234985351562,29.107723236083984
578,57110.515625,159.1163787841797,29.55022430419922,64978.3515625,170.33941650390625,30.96561622619629
579,56685.1640625,158.3799285888672,29.85036277770996,64814.19140625,170.6201934814453,30.98215675354004
580,57054.5859375,160.5227508544922,30.511640548706055,64331.828125,171.0852813720703,29.881967544555664
581,56197.828125,158.7264862060547,30.437366485595703,63890.63671875,169.46865844726562,30.491302490234375
582,55573.109375,156.88587951660156,29.724620819091797,63393.6328125,167.3452606201172,29.668371200561523
583,55084.71875,155.42111206054688,28.988277435302734,63027.28515625,167.72686767578125,28.476045608520508
584,54743.42578125,154.9773712158203,28.863492965698242,62484.5234375,166.56631469726562,30.02885627746582
585,54378.90625,154.2688446044922,29.1137752532959,62657.5859375,169.39688110351562,30.708301544189453
586,59147.59765625,169.76100158691406,31.53948211669922,72265.46875,189.2613067626953,38.96065902709961
587,62052.5,170.98544311523438,32.930782318115234,68970.4140625,176.57179260253906,34.304378509521484
588,58966.5546875,162.51177978515625,31.435298919677734,66182.34375,172.06939697265625,30.464628219604492
589,57733.46875,159.91778564453125,30.386882781982422,65696.53125,170.8490753173828,30.674205780029297
590,57277.97265625,158.987060546875,29.860485076904297,65121.859375,170.06991577148438,31.599016189575195
591,56855.37109375,158.19334411621094,30.060836791992188,64826.90625,170.33731079101562,30.366058349609375
592,56517.94921875,157.94345092773438,29.5130615234375,64351.30859375,169.9580535888672,31.07229232788086
593,56037.40234375,157.41168212890625,30.008962631225586,63973.2265625,169.0182647705078,29.26127815246582
594,55682.47265625,156.44381713867188,29.328001022338867,63590.375,168.2272186279297,30.038467407226562
595,55364.08984375,156.01100158691406,28.95982551574707,63260.86328125,167.540283203125,29.36192512512207
596,55042.79296875,155.89218139648438,29.44202423095703,62768.0234375,167.5372772216797,30.612571716308594
597,54553.8984375,155.07717895507812,29.731916427612305,62427.83984375,166.60842895507812,32.236732482910156
598,54247.99609375,154.37001037597656,29.80133056640625,61935.1328125,166.43658447265625,31.539514541625977
599,53825.66796875,153.96072387695312,29.59519386291504,61585.6171875,165.96157836914062,29.9374942779541
600,54036.3984375,154.02699279785156,29.555089950561523,62170.16796875,166.94970703125,30.35520362854004
601,54457.40625,154.64866638183594,29.518091201782227,64315.07421875,168.69677734375,29.833417892456055
602,54690.34765625,155.23619079589844,29.550790786743164,62329.32421875,166.87155151367188,29.74345588684082
603,54162.2421875,154.55714416503906,29.64764404296875,62005.40625,167.44139099121094,29.963287353515625
604,53791.4765625,153.6956329345703,29.068212509155273,61541.5234375,165.1460418701172,31.51306915283203
605,53465.77734375,153.26797485351562,29.206043243408203,61163.91015625,165.4317626953125,29.964580535888672
606,53057.85546875,152.6553497314453,29.799955368041992,60768.34765625,165.10220336914062,30.8547420501709
607,51845.3984375,150.82530212402344,29.17206382751465,59489.828125,162.85049438476562,28.64377784729004
608,51508.83203125,150.59097290039062,29.361892700195312,59097.1953125,162.91729736328125,29.809728622436523
609,51129.77734375,149.85690307617188,28.775712966918945,58681.05859375,161.16571044921875,28.59859848022461
610,51055.25390625,149.56704711914062,28.953561782836914,59467.55078125,163.5507049560547,29.34210968017578
611,51486.91015625,150.27268981933594,28.939910888671875,58969.22265625,161.6027069091797,29.880706787109375
612,51123.84765625,149.61383056640625,29.53783416748047,58669.9453125,162.04429626464844,30.706279754638672
613,50778.01171875,149.40614318847656,29.746496200561523,58255.7265625,160.92849731445312,29.873891830444336
614,50402.4609375,148.6837921142578,29.37659454345703,57834.47265625,160.5662841796875,31.108118057250977
615,50018.97265625,147.78384399414062,29.16400146484375,57545.2109375,159.4338836669922,29.502063751220703
616,49721.4375,147.4507598876953,28.894641876220703,57234.921875,160.4512176513672,28.929475784301758
617,49550.87109375,147.95469665527344,28.779191970825195,57403.45703125,162.2655792236328,30.291810989379883
618,49481.84375,147.9140625,29.263593673706055,57468.5703125,164.52227783203125,29.151073455810547
619,50379.80078125,151.6075897216797,29.7844295501709,58688.875,169.796875,30.673263549804688
620,49882.0703125,151.42051696777344,29.75214385986328,56476.75,159.53475952148438,36.38752365112305
621,48625.03515625,147.33460998535156,32.39193344116211,55510.6875,157.54237365722656,33.01220703125
622,47896.328125,144.9518585205078,31.1932430267334,55113.2109375,156.22747802734375,30.338375091552734
623,47397.5859375,143.54103088378906,29.794740676879883,55157.55859375,158.7373809814453,30.896709442138672
624,47263.75,143.7904052734375,29.531410217285156,54353.67578125,155.31936645507812,28.989459991455078
625,46787.9921875,142.6219482421875,29.40025520324707,54075.8828125,154.7390594482422,29.6238956451416
626,46449.953125,142.04026794433594,29.39775848388672,53592.58203125,153.84169006347656,29.312698364257812
627,46096.8984375,141.58995056152344,28.760162353515625,53196.72265625,153.2439422607422,29.956315994262695
628,45796.2890625,141.0750274658203,28.824989318847656,52947.19140625,153.36929321289062,28.899757385253906
629,45506.52734375,140.4075164794922,28.80312728881836,52736.33203125,153.9056854248047,31.829198837280273
630,45220.47265625,139.8094482421875,28.919273376464844,52289.7890625,151.81063842773438,30.0516414642334
631,44964.01171875,139.55467224121094,28.92972755432129,51975.3515625,150.71435546875,31.544677734375
632,44683.63671875,139.10887145996094,28.983030319213867,51673.0390625,151.2835693359375,28.727481842041016
633,44326.46875,138.85812377929688,28.538923263549805,51294.203125,151.5010528564453,29.29038429260254
634,44037.6328125,138.33157348632812,28.24884605407715,50967.83203125,149.84457397460938,29.14069175720215
635,43709.10546875,137.7462921142578,28.208660125732422,50625.69921875,149.25477600097656,29.913124084472656
636,43473.890625,137.0382843017578,27.971084594726562,50436.14453125,149.7369384765625,27.85932159423828
637,43203.84375,136.69642639160156,27.716386795043945,49944.71484375,147.53500366210938,28.635019302368164
638,42981.75390625,136.35269165039062,27.6932315826416,49709.56640625,147.95811462402344,28.680858612060547
639,42618.453125,135.68994140625,27.61573600769043,49395.8359375,147.09219360351562,27.984228134155273
640,42337.375,135.19308471679688,27.78165626525879,49097.16796875,146.56015014648438,29.219749450683594
641,42094.671875,134.7450408935547,27.556262969970703,48793.08984375,146.7162322998047,29.565881729125977
642,41821.2734375,134.16790771484375,27.731948852539062,48587.93359375,146.66751098632812,28.133474349975586
643,41602.19921875,133.9149169921875,27.712177276611328,48198.18359375,145.311279296875,28.26549530029297
644,41375.06640625,133.4269561767578,27.884416580200195,48011.9609375,145.54104614257812,27.626020431518555
645,41264.546875,133.87181091308594,27.5352783203125,47579.47265625,144.89073181152344,28.280452728271484
646,40849.45703125,132.85861206054688,27.650278091430664,47765.1328125,146.65435791015625,27.470170974731445
647,40685.296875,132.7500762939453,27.71307373046875,47245.0,144.74371337890625,28.193143844604492
648,40389.92578125,132.22232055664062,27.858325958251953,46921.19140625,144.5828857421875,29.515613555908203
649,40108.05078125,131.1578826904297,27.621553421020508,46825.65625,144.695068359375,27.102815628051758
650,39781.98046875,130.38710021972656,27.437803268432617,46408.69921875,143.57139587402344,28.47412872314453
651,39555.90234375,130.105712890625,27.304866790771484,45947.71484375,141.60890197753906,28.865863800048828
652,39246.26171875,129.41580200195312,27.273954391479492,45820.17578125,142.4821319580078,29.8844051361084
653,39006.8046875,128.97210693359375,27.486452102661133,45713.08984375,142.2542266845703,28.353126525878906
654,38784.01953125,128.6020965576172,27.37386703491211,45105.1328125,140.2239990234375,27.452869415283203
655,38719.94921875,128.6879425048828,26.999069213867188,46479.26171875,143.6005859375,29.939075469970703
656,49686.0,161.06027221679688,31.667274475097656,54944.125,159.2326202392578,37.36635208129883
657,49163.03125,158.96937561035156,36.30736541748047,50331.51171875,153.3216094970703,31.95423126220703
658,43147.73828125,140.2706298828125,35.47255325317383,48535.24609375,148.3181915283203,35.35877227783203
659,41775.26953125,136.29803466796875,32.40266036987305,47911.71484375,146.29161071777344,29.42129135131836
660,41190.75,134.80209350585938,30.01500129699707,47362.359375,144.41815185546875,29.884639739990234
661,40735.3125,133.3291015625,30.169689178466797,47006.9140625,143.87350463867188,30.890989303588867
662,40418.09375,132.55616760253906,29.73908233642578,46742.796875,143.7315673828125,29.966428756713867
663,40085.09375,131.8439178466797,29.490215301513672,46390.62109375,142.03518676757812,30.867841720581055
664,39798.1015625,130.80471801757812,29.809406280517578,46023.3046875,142.556640625,30.383607864379883
665,39434.890625,130.58660888671875,29.5333251953125,45761.546875,141.52609252929688,30.495811462402344
666,39221.7734375,130.43167114257812,29.153587341308594,45404.34765625,140.450439453125,28.941558837890625
667,38910.48046875,129.14840698242188,28.21697998046875,45305.59765625,141.2847900390625,30.65135955810547
668,38630.69140625,128.5149383544922,27.967269897460938,44966.12890625,140.87794494628906,28.983503341674805
669,38427.9140625,128.34303283691406,28.087003707885742,44544.92578125,138.29322814941406,29.21624183654785
670,38225.203125,127.87553405761719,28.28413963317871,44346.7421875,139.22097778320312,28.55308723449707
671,37868.96875,127.19588470458984,28.12930679321289,44044.44140625,138.23788452148438,29.60319709777832
672,37593.8828125,126.31281280517578,28.23334312438965,43762.22265625,137.7191162109375,29.220914840698242
673,37351.625,126.12834930419922,27.713041305541992,43468.86328125,136.97312927246094,28.55810546875
674,37089.9765625,125.53499603271484,27.726266860961914,43291.63671875,138.0209197998047,29.194721221923828
675,36829.02734375,124.73157501220703,27.595705032348633,42941.98828125,136.40890502929688,28.321441650390625
676,36559.9921875,124.34225463867188,27.698665618896484,42636.02734375,136.43116760253906,28.72157859802246
677,36348.11328125,124.11094665527344,27.693506240844727,42445.58203125,136.30335998535156,28.14522361755371
678,36083.14453125,123.31464385986328,27.347806930541992,42226.203125,136.157958984375,27.487464904785156
679,35864.3828125,123.0737075805664,27.05063247680664,41803.46484375,134.34043884277344,28.0242862701416
680,35572.11328125,122.23644256591797,27.06673812866211,41720.546875,134.1285400390625,29.49706268310547
681,35424.8515625,121.84587860107422,27.090763092041016,41338.578125,133.68075561523438,27.80723762512207
682,35074.21875,121.35149383544922,26.40338897705078,41149.37109375,132.28895568847656,28.010189056396484
683,34872.19921875,120.67182922363281,26.063222885131836,40867.25390625,132.4698028564453,27.008407592773438
684,34648.17578125,120.57789611816406,26.57890510559082,40684.46484375,131.670654296875,30.65506362915039
685,34542.31640625,120.29500579833984,27.32390022277832,40663.65625,132.14828491210938,28.280431747436523
686,34305.8359375,119.96749877929688,26.708755493164062,40090.28125,131.0653076171875,28.234865188598633
687,33943.14453125,118.65394592285156,26.757179260253906,39939.91015625,130.48362731933594,28.04808235168457
688,33729.12109375,118.56426239013672,26.4136962890625,39689.8671875,130.0543975830078,29.0496826171875
689,33520.0546875,118.05400848388672,26.209693908691406,39449.7734375,129.44667053222656,27.43450927734375
690,33325.21484375,117.70453643798828,25.912696838378906,39302.95703125,129.837890625,27.2198429107666
691,33101.87109375,117.0278549194336,25.7672061920166,39160.796875,130.27236938476562,26.727737426757812
692,32998.06640625,117.03857421875,25.91301155090332,38939.23046875,128.0195770263672,26.369220733642578
693,32859.296875,116.6777114868164,25.621023178100586,38765.71484375,128.85708618164062,28.93979263305664
694,32689.37109375,116.74911499023438,25.792396545410156,38412.7265625,127.03994750976562,26.709043502807617
695,32460.083984375,116.26306915283203,26.356470108032227,38139.578125,127.15899658203125,29.033384323120117
696,32296.4453125,115.95919036865234,26.233028411865234,38099.3984375,126.6875,26.289186477661133
697,32262.130859375,116.17390441894531,26.20956802368164,38029.953125,127.96043395996094,32.75116729736328
698,32041.90234375,115.62882995605469,28.65492057800293,37767.28515625,127.98760223388672,31.692459106445312
699,31751.6953125,114.72551727294922,27.30705451965332,37411.109375,126.42108917236328,26.796039581298828
700,31413.7890625,114.0326919555664,25.90911293029785,37227.7890625,125.53135681152344,28.303056716918945
701,31204.08984375,113.52164459228516,25.922143936157227,37058.47265625,126.42628479003906,27.74456214904785
702,31128.763671875,113.2967529296875,26.009689331054688,37058.40625,127.79841613769531,28.411226272583008
703,31064.44921875,113.33232879638672,25.592905044555664,36593.453125,125.11506652832031,26.632408142089844
704,30665.55859375,112.44479370117188,25.53949546813965,36463.66796875,124.67827606201172,26.0405330657959
705,30462.384765625,111.83003234863281,25.214475631713867,36137.90234375,123.76744079589844,26.9658260345459
706,30278.6796875,111.39486694335938,25.335126876831055,36013.99609375,123.55327606201172,27.317899703979492
707,30118.65625,111.35539245605469,25.24933624267578,35775.390625,122.89837646484375,26.464740753173828
708,29935.150390625,110.95354461669922,25.134782791137695,35748.01953125,122.43586730957031,26.89358901977539
709,29984.875,111.64611053466797,25.128559112548828,35529.53125,122.07585144042969,27.21044158935547
710,29760.052734375,111.13949584960938,25.043746948242188,35278.9453125,122.85852813720703,26.683124542236328
711,29450.208984375,110.12440490722656,25.235029220581055,35177.34375,121.15991973876953,26.72512435913086
712,29572.34375,110.85326385498047,24.991954803466797,35272.796875,121.835205078125,30.75267219543457
713,29469.814453125,111.0514144897461,26.08150863647461,34960.515625,121.4109878540039,27.554887771606445
714,29407.833984375,110.7100601196289,25.555442810058594,34884.28515625,120.52588653564453,27.120683670043945
715,29074.73046875,110.05369567871094,25.127334594726562,34592.91015625,120.33879852294922,28.180639266967773
716,28790.404296875,109.01533508300781,25.52178192138672,34170.4921875,120.95598602294922,27.324399948120117
717,28564.6953125,108.845703125,24.96099090576172,34265.359375,120.4889907836914,27.256786346435547
718,28442.40234375,108.43009185791016,24.901256561279297,33898.76171875,120.44966888427734,26.5085391998291
719,28217.6640625,107.9454345703125,24.81761360168457,33758.86328125,119.5826187133789,25.63377571105957
720,28154.8671875,107.93185424804688,24.787574768066406,33567.0,119.11743927001953,25.95176887512207
721,28236.041015625,108.5984878540039,25.311323165893555,34213.0546875,125.31424713134766,26.62021827697754
722,28108.361328125,108.66484069824219,25.160261154174805,33625.0,122.53250885009766,25.803070068359375
723,28004.32421875,108.56114959716797,24.7177734375,33313.546875,121.42403411865234,24.972002029418945
724,27658.791015625,107.38191223144531,25.103666305541992,33079.91015625,117.82046508789062,26.868389129638672
725,27433.25,106.6121826171875,24.733142852783203,32804.50390625,118.76056671142578,25.67691993713379
726,27322.302734375,106.8848648071289,24.741971969604492,33150.453125,120.4198226928711,26.992942810058594
727,27445.341796875,107.47111511230469,25.173763275146484,32565.689453125,117.77474975585938,26.922996520996094
728,27160.822265625,106.79136657714844,24.469472885131836,32911.86328125,120.52015686035156,27.239336013793945
729,27196.37890625,107.71919250488281,25.2153263092041,32258.326171875,118.02894592285156,27.735944747924805
730,26952.998046875,106.5230712890625,25.000717163085938,32047.16796875,117.33157348632812,27.447429656982422
731,26717.91796875,105.69646453857422,25.120908737182617,32107.630859375,119.22547149658203,27.31317138671875
732,26940.087890625,107.21234893798828,25.263797760009766,32781.203125,117.72419738769531,28.722745895385742
733,27846.90625,108.7959976196289,25.651578903198242,33490.94140625,121.52288055419922,27.842554092407227
734,27942.35546875,109.13328552246094,25.20316505432129,32827.19921875,118.20364379882812,28.006195068359375
735,27555.453125,107.97826385498047,25.11576271057129,33978.765625,127.95476531982422,25.956104278564453
736,27934.7109375,110.04792022705078,25.211124420166016,32916.5390625,117.76686096191406,25.792743682861328
737,27531.400390625,108.21837615966797,25.10724639892578,32788.29296875,120.88838195800781,26.34609603881836
738,27042.5625,106.93626403808594,25.153623580932617,32289.39453125,118.05267333984375,25.770235061645508
739,26728.677734375,105.7316665649414,24.120656967163086,31961.197265625,117.49659729003906,27.06382942199707
740,26539.80859375,105.6546401977539,24.16618537902832,32024.580078125,117.65742492675781,27.301836013793945
741,26412.84375,105.1844711303711,24.495624542236328,31729.501953125,116.5825424194336,25.855966567993164
742,26182.173828125,104.69744873046875,24.36810874938965,31581.830078125,116.3704833984375,26.70348358154297
743,26030.021484375,104.59364318847656,24.203853607177734,31452.3671875,116.34536743164062,26.151247024536133
744,25955.111328125,104.3836898803711,23.967914581298828,31310.08203125,117.19033813476562,25.685546875
745,25780.224609375,104.14120483398438,24.147218704223633,31091.216796875,115.805419921875,25.68397331237793
746,25926.53125,104.27201843261719,23.88343048095703,31583.15625,116.56343078613281,25.27217674255371
747,25880.185546875,103.99244689941406,23.97962760925293,31402.96875,115.72480010986328,26.696491241455078
748,25981.041015625,104.20538330078125,23.77690315246582,31270.30078125,115.97356414794922,25.93336296081543
749,25723.326171875,103.95905303955078,24.11293601989746,31191.7578125,116.82833862304688,24.773136138916016
750,25587.900390625,103.43357849121094,24.02897071838379,30899.51171875,115.54344940185547,26.407005310058594
751,25368.474609375,103.0693359375,23.987756729125977,30850.197265625,115.10517883300781,26.331787109375
752,25325.04296875,103.53347778320312,24.175752639770508,30610.517578125,115.0672378540039,25.366090774536133
753,25169.099609375,102.80318450927734,23.713417053222656,30565.728515625,114.62750244140625,27.239974975585938
754,25018.021484375,102.77137756347656,24.03961944580078,30384.68359375,114.93154907226562,27.500093460083008
755,24860.25,101.96142578125,23.99070930480957,30294.166015625,113.76164245605469,24.73462677001953
756,24774.880859375,102.24567413330078,24.476463317871094,30089.6015625,115.05384063720703,25.868417739868164
757,24616.0234375,101.98260498046875,23.80681800842285,30001.046875,113.85472106933594,24.854110717773438
758,24555.201171875,102.14063262939453,23.868499755859375,29911.6953125,114.68325805664062,25.96563720703125
759,24374.31640625,101.99266052246094,23.9184513092041,29776.814453125,114.73751068115234,25.46265411376953
760,24253.7265625,101.66175079345703,23.875537872314453,29556.61328125,113.5608139038086,25.85826301574707
761,24163.138671875,101.62926483154297,23.68105697631836,30275.083984375,119.06436157226562,26.370145797729492
762,24289.111328125,102.5907211303711,24.345298767089844,29453.388671875,114.93597412109375,24.972551345825195
763,23931.509765625,101.35137176513672,23.952083587646484,29173.349609375,113.44953155517578,25.194202423095703
764,23751.748046875,101.24259185791016,23.60453224182129,29460.962890625,116.05437469482422,25.263294219970703
765,23631.755859375,100.87350463867188,23.383729934692383,28761.650390625,112.70606231689453,27.022260665893555
766,23501.72265625,100.5184097290039,23.64426612854004,28836.935546875,111.86975860595703,25.197771072387695
767,23447.359375,100.37525939941406,23.51535987854004,28520.125,111.85628509521484,26.440811157226562
768,23197.349609375,99.62545776367188,23.176965713500977,28585.66015625,113.59347534179688,24.942386627197266
769,23131.3359375,100.19011688232422,22.986248016357422,28454.578125,112.70123291015625,28.42148208618164
770,23017.25390625,100.0332260131836,23.76852798461914,28210.6171875,111.12832641601562,25.201181411743164
771,26625.056640625,111.54521179199219,25.008459091186523,44642.015625,170.71099853515625,35.15222930908203
772,31088.203125,123.21692657470703,28.57416534423828,30777.3671875,119.71603393554688,27.028099060058594
773,25922.01953125,108.80683135986328,28.266643524169922,29463.58203125,116.4736099243164,26.42521095275879
774,25045.59375,106.29743194580078,26.62200355529785,29032.537109375,114.18038177490234,28.164196014404297
775,24551.5,104.27619171142578,26.700347900390625,28818.25390625,112.91952514648438,27.936025619506836
776,24192.689453125,103.5060806274414,25.88827133178711,28543.650390625,112.6355209350586,26.48701286315918
777,23893.6328125,102.2938003540039,25.62234878540039,28443.9453125,112.00209045410156,26.27798843383789
778,23668.595703125,101.81217956542969,25.03438949584961,28359.1328125,111.38367462158203,27.885854721069336
779,23520.76953125,101.48843383789062,25.01805305480957,28098.4609375,112.1194839477539,26.245473861694336
780,23239.1484375,100.64598083496094,24.925575256347656,28023.509765625,111.889892578125,26.225200653076172
781,23039.38671875,100.38994598388672,24.238880157470703,27753.193359375,111.73033142089844,26.568201065063477
782,22896.36328125,100.24227905273438,24.572067260742188,27619.244140625,111.27474212646484,26.516111373901367
783,22888.34765625,100.52057647705078,24.733903884887695,27528.83984375,109.50892639160156,25.9746036529541
784,22658.041015625,99.60197448730469,23.945051193237305,27669.423828125,113.00465393066406,24.620248794555664
785,22573.6328125,99.79342651367188,24.149568557739258,27338.154296875,110.43180847167969,25.428071975708008
786,22373.86328125,99.09760284423828,24.271730422973633,27155.736328125,110.61190795898438,26.9591121673584
787,22220.44140625,98.95764923095703,24.118959426879883,26963.52734375,110.3396224975586,26.34084129333496
788,22051.13671875,98.46868133544922,23.631546020507812,26928.310546875,109.6379165649414,26.665346145629883
789,21906.75,98.39742279052734,23.598085403442383,27173.8125,111.60586547851562,26.1450138092041
790,21950.193359375,98.52918243408203,24.10390281677246,26621.0859375,108.37831115722656,25.420011520385742
791,21760.435546875,98.08272552490234,24.510848999023438,26468.267578125,109.2917251586914,27.556354522705078
792,21522.37890625,97.28887176513672,23.79198455810547,26481.84765625,108.27589416503906,25.297521591186523
793,21407.35546875,97.07666015625,23.39611053466797,26146.373046875,107.8179931640625,26.17347526550293
794,21273.654296875,97.01513671875,23.47609519958496,26864.82421875,112.81501007080078,25.018373489379883
795,21627.251953125,98.6050796508789,23.16256332397461,26074.18359375,109.04387664794922,25.183868408203125
796,21246.888671875,97.60496520996094,23.214717864990234,25927.1796875,108.59198760986328,24.620649337768555
797,21144.08203125,97.18077087402344,23.615371704101562,25664.390625,107.2919921875,25.393461227416992
798,20883.57421875,96.37950134277344,23.38007164001465,25629.345703125,106.99693298339844,25.3048095703125
799,20773.2890625,96.3941650390625,23.383678436279297,25466.052734375,107.8748550415039,25.820470809936523
800,20693.783203125,95.86903381347656,23.410367965698242,25277.3203125,106.29090881347656,24.947372436523438
801,20584.658203125,95.9305419921875,23.22235679626465,25712.279296875,109.79744720458984,24.88083267211914
802,20862.728515625,97.31209564208984,23.32826042175293,25523.97265625,109.6380844116211,25.461612701416016
803,20576.744140625,96.61720275878906,23.5396671295166,25072.353515625,107.7044677734375,24.16192626953125
804,20272.107421875,95.74813842773438,23.085712432861328,25167.833984375,106.15785217285156,27.24483299255371
805,20203.55859375,95.10633087158203,23.390880584716797,24820.310546875,107.52072143554688,25.572797775268555
806,19983.25390625,95.12353515625,23.201889038085938,24665.13671875,106.30093383789062,24.986507415771484
807,19832.75,94.49214172363281,22.824726104736328,24609.2421875,106.52942657470703,25.779794692993164
808,19810.3671875,94.80941772460938,23.01619529724121,24593.138671875,106.04427337646484,24.605703353881836
809,19691.662109375,94.46527099609375,22.66253089904785,24418.927734375,106.76747131347656,25.11677360534668
810,19604.48828125,94.18289947509766,22.69000244140625,24181.595703125,105.73031616210938,25.074012756347656
811,19416.30078125,93.88312530517578,22.14385986328125,24044.2265625,104.9212646484375,26.469417572021484
812,19461.587890625,94.50814056396484,22.653242111206055,24149.126953125,106.14299011230469,23.98517608642578
813,19270.064453125,93.659423828125,22.36710548400879,23742.947265625,104.3875961303711,24.890907287597656
814,19168.55859375,93.32341766357422,22.25154685974121,23858.087890625,104.9167251586914,25.567487716674805
815,19084.291015625,93.2239761352539,22.226274490356445,23646.9609375,104.9400634765625,24.89402961730957
816,18939.384765625,92.95919036865234,22.235368728637695,23413.927734375,104.1431884765625,24.86037254333496
817,18764.830078125,92.53575897216797,22.050844192504883,23411.412109375,103.92302703857422,25.564422607421875
818,18694.3984375,92.31961059570312,22.18274688720703,23442.77734375,104.5379867553711,25.628921508789062
819,18666.87109375,92.47532653808594,22.19864273071289,23111.400390625,103.01551818847656,25.939130783081055
820,18516.791015625,92.14817810058594,22.06353187561035,23103.625,103.0936050415039,24.43441390991211
821,18467.578125,92.02149200439453,21.847068786621094,22996.970703125,103.31948852539062,23.59033203125
822,18717.30859375,93.45498657226562,22.043664932250977,23105.82421875,104.11602020263672,27.385892868041992
823,19386.103515625,96.48048400878906,23.035097122192383,23633.412109375,106.78369140625,24.888774871826172
824,18832.99609375,94.2928695678711,22.838224411010742,22974.654296875,104.00550842285156,25.939777374267578
825,18485.85546875,93.33513641357422,22.40928840637207,23091.669921875,106.22048950195312,25.4453067779541
826,18300.189453125,92.69646453857422,22.18131446838379,22776.775390625,103.67293548583984,25.685367584228516
827,18061.1875,91.54259490966797,21.70574951171875,22431.90234375,101.74520111083984,24.826995849609375
828,17889.44140625,91.35026550292969,21.67668342590332,22313.46484375,102.45954895019531,25.13227653503418
829,17703.79296875,90.5939712524414,21.547330856323242,22265.56640625,102.38459777832031,24.615089416503906
830,17681.818359375,90.56847381591797,21.422121047973633,22086.84765625,102.46260070800781,25.663984298706055
831,17516.544921875,90.2081298828125,21.61810302734375,22044.01953125,101.95631408691406,24.804677963256836
832,17499.923828125,90.58329772949219,21.783363342285156,21889.35546875,101.7783203125,23.932920455932617
833,17410.255859375,90.265869140625,21.545682907104492,21883.193359375,101.68846893310547,25.639480590820312
834,17391.255859375,90.0671615600586,21.53538703918457,21668.0546875,100.34281158447266,24.62938117980957
835,17193.74609375,89.84483337402344,21.59715461730957,21573.142578125,100.16742706298828,24.667858123779297
836,17140.830078125,89.69868469238281,21.710084915161133,21771.822265625,101.89164733886719,25.946086883544922
837,17307.947265625,90.39555358886719,21.668546676635742,21345.92578125,99.72977447509766,25.5280818939209
838,17080.21875,89.64762878417969,21.541301727294922,21611.951171875,102.46126556396484,24.437225341796875
839,17056.86328125,89.5398941040039,21.512880325317383,21187.08203125,100.06102752685547,25.16144371032715
840,17508.826171875,92.02887725830078,21.645435333251953,21265.19921875,100.56169128417969,24.747833251953125
841,17250.728515625,91.02775573730469,22.479555130004883,21098.1015625,100.66095733642578,25.503612518310547
842,16735.685546875,88.91577911376953,21.903278350830078,21086.31640625,99.8838882446289,24.888755798339844
843,16565.966796875,88.16637420654297,21.604917526245117,21018.45703125,98.71598052978516,24.566925048828125
844,16509.619140625,87.68862915039062,21.500598907470703,20796.763671875,98.53256225585938,25.255002975463867
845,16422.75390625,87.92598724365234,21.664281845092773,20719.064453125,99.3327865600586,25.77179718017578
846,16535.7421875,88.67984771728516,21.681339263916016,20708.87890625,99.76195526123047,24.556337356567383
847,16343.619140625,88.21051788330078,21.48236083984375,20497.31640625,98.99888610839844,25.373533248901367
848,16118.1611328125,87.74063110351562,21.352224349975586,20513.5859375,98.00330352783203,25.092857360839844
849,16066.0341796875,87.20674133300781,21.026033401489258,20267.287109375,97.71034240722656,25.262422561645508
850,15972.2197265625,87.17074584960938,21.613183975219727,20417.62890625,99.28256225585938,25.405101776123047
851,16065.25390625,87.85800170898438,21.599149703979492,20678.466796875,99.88630676269531,25.264196395874023
852,16280.7314453125,88.4196548461914,21.03949546813965,20187.25390625,98.7558822631836,25.495058059692383
853,15794.3994140625,87.05526733398438,20.835344314575195,20267.2890625,98.08757019042969,24.35657501220703
854,16154.25390625,88.25065612792969,21.02153968811035,20296.958984375,99.13860321044922,28.447853088378906
855,19009.056640625,99.01097869873047,23.16527557373047,34418.62890625,147.77699279785156,31.890531539916992
856,26225.029296875,121.9241943359375,32.508724212646484,24930.505859375,115.04421997070312,37.25791549682617
857,19895.19140625,102.9387435913086,31.982460021972656,21480.0859375,104.1619873046875,29.343244552612305
858,17423.48828125,93.36219024658203,26.141338348388672,21317.615234375,104.02388000488281,29.29224395751953
859,16904.388671875,91.12561798095703,24.154834747314453,20961.462890625,100.7896499633789,30.341184616088867
860,16587.990234375,89.48272705078125,23.303546905517578,20851.330078125,100.432861328125,28.259143829345703
861,16383.158203125,89.07711029052734,22.731752395629883,20678.3125,99.50244903564453,25.999116897583008
862,16238.560546875,88.08439636230469,22.102489471435547,20581.80859375,99.93876647949219,25.895532608032227
863,16127.376953125,87.9345474243164,21.731782913208008,20526.8125,99.66123962402344,25.419382095336914
864,15985.5986328125,87.72340393066406,21.694129943847656,20374.419921875,98.92704010009766,25.68018913269043
865,15869.619140625,86.85235595703125,21.574037551879883,20292.830078125,98.31082916259766,25.313129425048828
866,15763.541015625,86.78173065185547,21.68202781677246,20090.626953125,98.13996887207031,26.975143432617188
867,15727.8330078125,86.80418395996094,21.604717254638672,19966.3125,97.6024169921875,24.91693878173828
868,15570.2138671875,86.07162475585938,21.198970794677734,20006.50390625,98.42683410644531,25.349346160888672
869,15533.1787109375,86.39774322509766,21.499103546142578,19821.30859375,97.73761749267578,25.62133026123047
870,15463.0439453125,86.35984802246094,21.529510498046875,19780.3828125,97.28820037841797,24.637250900268555
871,15413.396484375,86.21733856201172,21.15054702758789,19805.603515625,96.6839370727539,24.18174171447754
872,15538.55078125,86.58161163330078,21.242414474487305,19424.443359375,97.17447662353516,26.20899200439453
873,15415.947265625,86.53215026855469,21.462223052978516,19649.431640625,97.7424545288086,24.199504852294922
874,15300.8349609375,86.0943374633789,21.014299392700195,19460.17578125,96.67462158203125,25.453380584716797
875,15106.9482421875,85.64602661132812,20.95574378967285,19668.46484375,98.6895523071289,25.212608337402344
876,15283.6962890625,86.6561279296875,21.040307998657227,19219.767578125,96.74344635009766,23.454633712768555
877,14991.7919921875,85.43582153320312,21.3122615814209,19271.576171875,96.77420043945312,24.540973663330078
878,15150.48046875,86.44004821777344,21.138904571533203,19138.46484375,96.9703369140625,24.329753875732422
879,14877.259765625,85.45176696777344,21.677812576293945,19056.314453125,96.36392211914062,26.057510375976562
880,14761.6845703125,84.72406005859375,21.269136428833008,18985.693359375,95.96995544433594,25.764190673828125
881,14694.072265625,84.72512817382812,21.42976951599121,18896.49609375,95.92262268066406,25.60478973388672
882,14520.2353515625,84.1063461303711,21.064931869506836,18758.837890625,95.9677963256836,24.640735626220703
883,14438.9755859375,83.95707702636719,20.642953872680664,18693.02734375,95.81697845458984,24.58269500732422
884,14361.4970703125,83.7862777709961,20.802122116088867,18591.990234375,94.86881256103516,24.66456413269043
885,14391.767578125,83.82532501220703,20.713214874267578,18703.384765625,95.09732818603516,25.03011703491211
886,14621.6171875,84.88829803466797,21.11048698425293,18603.046875,96.27498626708984,26.600374221801758
887,14461.6259765625,84.26921844482422,21.160991668701172,18521.828125,95.04525756835938,25.422122955322266
888,14320.71484375,84.00977325439453,20.67934799194336,18299.484375,94.31546020507812,25.43623161315918
889,14207.1962890625,83.51858520507812,20.667863845825195,18082.984375,93.9722900390625,24.12836456298828
890,14118.9501953125,82.9598159790039,20.775312423706055,18266.716796875,94.34135437011719,25.15057373046875
891,13976.009765625,82.53145599365234,20.58040428161621,18144.5,92.98599243164062,25.26719093322754
892,14129.7958984375,83.37320709228516,20.9460506439209,18561.880859375,98.1458511352539,24.158702850341797
893,14225.9443359375,84.14539337158203,20.70688819885254,18087.09375,93.7798843383789,23.359952926635742
894,13853.32421875,82.64069366455078,20.323352813720703,17889.98046875,93.62590789794922,24.493139266967773
895,13733.5361328125,82.1904525756836,20.411069869995117,17762.630859375,93.11109924316406,24.060075759887695
896,13692.4326171875,82.22249603271484,20.55769157409668,17954.3984375,93.49458312988281,24.675615310668945
897,13709.619140625,82.10659790039062,20.629026412963867,17677.787109375,93.47078704833984,24.105876922607422
898,13553.8271484375,81.70426940917969,20.46159553527832,17579.009765625,92.80327606201172,24.559213638305664
899,13499.669921875,81.6842041015625,20.4558162689209,17510.294921875,92.17757415771484,24.205251693725586
900,13534.873046875,81.7612533569336,20.512231826782227,17848.94921875,94.79993438720703,24.827224731445312
901,13489.96875,81.97381591796875,20.889110565185547,17408.55078125,91.96533966064453,23.767684936523438
902,13417.4951171875,81.40450286865234,20.785470962524414,17374.453125,91.953125,24.107709884643555
903,13280.2958984375,81.2920913696289,20.530763626098633,17529.890625,92.4454345703125,23.860855102539062
904,13233.2392578125,81.16386413574219,20.256614685058594,17211.861328125,91.6987533569336,24.851896286010742
905,13191.3681640625,80.88321685791016,20.28774642944336,17318.671875,92.03773498535156,24.7308292388916
906,13205.7451171875,80.84886932373047,20.32132339477539,17152.669921875,91.8756103515625,24.849863052368164
907,13135.3447265625,80.78295135498047,20.53487777709961,17106.1875,91.41851806640625,23.910335540771484
908,13023.158203125,80.56340789794922,20.391427993774414,17044.181640625,92.26262664794922,23.65468978881836
909,13121.146484375,81.1090087890625,20.188983917236328,18118.92578125,97.89575958251953,24.751571655273438
910,13646.2626953125,83.30152893066406,20.652420043945312,16864.75390625,91.83084869384766,26.08272933959961
911,13066.7705078125,80.98367309570312,20.685718536376953,17011.728515625,91.17528533935547,24.601648330688477
912,12808.48046875,79.74561309814453,19.7805118560791,16780.97265625,91.18354034423828,23.781293869018555
913,12715.8525390625,79.7455062866211,19.77385139465332,16716.642578125,89.96446990966797,25.015785217285156
914,12647.5390625,79.22795867919922,19.624778747558594,16766.66015625,89.59162902832031,24.11210823059082
915,12677.4404296875,79.19353485107422,19.554241180419922,16698.080078125,89.5627670288086,25.0809326171875
916,12683.48046875,79.21524047851562,20.196269989013672,16603.701171875,90.02069091796875,24.733074188232422
917,12810.9208984375,79.99742126464844,20.44710350036621,16790.0390625,90.93436431884766,23.31524658203125
918,12531.3388671875,78.94857788085938,20.266069412231445,16457.150390625,89.98974609375,25.593961715698242
919,12409.5458984375,78.64500427246094,19.77076530456543,16439.65234375,89.10460662841797,24.870460510253906
920,12976.0263671875,81.50730895996094,20.439714431762695,16866.37109375,92.02854919433594,23.524446487426758
921,12774.720703125,80.4994888305664,20.410192489624023,16576.521484375,91.04334259033203,23.83074378967285
922,12516.63671875,79.36296844482422,20.054431915283203,16170.9951171875,89.2109375,26.724952697753906
923,12379.40234375,78.55484008789062,19.88084602355957,16322.955078125,88.89169311523438,24.840091705322266
924,12429.6552734375,78.54988861083984,19.694866180419922,16031.5888671875,89.26028442382812,24.576406478881836
925,12201.744140625,77.78031158447266,19.741580963134766,16013.8720703125,88.18608856201172,25.532718658447266
926,12093.47265625,77.38504028320312,19.29921531677246,15955.111328125,87.89273834228516,23.71436882019043
927,12352.4638671875,78.98814392089844,19.417842864990234,16238.0634765625,88.81922149658203,25.109661102294922
928,12387.2353515625,78.84547424316406,20.186031341552734,16049.7841796875,88.94233703613281,26.038808822631836
929,12040.2001953125,77.32044982910156,20.393442153930664,15681.869140625,87.16033935546875,25.144412994384766
930,11984.8310546875,77.16381072998047,19.956754684448242,15763.9404296875,88.62382507324219,25.38813591003418
931,12462.318359375,80.13724517822266,20.227890014648438,15806.6767578125,88.1171646118164,24.768789291381836
932,12675.3212890625,80.74586486816406,20.621095657348633,15664.248046875,86.96133422851562,24.675010681152344
933,12108.1787109375,78.26960754394531,20.04707908630371,15611.1201171875,87.82262420654297,23.755434036254883
934,11850.060546875,76.79508209228516,19.64696502685547,15489.421875,86.64000701904297,23.941265106201172
935,11791.474609375,76.4541244506836,19.52071189880371,15464.3896484375,88.24530029296875,24.780292510986328
936,11823.2431640625,77.03504180908203,19.56280517578125,15476.0615234375,86.61698913574219,23.96796226501465
937,11805.2626953125,77.00120544433594,19.450546264648438,15652.9931640625,87.42589569091797,24.966638565063477
938,11890.2041015625,77.10433959960938,19.536693572998047,15365.7529296875,86.74442291259766,23.60080337524414
939,11748.640625,76.42328643798828,19.06275177001953,15203.361328125,85.53832244873047,24.483850479125977
940,11537.62109375,75.70286560058594,18.904109954833984,15189.4365234375,86.37584686279297,23.99745750427246
941,11548.6787109375,76.05770111083984,19.2615909576416,15365.7802734375,86.85806274414062,22.65069580078125
942,11496.9228515625,75.73948669433594,19.173885345458984,15179.49609375,85.60909271240234,24.858869552612305
943,11555.9921875,76.01434326171875,19.357845306396484,15464.798828125,87.48832702636719,24.432523727416992
944,11681.505859375,76.9576187133789,19.508888244628906,15109.595703125,86.2119369506836,24.39134407043457
945,11301.9775390625,75.05528259277344,19.013832092285156,15029.451171875,84.83158874511719,24.26011085510254
946,11216.201171875,74.55752563476562,18.4301700592041,15047.8095703125,85.4980239868164,24.135700225830078
947,11151.333984375,74.24815368652344,18.512693405151367,14939.8017578125,85.2547607421875,23.85344123840332
948,11943.9619140625,78.06049346923828,19.2014217376709,15734.064453125,88.23332214355469,22.599843978881836
949,11620.177734375,76.90909576416016,19.547677993774414,14783.7705078125,84.98127746582031,23.271038055419922
950,11133.7802734375,75.16397857666016,19.211130142211914,14691.1787109375,83.388427734375,24.362409591674805
951,10912.107421875,73.7515869140625,19.26044464111328,14560.7958984375,83.9940185546875,23.266902923583984
952,10931.580078125,73.94585418701172,18.842126846313477,14358.0107421875,83.76335144042969,23.744789123535156
953,10853.525390625,73.70885467529297,18.49213981628418,14635.4169921875,84.63582611083984,24.998361587524414
954,10707.8681640625,72.88394927978516,18.60580825805664,14294.384765625,83.17365264892578,24.275583267211914
955,10991.6494140625,74.04464721679688,18.54124641418457,14464.716796875,83.56343078613281,23.824472427368164
956,11534.876953125,76.76721954345703,19.40641212463379,14572.0146484375,83.74108123779297,24.511930465698242
957,10943.8427734375,73.7685546875,19.0530948638916,14817.693359375,84.96775817871094,23.661575317382812
958,10882.796875,73.19915008544922,18.99905776977539,14478.876953125,83.34587097167969,24.781452178955078
959,10779.73046875,73.1185531616211,19.058881759643555,14570.150390625,83.54322052001953,23.255624771118164
960,10667.0947265625,72.28395080566406,18.215492248535156,14480.4228515625,83.10682678222656,24.03357696533203
961,10642.90625,72.23177337646484,18.242712020874023,14564.87109375,83.28832244873047,22.74773597717285
962,10932.720703125,73.899169921875,18.404586791992188,14364.3837890625,83.59254455566406,23.9086856842041
963,10696.328125,72.8742904663086,18.341724395751953,14584.79296875,84.46147155761719,23.94879722595215
964,11180.0224609375,74.76419067382812,18.45073127746582,14385.5751953125,83.56952667236328,24.67270851135254
965,11052.365234375,74.40534210205078,19.081689834594727,14651.2978515625,85.5752182006836,25.43598747253418
966,11279.4697265625,75.5233154296875,19.66409683227539,15196.78125,86.00830841064453,23.207368850708008
967,10957.7041015625,73.9185562133789,18.98333168029785,14347.3984375,83.01702117919922,25.70836067199707
968,10731.2841796875,72.78372955322266,19.38355827331543,14232.1728515625,83.08816528320312,24.27458953857422
969,10714.001953125,72.96404266357422,18.604238510131836,14173.833984375,82.13739776611328,24.025226593017578
970,10514.80859375,72.00647735595703,18.166057586669922,14117.9970703125,81.61705780029297,24.42861557006836
971,10587.1552734375,72.14388275146484,18.266061782836914,14032.8076171875,82.01863098144531,22.58461570739746
972,10383.0859375,71.63615417480469,18.540040969848633,13925.16015625,80.78064727783203,23.30841827392578
973,11366.7490234375,75.66251373291016,19.154983520507812,28748.828125,130.9574432373047,31.358488082885742
974,24734.005859375,118.28190612792969,26.051589965820312,20165.544921875,107.40516662597656,30.56855010986328
975,15326.97265625,93.12097930908203,25.340866088867188,15915.3388671875,90.4284439086914,29.84015655517578
976,12653.501953125,81.57518768310547,21.2928466796875,14626.0458984375,86.2264633178711,26.205150604248047
977,11854.2666015625,78.13799285888672,20.32368278503418,14463.240234375,85.27274322509766,24.816680908203125
978,11488.33203125,76.15984344482422,19.649328231811523,14336.6328125,84.71553039550781,24.203088760375977
979,11251.3916015625,75.49528503417969,19.66888999938965,14387.2744140625,84.16669464111328,23.683353424072266
980,11167.1513671875,74.59833526611328,19.040510177612305,14287.1474609375,83.24222564697266,24.3730411529541
981,11049.2890625,74.34986877441406,19.136276245117188,14399.2587890625,84.3245849609375,24.900394439697266
982,11131.9443359375,74.5728530883789,19.173532485961914,14448.5205078125,84.76321411132812,25.438087463378906
983,11058.296875,74.34606170654297,18.74454689025879,14177.09375,83.13136291503906,24.41329002380371
984,10955.5595703125,73.7188949584961,18.739404678344727,14206.453125,83.42588806152344,25.364646911621094
985,10793.51171875,73.05844116210938,18.71099281311035,14113.23046875,82.81072235107422,23.739225387573242
986,10740.419921875,72.81707763671875,18.420879364013672,14118.80078125,82.47045135498047,23.409963607788086
987,10697.2314453125,72.59342956542969,18.394655227661133,14022.5390625,82.96293640136719,23.92060661315918
988,10630.7041015625,72.30580139160156,18.209396362304688,13995.265625,82.3780746459961,23.605396270751953
989,10589.28125,72.2441177368164,18.24030876159668,13919.634765625,82.17984008789062,24.619304656982422
990,10574.3212890625,71.98271179199219,18.027353286743164,13852.392578125,81.52430725097656,23.451921463012695
991,10534.1416015625,72.01752471923828,17.963632583618164,14015.458984375,82.00377655029297,23.699256896972656
992,10605.025390625,72.1100082397461,18.027509689331055,13903.9072265625,83.20925903320312,24.262609481811523
993,10577.34765625,72.16822052001953,18.347797393798828,13860.6962890625,81.54179382324219,23.44655418395996
994,10481.7744140625,71.64484405517578,18.10332489013672,13800.0859375,81.54171752929688,23.332876205444336
995,10549.4453125,71.86075592041016,18.125335693359375,14238.2236328125,84.08049011230469,23.39335823059082
996,10723.2958984375,73.09626007080078,18.417495727539062,13829.82421875,81.88448333740234,23.6861572265625
997,10571.076171875,72.47380065917969,18.856599807739258,13751.22265625,81.5859375,23.612932205200195
998,10520.7119140625,71.9556884765625,18.161325454711914,13799.568359375,81.09770202636719,25.146024703979492
999,10471.1220703125,71.97746276855469,18.16724395751953,13783.8603515625,81.5083236694336,24.880067825317383
1000,10428.099609375,71.64583587646484,18.58696174621582,13714.515625,80.35872650146484,24.376243591308594
1001,10320.2646484375,71.21666717529297,18.427404403686523,13647.44140625,80.72159576416016,24.081541061401367
1002,10395.462890625,71.47367095947266,18.325010299682617,13586.2958984375,80.93099975585938,23.31804656982422
1003,10698.443359375,72.72052764892578,18.349594116210938,13775.08984375,80.83312225341797,22.811315536499023
1004,10398.0234375,71.4315414428711,18.3045711517334,13572.7744140625,80.2052230834961,23.240705490112305
1005,10312.0078125,70.9976806640625,17.864805221557617,14236.435546875,83.65805053710938,23.517641067504883
1006,11029.486328125,74.08415985107422,18.314300537109375,14214.0986328125,83.68954467773438,24.388574600219727
1007,10930.884765625,73.68033599853516,18.1756591796875,13644.6396484375,80.4722671508789,23.11284828186035
1008,10385.49609375,71.44581604003906,17.825260162353516,13647.12109375,80.48999786376953,22.360048294067383
1009,10164.828125,70.43292236328125,17.653404235839844,13667.810546875,80.22765350341797,24.616872787475586
1010,10085.923828125,69.96150207519531,17.730600357055664,13491.9736328125,79.20841217041016,23.59364128112793
1011,10075.7900390625,69.78759765625,17.661937713623047,13641.1025390625,79.11530303955078,22.692455291748047
1012,10066.16015625,69.72422790527344,17.77666473388672,13496.734375,79.28069305419922,23.72136878967285
1013,10001.0400390625,69.42302703857422,17.633874893188477,13450.275390625,79.94740295410156,22.88868522644043
1014,10129.1640625,69.97955322265625,17.52981948852539,13731.564453125,79.45365905761719,23.186296463012695
1015,10164.2041015625,70.04386901855469,17.713031768798828,13401.2705078125,80.68550872802734,23.457170486450195
1016,10206.767578125,70.29376220703125,17.874223709106445,13325.01171875,78.4694595336914,24.55109214782715
1017,10158.46484375,69.7838363647461,17.696697235107422,13585.6787109375,78.67369842529297,23.508953094482422
1018,10812.0322265625,73.003173828125,17.767885208129883,24244.20703125,113.94021606445312,27.779287338256836
1019,16058.1611328125,91.402587890625,20.565868377685547,18587.826171875,103.67337799072266,24.43723487854004
1020,12648.9873046875,80.78612518310547,20.296436309814453,14710.4140625,89.2816162109375,24.83130645751953
1021,11047.1220703125,74.95085906982422,19.46148681640625,13580.6474609375,80.11624145507812,23.338701248168945
1022,10531.509765625,71.95439910888672,18.823020935058594,13529.7724609375,80.11531829833984,25.21009063720703
1023,10195.4580078125,70.38552856445312,18.523710250854492,13239.458984375,79.04060363769531,22.768579483032227
1024,10066.1220703125,69.93914031982422,17.829904556274414,13323.58203125,78.5046615600586,22.72556495666504
1025,9965.6171875,69.0695571899414,17.63075065612793,13328.8603515625,79.40621185302734,23.959070205688477
1026,9939.4560546875,69.1716537475586,17.772306442260742,13293.9658203125,78.26594543457031,23.554697036743164
1027,9910.873046875,69.10569763183594,17.646526336669922,13338.7744140625,78.70707702636719,23.14639663696289
1028,9960.5390625,69.0158462524414,18.032852172851562,13196.8291015625,78.35362243652344,22.649145126342773
1029,9885.2021484375,68.88481903076172,17.713985443115234,13211.8935546875,78.20985412597656,23.00269889831543
1030,9756.6923828125,68.05714416503906,17.347946166992188,13248.05078125,77.81623840332031,22.879650115966797
1031,9751.1064453125,68.14616394042969,17.24861717224121,13412.19140625,79.70127868652344,22.603866577148438
1032,10146.7314453125,69.91462707519531,17.383108139038086,13317.8798828125,78.97125244140625,24.4234676361084
1033,9799.9697265625,68.47344970703125,17.756431579589844,13227.5478515625,77.17286682128906,23.09235191345215
1034,9723.380859375,67.66230773925781,17.13311767578125,13227.7607421875,77.74932098388672,22.662464141845703
1035,9740.1806640625,67.89043426513672,17.093738555908203,13012.873046875,78.33595275878906,22.64404296875
1036,9685.75,67.86715698242188,17.312904357910156,13050.9990234375,78.1163101196289,23.69082260131836
1037,9623.0380859375,67.37965393066406,17.3272705078125,13128.701171875,77.440673828125,22.691631317138672
1038,9659.595703125,67.5168228149414,17.156681060791016,13194.88671875,78.77522277832031,23.883119583129883
1039,9894.8173828125,68.8631591796875,17.47684097290039,13057.2841796875,77.47398376464844,22.59343910217285
1040,9781.189453125,68.36283111572266,17.36472511291504,13146.615234375,77.08958435058594,24.8264217376709
1041,9726.689453125,67.88771057128906,18.049291610717773,13210.5693359375,76.4876708984375,24.083818435668945
1042,10071.837890625,69.56712341308594,17.925622940063477,13054.5751953125,76.63489532470703,22.748449325561523
1043,9744.2041015625,68.16695404052734,17.173587799072266,13385.2412109375,77.68060302734375,23.509729385375977
1044,10426.220703125,70.9721450805664,17.454065322875977,13508.0625,80.02656555175781,23.494810104370117
1045,10720.005859375,72.28211975097656,17.96061134338379,13364.130859375,80.46609497070312,24.05674171447754
1046,10359.85546875,70.56546020507812,17.81229019165039,13119.896484375,78.2240219116211,24.202354431152344
1047,10041.068359375,69.24949645996094,17.659591674804688,13137.8623046875,77.18107604980469,23.126235961914062
1048,10525.8740234375,71.60202026367188,17.844411849975586,13409.9013671875,78.0752182006836,22.547910690307617
1049,10357.1708984375,70.72327423095703,17.872047424316406,13422.7587890625,77.13831329345703,23.67392349243164
1050,9950.7919921875,68.89518737792969,17.549388885498047,13132.9560546875,78.02007293701172,23.05067253112793
1051,9730.8828125,67.85812377929688,17.366268157958984,13403.9326171875,79.69830322265625,23.00914764404297
1052,9772.673828125,68.45478057861328,17.30725860595703,13321.0185546875,78.01331329345703,23.008039474487305
1053,10553.8818359375,71.18754577636719,17.828432083129883,14246.6416015625,82.44072723388672,25.827863693237305
1054,10601.93359375,71.88911437988281,18.196779251098633,13878.3662109375,82.47914123535156,24.299304962158203
1055,10265.2080078125,70.00044250488281,17.649070739746094,13261.541015625,79.80750274658203,23.559322357177734
1056,9917.5341796875,68.33116149902344,17.587093353271484,13008.478515625,77.0766830444336,22.398391723632812
1057,10245.9443359375,70.25116729736328,17.76067543029785,13217.5693359375,79.50657653808594,26.14252471923828
1058,9939.869140625,68.67021942138672,17.993820190429688,13042.6611328125,76.37103271484375,24.433835983276367
1059,9696.822265625,67.52070617675781,18.936952590942383,12944.8896484375,77.0875015258789,24.165939331054688
1060,9697.1943359375,67.75508880615234,17.90896224975586,13155.64453125,77.2674789428711,25.59973907470703
1061,9728.208984375,67.74547576904297,17.932958602905273,12825.1162109375,75.76078796386719,23.287494659423828
1062,9562.4970703125,67.16983795166016,17.5222225189209,12825.9033203125,76.89690399169922,22.965078353881836
1063,10069.923828125,69.5145263671875,18.057575225830078,13499.5791015625,79.8156509399414,22.246625900268555
1064,11413.4970703125,74.8033218383789,19.242820739746094,13367.4599609375,77.78044891357422,24.583845138549805
1065,10593.783203125,71.99163818359375,20.903257369995117,13244.8515625,77.42111206054688,25.79148292541504
1066,10222.0,70.13800048828125,19.012765884399414,13014.998046875,77.2249755859375,22.19135093688965
1067,9717.4169921875,67.45250701904297,17.648889541625977,12958.640625,77.20069122314453,24.151857376098633
1068,9536.4833984375,66.91864013671875,17.52434539794922,13060.9658203125,77.0937271118164,22.783231735229492
1069,9653.2685546875,67.2391586303711,17.345888137817383,12886.0205078125,77.04053497314453,24.128189086914062
1070,9497.0107421875,66.51908874511719,17.288074493408203,12964.306640625,75.33172607421875,24.099246978759766
1071,9514.5283203125,66.55525970458984,17.38947296142578,13690.5146484375,79.44202423095703,23.403623580932617
1072,10339.537109375,70.46070098876953,17.567169189453125,12954.958984375,77.1512680053711,23.7901554107666
1073,9820.4326171875,67.93603515625,17.95099449157715,12761.4912109375,77.46172332763672,24.9138240814209
1074,9491.048828125,66.50630950927734,17.28362464904785,12952.0869140625,77.57324981689453,22.70507049560547
1075,9416.5537109375,66.50260162353516,17.494890213012695,12920.416015625,76.43913269042969,23.366619110107422
1076,9378.1904296875,65.99320983886719,16.79434585571289,12954.953125,76.14994812011719,22.519935607910156
1077,9387.283203125,66.13968658447266,17.06464958190918,12966.5869140625,75.78447723388672,22.768667221069336
1078,9420.087890625,66.1895980834961,16.99415397644043,12870.666015625,75.42792510986328,22.145156860351562
1079,9313.193359375,65.71996307373047,16.82151222229004,12729.1474609375,75.2340316772461,22.971708297729492
1080,9299.822265625,65.6506118774414,16.623119354248047,12898.7373046875,76.10065460205078,22.189558029174805
1081,9403.4208984375,66.07481384277344,16.656679153442383,12898.02734375,76.21902465820312,23.87484359741211
1082,10204.2158203125,70.20514678955078,17.657726287841797,13055.375,75.59962463378906,21.709388732910156
1083,9712.8212890625,67.33597564697266,17.687618255615234,13400.5595703125,79.89515686035156,23.625635147094727
1084,10090.2080078125,68.97879028320312,17.579113006591797,12921.7705078125,75.90306854248047,23.264192581176758
1085,9990.279296875,68.85810089111328,18.002927780151367,13804.1025390625,82.37467193603516,23.030927658081055
1086,9854.9755859375,68.34823608398438,17.6108455657959,12878.716796875,76.93928527832031,22.557632446289062
1087,9503.3681640625,66.78204345703125,18.46817398071289,12666.310546875,75.19297790527344,23.2487850189209
1088,9337.3974609375,65.89599609375,16.596113204956055,12869.2802734375,77.23721313476562,23.960895538330078
1089,9714.029296875,67.60950469970703,17.016191482543945,12665.2333984375,75.75877380371094,24.291866302490234
1090,9409.642578125,66.41594696044922,16.790298461914062,12889.4541015625,76.19357299804688,22.972631454467773
1091,9913.6806640625,68.75975799560547,17.438825607299805,12856.3046875,78.09671783447266,24.1527042388916
1092,9591.962890625,67.16907501220703,17.262813568115234,12758.943359375,75.40080261230469,23.19400405883789
1093,9387.5791015625,66.25550079345703,16.99025535583496,12646.234375,75.78205108642578,22.514516830444336
1094,9487.96875,66.79470825195312,16.479736328125,12943.783203125,75.90987396240234,23.14287757873535
1095,9957.5107421875,68.85327911376953,17.017841339111328,12733.345703125,77.51995086669922,21.935720443725586
1096,9511.29296875,66.65111541748047,16.815401077270508,12779.51171875,75.31925964355469,23.401626586914062
1097,9335.9326171875,66.09410095214844,17.151973724365234,12847.4228515625,75.3664321899414,22.528553009033203
1098,9876.482421875,68.02869415283203,17.303997039794922,13234.5986328125,79.13408660888672,24.584009170532227
1099,9643.88671875,67.88908386230469,17.574419021606445,12812.029296875,76.29657745361328,21.078107833862305
1100,9567.3515625,66.9654312133789,16.881540298461914,12936.318359375,76.42655181884766,25.80510139465332
1101,9435.5029296875,66.52812957763672,17.07040786743164,12730.166015625,76.20850372314453,23.239364624023438
1102,9301.099609375,65.74018859863281,16.843597412109375,12648.052734375,76.65515899658203,24.29007911682129
1103,9230.5673828125,65.52726745605469,16.596769332885742,12472.3955078125,75.58570861816406,23.485877990722656
1104,9599.84375,67.39811706542969,17.074851989746094,12634.876953125,76.06461334228516,24.137346267700195
1105,9475.1748046875,66.66199493408203,17.539880752563477,13289.134765625,79.00349426269531,24.229297637939453
1106,10937.23046875,72.56237030029297,18.290325164794922,12900.18359375,77.1585464477539,22.751375198364258
1107,9702.6357421875,68.2553939819336,17.98021125793457,13067.439453125,76.49507904052734,22.906631469726562
1108,9385.2900390625,66.49349212646484,16.632516860961914,12750.2158203125,75.58570861816406,23.102216720581055
1109,9292.099609375,65.7533187866211,16.468801498413086,12819.873046875,76.01856994628906,22.554950714111328
1110,9247.3154296875,65.43900299072266,16.488094329833984,12725.5263671875,75.62651062011719,23.0107479095459
1111,9203.1640625,65.30331420898438,16.332176208496094,12654.1953125,74.9991226196289,22.767675399780273
1112,9169.3955078125,65.06757354736328,16.127573013305664,12801.1640625,75.65930938720703,23.166776657104492
1113,9105.052734375,64.93655395507812,16.463693618774414,12632.05078125,75.19686126708984,22.519367218017578
1114,9194.1123046875,65.48499298095703,16.34288215637207,12841.55859375,75.14157104492188,23.438570022583008
1115,10813.4990234375,72.28487396240234,17.78946876525879,13414.9208984375,77.90874481201172,22.65198516845703
1116,11690.330078125,76.46587371826172,18.770442962646484,13545.05078125,79.51074981689453,24.903324127197266
1117,10622.1015625,71.87944030761719,18.682209014892578,13209.5009765625,78.41658020019531,24.533445358276367
1118,9705.75,68.02981567382812,17.45563316345215,12752.7158203125,76.6693115234375,23.239482879638672
1119,9392.810546875,66.23237609863281,16.908565521240234,12766.3603515625,75.64486694335938,22.359989166259766
1120,9260.298828125,65.72215270996094,16.35764503479004,12820.001953125,75.64525604248047,22.572246551513672
1121,9230.7978515625,65.33260345458984,16.369487762451172,12830.0615234375,75.4340591430664,22.607763290405273
1122,9849.703125,68.26962280273438,16.89186668395996,12791.06640625,76.36915588378906,23.25910758972168
1123,9546.6689453125,66.52227783203125,17.074800491333008,12745.6943359375,76.46810150146484,23.937976837158203
1124,9272.6962890625,65.73291015625,17.275178909301758,12776.0693359375,76.23966979980469,23.252479553222656
1125,9275.171875,65.69660949707031,16.53860092163086,12722.2861328125,76.42179107666016,22.85040855407715
1126,9361.669921875,65.8575210571289,16.606597900390625,12692.716796875,76.22332763671875,24.135313034057617
1127,9169.36328125,65.36318969726562,16.674692153930664,12714.505859375,75.86212158203125,23.45882225036621
1128,9320.4228515625,65.86629486083984,16.422861099243164,12598.7314453125,75.65208435058594,23.13115692138672
1129,9228.201171875,65.43046569824219,16.50571632385254,12489.013671875,74.7115249633789,22.95914077758789
1130,9215.05859375,65.28255462646484,16.403793334960938,12787.53125,75.11646270751953,23.9736328125
1131,9240.98828125,65.30372619628906,16.83941078186035,12775.8427734375,76.8691635131836,22.731876373291016
1132,9141.29296875,65.15293884277344,16.159929275512695,12538.517578125,74.47667694091797,23.40264892578125
1133,9640.0537109375,67.21514892578125,16.349912643432617,12851.228515625,75.05345153808594,21.859432220458984
1134,9498.177734375,66.64431762695312,16.95453643798828,12741.07421875,76.7083969116211,23.315752029418945
1135,9255.4619140625,65.71813201904297,16.831401824951172,12607.0830078125,76.20816802978516,23.625253677368164
1136,9137.2548828125,65.02239227294922,16.34011459350586,12472.8662109375,74.97389221191406,23.571712493896484
1137,9159.435546875,65.5440444946289,16.503280639648438,12680.884765625,74.60338592529297,24.141231536865234
1138,9378.8984375,65.68965911865234,17.07754898071289,12456.064453125,75.06319427490234,23.124046325683594
1139,9215.07421875,65.50609588623047,16.37200927734375,12611.6982421875,75.51779174804688,23.290321350097656
1140,9060.4609375,64.78665161132812,16.391443252563477,12725.40234375,75.24665832519531,22.331920623779297
1141,9147.775390625,65.16650390625,16.044395446777344,12563.740234375,74.93637084960938,22.540361404418945
1142,9420.5419921875,66.14628601074219,16.08202362060547,13377.953125,78.60139465332031,23.550674438476562
1143,9640.759765625,67.35872650146484,16.716777801513672,12835.3798828125,76.54312896728516,23.733243942260742
1144,9422.9326171875,66.28187561035156,17.11363983154297,12781.115234375,77.75145721435547,24.214502334594727
1145,9209.619140625,65.684814453125,16.624835968017578,12688.970703125,76.10963439941406,22.909915924072266
1146,9166.677734375,65.20472717285156,16.226627349853516,12746.90234375,76.83041381835938,23.911453247070312
1147,9360.2822265625,66.18901062011719,16.507368087768555,12588.5576171875,74.47093200683594,21.624950408935547
1148,9107.8876953125,65.09262084960938,15.96363639831543,12826.6484375,75.34769439697266,22.58298683166504
1149,8994.6875,64.5912094116211,16.410993576049805,12615.1279296875,75.3847427368164,22.711334228515625
1150,9062.689453125,64.6358871459961,16.13338279724121,12645.537109375,75.18208312988281,22.739133834838867
1151,9038.3525390625,64.67831420898438,16.1546630859375,12646.78515625,74.74911499023438,22.32094383239746
1152,9568.16015625,67.08568572998047,16.42891502380371,12739.8525390625,75.1726303100586,20.522926330566406
1153,9299.916015625,65.99344635009766,16.628829956054688,12995.806640625,77.02937316894531,23.589553833007812
1154,10518.2353515625,71.56160736083984,17.524873733520508,13442.3095703125,80.1139144897461,24.457305908203125
1155,10268.5791015625,70.00889587402344,18.411998748779297,13002.33203125,77.3869857788086,21.945964813232422
1156,9513.3603515625,67.01091766357422,17.69472885131836,12827.0478515625,76.23809814453125,24.104965209960938
1157,9300.9921875,65.6231918334961,16.846736907958984,12722.29296875,75.31617736816406,22.0437068939209
1158,9171.0556640625,65.0617446899414,16.35637855529785,12666.4462890625,75.37543487548828,22.77798843383789
1159,9169.44921875,65.17066192626953,16.300033569335938,13038.7998046875,77.3689956665039,23.84649085998535
1160,9476.681640625,66.39388275146484,16.36610984802246,12760.60546875,77.3475570678711,24.84587287902832
1161,9244.169921875,65.70150756835938,17.036958694458008,12567.302734375,75.67578125,24.2301082611084
1162,11465.9619140625,74.5189437866211,18.134967803955078,13103.59765625,78.18707275390625,21.465848922729492
1163,10346.8798828125,70.97819519042969,16.689571380615234,13592.376953125,78.11276245117188,23.9194278717041
1164,9676.42578125,66.92411041259766,16.46639633178711,12941.2666015625,77.2431411743164,22.313453674316406
1165,9560.6513671875,67.05171203613281,16.645854949951172,13089.689453125,78.37533569335938,23.072925567626953
1166,9376.0654296875,66.46176147460938,16.371845245361328,12821.3583984375,75.60222625732422,21.83003044128418
1167,9471.4892578125,66.64583587646484,16.45656967163086,12720.9970703125,75.11688232421875,22.5793514251709
1168,9210.0615234375,65.4127426147461,16.42032814025879,12863.0107421875,76.02521514892578,22.978586196899414
1169,9205.720703125,65.48505401611328,16.19974136352539,12984.25390625,76.54985809326172,22.87990379333496
1170,9253.310546875,65.6448745727539,16.35408592224121,12792.8310546875,75.24275207519531,22.34638023376465
1171,9058.2890625,64.75326538085938,16.156572341918945,12875.169921875,75.16156768798828,23.208415985107422
1172,9391.16015625,66.01881408691406,15.924089431762695,12710.8974609375,75.71234130859375,22.715843200683594
1173,9129.6201171875,65.27821350097656,16.134159088134766,12790.3056640625,76.24160766601562,22.25586700439453
1174,9646.4873046875,67.34794616699219,16.8343563079834,13017.74609375,74.98246765136719,23.259109497070312
1175,9540.1943359375,67.06807708740234,17.423107147216797,13242.693359375,78.05624389648438,22.67652702331543
1176,9792.70703125,68.15675354003906,17.127445220947266,13228.5361328125,78.26241302490234,25.990015029907227
1177,9491.1240234375,66.6996078491211,17.88374137878418,12823.888671875,75.90565490722656,22.285053253173828
1178,9091.8330078125,65.1402359008789,15.970891952514648,12975.044921875,75.55836486816406,22.176538467407227
1179,9050.662109375,64.63121795654297,16.269275665283203,12754.427734375,75.87179565429688,22.433488845825195
1180,8974.5595703125,64.55387878417969,16.45028305053711,12757.822265625,75.33213806152344,22.79082489013672
1181,8936.0927734375,64.28581237792969,15.676815032958984,13252.86328125,77.86711120605469,22.7125301361084
1182,10342.6171875,70.13642883300781,16.862930297851562,12753.8984375,75.4599609375,23.69730567932129
1183,9599.51953125,67.33746337890625,17.765472412109375,12696.42578125,75.19825744628906,23.880468368530273
1184,9129.8212890625,64.83773040771484,16.455751419067383,12701.765625,75.15414428710938,23.697267532348633
1185,9130.431640625,64.83636474609375,16.44407081604004,12608.3212890625,74.5805892944336,23.067781448364258
1186,8997.42578125,64.3469467163086,15.737297058105469,12967.6904296875,76.12054443359375,22.870454788208008
1187,9401.578125,66.22284698486328,16.212257385253906,13092.0380859375,75.05006408691406,21.744028091430664
1188,9226.29296875,65.44674682617188,16.362741470336914,12774.98046875,75.67943572998047,23.49761962890625
1189,9178.4951171875,65.01522064208984,16.038049697875977,12712.8896484375,75.03860473632812,22.53014373779297
1190,8979.49609375,64.39991760253906,15.987527847290039,12574.9453125,74.92811584472656,22.59056854248047
1191,8992.4697265625,64.28913879394531,15.799285888671875,13018.0263671875,75.5943374633789,24.419322967529297
1192,9193.5927734375,65.20801544189453,16.67106819152832,12629.6953125,76.5168228149414,22.53577423095703
1193,9625.7333984375,67.04485321044922,16.331924438476562,12856.013671875,76.38484954833984,21.78317642211914
1194,9412.0556640625,66.17013549804688,16.079557418823242,12582.556640625,74.80123901367188,22.240320205688477
1195,10503.3232421875,70.18675231933594,16.673492431640625,13272.20703125,78.58544158935547,24.061649322509766
1196,10644.6123046875,72.12023162841797,17.42962646484375,13380.5869140625,79.5373306274414,22.607614517211914
1197,9549.62890625,66.77782440185547,16.663415908813477,12867.4990234375,76.95525360107422,24.046300888061523
1198,9365.998046875,66.29137420654297,16.48516273498535,12762.8046875,74.9794921875,22.94208335876465
1199,9022.669921875,64.57417297363281,16.031631469726562,12946.8974609375,74.85498809814453,21.840574264526367
1200,9060.8525390625,64.74211883544922,15.735295295715332,12612.8193359375,75.1924057006836,21.975326538085938
1201,8974.353515625,64.49958801269531,15.626606941223145,12623.9658203125,74.87385559082031,22.63060760498047
1202,8920.3984375,63.95390701293945,15.561522483825684,12757.666015625,76.09986877441406,22.161556243896484
1203,9299.05859375,65.76434326171875,15.927480697631836,12795.2509765625,76.68159484863281,23.689931869506836
1204,8996.7392578125,64.56815338134766,15.980260848999023,12571.0400390625,75.62979888916016,22.626728057861328
1205,8849.732421875,64.0697021484375,15.919539451599121,12734.4658203125,74.32398223876953,24.290931701660156
1206,9085.4853515625,64.62808227539062,15.967877388000488,12780.224609375,75.61678314208984,21.609983444213867
1207,9076.4208984375,65.13340759277344,15.775595664978027,12733.896484375,75.18296813964844,23.074726104736328
1208,8955.11328125,64.4216079711914,15.93527889251709,12764.6201171875,74.66624450683594,22.816246032714844
1209,9676.1376953125,67.7295150756836,16.461719512939453,12861.7353515625,76.09358215332031,23.780622482299805
1210,9459.7802734375,66.06037139892578,17.469627380371094,12646.361328125,75.25535583496094,22.768861770629883
1211,9034.62109375,64.7401351928711,16.47171401977539,12629.759765625,75.72882080078125,23.894447326660156
1212,8955.580078125,64.21524810791016,15.960773468017578,12790.583984375,74.75386810302734,24.249353408813477
1213,8949.962890625,64.10393524169922,16.05061912536621,12768.390625,75.67439270019531,23.19573974609375
1214,9077.7734375,64.88790130615234,15.860517501831055,12809.474609375,77.06594848632812,23.609607696533203
1215,9218.6630859375,65.37271118164062,15.90737247467041,12589.72265625,75.51525115966797,23.13515281677246
1216,8926.7919921875,64.26123809814453,15.957023620605469,12717.099609375,75.56024169921875,22.339553833007812
1217,9223.4833984375,65.45091247558594,15.634634971618652,12604.1787109375,73.7806396484375,21.719003677368164
1218,8978.0380859375,64.31742095947266,15.563015937805176,12934.2685546875,75.63310241699219,23.205524444580078
1219,8979.5810546875,64.30082702636719,15.778960227966309,12907.4736328125,76.01520538330078,23.00286293029785
1220,9478.26171875,66.35526275634766,16.22386360168457,12817.2451171875,75.6875228881836,24.698322296142578
1221,9390.4189453125,66.08842468261719,16.264787673950195,13139.9501953125,79.24400329589844,24.553924560546875
1222,9374.255859375,65.95853424072266,16.505151748657227,12714.2138671875,75.46796417236328,21.980451583862305
1223,9330.6884765625,65.91230773925781,15.921647071838379,12731.669921875,76.62320709228516,23.58431625366211
1224,9265.3251953125,65.50450897216797,15.816791534423828,12709.560546875,74.14228057861328,21.85392951965332
1225,9149.609375,64.98700714111328,15.79708480834961,12727.556640625,74.50727844238281,22.040180206298828
1226,8944.595703125,64.20055389404297,15.969969749450684,12825.77734375,75.38912200927734,22.770748138427734
1227,8885.603515625,63.78709030151367,15.351253509521484,12547.2880859375,74.20187377929688,22.68595314025879
1228,8846.109375,63.7630729675293,15.361045837402344,12770.26953125,74.52051544189453,22.297998428344727
1229,9652.546875,67.31876373291016,15.858414649963379,12797.37109375,76.1984634399414,23.85700035095215
1230,9485.5732421875,66.5501708984375,16.529035568237305,13086.49609375,77.96392822265625,22.951274871826172
1231,9330.8486328125,66.21908569335938,16.88994598388672,12860.2138671875,75.91134643554688,22.78887939453125
1232,8959.7119140625,64.6831283569336,15.91661548614502,13010.06640625,75.52789306640625,21.793598175048828
1233,8848.4775390625,63.74467849731445,15.470086097717285,12661.48046875,74.10627746582031,22.128812789916992
1234,8814.1591796875,63.541866302490234,15.537940979003906,12775.3818359375,74.69879913330078,22.50893783569336
1235,9071.5537109375,64.49374389648438,15.747666358947754,13496.73046875,77.87956237792969,22.284757614135742
1236,9594.265625,67.2066421508789,16.48801040649414,12884.9267578125,77.2679443359375,24.251554489135742
1237,9878.78515625,68.2952651977539,16.382122039794922,14135.4501953125,82.86869812011719,23.39378547668457
1238,9822.3740234375,67.91935729980469,16.64055061340332,12748.5322265625,77.29490661621094,23.785362243652344
1239,9168.373046875,65.50933837890625,16.396799087524414,12876.3359375,75.7459945678711,22.016817092895508
1240,9073.322265625,64.7276611328125,16.095577239990234,13001.8798828125,76.30599212646484,21.21294403076172
1241,9125.525390625,65.37413024902344,15.877070426940918,13156.37890625,75.19273376464844,22.56324005126953
1242,9493.421875,66.01506042480469,16.00429916381836,12684.1669921875,76.47505187988281,25.453956604003906
1243,9064.912109375,64.92432403564453,16.125682830810547,12816.5634765625,76.45132446289062,22.663612365722656
1244,9018.71484375,64.72920989990234,15.667861938476562,12757.318359375,74.51411437988281,22.15693473815918
1245,9134.2734375,64.95372009277344,15.753555297851562,13297.4111328125,77.87277221679688,22.05705451965332
1246,10070.9951171875,68.8304443359375,16.325302124023438,12490.341796875,74.41846466064453,22.99825668334961
1247,9228.77734375,65.92047119140625,16.366893768310547,12887.1181640625,75.97930908203125,21.987781524658203
1248,9203.2607421875,65.50758361816406,15.715841293334961,13750.1201171875,81.75641632080078,23.39873695373535
1249,13794.34375,81.44744873046875,18.138652801513672,23585.791015625,104.13627624511719,23.253568649291992
1250,14452.7763671875,86.66573333740234,21.780261993408203,13142.037109375,80.334228515625,29.786479949951172
1251,10377.712890625,70.55265808105469,19.266372680664062,13184.9658203125,77.51058959960938,24.559419631958008
1252,9599.9521484375,67.55191802978516,17.190067291259766,12929.400390625,77.04890441894531,22.955020904541016
1253,9529.70703125,67.05550384521484,16.31668472290039,13498.861328125,78.67338562011719,23.724605560302734
1254,9686.306640625,67.81124114990234,17.241024017333984,13051.14453125,76.83013916015625,22.18717384338379
1255,9249.548828125,65.70484924316406,16.277578353881836,12759.0888671875,76.44407653808594,22.918405532836914
1256,9175.0283203125,65.47700500488281,16.033905029296875,12701.9130859375,74.84248352050781,23.5122013092041
1257,9012.7158203125,64.63388061523438,15.88320255279541,12819.4365234375,75.55103302001953,22.13425636291504
1258,8878.560546875,64.08197784423828,15.58663272857666,12867.48046875,75.11005401611328,22.481212615966797
1259,8872.5595703125,63.97190856933594,15.531759262084961,12868.259765625,75.2652359008789,21.84783363342285
1260,8852.9130859375,63.82044219970703,15.540360450744629,12808.8662109375,74.9117660522461,23.055091857910156
1261,8787.76171875,63.53800964355469,15.634087562561035,12785.533203125,74.34364318847656,22.907522201538086
1262,8791.2314453125,63.422096252441406,15.555381774902344,12710.9033203125,74.501220703125,22.077926635742188
1263,8844.1220703125,63.772544860839844,15.211137771606445,12931.2177734375,76.80406188964844,24.02480697631836
1264,8963.439453125,64.57931518554688,16.19264030456543,12936.1875,77.1512451171875,23.56775665283203
1265,8886.466796875,63.994022369384766,15.613654136657715,12790.302734375,74.52091979980469,22.606447219848633
1266,8862.3115234375,63.90034103393555,15.624109268188477,12746.7666015625,74.76225280761719,22.681127548217773
1267,8817.8369140625,63.716148376464844,15.670897483825684,13006.095703125,74.26698303222656,22.354448318481445
1268,8819.3720703125,63.56840896606445,15.5228271484375,12758.6748046875,75.03996276855469,22.166913986206055
1269,8837.810546875,63.91132736206055,15.506794929504395,12733.1181640625,75.26396942138672,23.382158279418945
1270,8840.31640625,63.70136642456055,15.433267593383789,12814.9853515625,74.82588958740234,21.98657989501953
1271,8769.453125,63.57880783081055,15.354592323303223,13032.025390625,75.51171112060547,22.1898136138916
1272,8859.84765625,64.13030242919922,15.441411018371582,13155.1708984375,74.79812622070312,21.97260093688965
1273,9262.3564453125,65.51185607910156,15.854827880859375,12738.556640625,74.3263168334961,21.43433380126953
1274,8871.5595703125,64.09922790527344,15.73935317993164,13384.9970703125,79.45655059814453,23.031579971313477
1275,11110.5361328125,72.97544860839844,16.914491653442383,13268.4326171875,75.75312042236328,22.35381507873535
1276,9761.3125,68.22164916992188,16.427478790283203,12823.296875,76.60261535644531,24.50777816772461
1277,9016.98828125,64.96119689941406,16.476205825805664,12993.982421875,76.7791748046875,23.24114418029785
1278,9192.35546875,65.63613891601562,15.662863731384277,12832.3603515625,75.69518280029297,21.84133529663086
1279,8909.2353515625,64.53302001953125,15.784402847290039,12839.0029296875,75.0429916381836,22.48369598388672
1280,8756.36328125,63.58634567260742,15.375144958496094,12758.2392578125,75.658203125,21.97015380859375
1281,8707.81640625,63.45570373535156,15.283549308776855,12681.98828125,74.85551452636719,22.397350311279297
1282,8676.97265625,63.2943000793457,15.237195014953613,12735.8408203125,74.92774200439453,22.707244873046875
1283,8632.94921875,63.093544006347656,15.21229362487793,12593.7861328125,73.55048370361328,21.896989822387695
1284,8638.896484375,62.89790344238281,15.170110702514648,12731.0126953125,74.87586212158203,24.063535690307617
1285,8636.1025390625,63.09904861450195,15.463663101196289,12576.771484375,74.54998016357422,21.802608489990234
1286,8692.931640625,63.30070877075195,14.985167503356934,12682.6083984375,75.0163345336914,22.696908950805664
1287,8955.6572265625,64.52599334716797,15.302406311035156,13144.958984375,76.76667022705078,22.25146484375
1288,9131.6142578125,65.80638122558594,15.473071098327637,12642.4296875,74.38941955566406,21.78203010559082
1289,8707.134765625,63.35688400268555,14.835672378540039,12626.765625,74.47334289550781,22.45173454284668
1290,8617.275390625,62.93421173095703,14.920315742492676,12602.501953125,74.87416076660156,22.302072525024414
1291,8619.1728515625,62.841365814208984,15.326260566711426,12707.587890625,75.04663848876953,22.550695419311523
1292,8656.912109375,63.222503662109375,15.070979118347168,12636.994140625,74.2169189453125,22.553890228271484
1293,8691.5302734375,63.10345458984375,15.263104438781738,12801.0732421875,74.71368408203125,23.114168167114258
1294,8750.6455078125,63.47437286376953,15.135238647460938,12596.6767578125,75.09539031982422,22.018558502197266
1295,8696.474609375,63.16075134277344,15.0952787399292,12617.94140625,74.0727767944336,22.359359741210938
1296,8622.36328125,62.732418060302734,14.76785945892334,12691.87109375,74.5280990600586,22.16189193725586
1297,8547.3759765625,62.46438217163086,14.940559387207031,12627.3193359375,74.63352966308594,21.968727111816406
1298,8666.5576171875,63.15749740600586,14.9430570602417,12743.943359375,74.03813171386719,22.876018524169922
1299,8794.001953125,63.185760498046875,14.859100341796875,12518.7197265625,74.3512954711914,22.3226375579834
1300,8579.78515625,62.69513702392578,15.247602462768555,13062.7314453125,75.60759735107422,21.700273513793945
1301,8799.3203125,63.54095458984375,15.200206756591797,13580.5087890625,80.90650177001953,21.6933536529541
1302,10212.2587890625,69.77942657470703,15.735978126525879,13127.822265625,77.48279571533203,22.22017478942871
1303,9370.697265625,66.64112854003906,16.35261344909668,12782.3935546875,75.3929443359375,23.934398651123047
1304,8995.271484375,64.58467102050781,15.813868522644043,12491.03125,74.58731079101562,22.017126083374023
1305,8730.7275390625,63.69802474975586,15.456009864807129,12606.291015625,74.55931091308594,22.70183563232422
1306,8598.6728515625,62.76552963256836,14.997764587402344,12634.9267578125,74.75325012207031,22.032155990600586
1307,8650.8466796875,62.870201110839844,15.213473320007324,12786.0654296875,74.46778106689453,22.564897537231445
1308,8606.515625,62.8716926574707,14.842970848083496,12693.6162109375,74.33889770507812,21.612171173095703
1309,8571.912109375,62.76545715332031,14.747262954711914,12663.244140625,74.89031219482422,21.597684860229492
1310,8516.14453125,62.596961975097656,14.729947090148926,12624.818359375,74.58332824707031,23.01171112060547
1311,9138.24609375,65.26973724365234,15.411232948303223,13143.66796875,76.84219360351562,20.801963806152344
1312,9252.23046875,66.04573059082031,15.449542045593262,12721.984375,75.33883666992188,23.683109283447266
1313,8699.119140625,63.38502502441406,15.251659393310547,12641.15625,73.7662353515625,21.906959533691406
1314,8662.6640625,63.08237075805664,14.51865291595459,13016.4091796875,75.0786361694336,23.397600173950195
1315,9007.4892578125,64.0770492553711,15.256500244140625,13059.412109375,76.1594467163086,22.233062744140625
1316,8931.072265625,64.48423767089844,15.13581657409668,12727.412109375,75.40607452392578,21.74540901184082
1317,8682.16015625,62.83136749267578,14.689894676208496,12450.087890625,74.15760040283203,21.970409393310547
1318,8566.55078125,62.53468704223633,14.712581634521484,12589.224609375,74.55259704589844,22.45781135559082
1319,8526.7138671875,62.50383758544922,15.244051933288574,12852.0,74.57463836669922,23.223936080932617
1320,8679.9130859375,63.02836990356445,15.039336204528809,12692.5849609375,75.23355865478516,21.203893661499023
1321,8601.4189453125,62.81009292602539,14.536347389221191,12799.2998046875,74.43390655517578,21.926454544067383
1322,8622.646484375,62.890724182128906,14.674812316894531,12646.130859375,74.70948028564453,22.530914306640625
1323,8490.9365234375,62.3525505065918,14.958991050720215,12656.537109375,73.858642578125,22.000858306884766
1324,8742.7353515625,63.37981414794922,14.82463550567627,12954.6142578125,74.9478759765625,20.730331420898438
1325,8850.328125,63.75291061401367,15.470137596130371,13108.626953125,77.7139663696289,22.225990295410156
1326,10001.6630859375,69.23473358154297,16.222963333129883,13438.3369140625,81.01573944091797,23.959630966186523
1327,9982.9404296875,68.72486877441406,16.949190139770508,12794.0615234375,77.14464569091797,22.281797409057617
1328,9162.07421875,65.31253051757812,16.0062198638916,12858.3486328125,76.91146850585938,22.480640411376953
1329,8786.1142578125,63.66693115234375,15.678343772888184,12663.126953125,74.76419067382812,22.54444694519043
1330,8912.1865234375,64.23932647705078,15.265750885009766,12888.623046875,75.1515121459961,21.89738655090332
1331,8610.7861328125,62.927494049072266,15.141289710998535,12671.8671875,74.81419372558594,22.02887535095215
1332,8651.40234375,62.787330627441406,14.724546432495117,12612.546875,73.45672607421875,21.76003646850586
1333,8618.7705078125,62.55708694458008,14.801640510559082,12531.39453125,74.38309478759766,21.9288272857666
1334,8479.3740234375,62.22715759277344,14.692320823669434,12689.984375,74.6419677734375,21.641740798950195
1335,8481.2041015625,62.329715728759766,14.613776206970215,12786.41015625,74.53679656982422,21.97301483154297
1336,8678.525390625,62.86344909667969,14.811651229858398,12683.3798828125,75.36389923095703,23.082050323486328
1337,8770.755859375,63.46815490722656,15.035544395446777,12500.693359375,74.57742309570312,21.816120147705078
1338,8580.826171875,62.78561782836914,14.740461349487305,12730.044921875,74.20391845703125,22.07660675048828
1339,8877.3857421875,63.817508697509766,14.970215797424316,12996.931640625,78.09510803222656,24.882816314697266
1340,8881.296875,64.2060546875,15.837223052978516,12529.7373046875,74.58426666259766,22.05604362487793
1341,8618.7685546875,62.76802444458008,15.768379211425781,12696.1494140625,75.47122955322266,22.329483032226562
1342,8964.3974609375,64.50504302978516,15.11683464050293,12893.3779296875,77.6589126586914,22.85362434387207
1343,8730.822265625,63.441490173339844,15.155457496643066,12624.546875,74.2244644165039,22.698720932006836
1344,8949.3662109375,64.37875366210938,15.170641899108887,13102.9794921875,77.2664794921875,24.404306411743164
1345,8829.8447265625,63.80289077758789,15.265121459960938,12554.619140625,74.41168975830078,22.674358367919922
1346,8526.7744140625,62.24787902832031,14.540349960327148,12609.0576171875,73.85087585449219,22.165233612060547
1347,8529.2109375,62.408390045166016,14.739359855651855,12729.7216796875,74.7479248046875,23.03200340270996
1348,8660.8408203125,62.776451110839844,14.784433364868164,12564.2451171875,75.30432891845703,22.038148880004883
1349,8518.2177734375,62.41813278198242,14.495025634765625,12587.71484375,73.92024993896484,22.838939666748047
1350,8375.5107421875,61.7559700012207,14.694747924804688,12824.5068359375,74.84132385253906,22.087976455688477
1351,8538.7294921875,62.38175964355469,14.54577350616455,12629.662109375,74.1700439453125,21.673856735229492
1352,8323.015625,61.61220169067383,14.366545677185059,12637.7578125,73.56647491455078,22.57347869873047
1353,8539.82421875,62.227359771728516,14.814844131469727,12494.65625,74.3026123046875,22.095287322998047
1354,13697.9111328125,79.24979400634766,16.803821563720703,34908.1484375,140.21231079101562,33.099578857421875
1355,18827.1171875,102.01950073242188,24.490360260009766,14875.318359375,85.6005859375,25.36573028564453
1356,12012.001953125,78.29962921142578,19.913448333740234,13075.3369140625,79.9156723022461,25.5781307220459
1357,10635.2451171875,72.52753448486328,19.36479949951172,12825.693359375,77.51866149902344,24.0400447845459
1358,10081.677734375,69.79591369628906,17.61176300048828,12479.0439453125,76.85103607177734,25.12247657775879
1359,9708.6552734375,67.9792709350586,17.37249755859375,12538.7392578125,76.16180419921875,23.010173797607422
1360,9545.63671875,66.99050903320312,16.317062377929688,12548.0537109375,75.94551849365234,23.653528213500977
1361,9370.58984375,66.42365264892578,16.21546745300293,12419.53125,74.75125122070312,22.499143600463867
1362,9295.2236328125,66.03900909423828,15.872167587280273,12645.2919921875,76.0519790649414,22.149988174438477
1363,9248.1435546875,65.68829345703125,15.711760520935059,12457.673828125,75.29329681396484,22.42428207397461
1364,9141.12109375,65.22515106201172,15.818829536437988,12548.1708984375,75.07815551757812,22.475465774536133
1365,9013.8388671875,64.80948638916016,15.480339050292969,12622.158203125,75.45213317871094,22.16048812866211
1366,9068.013671875,65.10267639160156,15.541603088378906,12620.40234375,75.47160339355469,22.739490509033203
1367,9163.2802734375,65.32150268554688,15.507487297058105,12952.6162109375,76.09579467773438,22.23118782043457
1368,9130.171875,65.16104888916016,15.580806732177734,12545.953125,74.66077423095703,22.82271957397461
1369,8993.1904296875,64.56402587890625,15.200403213500977,12876.5322265625,75.88892364501953,22.911115646362305
1370,9172.4326171875,65.67205047607422,15.544549942016602,12697.4189453125,75.82449340820312,22.818567276000977
1371,9045.2939453125,64.73663330078125,15.241943359375,12504.00390625,74.62913513183594,22.203533172607422
1372,8812.595703125,63.58518981933594,15.100992202758789,12582.119140625,74.74442291259766,22.702350616455078
1373,9076.3447265625,65.02825164794922,15.57612419128418,12723.31640625,74.58372497558594,21.949304580688477
1374,9171.125,65.11886596679688,15.343314170837402,12991.21875,77.74195861816406,22.68251609802246
1375,9555.603515625,67.04191589355469,15.602783203125,12993.955078125,76.02825164794922,22.645170211791992
1376,9372.2578125,66.37201690673828,16.286773681640625,12739.115234375,75.21922302246094,23.228364944458008
1377,8990.7939453125,64.5140380859375,15.82352352142334,12603.7734375,75.56290435791016,23.888635635375977
1378,9054.845703125,64.69931030273438,15.700603485107422,12377.7822265625,75.08360290527344,23.174745559692383
1379,8880.490234375,64.13272094726562,15.30003833770752,12549.9208984375,74.66033172607422,22.70232391357422
1380,8755.9248046875,63.51557159423828,15.284836769104004,12501.4716796875,74.74928283691406,22.649267196655273
1381,8678.775390625,63.27436828613281,15.294946670532227,12612.931640625,74.42676544189453,22.366029739379883
1382,8792.60546875,63.523033142089844,15.42339038848877,12656.97265625,74.33344268798828,22.439254760742188
1383,8813.3828125,63.81292724609375,15.02664566040039,12900.396484375,75.47605895996094,22.709598541259766
1384,8923.9404296875,64.09848022460938,15.48513412475586,12674.8349609375,75.37965393066406,22.17232894897461
1385,8918.6513671875,64.55673217773438,15.689936637878418,12525.005859375,74.53515625,22.40212631225586
1386,8755.23046875,63.23813247680664,15.139080047607422,12716.2294921875,75.2345199584961,23.487621307373047
1387,8837.271484375,63.75651168823242,15.162991523742676,12672.7099609375,74.7677230834961,22.829174041748047
1388,8959.568359375,64.00749969482422,15.27944278717041,12593.84375,75.62425231933594,24.0717830657959
1389,8760.6201171875,63.734764099121094,15.282443046569824,12616.0224609375,74.93385314941406,23.688552856445312
1390,8709.5126953125,63.26755142211914,15.4271240234375,12641.5859375,74.7286376953125,23.07460594177246
1391,8651.466796875,62.92379379272461,15.378281593322754,12643.724609375,74.5726547241211,21.7064266204834
1392,8653.6162109375,63.06740188598633,14.923500061035156,12695.123046875,75.17781829833984,23.00395965576172
1393,8923.931640625,64.1803970336914,15.100913047790527,13019.822265625,76.17992401123047,22.2539005279541
1394,9307.373046875,65.73477172851562,15.373337745666504,13256.8974609375,78.5684585571289,21.745059967041016
1395,9311.1806640625,65.65013122558594,14.909193992614746,13081.46484375,79.40264129638672,23.46256446838379
1396,8954.716796875,64.17893981933594,14.88392162322998,12485.794921875,75.16095733642578,22.91046714782715
1397,8698.5732421875,63.328617095947266,14.966043472290039,12692.16015625,74.72321319580078,22.023963928222656
1398,8670.515625,63.12098693847656,15.06790828704834,12856.8173828125,74.84587097167969,21.53203582763672
1399,8708.197265625,63.224220275878906,14.94139289855957,12877.5986328125,75.66089630126953,21.766220092773438
1400,8660.0615234375,63.125308990478516,15.270349502563477,12662.01953125,74.72415924072266,22.30933952331543
1401,8559.001953125,62.58918380737305,14.865377426147461,12658.244140625,75.06269073486328,21.714807510375977
1402,8612.6669921875,62.742332458496094,14.79981803894043,12618.60546875,74.68994140625,22.029438018798828
1403,8640.0419921875,62.708953857421875,14.808438301086426,12514.5546875,75.74324035644531,22.812389373779297
1404,8577.330078125,62.485958099365234,15.034064292907715,12570.994140625,74.11840057373047,22.879533767700195
1405,8566.2314453125,62.31139373779297,14.917045593261719,12398.0703125,74.0567855834961,22.69091796875
1406,8481.861328125,62.207576751708984,14.74280834197998,12638.4287109375,74.46297454833984,21.324914932250977
1407,8503.04296875,62.26871109008789,14.545792579650879,12492.947265625,74.77449798583984,23.353940963745117
1408,8714.0986328125,63.55866241455078,14.874626159667969,12745.953125,76.01908111572266,23.132461547851562
1409,8703.8056640625,63.08012008666992,14.789714813232422,12736.9873046875,74.93978118896484,22.488327026367188
1410,8558.6162109375,62.45002365112305,14.701828002929688,12566.3115234375,74.33255004882812,22.831010818481445
1411,8505.55859375,62.23841094970703,14.74621868133545,12453.61328125,74.28839111328125,22.434587478637695
1412,8441.07421875,62.07749938964844,14.677508354187012,12518.3525390625,73.4332046508789,22.96587562561035
1413,8558.8740234375,62.096153259277344,14.858899116516113,12467.154296875,74.00202941894531,21.8474178314209
1414,8515.380859375,62.153018951416016,14.432470321655273,13027.728515625,76.27848052978516,22.900890350341797
1415,9361.7958984375,65.7524642944336,15.185057640075684,12644.0654296875,75.3410415649414,22.68975067138672
1416,8701.298828125,63.632049560546875,15.089518547058105,12577.6591796875,74.35662078857422,23.27985382080078
1417,8551.5146484375,62.274349212646484,14.947586059570312,12480.9033203125,74.49874114990234,21.387317657470703
1418,8507.4443359375,62.1651611328125,14.63809585571289,12665.630859375,74.90243530273438,22.02646827697754
1419,8708.9404296875,63.20001983642578,14.707748413085938,12824.4599609375,77.54794311523438,23.4326229095459
1420,8633.783203125,62.7612419128418,15.084364891052246,12599.126953125,74.68570709228516,23.178808212280273
1421,8464.892578125,62.16494369506836,14.6885986328125,12477.44140625,73.75455474853516,23.360998153686523
1422,8620.4208984375,62.62478256225586,14.879566192626953,12385.2314453125,75.45793151855469,22.285490036010742
1423,8498.4169921875,62.371368408203125,14.563913345336914,12573.484375,74.561767578125,22.008373260498047
1424,8707.5791015625,63.060096740722656,14.83430004119873,12484.0625,73.78178405761719,22.767587661743164
1425,8600.52734375,62.653865814208984,14.971081733703613,12381.943359375,74.90161895751953,22.622007369995117
1426,8535.5947265625,62.71161651611328,14.488287925720215,13419.060546875,78.13352966308594,21.71808624267578
1427,9147.3681640625,64.77144622802734,15.213953971862793,12448.02734375,74.73845672607422,22.30909538269043
1428,8531.4521484375,62.66885757446289,14.680242538452148,12755.833984375,74.60181427001953,21.468406677246094
1429,8565.73828125,62.724910736083984,14.698821067810059,12854.359375,75.26112365722656,21.68667984008789
1430,8628.1748046875,62.616329193115234,14.534587860107422,12463.9306640625,74.1683120727539,22.188344955444336
1431,8384.806640625,61.63811111450195,14.354479789733887,12502.0146484375,74.30389404296875,22.147703170776367
1432,8380.484375,61.83089828491211,14.321642875671387,12677.8466796875,75.80693054199219,22.509952545166016
1433,8365.75,61.85463333129883,14.27528190612793,12661.59765625,74.51881408691406,22.10668182373047
1434,8356.54296875,61.45199966430664,14.203492164611816,12676.673828125,74.6578140258789,22.462438583374023
1435,8420.3046875,61.696449279785156,14.341862678527832,12719.21484375,75.40409088134766,22.75515365600586
1436,9202.5791015625,65.2474594116211,14.881010055541992,12645.8974609375,74.99230194091797,22.97058868408203
1437,8924.0205078125,64.01252746582031,14.839249610900879,12369.138671875,73.89533233642578,23.007322311401367
1438,8507.232421875,62.33163833618164,14.826891899108887,12371.203125,73.40663146972656,22.616962432861328
1439,8331.224609375,61.415897369384766,14.29532527923584,12658.3994140625,73.94388580322266,21.343517303466797
1440,8302.443359375,61.16348648071289,14.362078666687012,12500.484375,73.65389251708984,22.207237243652344
1441,8626.02734375,62.66889953613281,14.409564018249512,12545.6923828125,73.84471130371094,21.037267684936523
1442,8413.3251953125,61.71224594116211,14.455623626708984,12510.2158203125,74.09650421142578,21.96068000793457
1443,8341.421875,61.58209991455078,14.499876022338867,12473.3828125,74.48223114013672,22.691320419311523
1444,8245.125,61.14567565917969,14.271684646606445,12543.5009765625,73.9790267944336,21.713573455810547
1445,8701.720703125,62.911800384521484,14.44572639465332,13503.2197265625,79.78556823730469,22.61294937133789
1446,8986.5029296875,64.56729125976562,14.882599830627441,12496.98828125,74.6041488647461,21.62248992919922
1447,8461.525390625,62.27666091918945,15.0059232711792,12536.87890625,74.43810272216797,22.269664764404297
1448,8359.248046875,61.440242767333984,14.06408405303955,12569.4150390625,74.24468994140625,21.60352325439453
1449,8597.0341796875,62.397216796875,14.491873741149902,12952.9326171875,75.90605163574219,22.37387466430664
1450,8664.5595703125,62.934226989746094,14.879143714904785,12540.8017578125,74.04529571533203,23.286645889282227
1451,8357.119140625,61.42253494262695,14.903234481811523,12539.3564453125,73.8018569946289,22.03851890563965
1452,8292.103515625,61.261573791503906,14.328051567077637,12539.6943359375,74.42637634277344,23.246219635009766
1453,8185.6005859375,60.87836837768555,14.307896614074707,12433.2255859375,73.2635269165039,21.083114624023438
1454,8167.90576171875,60.732540130615234,14.170145034790039,12427.3017578125,73.99895477294922,22.095321655273438
1455,8262.490234375,61.15739822387695,14.220481872558594,12573.3583984375,74.1496353149414,23.13315773010254
1456,9224.9599609375,65.15363311767578,14.979122161865234,12531.5341796875,74.65089416503906,23.594127655029297
1457,8702.552734375,63.43785858154297,15.264812469482422,12692.4296875,75.07560729980469,22.03321075439453
1458,8526.9658203125,62.78273391723633,14.43289566040039,12638.1904296875,73.68983459472656,21.203691482543945
1459,8312.43359375,61.40128707885742,14.338290214538574,12660.5390625,73.6941909790039,21.52047348022461
1460,8296.833984375,61.30738830566406,14.47357177734375,12746.4423828125,76.31021118164062,23.13987159729004
1461,8660.45703125,62.82238006591797,14.482894897460938,12693.4423828125,74.99324798583984,23.487144470214844
1462,8479.802734375,62.242488861083984,14.540773391723633,12603.326171875,74.50199127197266,22.54706382751465
1463,8636.052734375,62.80503845214844,14.918502807617188,12499.484375,73.62173461914062,21.779176712036133
1464,8379.6591796875,61.425445556640625,14.465286254882812,12681.185546875,74.43730926513672,21.93855094909668
1465,8281.603515625,61.40252685546875,13.9895601272583,12418.5654296875,74.27391815185547,23.212085723876953
1466,8196.7646484375,60.91812515258789,14.321542739868164,12602.2587890625,73.9751968383789,23.3643856048584
1467,8294.486328125,61.23735809326172,14.289827346801758,12463.01953125,74.0152587890625,22.862241744995117
1468,8292.6005859375,61.32893371582031,14.463652610778809,12465.9150390625,74.54698181152344,21.910585403442383
1469,8351.6259765625,61.495113372802734,14.367757797241211,12486.5234375,73.99922943115234,21.890531539916992
1470,8637.6650390625,62.7112922668457,14.247191429138184,12603.7998046875,75.23461151123047,23.048721313476562
1471,8616.720703125,62.72074508666992,14.527010917663574,12478.9033203125,74.24469757080078,21.954505920410156
1472,8454.267578125,61.63038635253906,14.189401626586914,12306.2021484375,73.91199493408203,22.828001022338867
1473,8183.9130859375,60.90347671508789,14.240272521972656,12534.59375,73.98490142822266,22.472652435302734
1474,8212.234375,60.775474548339844,14.207582473754883,12456.0849609375,73.46847534179688,21.815141677856445
1475,8237.818359375,60.954742431640625,14.371291160583496,12599.396484375,74.80789947509766,22.593820571899414
1476,8160.19677734375,60.87054443359375,14.297714233398438,12590.0810546875,74.30503845214844,21.21904754638672
1477,8269.064453125,61.04878234863281,14.551161766052246,12302.068359375,73.37313842773438,21.819175720214844
1478,8217.2216796875,60.974098205566406,14.274003028869629,12448.048828125,73.28137969970703,21.681278228759766
1479,8114.12060546875,60.275299072265625,14.068475723266602,12331.625,73.58405303955078,23.11754035949707
1480,8077.47412109375,60.39994812011719,14.195561408996582,12444.4599609375,73.700927734375,21.2073974609375
1481,8053.47412109375,60.3248291015625,13.974955558776855,12291.908203125,72.90753173828125,21.50238037109375
1482,8170.27587890625,60.5892333984375,13.98824405670166,12609.84765625,74.45465850830078,21.304658889770508
1483,8115.61669921875,60.56612014770508,14.230748176574707,12315.580078125,73.18820190429688,21.569190979003906
1484,8228.833984375,61.10346221923828,14.23469352722168,12518.193359375,74.79956817626953,22.315908432006836
1485,8245.8095703125,60.97330856323242,14.259305000305176,12412.6162109375,73.93943786621094,21.29036521911621
1486,8377.4248046875,61.69783401489258,14.515714645385742,12465.986328125,74.01295471191406,23.254714965820312
1487,8264.3359375,60.90550231933594,14.48706340789795,12475.0146484375,73.87953186035156,21.851028442382812
1488,8127.40478515625,60.47371292114258,14.197134971618652,12356.873046875,73.32669067382812,22.436269760131836
1489,8213.3740234375,60.69431686401367,14.141839027404785,12396.27734375,73.9355239868164,22.117406845092773
1490,8152.9794921875,60.66817855834961,14.025901794433594,12327.5859375,73.59364318847656,22.96145248413086
1491,8090.701171875,60.13215255737305,14.273399353027344,12244.1025390625,74.0550537109375,21.759220123291016
1492,8133.2255859375,60.46619415283203,13.936734199523926,12390.208984375,73.85752868652344,22.484447479248047
1493,8194.20703125,60.77127456665039,14.504627227783203,12399.5927734375,74.6277084350586,22.051362991333008
1494,8225.248046875,61.14654541015625,13.950406074523926,12488.873046875,73.31951141357422,21.529619216918945
1495,8071.013671875,60.20994186401367,13.663006782531738,12648.955078125,75.97856140136719,22.30495262145996
1496,8801.09765625,63.405677795410156,14.62283992767334,12370.2900390625,75.25448608398438,23.78329086303711
1497,8407.4912109375,62.23579025268555,14.481758117675781,12665.0244140625,75.36341094970703,21.94417953491211
1498,8433.9541015625,61.929359436035156,14.403871536254883,12352.138671875,73.99847412109375,22.81915855407715
1499,8171.98046875,60.74339294433594,14.221107482910156,12311.6142578125,74.29219055175781,22.07093620300293
1500,8219.126953125,60.95232391357422,14.185609817504883,12436.966796875,73.11141967773438,22.319852828979492
1501,8138.1318359375,60.53693771362305,14.12216567993164,12527.564453125,74.86343383789062,22.175888061523438
1502,8185.18408203125,60.86088180541992,14.069714546203613,12373.607421875,74.0012435913086,22.204910278320312
1503,8115.748046875,60.25917053222656,13.922638893127441,12282.318359375,74.32330322265625,21.720508575439453
1504,8017.2685546875,60.18736267089844,13.795638084411621,12702.9326171875,74.32058715820312,21.99469757080078
1505,8041.837890625,60.15247344970703,13.966544151306152,12516.677734375,74.03340148925781,22.73337173461914
1506,8324.193359375,61.40857696533203,14.06002426147461,12406.8486328125,74.4706039428711,23.03192710876465
1507,8158.19970703125,60.788856506347656,14.861174583435059,12473.0341796875,73.63673400878906,23.243999481201172
1508,8022.4912109375,60.35826873779297,14.359082221984863,12476.796875,73.35550689697266,22.661624908447266
1509,7999.60546875,60.17897415161133,14.308158874511719,12347.298828125,73.4019775390625,22.802377700805664
1510,7938.98046875,59.81513214111328,14.084860801696777,12731.953125,74.03287506103516,21.590059280395508
1511,7948.0078125,59.67913818359375,13.779447555541992,12368.05859375,73.2242202758789,21.776771545410156
1512,8133.61865234375,60.445377349853516,14.094846725463867,12393.2958984375,74.47428894042969,22.16539764404297
1513,8335.4296875,61.734901428222656,14.201117515563965,12669.5830078125,72.95077514648438,21.329158782958984
1514,8250.51171875,60.95632553100586,14.12751579284668,12588.12890625,74.5767593383789,21.63962745666504
1515,8172.55712890625,60.82671356201172,14.0026216506958,12306.5810546875,72.93870544433594,22.105266571044922
1516,8080.35546875,60.47597122192383,13.833200454711914,12519.576171875,73.15889739990234,21.585262298583984
1517,8463.1708984375,62.14002990722656,14.292265892028809,13610.3251953125,77.9091567993164,21.84736442565918
1518,9205.9013671875,65.27588653564453,15.315858840942383,12382.40625,75.25951385498047,22.47523307800293
1519,8361.046875,62.276851654052734,14.556014060974121,12339.33984375,74.43063354492188,22.785669326782227
1520,8199.83203125,61.14252853393555,14.137808799743652,12717.1083984375,74.61304473876953,22.501428604125977
1521,9046.3388671875,64.73773193359375,14.817278861999512,12763.087890625,74.4964370727539,21.276405334472656
1522,8348.2060546875,61.72444534301758,14.47868537902832,12590.396484375,73.94563293457031,21.883695602416992
1523,8091.6298828125,60.54891586303711,14.091231346130371,12492.8642578125,73.53482818603516,21.879409790039062
1524,7969.22802734375,59.9787712097168,14.188277244567871,12462.3125,74.195556640625,21.231403350830078
1525,7948.4169921875,59.74661636352539,13.755090713500977,12808.4365234375,75.6407699584961,22.680126190185547
1526,8739.6279296875,63.223297119140625,14.677145957946777,12503.7412109375,74.38214874267578,23.65520477294922
1527,8144.84423828125,60.75322341918945,14.395767211914062,12499.654296875,73.68740844726562,21.874900817871094
1528,8077.2763671875,60.51777267456055,14.304948806762695,12377.2265625,72.9593276977539,22.707426071166992
1529,7973.982421875,59.82826614379883,14.268770217895508,12395.4384765625,73.2894287109375,21.3931827545166
1530,7935.87060546875,59.63168716430664,14.091041564941406,12289.4443359375,73.70136260986328,21.330089569091797
1531,8146.9130859375,60.55563735961914,14.106258392333984,12528.3271484375,74.1336441040039,22.228824615478516
1532,8232.330078125,61.02373504638672,14.552425384521484,12481.259765625,74.10740661621094,23.05498695373535
1533,7993.8212890625,60.09471893310547,14.017348289489746,12363.255859375,72.92979431152344,21.805768966674805
1534,8173.98681640625,60.76741409301758,14.068212509155273,15666.2548828125,86.96014404296875,22.806255340576172
1535,10091.0732421875,68.69945526123047,15.49181842803955,12633.7314453125,75.78424835205078,24.197641372680664
1536,8487.0732421875,62.75345230102539,14.912469863891602,12443.3564453125,74.544921875,23.48030662536621
1537,8215.5283203125,61.413089752197266,15.278179168701172,12401.7275390625,74.23099517822266,22.673120498657227
1538,8575.2041015625,62.77620315551758,14.299731254577637,12582.8896484375,73.5280532836914,22.584959030151367
1539,8486.5859375,62.05037307739258,14.490198135375977,12909.6328125,74.40475463867188,22.954608917236328
1540,8449.2431640625,62.01066207885742,14.93095874786377,12415.599609375,73.1534423828125,22.536020278930664
1541,8203.4130859375,60.9055290222168,14.110395431518555,12537.3271484375,74.09910583496094,21.881370544433594
1542,8183.845703125,60.964080810546875,14.261161804199219,12405.69140625,73.56990814208984,21.672176361083984
1543,8250.87109375,61.11362838745117,13.724315643310547,12681.1259765625,74.81700897216797,22.75682258605957
1544,8387.15234375,61.503475189208984,14.442343711853027,12606.2392578125,74.44908905029297,22.608837127685547
1545,8283.8876953125,61.237247467041016,14.03643798828125,12386.84375,74.5784683227539,21.0114688873291
1546,8148.52294921875,60.82981872558594,14.195780754089355,12447.884765625,73.45943450927734,22.855615615844727
1547,8044.896484375,60.02872848510742,14.091167449951172,12722.47265625,74.86322021484375,22.34299659729004
1548,8297.345703125,61.25383758544922,14.288202285766602,12344.1904296875,74.19697570800781,22.10236358642578
1549,7976.2958984375,60.11946487426758,13.951422691345215,12494.66015625,73.09185791015625,21.38945770263672
1550,7902.3828125,59.69009780883789,14.044696807861328,12768.3388671875,74.22674560546875,22.601146697998047
1551,8181.1240234375,60.79612731933594,14.086369514465332,12574.1767578125,73.51622009277344,21.4816837310791
1552,8008.3466796875,60.04045867919922,13.965977668762207,12500.173828125,73.69486236572266,22.760374069213867
1553,8056.15966796875,60.2700080871582,13.88259506225586,12419.115234375,72.65713500976562,21.669694900512695
1554,7886.361328125,59.272098541259766,13.712233543395996,12379.537109375,73.46046447753906,22.03451156616211
1555,7800.63623046875,59.296138763427734,13.712697982788086,12247.3564453125,72.94825744628906,20.98625373840332
1556,7828.00244140625,59.113834381103516,13.579206466674805,12652.8466796875,74.00370025634766,22.869834899902344
1557,8213.9189453125,61.01459503173828,13.86030387878418,12309.359375,72.76982116699219,21.442358016967773
1558,8780.6083984375,63.4904899597168,14.539891242980957,12638.89453125,74.531982421875,22.553646087646484
1559,8104.2861328125,60.74510955810547,14.233001708984375,12353.2197265625,73.05915832519531,21.804656982421875
1560,7872.1396484375,59.47386169433594,13.998536109924316,12284.9091796875,73.15052032470703,21.782180786132812
1561,7827.07861328125,59.26374435424805,13.748408317565918,12505.4794921875,73.89220428466797,22.492273330688477
1562,7880.04443359375,59.740211486816406,13.901963233947754,12280.8896484375,73.32231903076172,22.05881690979004
1563,7810.34619140625,59.17015075683594,13.66086196899414,12556.8837890625,74.1109390258789,22.6896915435791
1564,7948.9931640625,59.93393325805664,13.823721885681152,12547.1806640625,75.37263488769531,20.930007934570312
1565,8322.609375,61.37137985229492,14.317695617675781,12481.056640625,73.29794311523438,22.79311180114746
1566,8327.658203125,61.311073303222656,14.100122451782227,12754.2138671875,74.89433288574219,21.67196273803711
1567,8231.2314453125,61.11035919189453,14.294774055480957,12501.244140625,73.5276870727539,21.871585845947266
1568,7930.4951171875,59.86690139770508,13.81342887878418,12342.046875,72.89479064941406,21.82577896118164
1569,7767.458984375,58.90092468261719,13.623706817626953,12400.380859375,73.22749328613281,21.57213020324707
1570,8031.65380859375,60.15055465698242,13.760652542114258,12397.21875,74.03216552734375,22.437450408935547
1571,8181.3173828125,60.86521911621094,13.835298538208008,12566.1474609375,72.66756439208984,21.284337997436523
1572,8028.84619140625,60.18523025512695,13.917298316955566,12496.75,73.8692855834961,22.807283401489258
1573,7807.96044921875,59.3326530456543,13.759361267089844,12440.7783203125,73.85143280029297,21.826295852661133
1574,7833.8291015625,59.25218200683594,13.608098983764648,12510.107421875,74.153076171875,22.222503662109375
1575,8364.744140625,61.47987747192383,13.98749828338623,12650.9560546875,73.86383819580078,21.250974655151367
1576,8294.310546875,61.273929595947266,13.905831336975098,12679.75390625,74.62433624267578,21.62489891052246
1577,7993.5029296875,60.21343994140625,13.586250305175781,12559.3193359375,73.84107208251953,21.606937408447266
1578,8050.07763671875,60.09211349487305,13.55376148223877,12410.296875,73.99906158447266,22.94986343383789
1579,7822.40673828125,59.4566650390625,13.796774864196777,12447.0703125,73.27760314941406,22.09109115600586
1580,7782.09521484375,58.953311920166016,13.590185165405273,12553.63671875,73.78900909423828,21.844053268432617
1581,7909.75048828125,59.49028396606445,13.688604354858398,12847.037109375,75.04133605957031,21.80292510986328
1582,8815.5263671875,63.106258392333984,14.383928298950195,12749.572265625,74.62542724609375,23.735334396362305
1583,8285.494140625,61.55546188354492,14.18543815612793,12710.5830078125,74.54781341552734,22.78008270263672
1584,7999.76220703125,60.116485595703125,14.308820724487305,12491.609375,73.65269470214844,21.61880874633789
1585,7780.26953125,59.1442756652832,13.609640121459961,12435.880859375,74.09461975097656,22.162946701049805
1586,7710.49560546875,58.7924690246582,13.9121675491333,12497.671875,73.6119613647461,21.961288452148438
1587,7877.11572265625,59.85888671875,13.716580390930176,12420.935546875,73.2132339477539,22.746782302856445
1588,7797.35693359375,59.17321014404297,13.992709159851074,12625.0654296875,74.3232650756836,22.449739456176758
1589,7721.0390625,58.76120376586914,13.633524894714355,12418.61328125,72.89105224609375,22.05772590637207
1590,7695.89697265625,58.68278503417969,13.57821273803711,12463.4677734375,73.28022003173828,21.95207405090332
1591,7772.1416015625,59.022762298583984,13.573569297790527,12419.4814453125,73.63578796386719,22.051565170288086
1592,7769.2724609375,59.09560012817383,13.46396255493164,12459.76953125,73.08516693115234,21.67917823791504
1593,7741.5126953125,58.9134635925293,13.624666213989258,12544.380859375,73.91040802001953,22.704818725585938
1594,7779.81103515625,58.97842788696289,13.79621410369873,12378.177734375,73.41706848144531,22.320663452148438
1595,7853.35888671875,59.401771545410156,13.56515121459961,13014.3662109375,75.71626281738281,22.03851890563965
1596,8379.7919921875,61.64435577392578,14.392767906188965,12957.9638671875,75.91314697265625,22.39533805847168
1597,8194.8876953125,61.105228424072266,14.066301345825195,12515.2666015625,74.0190200805664,22.01915168762207
1598,7912.3134765625,59.635833740234375,13.990242958068848,12372.556640625,73.31778717041016,22.65943145751953
1599,7766.27490234375,58.99747848510742,13.742051124572754,12456.92578125,73.90274047851562,22.796188354492188
1600,7665.5478515625,58.61686325073242,13.397971153259277,12493.3681640625,73.52300262451172,21.947978973388672
1601,7646.501953125,58.451171875,13.327373504638672,12588.6298828125,73.7458724975586,21.766220092773438
1602,7714.01513671875,58.746002197265625,13.580811500549316,12533.4306640625,74.20753479003906,22.858217239379883
1603,7751.7724609375,58.86737823486328,13.670734405517578,12536.0830078125,74.20135498046875,22.238798141479492
1604,7829.58154296875,59.146602630615234,13.556965827941895,12509.6728515625,73.45370483398438,21.533235549926758
1605,7739.5078125,58.92901611328125,13.395211219787598,12331.1455078125,72.25147247314453,21.762292861938477
1606,7970.083984375,59.47724533081055,13.66554069519043,12457.2060546875,74.1552734375,22.60573959350586
1607,8196.158203125,61.24382781982422,13.808612823486328,12536.228515625,74.32098388671875,23.145299911499023
1608,8005.76708984375,59.8486442565918,13.902284622192383,12537.3212890625,73.9566879272461,21.7432861328125
1609,7795.4150390625,59.349334716796875,13.704849243164062,12425.935546875,74.22021484375,22.252023696899414
1610,7936.349609375,59.57370376586914,13.576150894165039,12488.7958984375,74.01734161376953,22.28287696838379
1611,8150.56005859375,60.04652786254883,14.263879776000977,12718.462890625,76.01329803466797,22.498291015625
1612,9110.44140625,64.56002807617188,14.609143257141113,12316.560546875,75.71914672851562,24.186521530151367
1613,8280.5703125,62.03474044799805,14.517311096191406,12363.2744140625,74.32061767578125,23.180288314819336
1614,7930.00927734375,60.15193557739258,14.025907516479492,12366.87109375,73.51205444335938,22.73790740966797
1615,7993.5380859375,60.14387512207031,14.078508377075195,12562.4609375,74.87218475341797,22.906211853027344
1616,7905.5283203125,59.4482421875,13.596553802490234,12383.54296875,73.12818908691406,21.409269332885742
1617,7634.6220703125,58.404422760009766,13.324262619018555,12369.96484375,73.57073974609375,22.39543342590332
1618,7743.3203125,59.0406379699707,13.59529972076416,13597.90625,79.13233947753906,22.194398880004883
1619,8940.0068359375,64.0013656616211,14.469782829284668,12604.5888671875,75.32703399658203,23.041608810424805
1620,8070.97998046875,60.95348358154297,14.168218612670898,12540.7607421875,74.35545349121094,21.792949676513672
1621,7770.8779296875,59.23141098022461,13.691096305847168,12495.322265625,74.2795181274414,21.91291618347168
1622,7669.5732421875,58.61579132080078,13.601231575012207,12356.357421875,73.53687286376953,21.94785499572754
1623,7735.6015625,58.688575744628906,13.600128173828125,12350.775390625,73.63880920410156,21.855606079101562
1624,7729.4111328125,58.739601135253906,13.46830940246582,12783.4716796875,75.74393463134766,22.844867706298828
1625,7723.56396484375,58.87255096435547,13.747440338134766,12422.9345703125,73.26571655273438,22.107982635498047
1626,7579.0224609375,58.1733512878418,13.402572631835938,12376.80078125,73.30292510986328,22.053455352783203
1627,7542.578125,58.000579833984375,13.519132614135742,12326.0654296875,73.17523193359375,22.70859718322754
1628,7677.9619140625,58.411231994628906,13.567574501037598,12462.013671875,73.99588012695312,22.344144821166992
1629,7625.43701171875,58.41590881347656,13.404763221740723,12426.5107421875,73.27718353271484,22.421937942504883
1630,7626.93798828125,58.406524658203125,13.514071464538574,13178.7265625,78.51862335205078,21.353166580200195
1631,10348.5927734375,69.69989013671875,15.039613723754883,13085.53515625,75.83715057373047,22.95516014099121
1632,8930.4892578125,64.79637145996094,15.133708000183105,12704.130859375,75.6058349609375,22.770143508911133
1633,8331.173828125,62.1060676574707,14.737287521362305,12515.7744140625,74.11060333251953,22.111608505249023
1634,7968.54052734375,60.44453430175781,14.439351081848145,12435.5361328125,73.82601928710938,22.815723419189453
1635,7794.04638671875,59.54733657836914,14.124834060668945,12565.5751953125,73.45818328857422,22.0235652923584
1636,7778.60986328125,59.4615592956543,14.087606430053711,12546.0634765625,73.22606658935547,22.076452255249023
1637,7717.77783203125,58.843544006347656,13.99295711517334,12455.3134765625,73.66131591796875,22.558860778808594
1638,7649.64892578125,58.565704345703125,13.781185150146484,12568.8203125,73.9869613647461,21.64381217956543
1639,7738.67529296875,59.10345458984375,13.910035133361816,12470.8291015625,73.90050506591797,22.69100570678711
1640,7615.6328125,58.535888671875,14.062158584594727,12568.640625,73.3708724975586,22.10517120361328
1641,7912.6884765625,59.715858459472656,13.643579483032227,12641.6181640625,73.7629623413086,21.997465133666992
1642,8058.79443359375,60.28767013549805,13.686485290527344,12668.7421875,76.2201919555664,23.122844696044922
1643,7724.35498046875,59.08472442626953,13.515355110168457,12469.779296875,73.08924865722656,22.341672897338867
1644,7632.32470703125,58.66306686401367,13.602070808410645,12574.306640625,73.63959503173828,23.069503784179688
1645,7681.9794921875,58.635398864746094,13.944416046142578,12529.1162109375,73.45988464355469,21.975244522094727
1646,7583.14013671875,58.14430236816406,13.645044326782227,12503.8359375,73.93558502197266,22.16535758972168
1647,7761.10791015625,59.0224494934082,13.634209632873535,13300.396484375,76.19595336914062,22.159875869750977
1648,8467.78515625,62.15343475341797,14.10753345489502,12489.046875,75.18504333496094,20.871448516845703
1649,7831.52880859375,59.56228256225586,13.9473295211792,12892.34765625,74.21514129638672,21.66327667236328
1650,8194.015625,60.99847412109375,14.079670906066895,12523.4052734375,74.7547378540039,22.248058319091797
1651,7671.7734375,59.030548095703125,13.576836585998535,12490.0244140625,73.03801727294922,21.327268600463867
1652,7529.390625,57.97940444946289,13.429813385009766,12380.2509765625,73.44701385498047,21.81874656677246
1653,7586.0302734375,58.23992919921875,13.316824913024902,12471.2880859375,74.06946563720703,22.530187606811523
1654,7579.95263671875,58.059303283691406,13.226432800292969,12407.3427734375,73.29206848144531,22.660680770874023
1655,7510.57861328125,58.04465103149414,13.265066146850586,12664.6953125,73.70822143554688,22.495452880859375
1656,7952.5791015625,59.8896484375,13.71812629699707,12454.05078125,73.42111206054688,22.48720932006836
1657,7831.73974609375,59.51405715942383,13.923848152160645,12509.8017578125,74.52970886230469,22.67925453186035
1658,7553.6875,58.164222717285156,13.457560539245605,12552.51953125,73.65925598144531,22.006366729736328
1659,7538.609375,57.9882926940918,13.364555358886719,12367.2861328125,73.26541137695312,21.33523178100586
1660,7468.43994140625,57.74936294555664,13.488520622253418,12339.8466796875,73.05517578125,22.84968376159668
1661,7406.88818359375,57.43401336669922,13.338136672973633,12341.2392578125,72.85659790039062,21.79711151123047
1662,7426.56884765625,57.56479263305664,13.350261688232422,12377.0361328125,73.03375244140625,21.464935302734375
1663,7620.50048828125,58.5117301940918,13.309864044189453,12372.4658203125,73.02548217773438,23.016098022460938
1664,7459.12109375,57.587032318115234,13.42915153503418,12487.4873046875,73.42129516601562,22.10356903076172
1665,7678.51806640625,58.66472625732422,13.464044570922852,12823.39453125,74.88471984863281,21.549488067626953
1666,8278.505859375,60.900482177734375,13.842342376708984,12467.4033203125,73.23944091796875,22.404701232910156
1667,8026.39013671875,60.410274505615234,14.049403190612793,12707.8837890625,75.24103546142578,23.02675437927246
1668,7723.37548828125,58.98585891723633,14.204726219177246,12368.6865234375,72.75245666503906,22.504056930541992
1669,7531.37109375,58.2595329284668,13.798089027404785,12362.8349609375,73.69245147705078,22.52531623840332
1670,7512.23779296875,58.06012725830078,13.494308471679688,12625.3837890625,73.35069274902344,22.155603408813477
1671,7577.25244140625,58.00607681274414,13.35168743133545,12207.8154296875,73.14287567138672,22.10919189453125
1672,7390.69580078125,57.45206832885742,13.191842079162598,12417.2626953125,72.9322280883789,21.820951461791992
1673,7396.02880859375,57.40339660644531,13.250300407409668,12320.0458984375,73.21234893798828,21.834888458251953
1674,7945.728515625,59.572689056396484,13.603155136108398,12394.86328125,73.4698715209961,21.73600196838379
1675,7840.94482421875,59.37459182739258,13.563065528869629,12343.1494140625,74.26966857910156,22.621931076049805
1676,7699.69140625,59.06887435913086,13.608242988586426,12447.0078125,72.37266540527344,22.079286575317383
1677,7961.68359375,59.542076110839844,13.64953899383545,12376.556640625,74.33033752441406,22.29728889465332
1678,7499.9189453125,58.17426300048828,13.28077507019043,12415.1435546875,72.66915130615234,23.3530330657959
1679,7402.04443359375,57.43642044067383,13.287141799926758,12387.4443359375,73.4792709350586,22.240436553955078
1680,7941.0,59.84133529663086,13.781155586242676,12809.0068359375,74.0585708618164,20.551918029785156
1681,7863.26416015625,59.49876403808594,13.66916561126709,12378.5859375,74.85374450683594,22.751529693603516
1682,7539.501953125,58.127864837646484,13.47954273223877,12346.46875,73.10588073730469,21.896677017211914
1683,7410.69482421875,57.615962982177734,13.204401969909668,12433.7001953125,72.4395523071289,21.98301887512207
1684,7325.73388671875,56.99226760864258,12.998884201049805,12280.9072265625,72.9909439086914,22.459394454956055
1685,7401.73193359375,57.517276763916016,13.047637939453125,12468.3203125,72.80876159667969,22.506145477294922
1686,7523.01171875,57.866790771484375,13.050164222717285,12369.6044921875,73.7564468383789,23.73396873474121
1687,7460.80126953125,57.77323913574219,13.494024276733398,12525.01953125,73.87521362304688,21.677772521972656
1688,7582.26171875,58.23250198364258,13.406062126159668,12526.298828125,73.52330017089844,21.910608291625977
1689,7534.54248046875,57.777687072753906,13.28626537322998,12346.6826171875,72.83355712890625,23.049407958984375
1690,7341.59716796875,57.034461975097656,13.613286018371582,12545.3984375,74.30998229980469,22.12375831604004
1691,7514.82373046875,57.89230728149414,13.256611824035645,12457.3583984375,73.84768676757812,20.70595359802246
1692,7404.5205078125,57.388519287109375,13.022061347961426,12386.1787109375,72.83081817626953,21.03974723815918
1693,7504.76806640625,57.82405090332031,13.360406875610352,12483.2939453125,73.17578125,23.000972747802734
1694,7471.7197265625,57.607975006103516,13.255666732788086,12434.7314453125,73.82592010498047,21.898513793945312
1695,7342.2236328125,57.15878677368164,13.404706954956055,12368.2099609375,73.07637023925781,21.64101219177246
1696,7437.05517578125,57.48920440673828,13.20978832244873,12430.73046875,73.3960952758789,21.431177139282227
1697,7263.75439453125,56.762054443359375,12.808964729309082,12350.099609375,73.08930206298828,22.74660873413086
1698,7276.8212890625,56.79901885986328,13.134416580200195,12560.50390625,73.34384155273438,23.134910583496094
1699,7541.5556640625,57.85041427612305,13.185503959655762,12848.154296875,77.60731506347656,22.798904418945312
1700,7871.57421875,59.38881301879883,13.951617240905762,12244.6806640625,72.9248275756836,22.336091995239258
1701,7399.19140625,57.654518127441406,13.32914924621582,12556.8251953125,73.15975952148438,22.146608352661133
1702,7433.458984375,57.44888687133789,13.363227844238281,12425.2568359375,73.18028259277344,23.084989547729492
1703,7279.810546875,56.87916946411133,13.137508392333984,12388.970703125,73.03082275390625,22.016864776611328
1704,7443.65771484375,57.556949615478516,13.174612998962402,12584.853515625,73.98040771484375,22.09497833251953
1705,7453.84130859375,57.563358306884766,13.172981262207031,12470.0556640625,73.14171600341797,21.348342895507812
1706,7305.4189453125,56.934478759765625,13.151837348937988,12339.6083984375,73.17794036865234,21.75874900817871
1707,7334.69189453125,57.04230880737305,13.111285209655762,12255.2734375,73.42796325683594,22.623462677001953
1708,7263.37841796875,56.78767013549805,12.900225639343262,12380.498046875,73.81074523925781,22.164461135864258
1709,7375.1240234375,57.238136291503906,12.94262409210205,12287.408203125,72.6956787109375,22.76710319519043
1710,7189.26171875,56.471858978271484,12.981731414794922,12403.326171875,73.07658386230469,21.47679328918457
1711,7184.92724609375,56.48856735229492,12.984542846679688,12370.744140625,73.11189270019531,23.297264099121094
1712,7219.25244140625,56.47456741333008,13.067126274108887,12429.6328125,73.38362884521484,22.68887710571289
1713,7670.31591796875,58.705772399902344,13.186258316040039,12603.783203125,72.8512954711914,22.603384017944336
1714,7656.0380859375,58.32257080078125,13.37562370300293,12584.630859375,73.84628295898438,23.582195281982422
1715,7582.7548828125,58.51261901855469,13.51270580291748,12737.5830078125,75.10648345947266,22.141096115112305
1716,7831.12255859375,59.4049072265625,13.787245750427246,12451.0615234375,74.00281524658203,23.735694885253906
1717,7490.55615234375,57.96704864501953,13.583502769470215,12278.3134765625,72.76213073730469,22.821128845214844
1718,7321.72119140625,57.16426467895508,13.010515213012695,12645.9443359375,73.19922637939453,22.18876075744629
1719,7428.26025390625,57.67684555053711,13.194239616394043,12555.8681640625,72.97289276123047,21.770442962646484
1720,7307.24560546875,57.02216720581055,12.800130844116211,12386.6484375,73.81857299804688,22.954204559326172
1721,7238.19482421875,56.727413177490234,13.007193565368652,12579.4931640625,73.5965347290039,22.05227279663086
1722,7381.6689453125,57.256351470947266,13.007997512817383,12309.650390625,73.00543975830078,22.422836303710938
1723,7238.4267578125,56.78022384643555,12.9093017578125,12358.2490234375,73.52300262451172,22.399883270263672
1724,7129.5732421875,56.15055847167969,12.77872371673584,12520.6259765625,74.08033752441406,21.88199234008789
1725,7361.27392578125,57.356292724609375,13.053489685058594,12333.80078125,72.7740707397461,22.631370544433594
1726,7315.7060546875,57.19248580932617,13.05316162109375,12394.7490234375,72.72850036621094,22.504854202270508
1727,7343.91015625,57.27808380126953,13.0106782913208,12394.5400390625,73.69097137451172,23.030153274536133
1728,7296.759765625,57.20570373535156,12.902420997619629,12854.185546875,75.67501068115234,23.12586784362793
1729,7498.27294921875,58.08155059814453,13.6156005859375,12450.62890625,72.787109375,22.35547637939453
1730,7188.92724609375,56.769264221191406,13.186376571655273,12522.583984375,72.64617156982422,23.106739044189453
1731,7250.72021484375,56.783084869384766,13.07229995727539,12492.5869140625,73.37249755859375,22.272096633911133
1732,7280.68701171875,56.902740478515625,12.831544876098633,12475.541015625,74.38239288330078,22.683517456054688
1733,7624.7548828125,58.12239074707031,13.264811515808105,12381.2744140625,73.85093688964844,21.885831832885742
1734,7423.7880859375,57.57695007324219,12.965368270874023,12422.7607421875,73.11853790283203,22.500606536865234
1735,7891.84765625,59.66030502319336,13.551403999328613,12568.0009765625,74.41172790527344,22.74464988708496
1736,7794.7236328125,58.960506439208984,13.921749114990234,12618.0673828125,74.22949981689453,22.094650268554688
1737,7520.30078125,58.15608596801758,13.393133163452148,12826.9716796875,74.85498809814453,22.056835174560547
1738,7501.84423828125,58.08481216430664,13.302059173583984,12497.6572265625,73.7674789428711,22.83328628540039
1739,7379.8134765625,57.59294509887695,13.06100845336914,12603.2255859375,73.328369140625,22.364543914794922
1740,7246.373046875,56.86299514770508,13.061985969543457,12449.0302734375,73.24860382080078,22.401931762695312
1741,7312.533203125,57.1192741394043,12.894369125366211,12366.0810546875,72.77980041503906,22.691110610961914
1742,7338.95556640625,57.28117370605469,12.99515438079834,12468.8681640625,72.41534423828125,21.858440399169922
1743,7366.52099609375,57.11827850341797,13.011540412902832,12350.865234375,72.8492431640625,22.85247039794922
1744,7262.087890625,56.90157699584961,12.847000122070312,12308.419921875,72.67842864990234,21.9462890625
1745,7106.37255859375,56.159488677978516,12.475831031799316,12469.6162109375,73.06558990478516,21.790010452270508
1746,7387.8408203125,57.36067581176758,12.773693084716797,12432.984375,73.03951263427734,22.181747436523438
1747,7062.2275390625,55.984405517578125,12.55865478515625,12319.548828125,73.01077270507812,22.140575408935547
1748,7010.59130859375,55.82777786254883,12.427133560180664,12480.646484375,73.76720428466797,21.384510040283203
1749,7173.10009765625,56.30327606201172,12.616070747375488,12373.5048828125,73.08650207519531,21.883174896240234
1750,7007.23095703125,55.587913513183594,12.562568664550781,12391.5927734375,72.9097900390625,22.010215759277344
1751,7423.58740234375,57.642948150634766,12.876056671142578,12928.3330078125,75.3841781616211,23.006608963012695
1752,7724.3984375,59.0523796081543,13.279585838317871,12557.4326171875,73.50227355957031,22.20015525817871
1753,7478.18017578125,57.9047737121582,13.07169246673584,12846.884765625,75.61140441894531,23.13665008544922
1754,7332.5810546875,57.16716384887695,13.093561172485352,12732.1982421875,73.57890319824219,21.683090209960938
1755,7271.15283203125,56.79121780395508,13.004518508911133,12439.0205078125,73.44445037841797,22.128746032714844
1756,7024.21826171875,55.6453971862793,12.573845863342285,12286.8017578125,72.60851287841797,22.548263549804688
1757,7225.3095703125,56.72124099731445,12.739887237548828,12689.8857421875,73.74005126953125,23.3457088470459
1758,7463.18994140625,57.70732116699219,13.28229808807373,12955.455078125,74.06721496582031,22.15509796142578
1759,7394.6875,57.39311218261719,12.85503101348877,12388.890625,72.96240234375,22.421552658081055
1760,7128.6953125,56.30249786376953,12.836649894714355,12407.6259765625,72.67315673828125,22.589557647705078
1761,7257.0517578125,56.858585357666016,12.641879081726074,12824.6748046875,76.0802001953125,22.646203994750977
1762,7252.24951171875,56.8514289855957,12.897711753845215,12497.365234375,73.5990219116211,22.061277389526367
1763,7117.0751953125,56.03986358642578,12.580406188964844,12469.1845703125,73.62366485595703,22.684886932373047
1764,7095.86669921875,56.03478240966797,12.639636039733887,12341.9521484375,72.70932006835938,22.249671936035156
1765,7535.9345703125,58.07075500488281,13.111353874206543,12447.0673828125,72.92639923095703,21.81248664855957
1766,7292.93017578125,57.088470458984375,13.065839767456055,12450.81640625,73.817626953125,23.092430114746094
1767,7191.51904296875,56.474971771240234,12.937935829162598,12451.04296875,73.21749877929688,23.124069213867188
1768,7011.09521484375,55.791160583496094,12.963863372802734,12614.841796875,74.3070068359375,22.166383743286133
1769,7133.6630859375,56.12912368774414,12.976686477661133,12551.8583984375,73.07611846923828,22.6807861328125
1770,7208.31591796875,56.56040573120117,12.721393585205078,12393.3984375,72.74414825439453,21.875112533569336
1771,6965.853515625,55.44894027709961,12.631649017333984,12671.0673828125,73.49808502197266,22.42604637145996
1772,7035.28466796875,55.74367141723633,12.749414443969727,12318.0859375,73.34941864013672,21.80644416809082
1773,7024.51318359375,55.615848541259766,12.559357643127441,12477.8466796875,73.46057891845703,22.768585205078125
1774,7042.640625,55.531673431396484,12.90199089050293,12229.6982421875,72.90081787109375,22.59332275390625
1775,6917.8623046875,55.19773864746094,12.355327606201172,12276.7724609375,73.15009307861328,22.19832420349121
1776,7021.177734375,55.50522994995117,12.606315612792969,12515.775390625,73.40031433105469,22.207359313964844
1777,7014.458984375,55.58845901489258,12.38671588897705,12347.0869140625,72.87201690673828,22.099123001098633
1778,7086.92431640625,55.85127258300781,12.653226852416992,12379.2001953125,73.30020904541016,22.067819595336914
1779,7223.9462890625,56.60649490356445,12.774292945861816,12549.33984375,73.0787353515625,23.345460891723633
1780,7136.33984375,56.094566345214844,12.705582618713379,12430.2958984375,72.9682388305664,23.174314498901367
1781,7222.1708984375,56.53016662597656,12.678167343139648,12619.1123046875,73.43046569824219,23.073566436767578
1782,7104.99853515625,56.174285888671875,12.737496376037598,12592.9521484375,73.65682983398438,22.520292282104492
1783,7023.5126953125,55.635276794433594,12.459990501403809,12326.0595703125,73.01899719238281,22.344745635986328
1784,7187.22021484375,56.36881637573242,12.574174880981445,12347.51953125,72.78693389892578,21.942218780517578
1785,7123.12841796875,55.943756103515625,12.838889122009277,12589.181640625,74.13605499267578,21.500059127807617
1786,7265.6083984375,56.767372131347656,12.858975410461426,12300.265625,73.02562713623047,22.858043670654297
1787,7080.5048828125,55.861663818359375,12.68200397491455,12489.3583984375,73.17192840576172,22.3592472076416
1788,7167.0380859375,56.19442367553711,12.594996452331543,12819.4189453125,74.50325775146484,23.28814125061035
1789,7597.1796875,58.408958435058594,13.014664649963379,12469.44921875,73.92680358886719,22.22106170654297
1790,7192.6162109375,56.82938766479492,13.103666305541992,12475.4912109375,72.99274444580078,23.115650177001953
1791,6972.048828125,55.52836990356445,12.700217247009277,12458.865234375,73.42483520507812,22.779476165771484
1792,6882.390625,55.135101318359375,12.47673511505127,12357.8583984375,72.54464721679688,21.82030487060547
1793,6846.26220703125,54.823829650878906,12.54276180267334,12631.8916015625,73.11502075195312,22.313871383666992
1794,7015.06982421875,55.70100784301758,12.385113716125488,12432.15234375,72.9151840209961,22.498964309692383
1795,6916.869140625,55.14124298095703,12.475719451904297,12438.107421875,73.3076171875,22.35991668701172
1796,7113.94775390625,56.21024703979492,12.713434219360352,12434.28515625,73.0053482055664,22.712902069091797
1797,7092.50439453125,56.09392166137695,13.075937271118164,12393.33203125,73.3274154663086,21.663593292236328
1798,6943.81494140625,55.462005615234375,12.800565719604492,12388.4580078125,72.80180358886719,22.361934661865234
1799,6803.28076171875,54.77617263793945,12.457406997680664,12420.3828125,73.16468811035156,21.844566345214844
1800,6836.4814453125,54.87613296508789,12.498554229736328,12561.064453125,73.365234375,21.889259338378906
1801,7229.5625,56.6759033203125,12.587153434753418,12550.654296875,73.23236846923828,22.833131790161133
1802,7598.78662109375,57.88405990600586,13.127166748046875,13101.900390625,77.3568115234375,23.29009437561035
1803,8666.90625,62.83664321899414,13.862066268920898,12717.6025390625,74.27618408203125,23.245275497436523
1804,7666.41064453125,59.088218688964844,13.762937545776367,12317.1875,73.22671508789062,22.254472732543945
1805,7103.49365234375,56.47201919555664,13.22851848602295,12459.4736328125,73.45143127441406,21.914037704467773
1806,7091.9619140625,56.073699951171875,13.086884498596191,12366.32421875,72.8680648803711,22.416339874267578
1807,6917.951171875,55.369258880615234,12.527739524841309,12385.4365234375,72.61067962646484,22.213314056396484
1808,6999.2841796875,55.67107391357422,12.752013206481934,12556.37890625,73.11861419677734,23.557126998901367
1809,7006.0341796875,55.561439514160156,12.894442558288574,12516.61328125,73.04036712646484,22.491933822631836
1810,7100.2314453125,55.87852478027344,12.705184936523438,12337.7939453125,73.2778549194336,22.24192237854004
1811,7030.75341796875,55.7581901550293,12.73218059539795,12471.4267578125,73.5154037475586,21.844144821166992
1812,6846.62548828125,54.82908630371094,12.61135196685791,12485.17578125,73.70442199707031,21.931787490844727
1813,6921.3720703125,55.35121154785156,12.613940238952637,12324.49609375,72.86161041259766,21.92506217956543
1814,6912.85107421875,55.20408248901367,12.47860336303711,12434.064453125,72.73847198486328,22.79908561706543
1815,6833.99951171875,54.75655746459961,12.4081392288208,12324.78125,73.46202850341797,22.237064361572266
1816,7094.52880859375,55.94773864746094,12.616253852844238,12312.5244140625,73.31346130371094,22.53841781616211
1817,7289.54345703125,56.82221221923828,12.769641876220703,12580.4599609375,74.86870574951172,22.775697708129883
1818,7366.275390625,57.23180389404297,12.8330659866333,12663.654296875,73.73956298828125,21.802406311035156
1819,7039.34130859375,55.87514114379883,12.489519119262695,12546.9033203125,73.39710235595703,23.293027877807617
1820,6958.91845703125,55.409889221191406,12.478882789611816,12706.630859375,73.71147918701172,23.000646591186523
1821,6972.24072265625,55.420413970947266,12.617682456970215,12360.3818359375,73.27486419677734,21.268505096435547
1822,6834.97265625,54.791656494140625,12.273642539978027,12459.43359375,73.27403259277344,22.191953659057617
1823,6762.75341796875,54.44235610961914,12.411008834838867,12404.7939453125,72.97168731689453,21.448375701904297
1824,6834.9521484375,54.69511032104492,12.41933822631836,12415.6396484375,73.48165130615234,22.336034774780273
1825,6931.68212890625,55.17890930175781,12.36026668548584,12327.3486328125,72.94599151611328,22.966983795166016
1826,6841.6923828125,54.851131439208984,12.318999290466309,12281.7685546875,73.15660858154297,22.156925201416016
1827,7052.3486328125,55.79206085205078,12.582103729248047,12787.6826171875,74.55368041992188,23.42453956604004
1828,7345.80126953125,56.87465286254883,12.975037574768066,12525.3017578125,73.38008117675781,21.827096939086914
1829,7063.88916015625,55.9881591796875,12.544222831726074,12413.349609375,73.29546356201172,23.057003021240234
1830,6980.48681640625,55.44093322753906,12.465858459472656,12587.904296875,73.46562957763672,22.789941787719727
1831,6887.11962890625,54.95274353027344,12.356593132019043,12465.3232421875,73.45659637451172,22.915794372558594
1832,6868.4794921875,55.0859489440918,12.655121803283691,12347.2080078125,72.89301300048828,22.187185287475586
1833,6742.05224609375,54.38890838623047,12.32513427734375,12456.93359375,73.00003814697266,22.121774673461914
1834,6853.2255859375,55.00487518310547,12.645391464233398,12567.7607421875,73.06217956542969,21.704002380371094
1835,6818.228515625,54.74624252319336,12.369370460510254,12348.375,73.37975311279297,22.438491821289062
1836,7062.65087890625,55.863582611083984,12.415791511535645,12361.6474609375,73.1953125,21.390779495239258
1837,6833.7490234375,54.969268798828125,12.21127700805664,12326.5185546875,72.67770385742188,22.01905632019043
1838,6709.16650390625,54.23849105834961,12.24797248840332,12513.0986328125,73.50094604492188,21.679323196411133
1839,6927.02880859375,55.37645721435547,12.301972389221191,12345.94140625,72.55745697021484,22.046934127807617
1840,6949.00048828125,55.31483840942383,12.436328887939453,12594.5634765625,74.39612579345703,22.022069931030273
1841,7230.60888671875,56.46854782104492,12.864106178283691,12557.7021484375,73.83248901367188,22.265092849731445
1842,7661.07470703125,58.61843490600586,13.13474178314209,12887.7744140625,75.12690734863281,21.087968826293945
1843,7202.50537109375,56.79802703857422,12.628511428833008,12484.7265625,74.4405746459961,22.911741256713867
1844,6910.0986328125,55.519657135009766,12.779061317443848,12497.4111328125,72.45283508300781,23.491764068603516
1845,6930.990234375,55.27058029174805,13.211387634277344,12335.861328125,72.59273529052734,21.57568359375
1846,6765.61572265625,54.560020446777344,12.56010913848877,12452.9345703125,72.89707946777344,22.10934066772461
1847,6732.646484375,54.41977310180664,12.352568626403809,12543.505859375,74.02388763427734,21.33714485168457
1848,7005.60693359375,55.36655807495117,12.337738990783691,12579.3818359375,73.509033203125,23.183286666870117
1849,7248.8271484375,56.25709533691406,12.579649925231934,12435.5263671875,73.24478912353516,22.296466827392578
1850,6814.619140625,54.8442268371582,12.624964714050293,12404.822265625,73.4821548461914,21.974945068359375
1851,6707.390625,54.25420379638672,12.242445945739746,12335.1962890625,72.29997253417969,22.338146209716797
1852,6638.32958984375,53.864662170410156,12.260124206542969,12576.8671875,73.37818145751953,22.761857986450195
1853,6749.2431640625,54.467506408691406,12.127060890197754,12376.3515625,72.84168243408203,21.598691940307617
1854,6837.8916015625,54.68838119506836,12.120969772338867,12563.5166015625,73.78558349609375,22.243392944335938
1855,6996.2646484375,55.32051467895508,12.353470802307129,12318.6142578125,72.85285949707031,22.61470603942871
1856,7217.82763671875,56.64421081542969,12.71265983581543,12799.046875,73.41020965576172,21.756933212280273
1857,7143.6552734375,55.8315544128418,12.485220909118652,12235.63671875,73.42974090576172,21.728269577026367
1858,6881.779296875,55.15956115722656,12.559931755065918,12260.5888671875,72.83247375488281,22.570505142211914
1859,6668.79541015625,54.107322692871094,12.235454559326172,12479.412109375,72.44110870361328,22.681859970092773
1860,6714.97607421875,54.121803283691406,12.102996826171875,12931.626953125,75.77890014648438,22.721738815307617
1861,8420.5,61.74728775024414,13.121050834655762,12512.943359375,74.37053680419922,22.572492599487305
1862,7347.529296875,58.055110931396484,13.111895561218262,12511.923828125,73.32355499267578,22.366456985473633
1863,7209.70068359375,56.64670181274414,12.820210456848145,12542.0927734375,75.21399688720703,22.96816062927246
1864,6971.96826171875,55.74406814575195,12.554515838623047,12522.7353515625,72.79486083984375,21.99114227294922
1865,6738.875,54.59406280517578,12.397677421569824,12482.103515625,73.49918365478516,22.73779296875
1866,6780.63720703125,54.62621307373047,12.257040023803711,12329.6279296875,73.4078598022461,22.39639663696289
1867,6873.8291015625,54.96128845214844,12.369316101074219,12364.240234375,72.19405364990234,23.416990280151367
1868,6719.833984375,54.36829376220703,12.263014793395996,12501.5869140625,73.11568450927734,23.073932647705078
1869,6718.92138671875,54.37071990966797,12.470528602600098,12415.3486328125,72.90369415283203,22.44341278076172
1870,6624.68359375,53.88848114013672,12.527953147888184,12386.970703125,72.9701156616211,22.335573196411133
1871,6663.705078125,54.0341796875,12.175650596618652,12382.8486328125,72.48918914794922,23.324115753173828
1872,6648.69287109375,53.79632568359375,12.1154146194458,12391.6357421875,72.896240234375,22.752262115478516
1873,6615.5654296875,53.791419982910156,12.125646591186523,12377.5693359375,73.2212142944336,22.437471389770508
1874,6633.19189453125,53.831661224365234,12.2403564453125,12398.3837890625,72.53659057617188,22.029142379760742
1875,6672.30517578125,54.0928955078125,12.114852905273438,12640.6455078125,73.04672241210938,22.187721252441406
1876,6905.876953125,54.7784423828125,12.346324920654297,12477.7919921875,74.53175354003906,22.368772506713867
1877,6903.2744140625,55.2747917175293,12.475876808166504,12461.9326171875,72.79095458984375,22.534061431884766
1878,6870.84375,54.816978454589844,12.34535026550293,12303.673828125,73.68566131591797,22.49628448486328
1879,6683.474609375,54.31826400756836,12.028040885925293,12522.080078125,73.00507354736328,22.993698120117188
1880,6666.33935546875,53.82291793823242,12.166364669799805,14433.6669921875,84.85047912597656,22.231319427490234
1881,13757.9228515625,82.02356719970703,16.099929809570312,14324.9072265625,82.39999389648438,22.940532684326172
1882,9151.7177734375,66.69956970214844,15.87846851348877,12542.40625,75.92451477050781,22.89912223815918
1883,8041.32568359375,61.5650634765625,14.486440658569336,12746.8935546875,75.31866455078125,22.85177230834961
1884,7650.0400390625,59.256351470947266,13.839704513549805,12648.9482421875,73.80467224121094,22.331642150878906
1885,7353.15234375,57.70331573486328,13.488053321838379,12337.189453125,73.45178985595703,21.97428321838379
1886,7160.806640625,57.012550354003906,13.144082069396973,12238.591796875,73.35075378417969,22.518571853637695
1887,7011.681640625,56.20156478881836,13.09964656829834,12332.2353515625,73.04608917236328,22.182754516601562
1888,6908.79736328125,55.67603302001953,12.80691909790039,12356.22265625,72.8570556640625,22.337268829345703
1889,7251.81005859375,57.088321685791016,12.8204345703125,12654.1884765625,75.91112518310547,23.10183334350586
1890,7210.90283203125,56.70945358276367,12.990141868591309,12388.0068359375,72.47637939453125,21.707727432250977
1891,6908.8203125,55.67757034301758,12.485600471496582,12438.75,72.72984313964844,23.432884216308594
1892,6860.21728515625,55.328033447265625,12.549458503723145,12448.5,73.76322937011719,22.48712730407715
1893,6897.86865234375,55.52317428588867,12.752204895019531,12393.71875,72.8446044921875,22.2168025970459
1894,6883.25244140625,55.45254135131836,12.732121467590332,12585.8076171875,72.72935485839844,23.241718292236328
1895,6925.6474609375,55.36392593383789,12.497579574584961,12358.7744140625,73.4919204711914,22.20702362060547
1896,6804.8779296875,54.93309783935547,12.289995193481445,12407.4794921875,72.92554473876953,23.15877914428711
1897,6779.31982421875,54.958580017089844,12.382798194885254,12554.3505859375,73.40894317626953,22.313610076904297
1898,6829.8583984375,54.9808349609375,12.513031005859375,12547.8330078125,73.93119812011719,23.034826278686523
1899,6787.12646484375,54.87581253051758,12.290848731994629,12341.0458984375,72.78620147705078,21.61517333984375
1900,6794.8056640625,54.865989685058594,12.370807647705078,12378.509765625,72.7829818725586,21.660337448120117
1901,6721.82666015625,54.63986587524414,12.11815071105957,12421.4013671875,72.57606506347656,22.226905822753906
1902,6977.99755859375,55.443946838378906,12.360246658325195,12478.71875,74.05714416503906,22.075267791748047
1903,6992.81005859375,55.82249450683594,12.642562866210938,12570.37109375,73.51313781738281,21.91074562072754
1904,6807.84423828125,55.10613250732422,12.54931640625,12385.0205078125,73.38683319091797,22.799386978149414
1905,6786.40869140625,54.802398681640625,12.620444297790527,12480.884765625,73.40972900390625,22.400699615478516
1906,6863.39990234375,55.131507873535156,12.860161781311035,12437.4736328125,73.44068145751953,22.350746154785156
1907,6673.52587890625,54.255409240722656,12.393606185913086,12471.8017578125,73.4755859375,22.73183250427246
1908,6660.66845703125,54.1826171875,12.3094482421875,12502.1708984375,73.24484252929688,22.096874237060547
1909,7179.99951171875,56.22629165649414,12.518774032592773,12645.3896484375,73.48499298095703,22.446495056152344
1910,6891.2919921875,55.40986633300781,12.556418418884277,12663.16015625,73.1155776977539,23.128007888793945
1911,6789.2236328125,54.854698181152344,12.286890983581543,12544.0517578125,72.84469604492188,23.04445457458496
1912,6749.04833984375,54.59557342529297,12.392273902893066,12524.6064453125,73.89224243164062,22.163551330566406
1913,7025.4599609375,55.730098724365234,12.503646850585938,12774.7236328125,73.566650390625,23.421297073364258
1914,6862.443359375,55.245567321777344,12.386953353881836,12400.494140625,72.94422149658203,22.941322326660156
1915,6641.6318359375,54.24756622314453,12.709672927856445,12388.9384765625,73.43067169189453,22.954334259033203
1916,6606.27001953125,53.95404052734375,12.338936805725098,12454.283203125,73.1692886352539,22.08451271057129
1917,6573.70068359375,53.83706283569336,12.107486724853516,12312.4443359375,72.7383804321289,22.767087936401367
1918,6732.66552734375,54.543582916259766,12.29964828491211,13070.8505859375,75.41600799560547,24.00098419189453
1919,7845.38671875,59.24589157104492,13.233760833740234,12781.94140625,74.9795913696289,22.187204360961914
1920,7398.04052734375,57.59254455566406,12.83202838897705,12660.232421875,75.01876068115234,22.32598304748535
1921,6956.1982421875,55.698631286621094,12.500412940979004,12320.287109375,73.05332946777344,21.62763023376465
1922,6703.6640625,54.48857498168945,12.097800254821777,12359.3271484375,73.40208435058594,22.164291381835938
1923,6681.33251953125,54.164146423339844,11.951071739196777,12455.8681640625,72.98040008544922,21.73944854736328
1924,6642.01708984375,54.030357360839844,11.960489273071289,12581.876953125,73.63384246826172,21.825510025024414
1925,6575.64453125,53.91065216064453,12.22230339050293,12383.6298828125,73.42916107177734,21.52842903137207
1926,6680.86962890625,54.237796783447266,12.243666648864746,12468.1875,73.42186737060547,22.688987731933594
1927,6578.25634765625,53.85910415649414,12.281929969787598,12308.8876953125,72.74573516845703,21.997526168823242
1928,6512.27099609375,53.48673629760742,12.033838272094727,12655.310546875,73.14204406738281,21.737520217895508
1929,6805.46826171875,54.72652816772461,12.199417114257812,12571.4091796875,73.72552490234375,22.28812026977539
1930,6829.37060546875,55.127113342285156,12.378841400146484,12417.5283203125,73.43489074707031,22.294410705566406
1931,6840.9990234375,54.96086502075195,12.419963836669922,12536.5166015625,74.1214599609375,22.147533416748047
1932,6670.41162109375,54.36175537109375,12.274073600769043,12471.150390625,73.36091613769531,22.130643844604492
1933,6625.25927734375,53.94026184082031,12.242748260498047,12499.0244140625,72.33152770996094,22.269296646118164
1934,6755.96728515625,54.61820602416992,11.983059883117676,12592.7236328125,73.33484649658203,22.490657806396484
1935,6722.87158203125,54.44191360473633,12.08910083770752,12618.73046875,74.2477798461914,22.075986862182617
1936,6723.20458984375,54.65648651123047,12.045248985290527,12701.5791015625,73.20606231689453,22.954378128051758
1937,6701.5546875,54.27296829223633,12.28307819366455,12501.6298828125,73.34473419189453,22.371992111206055
1938,6603.06298828125,53.85342025756836,12.006332397460938,12442.0078125,73.00544738769531,23.133922576904297
1939,6676.943359375,54.32889938354492,12.255330085754395,12549.0595703125,73.42414855957031,22.839237213134766
1940,6514.62890625,53.58908462524414,12.236082077026367,12357.451171875,73.0660400390625,22.44331169128418
1941,6509.01123046875,53.429630279541016,11.905269622802734,12439.8486328125,73.01204681396484,22.41179656982422
1942,6588.71875,53.994998931884766,11.959409713745117,12588.9697265625,73.04119110107422,22.624591827392578
1943,6651.26318359375,54.14815902709961,12.245626449584961,12433.4716796875,73.29306030273438,22.965240478515625
1944,6493.4755859375,53.54029846191406,11.971895217895508,12296.8115234375,72.80753326416016,22.405256271362305
1945,6533.04443359375,53.47370147705078,12.036234855651855,12371.07421875,72.9249038696289,21.718826293945312
1946,6460.92919921875,53.228580474853516,11.946078300476074,12562.8544921875,72.94922637939453,22.915470123291016
1947,6584.9697265625,53.83293533325195,11.957046508789062,12542.953125,74.28868865966797,22.01233673095703
1948,8072.4921875,60.78986740112305,12.944446563720703,12838.3701171875,74.423828125,22.15964698791504
1949,7496.6318359375,58.26190948486328,12.983230590820312,12488.0029296875,74.45947265625,22.24262046813965
1950,6878.55224609375,55.969757080078125,12.238884925842285,12379.8837890625,73.24414825439453,22.055025100708008
1951,6571.955078125,54.10309982299805,11.833218574523926,12339.5126953125,72.34783935546875,21.988449096679688
1952,6592.17724609375,53.86768341064453,11.998838424682617,12339.2119140625,73.01754760742188,22.13262939453125
1953,6598.97998046875,53.886573791503906,11.979143142700195,12466.251953125,73.40592193603516,22.940067291259766
1954,6463.39501953125,53.382965087890625,11.988052368164062,12457.171875,72.46075439453125,22.03102684020996
1955,6424.12353515625,53.123619079589844,11.975860595703125,12317.98828125,72.69583892822266,21.784523010253906
1956,6376.734375,52.88070297241211,11.66643238067627,12534.5048828125,73.19882202148438,22.662729263305664
1957,6351.0458984375,52.66670227050781,11.786226272583008,12420.53125,72.89942932128906,22.69835090637207
1958,6313.8232421875,52.63920593261719,11.850835800170898,12275.0673828125,72.77237701416016,22.051748275756836
1959,6668.0908203125,54.058509826660156,12.114222526550293,12854.478515625,73.76823425292969,23.188495635986328
1960,6797.31640625,54.662410736083984,11.98441219329834,12484.654296875,73.40666961669922,22.674245834350586
1961,6614.6591796875,53.8578987121582,11.905652046203613,12420.515625,72.87629699707031,22.897310256958008
1962,6541.05908203125,53.841819763183594,12.079347610473633,12307.70703125,72.31159210205078,21.75723648071289
1963,6507.22265625,53.57560729980469,11.810832977294922,12303.9873046875,72.60160064697266,21.552085876464844
1964,6611.9697265625,54.16970443725586,12.09018611907959,12494.681640625,72.72254943847656,23.10375213623047
1965,6690.4169921875,54.183746337890625,11.981489181518555,12821.0048828125,74.33968353271484,23.38822364807129
1966,6776.03564453125,54.41688537597656,12.0344877243042,12613.0361328125,73.61317443847656,22.073760986328125
1967,6465.1181640625,53.546363830566406,11.987229347229004,12409.5859375,72.5775375366211,22.063613891601562
1968,6388.85986328125,52.97779083251953,11.499844551086426,12381.4287109375,72.62995910644531,22.6929988861084
1969,6301.17724609375,52.56377410888672,11.829259872436523,12436.6123046875,72.58745574951172,21.970378875732422
1970,6364.85595703125,52.69717788696289,11.533191680908203,12215.8466796875,72.71819305419922,21.607215881347656
1971,6503.26416015625,53.36129379272461,11.899809837341309,12453.9365234375,73.20513153076172,21.950170516967773
