,time(sec),state
0,0.1514,0
0,0.1615,1
0,0.1768,1
0,0.1908,1
0,0.2013,1
0,0.2113,0
0,0.2253,0
0,0.2381,0
0,0.2484,0
0,0.2585,0
0,0.2686,0
0,0.2787,0
0,0.2888,0
0,0.3008,0
0,0.3109,0
0,0.321,0
0,0.3313,0
0,0.3415,0
0,0.3516,0
0,0.3617,0
0,0.3718,0
0,0.3819,0
0,0.392,0
0,0.4021,0
0,0.4122,0
0,0.4223,0
0,0.4324,0
0,0.4424,0
0,0.4527,0
0,0.4628,0
0,0.4729,0
0,0.483,0
0,0.4931,0
0,0.5032,0
0,0.5133,0
0,0.5234,0
0,0.5336,0
0,0.5437,0
0,0.5537,0
0,0.5638,0
0,0.5739,0
0,0.584,0
0,0.5941,0
0,0.6045,0
0,0.6146,0
0,0.6247,0
0,0.6348,0
0,0.6449,0
0,0.6549,0
0,0.6659,1
0,0.6769,1
0,0.6871,1
0,0.6972,1
0,0.7102,0
0,0.7203,0
0,0.7304,0
0,0.7411,0
0,0.7512,0
0,0.762,0
0,0.7726,0
0,0.7829,0
0,0.793,0
0,0.8031,0
0,0.8133,0
0,0.8234,0
0,0.8335,0
0,0.8436,0
0,0.8538,0
0,0.8639,0
0,0.8742,0
0,0.8843,0
0,0.8944,0
0,0.9045,0
0,0.9146,0
0,0.9247,0
0,0.9348,0
0,0.945,0
0,0.9551,0
0,0.9652,0
0,0.9753,0
0,0.9854,0
0,0.9955,0
0,1.0055,0
0,1.0156,0
0,1.0257,0
0,1.0358,0
0,1.0459,0
0,1.056,0
0,1.066,0
0,1.0761,0
0,1.0862,0
0,1.0963,0
0,1.1064,0
0,1.1165,0
0,1.1265,0
0,1.1366,0
0,1.1467,0
0,1.1568,0
0,1.1708,1
0,1.1809,1
0,1.1957,0
0,1.2057,0
0,1.2158,0
0,1.2259,0
0,1.236,0
0,1.2501,0
0,1.2602,0
0,1.2703,0
0,1.2804,0
0,1.2909,0
0,1.3011,0
0,1.3112,0
0,1.3213,0
0,1.3314,0
0,1.3415,0
0,1.3526,0
0,1.3629,0
0,1.373,0
0,1.3831,0
0,1.3931,0
0,1.4032,0
0,1.4133,0
0,1.4234,0
0,1.4335,0
0,1.4435,0
0,1.4536,0
0,1.4638,0
0,1.4739,0
0,1.4839,0
0,1.494,0
0,1.5041,0
0,1.5142,0
0,1.5243,0
0,1.5344,0
0,1.5444,0
0,1.5545,0
0,1.5646,0
0,1.5747,0
0,1.5848,0
0,1.5949,0
0,1.605,0
0,1.615,0
0,1.6251,0
0,1.6352,0
0,1.6453,0
0,1.6554,0
0,1.6655,0
0,1.6778,1
0,1.6879,1
0,1.698,1
0,1.708,0
0,1.723,0
0,1.7331,0
0,1.7432,0
0,1.7555,0
0,1.7663,0
0,1.7764,0
0,1.7866,0
0,1.7967,0
0,1.8068,0
0,1.8169,0
0,1.827,0
0,1.837,0
0,1.8471,0
0,1.8572,0
0,1.8673,0
0,1.8774,0
0,1.8874,0
0,1.8975,0
0,1.9076,0
0,1.9177,0
0,1.9278,0
0,1.9379,0
0,1.9479,0
0,1.958,0
0,1.9681,0
0,1.9782,0
0,1.9883,0
0,1.9984,0
0,2.0084,0
0,2.0185,0
0,2.0286,0
0,2.0387,0
0,2.0488,0
0,2.0589,0
0,2.0689,0
0,2.079,0
0,2.0891,0
0,2.0992,0
0,2.1093,0
0,2.1193,0
0,2.1294,0
0,2.1395,0
0,2.1496,0
0,2.1597,0
0,2.1698,0
0,2.1817,1
0,2.192,1
0,2.2021,1
0,2.2141,1
0,2.2245,0
0,2.2346,0
0,2.2447,0
0,2.2548,0
0,2.2651,0
0,2.2754,0
0,2.2855,0
0,2.298,0
0,2.3081,0
0,2.3182,0
0,2.3283,0
0,2.3384,0
0,2.3485,0
0,2.3585,0
0,2.3686,0
0,2.3787,0
0,2.3888,0
0,2.3989,0
0,2.409,0
0,2.4191,0
0,2.4292,0
0,2.4392,0
0,2.4493,0
0,2.4594,0
0,2.4695,0
0,2.4795,0
0,2.4896,0
0,2.4999,0
0,2.51,0
0,2.52,0
0,2.5301,0
0,2.5402,0
0,2.5503,0
0,2.5604,0
0,2.5705,0
0,2.5805,0
0,2.5906,0
0,2.6007,0
0,2.6108,0
0,2.6209,0
0,2.6309,0
0,2.641,0
0,2.6511,0
0,2.6612,0
0,2.6713,0
0,2.6814,1
0,2.6919,1
0,2.702,1
0,2.7121,0
0,2.7222,0
0,2.7324,0
0,2.7425,0
0,2.7538,0
0,2.7647,0
0,2.7748,0
0,2.785,0
0,2.7951,0
0,2.8053,0
0,2.8163,0
0,2.8264,0
0,2.8365,0
0,2.8466,0
0,2.8567,0
0,2.8668,0
0,2.8769,0
0,2.887,0
0,2.8971,0
0,2.9072,0
0,2.9172,0
0,2.9273,0
0,2.9374,0
0,2.9475,0
0,2.9576,0
0,2.9677,0
0,2.9777,0
0,2.9878,0
0,2.9979,0
0,3.008,0
0,3.0181,0
0,3.0282,0
0,3.0382,0
0,3.0483,0
0,3.0584,0
0,3.0685,0
0,3.0786,0
0,3.0887,0
0,3.0987,0
0,3.1088,0
0,3.1189,0
0,3.129,0
0,3.1391,0
0,3.1491,0
0,3.1592,0
0,3.1693,0
0,3.1796,1
0,3.1897,1
0,3.2004,1
0,3.2106,1
0,3.2207,0
0,3.2308,0
0,3.2409,0
0,3.251,0
0,3.2611,0
0,3.2713,0
0,3.2815,0
0,3.2916,0
0,3.3018,0
0,3.3119,0
0,3.322,0
0,3.3321,0
0,3.3422,0
0,3.3522,0
0,3.3623,0
0,3.3724,0
0,3.3825,0
0,3.3926,0
0,3.4026,0
0,3.4127,0
0,3.4228,0
0,3.4329,0
0,3.443,0
0,3.4532,0
0,3.4633,0
0,3.4734,0
0,3.4834,0
0,3.4935,0
0,3.5036,0
0,3.5137,0
0,3.5238,0
0,3.5339,0
0,3.544,0
0,3.554,0
0,3.5641,0
0,3.5742,0
0,3.5843,0
0,3.5944,0
0,3.6045,0
0,3.6146,0
0,3.6246,0
0,3.6347,0
0,3.6448,0
0,3.6549,0
0,3.665,0
0,3.6751,0
0,3.6852,1
0,3.6953,1
0,3.7055,1
0,3.7198,0
0,3.7305,0
0,3.7416,0
0,3.7517,0
0,3.762,0
0,3.7722,0
0,3.7823,0
0,3.7925,0
0,3.8026,0
0,3.8127,0
0,3.8229,0
0,3.833,0
0,3.8431,0
0,3.8538,0
0,3.8657,0
0,3.8789,0
0,3.8902,0
0,3.9027,0
0,3.9137,0
0,3.9315,0
0,3.9417,0
0,3.9532,0
0,3.9635,0
0,3.9737,0
0,3.9838,0
0,3.995,0
0,4.0052,0
0,4.0153,0
0,4.0254,0
0,4.0355,0
0,4.0457,0
0,4.0558,0
0,4.0659,0
0,4.0761,0
0,4.0862,0
0,4.0989,0
0,4.109,0
0,4.1191,0
0,4.1299,0
0,4.14,0
0,4.1501,0
0,4.161,0
0,4.1719,0
0,4.1911,0
0,4.2032,1
0,4.214,1
0,4.2247,1
0,4.237,0
0,4.2471,0
0,4.2572,0
0,4.2686,0
0,4.2793,0
0,4.2894,0
0,4.2996,0
0,4.3097,0
0,4.3225,0
0,4.3358,0
0,4.3459,0
0,4.3561,0
0,4.3662,0
0,4.3764,0
0,4.3866,0
0,4.3967,0
0,4.4068,0
0,4.4169,0
0,4.427,0
0,4.4371,0
0,4.4472,0
0,4.4573,0
0,4.4674,0
0,4.4775,0
0,4.4876,0
0,4.4976,0
0,4.5077,0
0,4.5178,0
0,4.5279,0
0,4.538,0
0,4.5481,0
0,4.5582,0
0,4.5682,0
0,4.5783,0
0,4.5884,0
0,4.5985,0
0,4.6086,0
0,4.6186,0
0,4.6287,0
0,4.6388,0
0,4.6489,0
0,4.6591,0
0,4.6691,0
0,4.6792,0
0,4.6893,0
0,4.6994,0
0,4.7095,1
0,4.7196,1
0,4.7298,1
0,4.7399,0
0,4.7499,0
0,4.76,0
0,4.7701,0
0,4.7811,0
0,4.7912,0
0,4.8014,0
0,4.8115,0
0,4.8218,0
0,4.8319,0
0,4.842,0
0,4.8521,0
0,4.8623,0
0,4.8723,0
0,4.8824,0
0,4.8925,0
0,4.9026,0
0,4.9127,0
0,4.9227,0
0,4.9328,0
0,4.9429,0
0,4.953,0
0,4.9631,0
0,4.9732,0
0,4.9832,0
0,4.9933,0
0,5.0034,0
0,5.0135,0
0,5.0236,0
0,5.0337,0
0,5.0438,0
0,5.0539,0
0,5.0639,0
0,5.074,0
0,5.0841,0
0,5.0942,0
0,5.1043,0
0,5.1144,0
0,5.1244,0
0,5.1345,0
0,5.1446,0
0,5.1547,0
0,5.1648,0
0,5.1749,0
0,5.1849,0
0,5.1951,0
0,5.2052,0
0,5.2153,1
0,5.2258,1
0,5.2359,1
0,5.249,1
0,5.2614,0
0,5.2715,0
0,5.2818,0
0,5.2919,0
0,5.3023,0
0,5.3126,0
0,5.3227,0
0,5.3328,0
0,5.3432,0
0,5.3533,0
0,5.3634,0
0,5.3735,0
0,5.3836,0
0,5.3937,0
0,5.4037,0
0,5.4138,0
0,5.4239,0
0,5.434,0
0,5.4441,0
0,5.4541,0
0,5.4642,0
0,5.4743,0
0,5.4844,0
0,5.4945,0
0,5.5045,0
0,5.5146,0
0,5.5247,0
0,5.5348,0
0,5.5449,0
0,5.5549,0
0,5.5651,0
0,5.5751,0
0,5.5852,0
0,5.5953,0
0,5.6054,0
0,5.6155,0
0,5.6256,0
0,5.6357,0
0,5.6457,0
0,5.6558,0
0,5.6659,0
0,5.676,0
0,5.6861,0
0,5.6962,0
0,5.7062,0
0,5.7163,1
0,5.7271,1
0,5.7372,1
0,5.749,0
0,5.7591,0
0,5.7692,0
0,5.7806,0
0,5.7934,0
0,5.8035,0
0,5.8136,0
0,5.8237,0
0,5.8351,0
0,5.8452,0
0,5.8553,0
0,5.8654,0
0,5.8755,0
0,5.8856,0
0,5.8956,0
0,5.9057,0
0,5.9158,0
0,5.9259,0
0,5.936,0
0,5.946,0
0,5.9561,0
0,5.9662,0
0,5.9763,0
0,5.9865,0
0,5.9966,0
0,6.0067,0
0,6.0168,0
0,6.0269,0
0,6.037,0
0,6.0471,0
0,6.0571,0
0,6.0672,0
0,6.0773,0
0,6.0874,0
0,6.0975,0
0,6.1076,0
0,6.1177,0
0,6.1277,0
0,6.1378,0
0,6.1479,0
0,6.158,0
0,6.1681,0
0,6.1781,0
0,6.1882,0
0,6.1983,0
0,6.2084,0
0,6.2189,1
0,6.2297,1
0,6.2411,1
0,6.2533,0
0,6.2635,0
0,6.2747,0
0,6.2848,0
0,6.2949,0
0,6.3069,0
0,6.3178,0
0,6.3284,0
0,6.3414,0
0,6.3515,0
0,6.3621,0
0,6.3722,0
0,6.3838,0
0,6.394,0
0,6.404,0
0,6.4141,0
0,6.4242,0
0,6.4343,0
0,6.4444,0
0,6.4545,0
0,6.4645,0
0,6.4746,0
0,6.4847,0
0,6.4948,0
0,6.5049,0
0,6.515,0
0,6.525,0
0,6.5351,0
0,6.5452,0
0,6.5553,0
0,6.5654,0
0,6.5755,0
0,6.5855,0
0,6.5956,0
0,6.6057,0
0,6.6158,0
0,6.6259,0
0,6.636,0
0,6.646,0
0,6.6561,0
0,6.6662,0
0,6.6763,0
0,6.6864,0
0,6.6965,0
0,6.7065,0
0,6.7167,1
0,6.731,1
0,6.7412,1
0,6.7513,1
0,6.7635,0
0,6.7736,0
0,6.7838,0
0,6.7939,0
0,6.8052,0
0,6.8153,0
0,6.8254,0
0,6.8355,0
0,6.8456,0
0,6.8557,0
0,6.8658,0
0,6.8759,0
0,6.886,0
0,6.8961,0
0,6.9061,0
0,6.9162,0
0,6.9263,0
0,6.9364,0
0,6.9465,0
0,6.9565,0
0,6.9666,0
0,6.9767,0
0,6.9868,0
0,6.9969,0
0,7.0069,0
0,7.017,0
0,7.0271,0
0,7.0372,0
0,7.0473,0
0,7.0574,0
0,7.0675,0
0,7.0775,0
0,7.0876,0
0,7.0977,0
0,7.1078,0
0,7.1179,0
0,7.1279,0
0,7.138,0
0,7.1481,0
0,7.1582,0
0,7.1683,0
0,7.1784,0
0,7.1885,0
0,7.1985,0
0,7.2086,0
0,7.2187,1
0,7.2288,1
0,7.2389,1
0,7.2506,0
0,7.2607,0
0,7.2708,0
0,7.2809,0
0,7.291,0
0,7.3011,0
0,7.3113,0
0,7.3214,0
0,7.3315,0
0,7.3416,0
0,7.3517,0
0,7.3618,0
0,7.3719,0
0,7.382,0
0,7.3921,0
0,7.4026,0
0,7.4127,0
0,7.4227,0
0,7.4328,0
0,7.4429,0
0,7.453,0
0,7.4631,0
0,7.4731,0
0,7.4832,0
0,7.4933,0
0,7.5034,0
0,7.5135,0
0,7.5236,0
0,7.5336,0
0,7.5437,0
0,7.5538,0
0,7.5639,0
0,7.574,0
0,7.584,0
0,7.5941,0
0,7.6042,0
0,7.6143,0
0,7.6244,0
0,7.6345,0
0,7.6445,0
0,7.6546,0
0,7.6647,0
0,7.6748,0
0,7.6849,0
0,7.695,0
0,7.7051,0
0,7.7152,0
0,7.7252,1
0,7.7354,1
0,7.7457,1
0,7.7596,0
0,7.7697,0
0,7.7813,0
0,7.7923,0
0,7.8024,0
0,7.8126,0
0,7.8228,0
0,7.8349,0
0,7.845,0
0,7.8551,0
0,7.8652,0
0,7.8753,0
0,7.8854,0
0,7.8954,0
0,7.9056,0
0,7.9157,0
0,7.9257,0
0,7.9358,0
0,7.9459,0
0,7.956,0
0,7.966,0
0,7.9761,0
0,7.9862,0
0,7.9963,0
0,8.0064,0
0,8.0164,0
0,8.0265,0
0,8.0366,0
0,8.0467,0
0,8.0568,0
0,8.0669,0
0,8.0769,0
0,8.087,0
0,8.0971,0
0,8.1072,0
0,8.1173,0
0,8.1274,0
0,8.1374,0
0,8.1475,0
0,8.1576,0
0,8.1677,0
0,8.1778,0
0,8.1878,0
0,8.1979,0
0,8.208,0
0,8.2181,0
0,8.2289,1
0,8.2394,1
0,8.2495,1
0,8.2625,0
0,8.2726,0
0,8.2827,0
0,8.2928,0
0,8.3029,0
0,8.3132,0
0,8.3234,0
0,8.3335,0
0,8.3437,0
0,8.3538,0
0,8.3639,0
0,8.3741,0
0,8.3841,0
0,8.3942,0
0,8.4043,0
0,8.4144,0
0,8.4245,0
0,8.4346,0
0,8.4447,0
0,8.4548,0
0,8.4648,0
0,8.4749,0
0,8.485,0
0,8.4951,0
0,8.5052,0
0,8.5153,0
0,8.5254,0
0,8.5355,0
0,8.5456,0
0,8.5557,0
0,8.5658,0
0,8.5759,0
0,8.586,0
0,8.5961,0
0,8.6062,0
0,8.6163,0
0,8.6264,0
0,8.6365,0
0,8.6466,0
0,8.6567,0
0,8.6667,0
0,8.6768,0
0,8.6869,0
0,8.697,0
0,8.7071,0
0,8.7172,0
0,8.7297,1
0,8.7399,1
0,8.7519,1
0,8.7645,1
0,8.7784,0
0,8.79,0
0,8.8027,0
0,8.8127,0
0,8.8228,0
0,8.8329,0
0,8.8431,0
0,8.8532,0
0,8.8633,0
0,8.8735,0
0,8.8836,0
0,8.8937,0
0,8.9038,0
0,8.9139,0
0,8.924,0
0,8.9349,0
0,8.9449,0
0,8.955,0
0,8.9651,0
0,8.9752,0
0,8.9853,0
0,8.9953,0
0,9.0054,0
0,9.0155,0
0,9.0256,0
0,9.0357,0
0,9.0457,0
0,9.0558,0
0,9.0659,0
0,9.076,0
0,9.0861,0
0,9.0962,0
0,9.1063,0
0,9.1163,0
0,9.1264,0
0,9.1365,0
0,9.1466,0
0,9.1567,0
0,9.1668,0
0,9.1768,0
0,9.1869,0
0,9.197,0
0,9.2071,0
0,9.2172,0
0,9.2308,1
0,9.2409,1
0,9.2549,1
0,9.2651,1
0,9.2752,0
0,9.2853,0
0,9.2954,0
0,9.3056,0
0,9.3157,0
0,9.3258,0
0,9.3365,0
0,9.3466,0
0,9.3566,0
0,9.3668,0
0,9.3769,0
0,9.3869,0
0,9.397,0
0,9.4071,0
0,9.4172,0
0,9.4272,0
0,9.4373,0
0,9.4474,0
0,9.4575,0
0,9.4676,0
0,9.4777,0
0,9.4878,0
0,9.4978,0
0,9.5079,0
0,9.518,0
0,9.5281,0
0,9.5382,0
0,9.5482,0
0,9.5583,0
0,9.5684,0
0,9.5785,0
0,9.5886,0
0,9.5987,0
0,9.6088,0
0,9.6188,0
0,9.6289,0
0,9.639,0
0,9.6491,0
0,9.6592,0
0,9.6692,0
0,9.6793,0
0,9.6894,0
0,9.6995,0
0,9.7096,0
0,9.7197,0
0,9.7309,1
0,9.741,1
0,9.7511,1
0,9.7638,0
0,9.7739,0
0,9.7841,0
0,9.7943,0
0,9.8045,0
0,9.8146,0
0,9.8248,0
0,9.8353,0
0,9.8455,0
0,9.8556,0
0,9.8657,0
0,9.8758,0
0,9.8859,0
0,9.896,0
0,9.9061,0
0,9.9161,0
0,9.9262,0
0,9.9363,0
0,9.9464,0
0,9.9565,0
0,9.9666,0
0,9.9767,0
0,9.9868,0
0,9.9968,0
0,10.0069,0
0,10.017,0
0,10.0271,0
0,10.0372,0
0,10.0473,0
0,10.0573,0
0,10.0674,0
0,10.0775,0
0,10.0876,0
0,10.0977,0
0,10.1078,0
0,10.1178,0
0,10.1279,0
0,10.138,0
0,10.1481,0
0,10.1582,0
0,10.1682,0
0,10.1783,0
0,10.1884,0
0,10.1985,0
0,10.2086,0
0,10.2187,0
0,10.2287,0
0,10.24,1
0,10.2501,1
0,10.2601,1
0,10.2702,0
0,10.2803,0
0,10.2904,0
0,10.3006,0
0,10.3107,0
0,10.3209,0
0,10.3309,0
0,10.3411,0
0,10.3512,0
0,10.3613,0
0,10.3714,0
0,10.3815,0
0,10.3916,0
0,10.4025,0
0,10.4126,0
0,10.4226,0
0,10.4327,0
0,10.4428,0
0,10.4529,0
0,10.463,0
0,10.4731,0
0,10.4831,0
0,10.4935,0
0,10.5036,0
0,10.5137,0
0,10.5237,0
0,10.5338,0
0,10.5439,0
0,10.554,0
0,10.5641,0
0,10.5741,0
0,10.5842,0
0,10.5943,0
0,10.6044,0
0,10.6145,0
0,10.6245,0
0,10.6346,0
0,10.6447,0
0,10.6548,0
0,10.6649,0
0,10.675,0
0,10.6851,0
0,10.6952,0
0,10.7052,0
0,10.7153,0
0,10.7254,0
0,10.7359,1
0,10.7474,1
0,10.7576,1
0,10.7698,0
0,10.781,0
0,10.7911,0
0,10.8028,0
0,10.8131,0
0,10.8232,0
0,10.8334,0
0,10.8441,0
0,10.8542,0
0,10.8643,0
0,10.8744,0
0,10.8845,0
0,10.8945,0
0,10.9046,0
0,10.9147,0
0,10.9248,0
0,10.9349,0
0,10.9449,0
0,10.955,0
0,10.9652,0
0,10.9753,0
0,10.9854,0
0,10.9955,0
0,11.0059,0
0,11.0159,0
0,11.026,0
0,11.0361,0
0,11.0462,0
0,11.0563,0
0,11.0664,0
0,11.0764,0
0,11.0865,0
0,11.0966,0
0,11.1067,0
0,11.1168,0
0,11.1269,0
0,11.1369,0
0,11.147,0
0,11.1571,0
0,11.1672,0
0,11.1773,0
0,11.1873,0
0,11.1974,0
0,11.2075,0
0,11.2176,0
0,11.2277,0
0,11.2378,0
0,11.2484,1
0,11.2589,1
0,11.269,1
0,11.2791,0
0,11.2892,0
0,11.3002,0
0,11.3103,0
0,11.3204,0
0,11.3306,0
0,11.3407,0
0,11.3509,0
0,11.361,0
0,11.3712,0
0,11.3813,0
0,11.3914,0
0,11.4015,0
0,11.4116,0
0,11.4217,0
0,11.4318,0
0,11.4419,0
0,11.4519,0
0,11.462,0
0,11.4721,0
0,11.4822,0
0,11.4923,0
0,11.5023,0
0,11.5124,0
0,11.5225,0
0,11.5326,0
0,11.5427,0
0,11.5527,0
0,11.5628,0
0,11.5729,0
0,11.583,0
0,11.5931,0
0,11.6032,0
0,11.6133,0
0,11.6234,0
0,11.6335,0
0,11.6436,0
0,11.6536,0
0,11.6637,0
0,11.6738,0
0,11.6839,0
0,11.694,0
0,11.7041,0
0,11.7142,0
0,11.7242,0
0,11.7343,0
0,11.7444,1
0,11.7545,1
0,11.7647,1
0,11.7778,0
0,11.7879,0
0,11.7981,0
0,11.8099,0
0,11.82,0
0,11.8301,0
0,11.8402,0
0,11.8504,0
0,11.8605,0
0,11.8715,0
0,11.8816,0
0,11.8917,0
0,11.9018,0
0,11.9119,0
0,11.9219,0
0,11.932,0
0,11.9421,0
0,11.9522,0
0,11.9623,0
0,11.9724,0
0,11.9826,0
0,11.9926,0
0,12.0027,0
0,12.0128,0
0,12.0229,0
0,12.0329,0
0,12.043,0
0,12.0531,0
0,12.0632,0
0,12.0733,0
0,12.0833,0
0,12.0934,0
0,12.1035,0
0,12.1136,0
0,12.1237,0
0,12.1337,0
0,12.1438,0
0,12.1539,0
0,12.164,0
0,12.1741,0
0,12.1842,0
0,12.1942,0
0,12.2043,0
0,12.2144,0
0,12.2245,0
0,12.2346,0
0,12.2447,0
0,12.2554,1
0,12.2655,1
0,12.2756,1
0,12.2857,0
0,12.2962,0
0,12.3063,0
0,12.3172,0
0,12.3275,0
0,12.3376,0
0,12.3477,0
0,12.3578,0
0,12.3679,0
0,12.378,0
0,12.3881,0
0,12.3982,0
0,12.4103,0
0,12.4204,0
0,12.4305,0
0,12.4406,0
0,12.4506,0
0,12.4607,0
0,12.4708,0
0,12.4809,0
0,12.491,0
0,12.5011,0
0,12.5112,0
0,12.5212,0
0,12.5313,0
0,12.5414,0
0,12.5515,0
0,12.5616,0
0,12.5717,0
0,12.5817,0
0,12.5918,0
0,12.6019,0
0,12.612,0
0,12.6221,0
0,12.6322,0
0,12.6423,0
0,12.6523,0
0,12.6624,0
0,12.6725,0
0,12.6826,0
0,12.6927,0
0,12.7027,0
0,12.7128,0
0,12.7229,0
0,12.733,0
0,12.7431,0
0,12.7549,1
0,12.7654,1
0,12.7755,1
0,12.7871,0
0,12.7972,0
0,12.8073,0
0,12.8196,0
0,12.8297,0
0,12.8398,0
0,12.8499,0
0,12.86,0
0,12.8749,0
0,12.885,0
0,12.8951,0
0,12.9052,0
0,12.9153,0
0,12.9254,0
0,12.9354,0
0,12.9455,0
0,12.9556,0
0,12.9657,0
0,12.9758,0
0,12.9859,0
0,12.996,0
0,13.0061,0
0,13.0161,0
0,13.0262,0
0,13.0363,0
0,13.0464,0
0,13.0565,0
0,13.0666,0
0,13.0767,0
0,13.0867,0
0,13.0968,0
0,13.1069,0
0,13.117,0
0,13.1271,0
0,13.1372,0
0,13.1473,0
0,13.1573,0
0,13.1674,0
0,13.1775,0
0,13.1876,0
0,13.1977,0
0,13.2077,0
0,13.2178,0
0,13.2279,0
0,13.238,0
0,13.2481,0
0,13.2588,1
0,13.2698,1
0,13.2799,1
0,13.2951,0
0,13.3052,0
0,13.3153,0
0,13.3254,0
0,13.3358,0
0,13.3461,0
0,13.3562,0
0,13.3664,0
0,13.3766,0
0,13.3867,0
0,13.3968,0
0,13.4068,0
0,13.4169,0
0,13.427,0
0,13.4371,0
0,13.4472,0
0,13.4573,0
0,13.4673,0
0,13.4774,0
0,13.4875,0
0,13.4976,0
0,13.5077,0
0,13.5178,0
0,13.5278,0
0,13.5379,0
0,13.548,0
0,13.5581,0
0,13.5682,0
0,13.5782,0
0,13.5883,0
0,13.5984,0
0,13.6085,0
0,13.6186,0
0,13.6287,0
0,13.6388,0
0,13.6488,0
0,13.6589,0
0,13.669,0
0,13.6791,0
0,13.6892,0
0,13.6993,0
0,13.7094,0
0,13.7197,0
0,13.7298,0
0,13.7398,0
0,13.7499,0
0,13.7613,1
0,13.7715,1
0,13.7816,1
0,13.797,0
0,13.8076,0
0,13.8182,0
0,13.8286,0
0,13.8387,0
0,13.8488,0
0,13.859,0
0,13.8692,0
0,13.8793,0
0,13.8894,0
0,13.8995,0
0,13.9102,0
0,13.9203,0
0,13.9304,0
0,13.9405,0
0,13.9506,0
0,13.9607,0
0,13.9708,0
0,13.981,0
0,13.9912,0
0,14.0014,0
0,14.0149,0
0,14.0255,0
0,14.0356,0
0,14.0457,0
0,14.0557,0
0,14.0658,0
0,14.0759,0
0,14.086,0
0,14.0961,0
0,14.1061,0
0,14.1162,0
0,14.1263,0
0,14.1364,0
0,14.1465,0
0,14.1565,0
0,14.1666,0
0,14.1767,0
0,14.1868,0
0,14.1969,0
0,14.207,0
0,14.2171,0
0,14.2271,0
0,14.2372,0
0,14.2473,0
0,14.258,0
0,14.2682,1
0,14.279,1
0,14.2915,0
0,14.3015,0
0,14.3116,0
0,14.3218,0
0,14.3319,0
0,14.342,0
0,14.3522,0
0,14.3627,0
0,14.3729,0
0,14.3833,0
0,14.3934,0
0,14.4035,0
0,14.4136,0
0,14.4237,0
0,14.4338,0
0,14.4439,0
0,14.4539,0
0,14.464,0
0,14.4741,0
0,14.4842,0
0,14.4943,0
0,14.5043,0
0,14.5144,0
0,14.5245,0
0,14.5346,0
0,14.5447,0
0,14.5547,0
0,14.5648,0
0,14.5749,0
0,14.585,0
0,14.5951,0
0,14.6051,0
0,14.6152,0
0,14.6253,0
0,14.6354,0
0,14.6455,0
0,14.6556,0
0,14.6657,0
0,14.6757,0
0,14.6858,0
0,14.6959,0
0,14.706,0
0,14.7161,0
0,14.7261,0
0,14.7362,0
0,14.7463,0
0,14.7564,0
0,14.768,1
0,14.7799,1
0,14.79,1
0,14.8001,0
0,14.8103,0
0,14.8204,0
0,14.8325,0
0,14.8426,0
0,14.8528,0
0,14.8636,0
0,14.8737,0
0,14.8839,0
0,14.894,0
0,14.904,0
0,14.9141,0
0,14.9242,0
0,14.9343,0
0,14.9444,0
0,14.9545,0
0,14.9645,0
0,14.9746,0
0,14.9847,0
0,14.9948,0
0,15.0049,0
0,15.015,0
0,15.0251,0
0,15.0351,0
0,15.0453,0
0,15.0553,0
0,15.0654,0
0,15.0755,0
0,15.0856,0
0,15.0956,0
0,15.1057,0
0,15.1158,0
0,15.1259,0
0,15.136,0
0,15.1461,0
0,15.1561,0
0,15.1662,0
0,15.1763,0
0,15.1864,0
0,15.1965,0
0,15.2066,0
0,15.2166,0
0,15.2267,0
0,15.2368,0
0,15.2469,0
0,15.257,0
0,15.2672,1
0,15.2774,1
0,15.2875,1
0,15.2977,1
0,15.3094,0
0,15.3195,0
0,15.3299,0
0,15.3401,0
0,15.351,0
0,15.3612,0
0,15.3713,0
0,15.3814,0
0,15.3915,0
0,15.4016,0
0,15.4117,0
0,15.4218,0
0,15.4319,0
0,15.442,0
0,15.4535,0
0,15.4636,0
0,15.4737,0
0,15.4837,0
0,15.4938,0
0,15.5039,0
0,15.514,0
0,15.5241,0
0,15.5341,0
0,15.5442,0
0,15.5543,0
0,15.5644,0
0,15.5745,0
0,15.5846,0
0,15.5946,0
0,15.6047,0
0,15.6148,0
0,15.6249,0
0,15.635,0
0,15.645,0
0,15.6551,0
0,15.6652,0
0,15.6753,0
0,15.6854,0
0,15.6955,0
0,15.7056,0
0,15.7156,0
0,15.7257,0
0,15.7358,0
0,15.7459,0
0,15.756,0
0,15.7661,0
0,15.7775,1
0,15.7876,1
0,15.7977,1
0,15.8081,0
0,15.8182,0
0,15.8283,0
0,15.8384,0
0,15.8485,0
0,15.8587,0
0,15.8688,0
0,15.8789,0
0,15.889,0
0,15.8991,0
0,15.9093,0
0,15.9194,0
0,15.9295,0
0,15.9396,0
0,15.9497,0
0,15.9598,0
0,15.9699,0
0,15.9799,0
0,15.99,0
0,16.0001,0
0,16.0102,0
0,16.0204,0
0,16.0305,0
0,16.0406,0
0,16.0507,0
0,16.0617,0
0,16.0718,0
0,16.0819,0
0,16.092,0
0,16.1021,0
0,16.1121,0
0,16.1222,0
0,16.1323,0
0,16.1424,0
0,16.1525,0
0,16.1626,0
0,16.1727,0
0,16.1827,0
0,16.1928,0
0,16.2029,0
0,16.213,0
0,16.2231,0
0,16.2332,0
0,16.2432,0
0,16.2533,0
0,16.2634,0
0,16.2741,0
0,16.291,1
0,16.3015,1
0,16.3134,1
0,16.3283,0
0,16.3384,0
0,16.3549,0
0,16.3651,0
0,16.3753,0
0,16.3857,0
0,16.3959,0
0,16.406,0
0,16.4187,0
0,16.4297,0
0,16.4398,0
0,16.4499,0
0,16.46,0
0,16.4701,0
0,16.4802,0
0,16.4903,0
0,16.5003,0
0,16.5104,0
0,16.5205,0
0,16.5306,0
0,16.5407,0
0,16.5508,0
0,16.5608,0
0,16.5709,0
0,16.581,0
0,16.5911,0
0,16.6012,0
0,16.6112,0
0,16.6213,0
0,16.6314,0
0,16.6415,0
0,16.6516,0
0,16.6621,0
0,16.6722,0
0,16.6823,0
0,16.6924,0
0,16.7025,0
0,16.7125,0
0,16.7226,0
0,16.7327,0
0,16.7428,0
0,16.7529,0
0,16.763,0
0,16.773,0
0,16.7869,1
0,16.7969,1
0,16.8075,1
0,16.8176,0
0,16.8277,0
0,16.8378,0
0,16.8479,0
0,16.858,0
0,16.8709,0
0,16.881,0
0,16.8912,0
0,16.9013,0
0,16.9114,0
0,16.9215,0
0,16.9316,0
0,16.9417,0
0,16.9518,0
0,16.9619,0
0,16.972,0
0,16.9821,0
0,16.9922,0
0,17.0022,0
0,17.0123,0
0,17.0224,0
0,17.0325,0
0,17.0426,0
0,17.0527,0
0,17.0627,0
0,17.0729,0
0,17.083,0
0,17.093,0
0,17.1031,0
0,17.1132,0
0,17.1233,0
0,17.1334,0
0,17.1434,0
0,17.1535,0
0,17.1636,0
0,17.1737,0
0,17.1838,0
0,17.1938,0
0,17.2039,0
0,17.214,0
0,17.2241,0
0,17.2342,0
0,17.2442,0
0,17.2544,0
0,17.2644,0
0,17.2745,0
0,17.2847,1
0,17.2947,1
0,17.3048,1
0,17.3184,0
0,17.3286,0
0,17.3387,0
0,17.3487,0
0,17.3588,0
0,17.3701,0
0,17.3802,0
0,17.3903,0
0,17.4004,0
0,17.4105,0
0,17.4207,0
0,17.4308,0
0,17.4409,0
0,17.4509,0
0,17.461,0
0,17.4711,0
0,17.4812,0
0,17.4913,0
0,17.5014,0
0,17.5114,0
0,17.5215,0
0,17.5316,0
0,17.5417,0
0,17.5518,0
0,17.5618,0
0,17.5719,0
0,17.582,0
0,17.5921,0
0,17.6022,0
0,17.6123,0
0,17.6223,0
0,17.6324,0
0,17.6425,0
0,17.6526,0
0,17.6627,0
0,17.6728,0
0,17.6828,0
0,17.6929,0
0,17.703,0
0,17.7131,0
0,17.7232,0
0,17.7332,0
0,17.7433,0
0,17.7534,0
0,17.7635,0
0,17.7736,0
0,17.7837,0
0,17.7938,1
0,17.8054,1
0,17.8156,1
0,17.8257,0
0,17.8358,0
0,17.8459,0
0,17.858,0
0,17.8681,0
0,17.8791,0
0,17.8892,0
0,17.8993,0
0,17.9094,0
0,17.9195,0
0,17.9296,0
0,17.9397,0
0,17.9498,0
0,17.9599,0
0,17.97,0
0,17.98,0
0,17.9901,0
0,18.0002,0
0,18.0103,0
0,18.0204,0
0,18.0305,0
0,18.0405,0
0,18.0506,0
0,18.0607,0
0,18.0708,0
0,18.0808,0
0,18.0909,0
0,18.1011,0
0,18.1112,0
0,18.1212,0
0,18.1313,0
0,18.1414,0
0,18.1515,0
0,18.1615,0
0,18.1716,0
0,18.1817,0
0,18.1918,0
0,18.2019,0
0,18.212,0
0,18.2221,0
0,18.2321,0
0,18.2422,0
0,18.2523,0
0,18.2624,0
0,18.2725,0
0,18.2826,0
0,18.295,1
0,18.3051,1
0,18.3152,1
0,18.3269,0
0,18.337,0
0,18.3471,0
0,18.3588,0
0,18.369,0
0,18.3813,0
0,18.3914,0
0,18.4015,0
0,18.4116,0
0,18.4217,0
0,18.4318,0
0,18.4419,0
0,18.452,0
0,18.4621,0
0,18.4722,0
0,18.4822,0
0,18.4923,0
0,18.5024,0
0,18.5125,0
0,18.5226,0
0,18.5327,0
0,18.5427,0
0,18.5528,0
0,18.5629,0
0,18.573,0
0,18.5831,0
0,18.5932,0
0,18.6032,0
0,18.6133,0
0,18.6234,0
0,18.6335,0
0,18.6436,0
0,18.6536,0
0,18.6637,0
0,18.6738,0
0,18.6839,0
0,18.694,0
0,18.7041,0
0,18.7141,0
0,18.7242,0
0,18.7343,0
0,18.7444,0
0,18.7545,0
0,18.7646,0
0,18.7746,0
0,18.7847,0
0,18.7988,1
0,18.8089,1
0,18.8192,1
0,18.8293,0
0,18.8428,0
0,18.8529,0
0,18.863,0
0,18.8731,0
0,18.8833,0
0,18.8934,0
0,18.9036,0
0,18.9139,0
0,18.924,0
0,18.9341,0
0,18.945,0
0,18.9551,0
0,18.9651,0
0,18.9752,0
0,18.9853,0
0,18.9954,0
0,19.0055,0
0,19.0156,0
0,19.0257,0
0,19.0358,0
0,19.0458,0
0,19.0559,0
0,19.066,0
0,19.0761,0
0,19.0862,0
0,19.0962,0
0,19.1064,0
0,19.1165,0
0,19.1265,0
0,19.1366,0
0,19.1467,0
0,19.1568,0
0,19.1669,0
0,19.1769,0
0,19.187,0
0,19.1971,0
0,19.2072,0
0,19.2173,0
0,19.2273,0
0,19.2374,0
0,19.2475,0
0,19.2576,0
0,19.2677,0
0,19.2777,0
0,19.2878,0
0,19.3033,1
0,19.3134,1
0,19.3235,1
0,19.3348,0
0,19.345,0
0,19.3551,0
0,19.3651,0
0,19.3752,0
0,19.3855,0
0,19.3956,0
0,19.4057,0
0,19.4158,0
0,19.4259,0
0,19.436,0
0,19.4462,0
0,19.4562,0
0,19.4663,0
0,19.4764,0
0,19.4865,0
0,19.4966,0
0,19.5067,0
0,19.5167,0
0,19.5268,0
0,19.5369,0
0,19.547,0
0,19.5571,0
0,19.5671,0
0,19.5772,0
0,19.5873,0
0,19.5974,0
0,19.6075,0
0,19.6176,0
0,19.6277,0
0,19.6377,0
0,19.6478,0
0,19.6579,0
0,19.668,0
0,19.6781,0
0,19.6882,0
0,19.6983,0
0,19.7084,0
0,19.7184,0
0,19.7285,0
0,19.7386,0
0,19.7487,0
0,19.7588,0
0,19.7689,0
0,19.7789,0
0,19.789,0
0,19.7991,0
0,19.8092,1
0,19.8194,1
0,19.83,1
0,19.8424,0
0,19.8525,0
0,19.8632,0
0,19.8733,0
0,19.8835,0
0,19.8937,0
0,19.9038,0
0,19.9139,0
0,19.924,0
0,19.9341,0
0,19.9442,0
0,19.9543,0
0,19.9644,0
0,19.9745,0
0,19.9846,0
0,19.9946,0
0,20.0047,0
0,20.0148,0
0,20.0249,0
0,20.035,0
0,20.045,0
0,20.0551,0
0,20.0652,0
0,20.0753,0
0,20.0854,0
0,20.0955,0
0,20.1055,0
0,20.1156,0
0,20.1257,0
0,20.1358,0
0,20.1459,0
0,20.156,0
0,20.1661,0
0,20.1762,0
0,20.1862,0
0,20.1963,0
0,20.2064,0
0,20.2165,0
0,20.2266,0
0,20.2367,0
0,20.2467,0
0,20.2568,0
0,20.2669,0
0,20.277,0
0,20.2871,0
0,20.2972,0
0,20.311,1
0,20.3211,1
0,20.3312,1
0,20.3413,1
0,20.3538,0
0,20.3639,0
0,20.3744,0
0,20.3852,0
0,20.3954,0
0,20.4055,0
0,20.4156,0
0,20.4257,0
0,20.4358,0
0,20.4459,0
0,20.456,0
0,20.4661,0
0,20.4762,0
0,20.4863,0
0,20.4964,0
0,20.5064,0
0,20.5165,0
0,20.5266,0
0,20.5367,0
0,20.5468,0
0,20.5569,0
0,20.567,0
0,20.577,0
0,20.5871,0
0,20.5972,0
0,20.6073,0
0,20.6174,0
0,20.6275,0
0,20.6375,0
0,20.6476,0
0,20.6577,0
0,20.6678,0
0,20.6779,0
0,20.688,0
0,20.698,0
0,20.7081,0
0,20.7182,0
0,20.7283,0
0,20.7384,0
0,20.7485,0
0,20.7586,0
0,20.7686,0
0,20.7787,0
0,20.7888,0
0,20.7989,0
0,20.809,0
0,20.8233,1
0,20.8334,1
0,20.8452,1
0,20.8582,0
0,20.8682,0
0,20.8783,0
0,20.8885,0
0,20.8986,0
0,20.9087,0
0,20.9188,0
0,20.9289,0
0,20.9391,0
0,20.9492,0
0,20.9593,0
0,20.9695,0
0,20.9796,0
0,20.9897,0
0,20.9997,0
0,21.0098,0
0,21.0199,0
0,21.03,0
0,21.04,0
0,21.0501,0
0,21.0602,0
0,21.0703,0
0,21.0803,0
0,21.0904,0
0,21.1005,0
0,21.1106,0
0,21.1207,0
0,21.1307,0
0,21.1409,0
0,21.151,0
0,21.161,0
0,21.1711,0
0,21.1812,0
0,21.1913,0
0,21.2014,0
0,21.2114,0
0,21.2215,0
0,21.2316,0
0,21.2417,0
0,21.2518,0
0,21.2619,0
0,21.2719,0
0,21.282,0
0,21.2922,0
0,21.3023,0
0,21.3124,0
0,21.3225,1
0,21.335,1
0,21.3451,1
0,21.3576,1
0,21.3678,0
0,21.3787,0
0,21.3909,0
0,21.4039,0
0,21.4157,0
0,21.427,0
0,21.4371,0
0,21.4473,0
0,21.4574,0
0,21.4675,0
0,21.4776,0
0,21.4877,0
0,21.4978,0
0,21.5079,0
0,21.5179,0
0,21.528,0
0,21.5381,0
0,21.5482,0
0,21.5583,0
0,21.5683,0
0,21.5784,0
0,21.5885,0
0,21.5986,0
0,21.6087,0
0,21.6188,0
0,21.6288,0
0,21.6389,0
0,21.649,0
0,21.6591,0
0,21.6692,0
0,21.6793,0
0,21.6894,0
0,21.6994,0
0,21.7095,0
0,21.7196,0
0,21.7297,0
0,21.7398,0
0,21.7498,0
0,21.7599,0
0,21.77,0
0,21.7801,0
0,21.7902,0
0,21.8003,0
0,21.8104,0
0,21.8205,0
0,21.8307,1
0,21.8411,1
0,21.8512,1
0,21.8617,0
0,21.8718,0
0,21.8819,0
0,21.892,0
0,21.9021,0
0,21.9133,0
0,21.9236,0
0,21.9337,0
0,21.9438,0
0,21.9539,0
0,21.964,0
0,21.9741,0
0,21.9842,0
0,21.9943,0
0,22.0044,0
0,22.0145,0
0,22.0246,0
0,22.0347,0
0,22.0447,0
0,22.0548,0
0,22.0649,0
0,22.075,0
0,22.0851,0
0,22.0952,0
0,22.1053,0
0,22.1153,0
0,22.1254,0
0,22.1355,0
0,22.1456,0
0,22.1557,0
0,22.1658,0
0,22.1759,0
0,22.186,0
0,22.196,0
0,22.2061,0
0,22.2162,0
0,22.2263,0
0,22.2364,0
0,22.2465,0
0,22.2565,0
0,22.2666,0
0,22.2767,0
0,22.2868,0
0,22.2969,0
0,22.307,0
0,22.317,0
0,22.3272,1
0,22.3373,1
0,22.3474,1
0,22.3575,1
0,22.3691,0
0,22.3793,0
0,22.3894,0
0,22.3995,0
0,22.4111,0
0,22.4213,0
0,22.4349,0
0,22.445,0
0,22.4551,0
0,22.4652,0
0,22.4753,0
0,22.4854,0
0,22.4955,0
0,22.5056,0
0,22.5156,0
0,22.5257,0
0,22.5358,0
0,22.5459,0
0,22.556,0
0,22.5661,0
0,22.5761,0
0,22.5862,0
0,22.5963,0
0,22.6064,0
0,22.6165,0
0,22.6265,0
0,22.6366,0
0,22.6467,0
0,22.6568,0
0,22.6669,0
0,22.677,0
0,22.687,0
0,22.6971,0
0,22.7072,0
0,22.7173,0
0,22.7274,0
0,22.7375,0
0,22.7476,0
0,22.7576,0
0,22.7677,0
0,22.7778,0
0,22.7879,0
0,22.7979,0
0,22.808,0
0,22.8181,0
0,22.8286,0
0,22.8387,1
0,22.8503,1
0,22.8645,0
0,22.8761,0
0,22.8862,0
0,22.8963,0
0,22.9064,0
0,22.9165,0
0,22.9267,0
0,22.9372,0
0,22.9473,0
0,22.9574,0
0,22.9675,0
0,22.9776,0
0,22.9878,0
0,22.9979,0
0,23.0079,0
0,23.018,0
0,23.0281,0
0,23.0382,0
0,23.0483,0
0,23.0583,0
0,23.0684,0
0,23.0785,0
0,23.0886,0
0,23.0987,0
0,23.1087,0
0,23.1188,0
0,23.1289,0
0,23.139,0
0,23.1491,0
0,23.1592,0
0,23.1692,0
0,23.1806,0
0,23.1907,0
0,23.2008,0
0,23.2109,0
0,23.221,0
0,23.231,0
0,23.2411,0
0,23.2512,0
0,23.2613,0
0,23.2714,0
0,23.2814,0
0,23.2915,0
0,23.3016,0
0,23.3117,0
0,23.3218,0
0,23.3318,0
0,23.3419,1
0,23.3531,1
0,23.3655,0
0,23.3763,0
0,23.3864,0
0,23.3966,0
0,23.4072,0
0,23.4179,0
0,23.428,0
0,23.4381,0
0,23.4482,0
0,23.4583,0
0,23.4684,0
0,23.4785,0
0,23.4887,0
0,23.4988,0
0,23.5089,0
0,23.519,0
0,23.5291,0
0,23.5391,0
0,23.5492,0
0,23.5593,0
0,23.5694,0
0,23.5795,0
0,23.5896,0
0,23.5996,0
0,23.6097,0
0,23.6198,0
0,23.6299,0
0,23.6399,0
0,23.65,0
0,23.6601,0
0,23.6702,0
0,23.6803,0
0,23.6904,0
0,23.7004,0
0,23.7105,0
0,23.7206,0
0,23.7307,0
0,23.7408,0
0,23.7509,0
0,23.761,0
0,23.7711,0
0,23.7811,0
0,23.7912,0
0,23.8013,0
0,23.8114,0
0,23.8215,0
0,23.8315,0
0,23.8417,1
0,23.8518,1
0,23.8618,1
0,23.8719,1
0,23.8882,0
0,23.8983,0
0,23.9084,0
0,23.9186,0
0,23.9291,0
0,23.9392,0
0,23.9493,0
0,23.9594,0
0,23.9695,0
0,23.9796,0
0,23.9897,0
0,23.9998,0
0,24.0099,0
0,24.02,0
0,24.0301,0
0,24.0402,0
0,24.0503,0
0,24.0604,0
0,24.0705,0
0,24.0824,0
0,24.0924,0
0,24.1025,0
0,24.1126,0
0,24.1229,0
0,24.133,0
0,24.1431,0
0,24.1531,0
0,24.1632,0
0,24.1733,0
0,24.1834,0
0,24.1936,0
0,24.2037,0
0,24.2138,0
0,24.2239,0
0,24.234,0
0,24.2441,0
0,24.2542,0
0,24.2643,0
0,24.2744,0
0,24.2845,0
0,24.2946,0
0,24.3047,0
0,24.3148,0
0,24.3249,0
0,24.335,0
0,24.3451,1
0,24.3554,1
0,24.3655,1
0,24.3795,0
0,24.3902,0
0,24.4006,0
0,24.4107,0
0,24.4208,0
0,24.4309,0
0,24.4413,0
0,24.4514,0
0,24.4615,0
0,24.4717,0
0,24.4824,0
0,24.4925,0
0,24.5026,0
0,24.5127,0
0,24.5228,0
0,24.5328,0
0,24.5429,0
0,24.553,0
0,24.5631,0
0,24.5732,0
0,24.5833,0
0,24.5933,0
0,24.6034,0
0,24.6135,0
0,24.6236,0
0,24.6337,0
0,24.6437,0
0,24.6538,0
0,24.6639,0
0,24.674,0
0,24.6841,0
0,24.6942,0
0,24.7042,0
0,24.7143,0
0,24.7244,0
0,24.7345,0
0,24.7446,0
0,24.7547,0
0,24.7648,0
0,24.7748,0
0,24.7849,0
0,24.795,0
0,24.8051,0
0,24.8152,0
0,24.8253,0
0,24.8353,0
0,24.8518,1
0,24.8619,1
0,24.872,1
0,24.8841,0
0,24.8942,0
0,24.9044,0
0,24.9145,0
0,24.9247,0
0,24.9349,0
0,24.945,0
0,24.9552,0
0,24.9653,0
0,24.9754,0
0,24.9855,0
0,24.9955,0
0,25.0058,0
0,25.0159,0
0,25.026,0
0,25.036,0
0,25.0461,0
0,25.0562,0
0,25.0663,0
0,25.0764,0
0,25.0875,0
0,25.0976,0
0,25.1077,0
0,25.1178,0
0,25.1279,0
0,25.1379,0
0,25.148,0
0,25.1581,0
0,25.1682,0
0,25.1785,0
0,25.1885,0
0,25.1986,0
0,25.2087,0
0,25.2189,0
0,25.2289,0
0,25.239,0
0,25.2491,0
0,25.2592,0
0,25.2693,0
0,25.2794,0
0,25.2894,0
0,25.2995,0
0,25.3096,0
0,25.3197,0
0,25.3298,0
0,25.3398,0
0,25.35,1
0,25.3608,1
0,25.3708,1
0,25.3849,0
0,25.395,0
0,25.4056,0
0,25.4157,0
0,25.4258,0
0,25.4359,0
0,25.4462,0
0,25.4563,0
0,25.4664,0
0,25.4764,0
0,25.4884,0
0,25.4985,0
0,25.5087,0
0,25.5189,0
0,25.5289,0
0,25.539,0
0,25.5491,0
0,25.5592,0
0,25.5692,0
0,25.5793,0
0,25.5894,0
0,25.5995,0
0,25.6096,0
0,25.6197,0
0,25.6297,0
0,25.6398,0
0,25.6499,0
0,25.66,0
0,25.6701,0
0,25.6801,0
0,25.6902,0
0,25.7003,0
0,25.7104,0
0,25.7205,0
0,25.7305,0
0,25.7406,0
0,25.7507,0
0,25.7608,0
0,25.7712,0
0,25.7813,0
0,25.7914,0
0,25.8015,0
0,25.8116,0
0,25.8217,0
0,25.8317,0
0,25.8418,0
0,25.8527,1
0,25.8633,1
0,25.8735,1
0,25.8838,1
0,25.8939,0
0,25.904,0
0,25.914,0
0,25.9242,0
0,25.9343,0
0,25.9446,0
0,25.9546,0
0,25.9648,0
0,25.9749,0
0,25.985,0
0,25.9951,0
0,26.0052,0
0,26.0153,0
0,26.0254,0
0,26.0355,0
0,26.0455,0
0,26.0556,0
0,26.0657,0
0,26.0758,0
0,26.0859,0
0,26.096,0
0,26.1061,0
0,26.1161,0
0,26.1262,0
0,26.1363,0
0,26.1464,0
0,26.1565,0
0,26.1665,0
0,26.1766,0
0,26.1867,0
0,26.1968,0
0,26.2069,0
0,26.2169,0
0,26.227,0
0,26.2371,0
0,26.2472,0
0,26.2573,0
0,26.2674,0
0,26.2775,0
0,26.2876,0
0,26.2977,0
0,26.3088,0
0,26.3189,0
0,26.329,0
0,26.3391,0
0,26.3492,0
0,26.3593,1
0,26.3748,1
0,26.3849,1
0,26.3978,0
0,26.4079,0
0,26.4179,0
0,26.4281,0
0,26.4383,0
0,26.45,0
0,26.4601,0
0,26.4703,0
0,26.4804,0
0,26.4905,0
0,26.5006,0
0,26.5107,0
0,26.5208,0
0,26.5309,0
0,26.541,0
0,26.551,0
0,26.5611,0
0,26.5712,0
0,26.5813,0
0,26.5913,0
0,26.6014,0
0,26.6115,0
0,26.6216,0
0,26.6317,0
0,26.6418,0
0,26.6518,0
0,26.6619,0
0,26.672,0
0,26.6821,0
0,26.6922,0
0,26.7023,0
0,26.7123,0
0,26.7224,0
0,26.7325,0
0,26.7426,0
0,26.7527,0
0,26.7628,0
0,26.7728,0
0,26.7829,0
0,26.793,0
0,26.8031,0
0,26.8132,0
0,26.8232,0
0,26.8333,0
0,26.8434,0
0,26.8535,0
0,26.864,1
0,26.8743,1
0,26.8858,1
0,26.8969,0
0,26.907,0
0,26.9171,0
0,26.9272,0
0,26.9373,0
0,26.9475,0
0,26.9576,0
0,26.9677,0
0,26.9778,0
0,26.9879,0
0,26.998,0
0,27.008,0
0,27.0181,0
0,27.0282,0
0,27.0383,0
0,27.0484,0
0,27.0585,0
0,27.0686,0
0,27.0786,0
0,27.0887,0
0,27.0988,0
0,27.1089,0
0,27.119,0
0,27.1291,0
0,27.1391,0
0,27.1492,0
0,27.1593,0
0,27.1694,0
0,27.1795,0
0,27.1895,0
0,27.1996,0
0,27.2097,0
0,27.2198,0
0,27.2299,0
0,27.24,0
0,27.2501,0
0,27.2602,0
0,27.2703,0
0,27.2803,0
0,27.2904,0
0,27.3005,0
0,27.3106,0
0,27.3207,0
0,27.3308,0
0,27.3408,0
0,27.3509,0
0,27.3611,1
0,27.3718,1
0,27.3824,1
0,27.3954,0
0,27.4071,0
0,27.4172,0
0,27.4274,0
0,27.4375,0
0,27.4476,0
0,27.4582,0
0,27.4683,0
0,27.4784,0
0,27.4885,0
0,27.4986,0
0,27.5087,0
0,27.5188,0
0,27.5289,0
0,27.539,0
0,27.5491,0
0,27.5592,0
0,27.5693,0
0,27.5793,0
0,27.5894,0
0,27.5995,0
0,27.6096,0
0,27.6197,0
0,27.6298,0
0,27.6398,0
0,27.6499,0
0,27.66,0
0,27.6701,0
0,27.6802,0
0,27.6903,0
0,27.7004,0
0,27.7104,0
0,27.7205,0
0,27.7306,0
0,27.7407,0
0,27.7508,0
0,27.7608,0
0,27.7709,0
0,27.781,0
0,27.7911,0
0,27.8012,0
0,27.8113,0
0,27.8214,0
0,27.8315,0
0,27.8415,0
0,27.8516,0
0,27.8625,0
0,27.8737,1
0,27.8885,1
0,27.8992,0
0,27.9092,0
0,27.9205,0
0,27.9306,0
0,27.9407,0
0,27.9508,0
0,27.961,0
0,27.974,0
0,27.9841,0
0,27.9943,0
0,28.0044,0
0,28.0144,0
0,28.0246,0
0,28.0346,0
0,28.0447,0
0,28.0548,0
0,28.0649,0
0,28.075,0
0,28.0851,0
0,28.0952,0
0,28.1053,0
0,28.1154,0
0,28.1255,0
0,28.1356,0
0,28.1457,0
0,28.1558,0
0,28.1658,0
0,28.1759,0
0,28.186,0
0,28.1961,0
0,28.2062,0
0,28.2162,0
0,28.2263,0
0,28.2364,0
0,28.2465,0
0,28.2566,0
0,28.2667,0
0,28.2768,0
0,28.2869,0
0,28.2969,0
0,28.307,0
0,28.3171,0
0,28.3272,0
0,28.3373,0
0,28.3473,0
0,28.3574,0
0,28.3675,1
0,28.3776,1
0,28.3883,1
0,28.3984,1
0,28.4111,0
0,28.4212,0
0,28.4313,0
0,28.4417,0
0,28.4517,0
0,28.4619,0
0,28.4721,0
0,28.4822,0
0,28.4924,0
0,28.5025,0
0,28.5126,0
0,28.5227,0
0,28.5328,0
0,28.5428,0
0,28.5529,0
0,28.563,0
0,28.5731,0
0,28.5832,0
0,28.5933,0
0,28.6033,0
0,28.6134,0
0,28.6235,0
0,28.6336,0
0,28.6437,0
0,28.6538,0
0,28.6639,0
0,28.674,0
0,28.6841,0
0,28.6941,0
0,28.7042,0
0,28.7143,0
0,28.7244,0
0,28.7344,0
0,28.7445,0
0,28.7546,0
0,28.7647,0
0,28.7748,0
0,28.7849,0
0,28.7949,0
0,28.805,0
0,28.8151,0
0,28.8252,0
0,28.8353,0
0,28.8454,0
0,28.8555,0
0,28.8655,0
0,28.8757,1
0,28.8859,1
0,28.8961,1
0,28.9071,0
0,28.9172,0
0,28.9284,0
0,28.9386,0
0,28.9487,0
0,28.9607,0
0,28.9709,0
0,28.9811,0
0,28.9912,0
0,29.0013,0
0,29.0114,0
0,29.0215,0
0,29.0316,0
0,29.0417,0
0,29.0518,0
0,29.0619,0
0,29.0719,0
0,29.082,0
0,29.0921,0
0,29.1022,0
0,29.1128,0
0,29.1229,0
0,29.1329,0
0,29.143,0
0,29.1531,0
0,29.1632,0
0,29.1733,0
0,29.1834,0
0,29.1934,0
0,29.2035,0
0,29.2136,0
0,29.2237,0
0,29.2338,0
0,29.2439,0
0,29.254,0
0,29.264,0
0,29.2741,0
0,29.2843,0
0,29.2943,0
0,29.3044,0
0,29.3145,0
0,29.3246,0
0,29.3347,0
0,29.3448,0
0,29.3548,0
0,29.3649,0
0,29.3751,1
0,29.3861,1
0,29.3962,1
0,29.4063,0
0,29.4164,0
0,29.431,0
0,29.4442,0
0,29.4547,0
0,29.4648,0
0,29.4749,0
0,29.485,0
0,29.4952,0
0,29.5053,0
0,29.5157,0
0,29.5258,0
0,29.5359,0
0,29.546,0
0,29.5561,0
0,29.5662,0
0,29.5763,0
0,29.5864,0
0,29.5965,0
0,29.6066,0
0,29.6167,0
0,29.6267,0
0,29.6368,0
0,29.6469,0
0,29.657,0
0,29.6671,0
0,29.6772,0
0,29.6872,0
0,29.6973,0
0,29.7074,0
0,29.7175,0
0,29.7276,0
0,29.7376,0
0,29.7477,0
0,29.7578,0
0,29.7679,0
0,29.778,0
0,29.7881,0
0,29.7982,0
0,29.8082,0
0,29.8183,0
0,29.8284,0
0,29.8385,0
0,29.8486,0
0,29.8587,0
0,29.8688,0
0,29.8811,1
0,29.8912,1
0,29.9013,1
0,29.9119,0
0,29.922,0
0,29.9321,0
0,29.9423,0
0,29.9536,0
0,29.9637,0
0,29.9743,0
0,29.9846,0
0,29.9947,0
0,30.0048,0
0,30.0149,0
0,30.025,0
0,30.035,0
0,30.0451,0
0,30.0552,0
0,30.0653,0
0,30.0757,0
0,30.0858,0
0,30.0959,0
0,30.1059,0
0,30.1161,0
0,30.1261,0
0,30.1362,0
0,30.1463,0
0,30.1564,0
0,30.1665,0
0,30.1765,0
0,30.1866,0
0,30.1967,0
0,30.2068,0
0,30.2169,0
0,30.227,0
0,30.2371,0
0,30.2471,0
0,30.2572,0
0,30.2673,0
0,30.2774,0
0,30.2875,0
0,30.2976,0
0,30.3077,0
0,30.3178,0
0,30.3279,0
0,30.3379,0
0,30.348,0
0,30.3581,0
0,30.3682,0
0,30.3789,1
0,30.3915,1
0,30.4016,1
0,30.4141,0
0,30.4242,0
0,30.4343,0
0,30.4444,0
0,30.455,0
0,30.4652,0
0,30.4753,0
0,30.4867,0
0,30.4968,0
0,30.5069,0
0,30.5179,0
0,30.528,0
0,30.538,0
0,30.5481,0
0,30.5582,0
0,30.5683,0
0,30.5787,0
0,30.5888,0
0,30.5989,0
0,30.6089,0
0,30.619,0
0,30.6291,0
0,30.6392,0
0,30.6493,0
0,30.6594,0
0,30.6694,0
0,30.6795,0
0,30.6896,0
0,30.6997,0
0,30.7098,0
0,30.7198,0
0,30.7299,0
0,30.74,0
0,30.7501,0
0,30.7602,0
0,30.7702,0
0,30.7803,0
0,30.7904,0
0,30.8005,0
0,30.8106,0
0,30.8206,0
0,30.8309,0
0,30.841,0
0,30.8511,0
0,30.8611,0
0,30.8712,0
0,30.8813,1
0,30.8926,1
0,30.904,1
0,30.9144,1
0,30.9251,0
0,30.9353,0
0,30.9454,0
0,30.9556,0
0,30.9658,0
0,30.976,0
0,30.9861,0
0,30.9962,0
0,31.0063,0
0,31.0164,0
0,31.0265,0
0,31.0366,0
0,31.0466,0
0,31.0567,0
0,31.0668,0
0,31.0769,0
0,31.087,0
0,31.0971,0
0,31.1072,0
0,31.1173,0
0,31.1273,0
0,31.1374,0
0,31.1475,0
0,31.1576,0
0,31.1677,0
0,31.1777,0
0,31.1878,0
0,31.1979,0
0,31.208,0
0,31.2181,0
0,31.2281,0
0,31.2382,0
0,31.2483,0
0,31.2584,0
0,31.2685,0
0,31.2785,0
0,31.2886,0
0,31.2988,0
0,31.3089,0
0,31.319,0
0,31.331,0
0,31.3427,0
0,31.3528,0
0,31.3629,0
0,31.373,0
0,31.3852,1
0,31.397,1
0,31.4085,1
0,31.4186,0
0,31.4287,0
0,31.4392,0
0,31.4493,0
0,31.4595,0
0,31.4696,0
0,31.4797,0
0,31.4898,0
0,31.4999,0
0,31.51,0
0,31.5201,0
0,31.5302,0
0,31.5403,0
0,31.5504,0
0,31.5604,0
0,31.5705,0
0,31.5806,0
0,31.591,0
0,31.6011,0
0,31.6112,0
0,31.6212,0
0,31.6313,0
0,31.6414,0
0,31.6515,0
0,31.6616,0
0,31.6716,0
0,31.6817,0
0,31.6918,0
0,31.7019,0
0,31.712,0
0,31.722,0
0,31.7321,0
0,31.7422,0
0,31.7523,0
0,31.7624,0
0,31.7724,0
0,31.7825,0
0,31.7926,0
0,31.8027,0
0,31.8128,0
0,31.8228,0
0,31.8329,0
0,31.843,0
0,31.8531,0
0,31.8632,0
0,31.8733,0
0,31.8888,1
0,31.8989,1
0,31.909,1
0,31.9206,0
0,31.9314,0
0,31.9415,0
0,31.9516,0
0,31.9617,0
0,31.9719,0
0,31.9821,0
0,31.9923,0
0,32.0024,0
0,32.0125,0
0,32.0226,0
0,32.0327,0
0,32.0427,0
0,32.0528,0
0,32.0629,0
0,32.073,0
0,32.083,0
0,32.0932,0
0,32.1032,0
0,32.1133,0
0,32.1234,0
0,32.1335,0
0,32.1436,0
0,32.1536,0
0,32.1637,0
0,32.1738,0
0,32.1839,0
0,32.194,0
0,32.2041,0
0,32.2141,0
0,32.2242,0
0,32.2343,0
0,32.2444,0
0,32.2545,0
0,32.2646,0
0,32.2747,0
0,32.2848,0
0,32.2948,0
0,32.3049,0
0,32.315,0
0,32.3251,0
0,32.3352,0
0,32.3453,0
0,32.3554,0
0,32.3655,0
0,32.3756,0
0,32.3878,1
0,32.3979,1
0,32.4085,1
0,32.4192,1
0,32.4293,0
0,32.4394,0
0,32.4496,0
0,32.4597,0
0,32.4698,0
0,32.4799,0
0,32.4902,0
0,32.5004,0
0,32.5107,0
0,32.5208,0
0,32.5309,0
0,32.5409,0
0,32.551,0
0,32.5611,0
0,32.5712,0
0,32.5813,0
0,32.5914,0
0,32.6016,0
0,32.6117,0
0,32.6218,0
0,32.6319,0
0,32.6419,0
0,32.652,0
0,32.6621,0
0,32.6722,0
0,32.6823,0
0,32.6924,0
0,32.7024,0
0,32.7125,0
0,32.7226,0
0,32.7327,0
0,32.7428,0
0,32.7529,0
0,32.7629,0
0,32.773,0
0,32.7831,0
0,32.7932,0
0,32.8033,0
0,32.8133,0
0,32.8234,0
0,32.8335,0
0,32.8436,0
0,32.8537,0
0,32.8638,0
0,32.8739,0
0,32.8839,0
0,32.8941,1
0,32.9051,1
0,32.9152,1
0,32.9306,0
0,32.9446,0
0,32.9547,0
0,32.9648,0
0,32.975,0
0,32.9852,0
0,32.9953,0
0,33.0054,0
0,33.0155,0
0,33.0256,0
0,33.0357,0
0,33.0457,0
0,33.0558,0
0,33.0659,0
0,33.076,0
0,33.0861,0
0,33.0961,0
0,33.1063,0
0,33.1163,0
0,33.1264,0
0,33.1365,0
0,33.1466,0
0,33.1567,0
0,33.1668,0
0,33.1769,0
0,33.1869,0
0,33.197,0
0,33.2071,0
0,33.2172,0
0,33.2273,0
0,33.2373,0
0,33.2474,0
0,33.2575,0
0,33.2676,0
0,33.2777,0
0,33.2878,0
0,33.2978,0
0,33.3079,0
0,33.318,0
0,33.3281,0
0,33.3382,0
0,33.3483,0
0,33.3584,0
0,33.3685,0
0,33.3786,0
0,33.3886,0
0,33.4004,1
0,33.4118,1
0,33.4219,1
0,33.4341,0
0,33.4442,0
0,33.4543,0
0,33.4644,0
0,33.4745,0
0,33.4851,0
0,33.4952,0
0,33.5053,0
0,33.5156,0
0,33.5257,0
0,33.5364,0
0,33.5464,0
0,33.5565,0
0,33.5666,0
0,33.5767,0
0,33.5868,0
0,33.5969,0
0,33.607,0
0,33.617,0
0,33.6271,0
0,33.6372,0
0,33.6473,0
0,33.6574,0
0,33.6675,0
0,33.6775,0
0,33.6876,0
0,33.6977,0
0,33.7078,0
0,33.7179,0
0,33.7279,0
0,33.738,0
0,33.7481,0
0,33.7582,0
0,33.7683,0
0,33.7784,0
0,33.7884,0
0,33.7985,0
0,33.8086,0
0,33.8187,0
0,33.8288,0
0,33.8389,0
0,33.8489,0
0,33.859,0
0,33.8691,0
0,33.8792,0
0,33.8892,0
0,33.8994,1
0,33.9096,1
0,33.9211,1
0,33.935,0
0,33.9454,0
0,33.9623,0
0,33.9724,0
0,33.9825,0
0,33.9938,0
0,34.004,0
0,34.0141,0
0,34.0242,0
0,34.0343,0
0,34.0444,0
0,34.0545,0
0,34.0646,0
0,34.0747,0
0,34.0848,0
0,34.0949,0
0,34.105,0
0,34.1189,0
0,34.129,0
0,34.1391,0
0,34.1491,0
0,34.1592,0
0,34.1693,0
0,34.1794,0
0,34.1895,0
0,34.1995,0
0,34.2096,0
0,34.2197,0
0,34.2298,0
0,34.2399,0
0,34.25,0
0,34.2601,0
0,34.2702,0
0,34.2802,0
0,34.2903,0
0,34.3004,0
0,34.3105,0
0,34.3206,0
0,34.3306,0
0,34.3407,0
0,34.3508,0
0,34.3612,0
0,34.3713,0
0,34.3814,0
0,34.3914,0
0,34.4015,0
0,34.4116,1
0,34.4223,1
0,34.434,1
0,34.4466,0
0,34.4567,0
0,34.4668,0
0,34.477,0
0,34.487,0
0,34.499,0
0,34.5109,0
0,34.5211,0
0,34.5331,0
0,34.5499,0
0,34.5614,0
0,34.5749,0
0,34.5851,0
0,34.5952,0
0,34.611,0
0,34.6211,0
0,34.6312,0
0,34.6414,0
0,34.6515,0
0,34.6617,0
0,34.6749,0
0,34.685,0
0,34.6951,0
0,34.7053,0
0,34.7189,0
0,34.729,0
0,34.7429,0
0,34.753,0
0,34.7631,0
0,34.7733,0
0,34.7834,0
0,34.7935,0
0,34.8037,0
0,34.8198,0
0,34.8314,0
0,34.8415,0
0,34.8516,0
0,34.8617,0
0,34.8717,0
0,34.8818,0
0,34.8919,0
0,34.902,0
0,34.9128,1
0,34.9233,1
0,34.9334,1
0,34.9469,0
0,34.9602,0
0,34.9703,0
0,34.9828,0
0,34.9931,0
0,35.0032,0
0,35.0135,0
0,35.0236,0
0,35.0337,0
0,35.0438,0
0,35.0539,0
0,35.064,0
0,35.0741,0
0,35.0842,0
0,35.0943,0
0,35.1044,0
0,35.1144,0
0,35.1246,0
0,35.1346,0
0,35.1447,0
0,35.1548,0
0,35.1649,0
0,35.175,0
0,35.1851,0
0,35.1952,0
0,35.2052,0
0,35.2153,0
0,35.2254,0
0,35.2355,0
0,35.2456,0
0,35.2557,0
0,35.2658,0
0,35.2759,0
0,35.286,0
0,35.2961,0
0,35.3061,0
0,35.3162,0
0,35.3263,0
0,35.3364,0
0,35.3465,0
0,35.3566,0
0,35.3666,0
0,35.3767,0
0,35.3869,0
0,35.397,0
0,35.407,0
0,35.4181,1
0,35.4304,1
0,35.4419,0
0,35.452,0
0,35.4621,0
0,35.4722,0
0,35.4823,0
0,35.4924,0
0,35.5026,0
0,35.5127,0
0,35.5228,0
0,35.5329,0
0,35.543,0
0,35.5531,0
0,35.5632,0
0,35.5733,0
0,35.5834,0
0,35.5934,0
0,35.6035,0
0,35.6136,0
0,35.6237,0
0,35.6338,0
0,35.6438,0
0,35.6539,0
0,35.664,0
0,35.6741,0
0,35.6842,0
0,35.6943,0
0,35.7043,0
0,35.7144,0
0,35.7245,0
0,35.7346,0
0,35.7447,0
0,35.7547,0
0,35.7648,0
0,35.7749,0
0,35.785,0
0,35.7951,0
0,35.8052,0
0,35.8152,0
0,35.8253,0
0,35.8354,0
0,35.8455,0
0,35.8556,0
0,35.8657,0
0,35.8758,0
0,35.8859,0
0,35.896,0
0,35.906,0
0,35.9181,1
0,35.9283,1
0,35.9384,1
0,35.9495,0
0,35.96,0
0,35.9701,0
0,35.9802,0
0,35.9903,0
0,36.0005,0
0,36.0106,0
0,36.0207,0
0,36.0309,0
0,36.041,0
0,36.0511,0
0,36.0612,0
0,36.0713,0
0,36.0814,0
0,36.0914,0
0,36.1015,0
0,36.1116,0
0,36.1217,0
0,36.1318,0
0,36.1419,0
0,36.1522,0
0,36.1623,0
0,36.1724,0
0,36.1825,0
0,36.1925,0
0,36.2026,0
0,36.2127,0
0,36.2228,0
0,36.2329,0
0,36.2429,0
0,36.253,0
0,36.2631,0
0,36.2732,0
0,36.2833,0
0,36.2937,0
0,36.3038,0
0,36.3139,0
0,36.324,0
0,36.3341,0
0,36.3442,0
0,36.3544,0
0,36.3645,0
0,36.3746,0
0,36.3847,0
0,36.3948,0
0,36.4052,0
0,36.4155,0
0,36.4257,1
0,36.4367,1
0,36.4469,1
0,36.4616,0
0,36.4723,0
0,36.4833,0
0,36.4963,0
0,36.5065,0
0,36.5166,0
0,36.5267,0
0,36.5368,0
0,36.5469,0
0,36.557,0
0,36.5671,0
0,36.5772,0
0,36.5873,0
0,36.5974,0
0,36.6074,0
0,36.6175,0
0,36.6276,0
0,36.6378,0
0,36.6478,0
0,36.6579,0
0,36.668,0
0,36.6781,0
0,36.6882,0
0,36.6983,0
0,36.7083,0
0,36.7184,0
0,36.7285,0
0,36.7386,0
0,36.7487,0
0,36.7588,0
0,36.7688,0
0,36.7789,0
0,36.789,0
0,36.7991,0
0,36.8092,0
0,36.8193,0
0,36.8293,0
0,36.8394,0
0,36.8495,0
0,36.8596,0
0,36.8697,0
0,36.8798,0
0,36.8899,0
0,36.8999,0
0,36.91,0
0,36.9202,1
0,36.934,1
0,36.9441,1
0,36.9595,0
0,36.9696,0
0,36.9797,0
0,36.9899,0
0,37.0,0
0,37.0101,0
0,37.0203,0
0,37.0304,0
0,37.0406,0
0,37.0507,0
0,37.0608,0
0,37.0709,0
0,37.0811,0
0,37.0912,0
0,37.1012,0
0,37.1113,0
0,37.1214,0
0,37.1315,0
0,37.1416,0
0,37.1517,0
0,37.1618,0
0,37.1719,0
0,37.1819,0
0,37.192,0
0,37.2021,0
0,37.2122,0
0,37.2223,0
0,37.2323,0
0,37.2424,0
0,37.2525,0
0,37.2626,0
0,37.2727,0
0,37.2827,0
0,37.2928,0
0,37.3029,0
0,37.313,0
0,37.3231,0
0,37.3332,0
0,37.3432,0
0,37.3533,0
0,37.3634,0
0,37.3735,0
0,37.3837,0
0,37.3937,0
0,37.4038,0
0,37.4139,0
0,37.424,1
0,37.4351,1
0,37.4455,1
0,37.4556,1
0,37.4662,1
0,37.4781,0
0,37.4882,0
0,37.5,0
0,37.5101,0
0,37.5202,0
0,37.5304,0
0,37.5406,0
0,37.5507,0
0,37.5608,0
0,37.5709,0
0,37.581,0
0,37.5911,0
0,37.6012,0
0,37.6112,0
0,37.6213,0
0,37.6314,0
0,37.6415,0
0,37.6516,0
0,37.6617,0
0,37.6718,0
0,37.6819,0
0,37.692,0
0,37.702,0
0,37.7121,0
0,37.7222,0
0,37.7323,0
0,37.7424,0
0,37.7525,0
0,37.7626,0
0,37.7726,0
0,37.7827,0
0,37.7928,0
0,37.8029,0
0,37.813,0
0,37.823,0
0,37.8331,0
0,37.8432,0
0,37.8533,0
0,37.8634,0
0,37.8735,0
0,37.8835,0
0,37.8936,0
0,37.9037,0
0,37.9138,0
0,37.9239,0
0,37.9344,1
0,37.9446,1
0,37.9547,1
0,37.9681,0
0,37.9782,0
0,37.989,0
0,37.9991,0
0,38.0096,0
0,38.0212,0
0,38.0313,0
0,38.0422,0
0,38.0523,0
0,38.0624,0
0,38.0725,0
0,38.0826,0
0,38.0927,0
0,38.1028,0
0,38.1129,0
0,38.1229,0
0,38.133,0
0,38.1431,0
0,38.1532,0
0,38.1633,0
0,38.1734,0
0,38.1835,0
0,38.1935,0
0,38.2036,0
0,38.2137,0
0,38.2238,0
0,38.2339,0
0,38.244,0
0,38.2541,0
0,38.2642,0
0,38.2743,0
0,38.2843,0
0,38.2944,0
0,38.3045,0
0,38.3146,0
0,38.3247,0
0,38.3348,0
0,38.3448,0
0,38.3549,0
0,38.365,0
0,38.3751,0
0,38.3851,0
0,38.3952,0
0,38.4053,0
0,38.4154,0
0,38.4255,0
0,38.4388,1
0,38.4489,1
0,38.4628,1
0,38.4729,0
0,38.4831,0
0,38.4932,0
0,38.5056,0
0,38.5157,0
0,38.5258,0
0,38.536,0
0,38.5462,0
0,38.5563,0
0,38.5664,0
0,38.5765,0
0,38.5866,0
0,38.5967,0
0,38.6067,0
0,38.6168,0
0,38.6269,0
0,38.637,0
0,38.6471,0
0,38.658,0
0,38.6681,0
0,38.6781,0
0,38.6882,0
0,38.6983,0
0,38.7084,0
0,38.7185,0
0,38.7286,0
0,38.7386,0
0,38.7487,0
0,38.7588,0
0,38.7689,0
0,38.779,0
0,38.7891,0
0,38.7991,0
0,38.8092,0
0,38.8193,0
0,38.8294,0
0,38.8395,0
0,38.8496,0
0,38.8597,0
0,38.8697,0
0,38.8798,0
0,38.8899,0
0,38.9,0
0,38.9101,0
0,38.9201,0
0,38.9302,0
0,38.9424,1
0,38.9525,1
0,38.964,1
0,38.9747,0
0,38.9848,0
0,38.9949,0
0,39.005,0
0,39.0151,0
0,39.0254,0
0,39.0355,0
0,39.0456,0
0,39.0557,0
0,39.0658,0
0,39.0759,0
0,39.0859,0
0,39.096,0
0,39.1061,0
0,39.1162,0
0,39.1263,0
0,39.1364,0
0,39.1464,0
0,39.1565,0
0,39.1667,0
0,39.1767,0
0,39.1868,0
0,39.1969,0
0,39.207,0
0,39.2171,0
0,39.2271,0
0,39.2372,0
0,39.2473,0
0,39.2574,0
0,39.2675,0
0,39.2776,0
0,39.2876,0
0,39.2977,0
0,39.3078,0
0,39.3179,0
0,39.328,0
0,39.338,0
0,39.3481,0
0,39.3582,0
0,39.3683,0
0,39.3784,0
0,39.3885,0
0,39.3985,0
0,39.4086,0
0,39.4187,0
0,39.4288,0
0,39.4392,1
0,39.4496,1
0,39.4604,1
0,39.4706,0
0,39.483,0
0,39.4932,0
0,39.5033,0
0,39.5134,0
0,39.5235,0
0,39.5337,0
0,39.5439,0
0,39.554,0
0,39.5642,0
0,39.5743,0
0,39.5844,0
0,39.5945,0
0,39.6046,0
0,39.6147,0
0,39.6247,0
0,39.6348,0
0,39.645,0
0,39.6551,0
0,39.6652,0
0,39.6753,0
0,39.6854,0
0,39.6955,0
0,39.7056,0
0,39.7157,0
0,39.7258,0
0,39.7359,0
0,39.746,0
0,39.7561,0
0,39.7662,0
0,39.7763,0
0,39.7863,0
0,39.7964,0
0,39.8065,0
0,39.8166,0
0,39.8267,0
0,39.8368,0
0,39.8469,0
0,39.857,0
0,39.8671,0
0,39.8772,0
0,39.8872,0
0,39.8973,0
0,39.9074,0
0,39.9175,0
0,39.9276,0
0,39.9379,0
0,39.9482,1
0,39.9592,1
0,39.9725,1
0,39.9873,0
0,40.0004,0
0,40.0135,0
0,40.0236,0
0,40.0343,0
0,40.0444,0
0,40.0546,0
0,40.0648,0
0,40.0749,0
0,40.0851,0
0,40.0952,0
0,40.1053,0
0,40.1155,0
0,40.1256,0
0,40.1356,0
0,40.1457,0
0,40.1558,0
0,40.1664,0
0,40.1765,0
0,40.1866,0
0,40.1967,0
0,40.2068,0
0,40.2169,0
0,40.2269,0
0,40.237,0
0,40.2471,0
0,40.2572,0
0,40.2673,0
0,40.2774,0
0,40.2875,0
0,40.2975,0
0,40.3076,0
0,40.3177,0
0,40.3278,0
0,40.3379,0
0,40.348,0
0,40.358,0
0,40.3681,0
0,40.3782,0
0,40.3883,0
0,40.3984,0
0,40.4085,0
0,40.4186,0
0,40.4286,0
0,40.4387,0
0,40.4488,1
0,40.4594,1
0,40.4696,1
0,40.4814,0
0,40.4915,0
0,40.5016,0
0,40.5124,0
0,40.5227,0
0,40.5329,0
0,40.543,0
0,40.555,0
0,40.565,0
0,40.5751,0
0,40.5852,0
0,40.5953,0
0,40.6054,0
0,40.6155,0
0,40.6256,0
0,40.6356,0
0,40.6457,0
0,40.6559,0
0,40.6659,0
0,40.676,0
0,40.6862,0
0,40.6962,0
0,40.7063,0
0,40.7164,0
0,40.7265,0
0,40.7365,0
0,40.7466,0
0,40.7567,0
0,40.7668,0
0,40.7769,0
0,40.787,0
0,40.7971,0
0,40.8071,0
0,40.8172,0
0,40.8273,0
0,40.8374,0
0,40.8474,0
0,40.8575,0
0,40.8676,0
0,40.8777,0
0,40.8878,0
0,40.8978,0
0,40.9079,0
0,40.918,0
0,40.9281,0
0,40.9382,0
0,40.9508,1
0,40.9618,1
0,40.9732,1
0,40.9866,0
0,40.997,0
0,41.0095,0
0,41.0196,0
0,41.0298,0
0,41.04,0
0,41.0501,0
0,41.0602,0
0,41.0703,0
0,41.0804,0
0,41.0905,0
0,41.1006,0
0,41.1107,0
0,41.1208,0
0,41.1308,0
0,41.1409,0
0,41.151,0
0,41.1611,0
0,41.1719,0
0,41.182,0
0,41.1921,0
0,41.2022,0
0,41.2122,0
0,41.2223,0
0,41.2324,0
0,41.2425,0
0,41.2527,0
0,41.2627,0
0,41.2728,0
0,41.2829,0
0,41.293,0
0,41.3032,0
0,41.3146,0
0,41.3246,0
0,41.3348,0
0,41.3449,0
0,41.355,0
0,41.3652,0
0,41.3752,0
0,41.3853,0
0,41.3954,0
0,41.4055,0
0,41.4155,0
0,41.4256,0
0,41.4357,0
0,41.4458,0
0,41.4561,1
0,41.4662,1
0,41.4763,1
0,41.4864,0
0,41.4989,0
0,41.5119,0
0,41.523,0
0,41.5331,0
0,41.544,0
0,41.5549,0
0,41.565,0
0,41.5751,0
0,41.5852,0
0,41.5953,0
0,41.6054,0
0,41.6155,0
0,41.6256,0
0,41.6356,0
0,41.6457,0
0,41.6558,0
0,41.6659,0
0,41.676,0
0,41.686,0
0,41.6962,0
0,41.7063,0
0,41.7163,0
0,41.7264,0
0,41.7365,0
0,41.7466,0
0,41.7567,0
0,41.7667,0
0,41.7768,0
0,41.7869,0
0,41.797,0
0,41.8071,0
0,41.8172,0
0,41.8272,0
0,41.8373,0
0,41.8474,0
0,41.8575,0
0,41.8676,0
0,41.8777,0
0,41.8877,0
0,41.8978,0
0,41.9079,0
0,41.918,0
0,41.9281,0
0,41.9381,0
0,41.9482,0
0,41.9606,1
0,41.9708,1
0,41.9809,1
0,41.991,0
0,42.0011,0
0,42.0112,0
0,42.0224,0
0,42.0325,0
0,42.0427,0
0,42.053,0
0,42.0631,0
0,42.0732,0
0,42.0834,0
0,42.0935,0
0,42.1036,0
0,42.1136,0
0,42.1237,0
0,42.1338,0
0,42.1439,0
0,42.154,0
0,42.164,0
0,42.1741,0
0,42.1842,0
0,42.1943,0
0,42.2044,0
0,42.2145,0
0,42.2246,0
0,42.2346,0
0,42.2447,0
0,42.2548,0
0,42.2649,0
0,42.275,0
0,42.285,0
0,42.2951,0
0,42.3052,0
0,42.3153,0
0,42.3254,0
0,42.3355,0
0,42.3456,0
0,42.3557,0
0,42.3657,0
0,42.3759,0
0,42.386,0
0,42.3961,0
0,42.4061,0
0,42.4162,0
0,42.4263,0
0,42.4364,0
0,42.4464,0
0,42.4589,1
0,42.4691,1
0,42.4792,1
0,42.4915,0
0,42.5016,0
0,42.5118,0
0,42.5219,0
0,42.5321,0
0,42.5422,0
0,42.5523,0
0,42.5625,0
0,42.5731,0
0,42.5833,0
0,42.5934,0
0,42.6034,0
0,42.6135,0
0,42.6236,0
0,42.6337,0
0,42.6438,0
0,42.6538,0
0,42.6639,0
0,42.674,0
0,42.6841,0
0,42.6942,0
0,42.7042,0
0,42.7143,0
0,42.7244,0
0,42.7345,0
0,42.7446,0
0,42.7547,0
0,42.7647,0
0,42.7748,0
0,42.7849,0
0,42.795,0
0,42.8051,0
0,42.8152,0
0,42.8252,0
0,42.8353,0
0,42.8454,0
0,42.8555,0
0,42.8656,0
0,42.8756,0
0,42.8857,0
0,42.8958,0
0,42.9059,0
0,42.916,0
0,42.9261,0
0,42.9361,0
0,42.9462,0
0,42.9563,0
0,42.9682,1
0,42.9787,1
0,42.9908,1
0,43.003,0
0,43.013,0
0,43.0231,0
0,43.0332,0
0,43.0434,0
0,43.0535,0
0,43.0636,0
0,43.0737,0
0,43.0839,0
0,43.094,0
0,43.104,0
0,43.1141,0
0,43.1242,0
0,43.1343,0
0,43.1444,0
0,43.1545,0
0,43.1645,0
0,43.1746,0
0,43.1847,0
0,43.1948,0
0,43.2049,0
0,43.215,0
0,43.225,0
0,43.2351,0
0,43.2452,0
0,43.2553,0
0,43.2654,0
0,43.2754,0
0,43.2855,0
0,43.2956,0
0,43.3057,0
0,43.3158,0
0,43.3259,0
0,43.3359,0
0,43.346,0
0,43.3561,0
0,43.3662,0
0,43.3763,0
0,43.3863,0
0,43.3964,0
0,43.4065,0
0,43.4166,0
0,43.4267,0
0,43.4367,0
0,43.4468,0
0,43.4569,0
0,43.469,1
0,43.4791,1
0,43.4892,1
0,43.5033,0
0,43.5133,0
0,43.5235,0
0,43.5336,0
0,43.5437,0
0,43.5538,0
0,43.5639,0
0,43.574,0
0,43.5842,0
0,43.5943,0
0,43.6044,0
0,43.6145,0
0,43.6246,0
0,43.6347,0
0,43.6448,0
0,43.6549,0
0,43.665,0
0,43.6751,0
0,43.6852,0
0,43.6953,0
0,43.7053,0
0,43.7154,0
0,43.7255,0
0,43.7356,0
0,43.7457,0
0,43.7558,0
0,43.7658,0
0,43.7759,0
0,43.786,0
0,43.7961,0
0,43.8062,0
0,43.8163,0
0,43.8263,0
0,43.8364,0
0,43.8465,0
0,43.8566,0
0,43.8667,0
0,43.8767,0
0,43.8868,0
0,43.8969,0
0,43.907,0
0,43.9171,0
0,43.9271,0
0,43.9372,0
0,43.9473,0
0,43.9574,0
0,43.9675,1
0,43.9776,1
0,43.9877,1
0,44.0008,1
0,44.0118,0
0,44.0219,0
0,44.032,0
0,44.0421,0
0,44.0523,0
0,44.0625,0
0,44.0726,0
0,44.0829,0
0,44.093,0
0,44.1031,0
0,44.1132,0
0,44.1233,0
0,44.1333,0
0,44.1434,0
0,44.1535,0
0,44.1636,0
0,44.1737,0
0,44.1837,0
0,44.1938,0
0,44.2039,0
0,44.214,0
0,44.2241,0
0,44.2342,0
0,44.2443,0
0,44.2544,0
0,44.2645,0
0,44.2746,0
0,44.2847,0
0,44.2947,0
0,44.3048,0
0,44.3149,0
0,44.325,0
0,44.3351,0
0,44.3452,0
0,44.3552,0
0,44.3653,0
0,44.3754,0
0,44.3855,0
0,44.3956,0
0,44.4056,0
0,44.4157,0
0,44.4258,0
0,44.4359,0
0,44.446,0
0,44.456,0
0,44.4664,0
0,44.4796,1
0,44.4897,1
0,44.5001,1
0,44.5142,0
0,44.5244,0
0,44.5344,0
0,44.5446,0
0,44.5548,0
0,44.5652,0
0,44.5753,0
0,44.5855,0
0,44.5956,0
0,44.6057,0
0,44.6159,0
0,44.626,0
0,44.6361,0
0,44.6462,0
0,44.6563,0
0,44.6663,0
0,44.6764,0
0,44.6865,0
0,44.6966,0
0,44.7067,0
0,44.7168,0
0,44.7269,0
0,44.737,0
0,44.747,0
0,44.7571,0
0,44.7672,0
0,44.7773,0
0,44.7874,0
0,44.7975,0
0,44.8076,0
0,44.8177,0
0,44.8277,0
0,44.8378,0
0,44.8479,0
0,44.858,0
0,44.8681,0
0,44.8782,0
0,44.8883,0
0,44.8983,0
0,44.9084,0
0,44.9185,0
0,44.9286,0
0,44.9387,0
0,44.9488,0
0,44.9588,0
0,44.969,0
0,44.9829,1
0,44.9929,1
0,45.003,1
0,45.0188,1
0,45.0325,0
0,45.049,0
0,45.0595,0
0,45.0704,0
0,45.0808,0
0,45.0911,0
0,45.1012,0
0,45.1114,0
0,45.1215,0
0,45.1316,0
0,45.1418,0
0,45.1519,0
0,45.162,0
0,45.172,0
0,45.1821,0
0,45.1922,0
0,45.2024,0
0,45.2125,0
0,45.2226,0
0,45.233,0
0,45.2431,0
0,45.2532,0
0,45.2632,0
0,45.2733,0
0,45.2834,0
0,45.2935,0
0,45.3036,0
0,45.3136,0
0,45.3237,0
0,45.3338,0
0,45.3439,0
0,45.354,0
0,45.3641,0
0,45.3741,0
0,45.3842,0
0,45.3943,0
0,45.4044,0
0,45.4145,0
0,45.4245,0
0,45.4346,0
0,45.4447,0
0,45.4548,0
0,45.4649,0
0,45.475,0
0,45.4851,1
0,45.4995,1
0,45.5095,1
0,45.5196,0
0,45.5298,0
0,45.5427,0
0,45.5528,0
0,45.5628,0
0,45.5729,0
0,45.5831,0
0,45.5932,0
0,45.6035,0
0,45.6136,0
0,45.6237,0
0,45.6339,0
0,45.6439,0
0,45.654,0
0,45.6641,0
0,45.6742,0
0,45.6842,0
0,45.6943,0
0,45.7044,0
0,45.7145,0
0,45.7245,0
0,45.7349,0
0,45.745,0
0,45.755,0
0,45.7651,0
0,45.7752,0
0,45.7853,0
0,45.7954,0
0,45.8054,0
0,45.8155,0
0,45.8256,0
0,45.8357,0
0,45.8458,0
0,45.8558,0
0,45.8659,0
0,45.876,0
0,45.8861,0
0,45.8962,0
0,45.9063,0
0,45.9164,0
0,45.9264,0
0,45.9365,0
0,45.9466,0
0,45.9567,0
0,45.9668,0
0,45.9768,0
0,45.987,1
0,45.9983,1
0,46.0114,0
0,46.0215,0
0,46.0331,0
0,46.0432,0
0,46.0532,0
0,46.0633,0
0,46.0735,0
0,46.0836,0
0,46.0938,0
0,46.1039,0
0,46.1141,0
0,46.1242,0
0,46.1343,0
0,46.1443,0
0,46.1544,0
0,46.1645,0
0,46.1746,0
0,46.1847,0
0,46.1947,0
0,46.2054,0
0,46.2155,0
0,46.2256,0
0,46.2361,0
0,46.2462,0
0,46.2563,0
0,46.2664,0
0,46.2764,0
0,46.2865,0
0,46.2967,0
0,46.3068,0
0,46.317,0
0,46.3271,0
0,46.3372,0
0,46.3473,0
0,46.3589,0
0,46.369,0
0,46.3791,0
0,46.3892,0
0,46.3992,0
0,46.4093,0
0,46.4194,0
0,46.4295,0
0,46.4396,0
0,46.4496,0
0,46.4597,0
0,46.4698,0
0,46.4799,0
0,46.49,1
0,46.5001,1
0,46.5109,1
0,46.5211,0
0,46.5311,0
0,46.5413,0
0,46.5513,0
0,46.5615,0
0,46.5716,0
0,46.5829,0
0,46.593,0
0,46.6031,0
0,46.6132,0
0,46.6233,0
0,46.6334,0
0,46.6435,0
0,46.6536,0
0,46.6637,0
0,46.6738,0
0,46.6839,0
0,46.6939,0
0,46.704,0
0,46.7141,0
0,46.7242,0
0,46.7343,0
0,46.7443,0
0,46.7544,0
0,46.7645,0
0,46.7746,0
0,46.7847,0
0,46.7948,0
0,46.8048,0
0,46.8149,0
0,46.825,0
0,46.8351,0
0,46.8452,0
0,46.8552,0
0,46.8653,0
0,46.8754,0
0,46.8855,0
0,46.8956,0
0,46.9057,0
0,46.9157,0
0,46.9258,0
0,46.9359,0
0,46.946,0
0,46.9561,0
0,46.9662,0
0,46.9763,0
0,46.9908,1
0,47.0009,1
0,47.0116,1
0,47.0231,0
0,47.0333,0
0,47.0435,0
0,47.0537,0
0,47.0638,0
0,47.0739,0
0,47.0848,0
0,47.0951,0
0,47.1052,0
0,47.1153,0
0,47.1254,0
0,47.1355,0
0,47.1456,0
0,47.1557,0
0,47.1657,0
0,47.1758,0
0,47.1859,0
0,47.196,0
0,47.2061,0
0,47.2161,0
0,47.2262,0
0,47.2368,0
0,47.2475,0
0,47.2576,0
0,47.2677,0
0,47.2778,0
0,47.2879,0
0,47.298,0
0,47.3081,0
0,47.3181,0
0,47.3282,0
0,47.3383,0
0,47.3484,0
0,47.3585,0
0,47.3686,0
0,47.3787,0
0,47.3888,0
0,47.3989,0
0,47.409,0
0,47.4191,0
0,47.4291,0
0,47.4392,0
0,47.4493,0
0,47.4594,0
0,47.4695,0
0,47.4796,0
0,47.4897,1
0,47.5011,1
0,47.5112,1
0,47.5213,0
0,47.5314,0
0,47.5415,0
0,47.5516,0
0,47.5617,0
0,47.5718,0
0,47.5822,0
0,47.5923,0
0,47.6024,0
0,47.6135,0
0,47.6236,0
0,47.6337,0
0,47.6438,0
0,47.6539,0
0,47.664,0
0,47.6741,0
0,47.6842,0
0,47.6942,0
0,47.7043,0
0,47.7144,0
0,47.7245,0
0,47.7346,0
0,47.7446,0
0,47.7548,0
0,47.7648,0
0,47.7749,0
0,47.785,0
0,47.7951,0
0,47.8051,0
0,47.8152,0
0,47.8253,0
0,47.8354,0
0,47.8455,0
0,47.8557,0
0,47.8658,0
0,47.8758,0
0,47.8859,0
0,47.896,0
0,47.9061,0
0,47.9162,0
0,47.9263,0
0,47.9363,0
0,47.9464,0
0,47.9565,0
0,47.9666,0
0,47.9766,0
0,47.9867,0
0,47.9975,1
0,48.0079,1
0,48.0198,1
0,48.0299,0
0,48.04,0
0,48.05,0
0,48.0601,0
0,48.0702,0
0,48.0805,0
0,48.0913,0
0,48.1014,0
0,48.1115,0
0,48.1216,0
0,48.1317,0
0,48.1418,0
0,48.1519,0
0,48.162,0
0,48.1721,0
0,48.1821,0
0,48.1922,0
0,48.2023,0
0,48.213,0
0,48.2231,0
0,48.2331,0
0,48.2432,0
0,48.2533,0
0,48.2636,0
0,48.2737,0
0,48.2838,0
0,48.2939,0
0,48.3039,0
0,48.314,0
0,48.3241,0
0,48.3342,0
0,48.3443,0
0,48.3543,0
0,48.3644,0
0,48.3745,0
0,48.3846,0
0,48.3947,0
0,48.4047,0
0,48.4148,0
0,48.4249,0
0,48.435,0
0,48.4451,0
0,48.4552,0
0,48.4652,0
0,48.4753,0
0,48.4854,0
0,48.4972,1
0,48.5079,1
0,48.5211,0
0,48.5313,0
0,48.5414,0
0,48.5515,0
0,48.5616,0
0,48.5717,0
0,48.582,0
0,48.5928,0
0,48.6029,0
0,48.6137,0
0,48.6239,0
0,48.634,0
0,48.6441,0
0,48.6541,0
0,48.6642,0
0,48.6743,0
0,48.6844,0
0,48.6945,0
0,48.7046,0
0,48.7147,0
0,48.7247,0
0,48.7348,0
0,48.7449,0
0,48.755,0
0,48.7654,0
0,48.7755,0
0,48.7855,0
0,48.7956,0
0,48.8057,0
0,48.8158,0
0,48.8258,0
0,48.8359,0
0,48.846,0
0,48.8561,0
0,48.8662,0
0,48.8762,0
0,48.8863,0
0,48.8964,0
0,48.9065,0
0,48.9166,0
0,48.9266,0
0,48.9367,0
0,48.9468,0
0,48.9569,0
0,48.967,0
0,48.9771,0
0,48.9872,0
0,48.9973,1
0,49.0075,1
0,49.0176,1
0,49.0319,0
0,49.042,0
0,49.0521,0
0,49.0623,0
0,49.0726,0
0,49.0831,0
0,49.0932,0
0,49.1035,0
0,49.1136,0
0,49.1237,0
0,49.1338,0
0,49.1439,0
0,49.154,0
0,49.164,0
0,49.1741,0
0,49.1842,0
0,49.1943,0
0,49.2044,0
0,49.2144,0
0,49.2245,0
0,49.2346,0
0,49.2447,0
0,49.2548,0
0,49.2649,0
0,49.275,0
0,49.285,0
0,49.2951,0
0,49.3052,0
0,49.3153,0
0,49.3254,0
0,49.3354,0
0,49.3455,0
0,49.3556,0
0,49.3657,0
0,49.3758,0
0,49.3859,0
0,49.3959,0
0,49.406,0
0,49.4161,0
0,49.4262,0
0,49.4363,0
0,49.4463,0
0,49.4564,0
0,49.4665,0
0,49.4766,0
0,49.4867,0
0,49.4991,1
0,49.5095,1
0,49.5201,1
0,49.5343,0
0,49.5446,0
0,49.5547,0
0,49.5648,0
0,49.5765,0
0,49.5867,0
0,49.5968,0
0,49.6083,0
0,49.6189,0
0,49.629,0
0,49.6391,0
0,49.6492,0
0,49.6593,0
0,49.6693,0
0,49.6794,0
0,49.6895,0
0,49.6996,0
0,49.7097,0
0,49.7198,0
0,49.7299,0
0,49.7399,0
0,49.75,0
0,49.7601,0
0,49.7702,0
0,49.7803,0
0,49.7903,0
0,49.8004,0
0,49.8105,0
0,49.8206,0
0,49.8307,0
0,49.8407,0
0,49.8508,0
0,49.8609,0
0,49.871,0
0,49.8811,0
0,49.8912,0
0,49.9013,0
0,49.9113,0
0,49.9214,0
0,49.9315,0
0,49.9416,0
0,49.9517,0
0,49.9617,0
0,49.9718,0
0,49.9819,0
0,49.992,0
0,50.0039,1
0,50.0144,1
0,50.0261,0
0,50.0371,0
0,50.0472,0
0,50.0573,0
0,50.0674,0
0,50.0775,0
0,50.0881,0
0,50.0982,0
0,50.1083,0
0,50.1185,0
0,50.1286,0
0,50.1387,0
0,50.1488,0
0,50.1589,0
0,50.169,0
0,50.1791,0
0,50.1892,0
0,50.1993,0
0,50.2094,0
0,50.2204,0
0,50.2305,0
0,50.2406,0
0,50.2507,0
0,50.2608,0
0,50.2709,0
0,50.2809,0
0,50.2911,0
0,50.3012,0
0,50.3113,0
0,50.3214,0
0,50.3315,0
0,50.3415,0
0,50.3516,0
0,50.3617,0
0,50.3718,0
0,50.3819,0
0,50.392,0
0,50.4021,0
0,50.4122,0
0,50.4223,0
0,50.4324,0
0,50.4425,0
0,50.4526,0
0,50.4627,0
0,50.4728,0
0,50.4828,0
0,50.4929,0
0,50.5069,1
0,50.5176,1
0,50.5276,1
0,50.5377,0
0,50.5484,0
0,50.5585,0
0,50.5686,0
0,50.5787,0
0,50.5888,0
0,50.599,0
0,50.6091,0
0,50.6193,0
0,50.6294,0
0,50.6395,0
0,50.6496,0
0,50.6597,0
0,50.6698,0
0,50.6798,0
0,50.6899,0
0,50.7,0
0,50.7101,0
0,50.7202,0
0,50.7303,0
0,50.7404,0
0,50.7505,0
0,50.7605,0
0,50.7706,0
0,50.7807,0
0,50.7908,0
0,50.8009,0
0,50.811,0
0,50.8211,0
0,50.8312,0
0,50.8412,0
0,50.8513,0
0,50.8614,0
0,50.8715,0
0,50.8816,0
0,50.8916,0
0,50.9017,0
0,50.9118,0
0,50.9219,0
0,50.932,0
0,50.9421,0
0,50.9522,0
0,50.9622,0
0,50.9723,0
0,50.9824,0
0,50.9925,0
0,51.0026,1
0,51.0129,1
0,51.0233,1
0,51.0335,0
0,51.0441,0
0,51.0545,0
0,51.0652,0
0,51.0753,0
0,51.0854,0
0,51.0979,0
0,51.1081,0
0,51.1183,0
0,51.1285,0
0,51.1389,0
0,51.149,0
0,51.1591,0
0,51.1691,0
0,51.1792,0
0,51.1893,0
0,51.1994,0
0,51.2095,0
0,51.2195,0
0,51.2296,0
0,51.2397,0
0,51.2498,0
0,51.2599,0
0,51.27,0
0,51.28,0
0,51.2901,0
0,51.3003,0
0,51.3104,0
0,51.3205,0
0,51.3306,0
0,51.3407,0
0,51.3509,0
0,51.361,0
0,51.3711,0
0,51.3811,0
0,51.3912,0
0,51.4013,0
0,51.4114,0
0,51.4215,0
0,51.4316,0
0,51.4416,0
0,51.4518,0
0,51.4619,0
0,51.4721,0
0,51.4821,0
0,51.4922,0
0,51.5025,0
0,51.5149,1
0,51.525,1
0,51.5351,1
0,51.5469,0
0,51.5592,0
0,51.5706,0
0,51.5817,0
0,51.5918,0
0,51.602,0
0,51.6122,0
0,51.6223,0
0,51.6324,0
0,51.6425,0
0,51.6526,0
0,51.6627,0
0,51.6728,0
0,51.6829,0
0,51.693,0
0,51.7031,0
0,51.7131,0
0,51.7232,0
0,51.7334,0
0,51.7434,0
0,51.7535,0
0,51.7636,0
0,51.7737,0
0,51.7838,0
0,51.7938,0
0,51.8039,0
0,51.814,0
0,51.8241,0
0,51.8342,0
0,51.8443,0
0,51.8543,0
0,51.8644,0
0,51.8745,0
0,51.8846,0
0,51.8947,0
0,51.9048,0
0,51.9148,0
0,51.9249,0
0,51.935,0
0,51.9451,0
0,51.9552,0
0,51.9652,0
0,51.9753,0
0,51.9854,0
0,51.9955,0
0,52.0056,0
0,52.0157,1
0,52.0263,1
0,52.042,1
0,52.0537,0
0,52.068,0
0,52.0781,0
0,52.0882,0
0,52.1,0
0,52.1102,0
0,52.1203,0
0,52.1305,0
0,52.1406,0
0,52.1507,0
0,52.1608,0
0,52.1709,0
0,52.181,0
0,52.191,0
0,52.2011,0
0,52.2112,0
0,52.2213,0
0,52.2314,0
0,52.2415,0
0,52.2515,0
0,52.2616,0
0,52.2717,0
0,52.2818,0
0,52.2919,0
0,52.302,0
0,52.3121,0
0,52.3222,0
0,52.3322,0
0,52.3423,0
0,52.3524,0
0,52.3625,0
0,52.3727,0
0,52.3828,0
0,52.3929,0
0,52.403,0
0,52.4131,0
0,52.4232,0
0,52.4332,0
0,52.4433,0
0,52.4534,0
0,52.4635,0
0,52.4736,0
0,52.4837,0
0,52.4937,0
0,52.5038,0
0,52.5139,0
0,52.5258,1
0,52.5361,1
0,52.5461,1
0,52.5597,0
0,52.5698,0
0,52.5799,0
0,52.59,0
0,52.6001,0
0,52.6104,0
0,52.6205,0
0,52.6306,0
0,52.6413,0
0,52.6514,0
0,52.6623,0
0,52.6724,0
0,52.6825,0
0,52.6925,0
0,52.7026,0
0,52.7127,0
0,52.7228,0
0,52.7329,0
0,52.743,0
0,52.7531,0
0,52.7632,0
0,52.7733,0
0,52.7833,0
0,52.7934,0
0,52.8035,0
0,52.8136,0
0,52.8237,0
0,52.8338,0
0,52.8439,0
0,52.8539,0
0,52.864,0
0,52.8741,0
0,52.8842,0
0,52.8943,0
0,52.9044,0
0,52.9144,0
0,52.9245,0
0,52.9346,0
0,52.9447,0
0,52.9548,0
0,52.9648,0
0,52.9749,0
0,52.985,0
0,52.9951,0
0,53.0052,0
0,53.0153,0
0,53.0254,1
0,53.0357,1
0,53.0484,1
0,53.0634,0
0,53.0735,0
0,53.0836,0
0,53.0937,0
0,53.1037,0
0,53.1152,0
0,53.127,0
0,53.1372,0
0,53.1474,0
0,53.1575,0
0,53.1676,0
0,53.1777,0
0,53.1878,0
0,53.1979,0
0,53.2079,0
0,53.218,0
0,53.2281,0
0,53.2382,0
0,53.2483,0
0,53.2584,0
0,53.2685,0
0,53.2785,0
0,53.2886,0
0,53.2987,0
0,53.3088,0
0,53.3189,0
0,53.329,0
0,53.3391,0
0,53.3492,0
0,53.3592,0
0,53.3693,0
0,53.3794,0
0,53.3895,0
0,53.3996,0
0,53.4097,0
0,53.4197,0
0,53.4298,0
0,53.4399,0
0,53.45,0
0,53.4601,0
0,53.4702,0
0,53.4802,0
0,53.4903,0
0,53.5004,0
0,53.5105,0
0,53.5206,0
0,53.5313,1
0,53.5414,1
0,53.5515,1
0,53.5627,0
0,53.5745,0
0,53.5846,0
0,53.5947,0
0,53.6048,0
0,53.615,0
0,53.6251,0
0,53.6352,0
0,53.6469,0
0,53.657,0
0,53.6671,0
0,53.6772,0
0,53.6873,0
0,53.6974,0
0,53.7075,0
0,53.7176,0
0,53.7276,0
0,53.7377,0
0,53.7478,0
0,53.7579,0
0,53.768,0
0,53.7781,0
0,53.7882,0
0,53.7983,0
0,53.8084,0
0,53.8185,0
0,53.8286,0
0,53.8386,0
0,53.8487,0
0,53.8588,0
0,53.8689,0
0,53.879,0
0,53.8891,0
0,53.8992,0
0,53.9092,0
0,53.9193,0
0,53.9294,0
0,53.9395,0
0,53.9496,0
0,53.9597,0
0,53.9697,0
0,53.9798,0
0,53.9899,0
0,54.0,0
0,54.0101,0
0,54.0201,0
0,54.031,1
0,54.0417,1
0,54.0519,1
0,54.0644,0
0,54.0745,0
0,54.0846,0
0,54.0947,0
0,54.1049,0
0,54.1153,0
0,54.1269,0
0,54.137,0
0,54.1496,0
0,54.1597,0
0,54.1697,0
0,54.1798,0
0,54.1899,0
0,54.2,0
0,54.2101,0
0,54.2202,0
0,54.2302,0
0,54.2403,0
0,54.2508,0
0,54.2608,0
0,54.2709,0
0,54.281,0
0,54.2911,0
0,54.3012,0
0,54.3113,0
0,54.3214,0
0,54.3319,0
0,54.342,0
0,54.3521,0
0,54.3621,0
0,54.3722,0
0,54.3823,0
0,54.3924,0
0,54.4024,0
0,54.4125,0
0,54.4226,0
0,54.4327,0
0,54.4428,0
0,54.453,0
0,54.4631,0
0,54.4732,0
0,54.4833,0
0,54.4934,0
0,54.5034,0
0,54.5135,0
0,54.5236,0
0,54.5337,1
0,54.546,1
0,54.5561,1
0,54.5669,1
0,54.5771,0
0,54.5951,0
0,54.6052,0
0,54.6153,0
0,54.6254,0
0,54.6355,0
0,54.6457,0
0,54.6558,0
0,54.6659,0
0,54.676,0
0,54.6861,0
0,54.6961,0
0,54.7062,0
0,54.7163,0
0,54.7264,0
0,54.7365,0
0,54.7466,0
0,54.7567,0
0,54.7668,0
0,54.7769,0
0,54.787,0
0,54.7971,0
0,54.8072,0
0,54.8172,0
0,54.8273,0
0,54.8375,0
0,54.8475,0
0,54.8576,0
0,54.8677,0
0,54.8778,0
0,54.8879,0
0,54.898,0
0,54.908,0
0,54.9181,0
0,54.9282,0
0,54.9383,0
0,54.9484,0
0,54.9585,0
0,54.9685,0
0,54.9786,0
0,54.9887,0
0,54.9988,0
0,55.0089,0
0,55.0189,0
0,55.029,0
0,55.0426,1
0,55.0528,1
0,55.0633,0
0,55.0744,0
0,55.0845,0
0,55.0947,0
0,55.1048,0
0,55.1151,0
0,55.1252,0
0,55.1353,0
0,55.1454,0
0,55.1555,0
0,55.1656,0
0,55.1757,0
0,55.1857,0
0,55.1958,0
0,55.2059,0
0,55.216,0
0,55.2261,0
0,55.2361,0
0,55.2462,0
0,55.2563,0
0,55.2664,0
0,55.2765,0
0,55.2866,0
0,55.2966,0
0,55.3067,0
0,55.3168,0
0,55.3269,0
0,55.337,0
0,55.3471,0
0,55.3572,0
0,55.3672,0
0,55.3773,0
0,55.3874,0
0,55.3975,0
0,55.4076,0
0,55.4176,0
0,55.4277,0
0,55.4378,0
0,55.4479,0
0,55.458,0
0,55.4681,0
0,55.4781,0
0,55.4882,0
0,55.4983,0
0,55.5084,0
0,55.5185,0
0,55.5285,0
0,55.5389,1
0,55.5507,1
0,55.5611,1
0,55.5723,1
0,55.5838,0
0,55.599,0
0,55.6091,0
0,55.6192,0
0,55.6322,0
0,55.6423,0
0,55.6524,0
0,55.6657,0
0,55.6758,0
0,55.686,0
0,55.6961,0
0,55.7062,0
0,55.7163,0
0,55.7264,0
0,55.7365,0
0,55.7466,0
0,55.7566,0
0,55.7667,0
0,55.7768,0
0,55.7869,0
0,55.797,0
0,55.8071,0
0,55.8172,0
0,55.8272,0
0,55.8373,0
0,55.8474,0
0,55.8575,0
0,55.8676,0
0,55.8777,0
0,55.8878,0
0,55.8979,0
0,55.9079,0
0,55.918,0
0,55.9281,0
0,55.9382,0
0,55.9483,0
0,55.9584,0
0,55.9684,0
0,55.9785,0
0,55.9886,0
0,55.9987,0
0,56.0088,0
0,56.0188,0
0,56.0289,0
0,56.0394,1
0,56.0497,1
0,56.0614,1
0,56.0728,0
0,56.0829,0
0,56.093,0
0,56.1031,0
0,56.1132,0
0,56.1234,0
0,56.1336,0
0,56.1437,0
0,56.1538,0
0,56.1639,0
0,56.174,0
0,56.1841,0
0,56.1942,0
0,56.2043,0
0,56.2144,0
0,56.2245,0
0,56.2346,0
0,56.2446,0
0,56.2547,0
0,56.2655,0
0,56.2756,0
0,56.2857,0
0,56.2958,0
0,56.3059,0
0,56.316,0
0,56.3261,0
0,56.3362,0
0,56.3463,0
0,56.3564,0
0,56.3666,0
0,56.3767,0
0,56.3867,0
0,56.3968,0
0,56.4069,0
0,56.417,0
0,56.4271,0
0,56.4371,0
0,56.4472,0
0,56.4573,0
0,56.4674,0
0,56.4774,0
0,56.4875,0
0,56.4976,0
0,56.5077,0
0,56.5178,0
0,56.5279,0
0,56.5379,0
0,56.5486,1
0,56.559,1
0,56.5691,1
0,56.5857,0
0,56.5959,0
0,56.6068,0
0,56.6169,0
0,56.6271,0
0,56.6373,0
0,56.6474,0
0,56.6575,0
0,56.6676,0
0,56.6777,0
0,56.6878,0
0,56.6979,0
0,56.708,0
0,56.7181,0
0,56.7282,0
0,56.7382,0
0,56.7483,0
0,56.7584,0
0,56.7685,0
0,56.7786,0
0,56.7886,0
0,56.7987,0
0,56.8089,0
0,56.8189,0
0,56.829,0
0,56.8391,0
0,56.8492,0
0,56.8594,0
0,56.8695,0
0,56.8796,0
0,56.8897,0
0,56.8998,0
0,56.9099,0
0,56.9199,0
0,56.93,0
0,56.9401,0
0,56.9502,0
0,56.9603,0
0,56.9703,0
0,56.9804,0
0,56.9905,0
0,57.0006,0
0,57.0107,0
0,57.0208,0
0,57.0309,0
0,57.0409,0
0,57.0512,1
0,57.0614,1
0,57.073,1
0,57.0846,0
0,57.0947,0
0,57.1048,0
0,57.115,0
0,57.1251,0
0,57.1352,0
0,57.1454,0
0,57.1555,0
0,57.1656,0
0,57.1758,0
0,57.1859,0
0,57.196,0
0,57.206,0
0,57.2161,0
0,57.2262,0
0,57.2363,0
0,57.2464,0
0,57.2564,0
0,57.2665,0
0,57.2766,0
0,57.2867,0
0,57.2968,0
0,57.3069,0
0,57.317,0
0,57.327,0
0,57.3371,0
0,57.3472,0
0,57.3573,0
0,57.3674,0
0,57.3775,0
0,57.3876,0
0,57.3977,0
0,57.4078,0
0,57.4179,0
0,57.428,0
0,57.438,0
0,57.4481,0
0,57.4582,0
0,57.4683,0
0,57.4784,0
0,57.4885,0
0,57.4985,0
0,57.5086,0
0,57.5187,0
0,57.5288,0
0,57.5389,0
0,57.5489,0
0,57.561,1
0,57.5718,1
0,57.5874,0
0,57.5976,0
0,57.6077,0
0,57.6178,0
0,57.6279,0
0,57.639,0
0,57.6491,0
0,57.6596,0
0,57.6697,0
0,57.6798,0
0,57.6899,0
0,57.7,0
0,57.7101,0
0,57.7201,0
0,57.7302,0
0,57.7403,0
0,57.7504,0
0,57.7605,0
0,57.7706,0
0,57.7806,0
0,57.7907,0
0,57.8008,0
0,57.8109,0
0,57.821,0
0,57.8311,0
0,57.8412,0
0,57.8513,0
0,57.8613,0
0,57.8731,0
0,57.8832,0
0,57.8933,0
0,57.9033,0
0,57.9134,0
0,57.9235,0
0,57.9336,0
0,57.9437,0
0,57.9538,0
0,57.9638,0
0,57.9739,0
0,57.984,0
0,57.9941,0
0,58.0042,0
0,58.0143,0
0,58.0244,0
0,58.0344,0
0,58.0445,0
0,58.0547,0
0,58.0687,1
0,58.0789,1
0,58.089,1
0,58.0997,0
0,58.1098,0
0,58.1199,0
0,58.1299,0
0,58.1408,0
0,58.1521,0
0,58.1622,0
0,58.1728,0
0,58.1829,0
0,58.193,0
0,58.2031,0
0,58.2132,0
0,58.2233,0
0,58.2333,0
0,58.2434,0
0,58.2535,0
0,58.2636,0
0,58.2745,0
0,58.2846,0
0,58.2946,0
0,58.3047,0
0,58.3148,0
0,58.3249,0
0,58.335,0
0,58.3451,0
0,58.3551,0
0,58.3652,0
0,58.3753,0
0,58.3854,0
0,58.3955,0
0,58.4056,0
0,58.4156,0
0,58.4257,0
0,58.4358,0
0,58.4459,0
0,58.456,0
0,58.4661,0
0,58.4762,0
0,58.4862,0
0,58.4963,0
0,58.5064,0
0,58.5165,0
0,58.5266,0
0,58.5367,0
0,58.5467,0
0,58.5568,0
0,58.567,1
0,58.5771,1
0,58.5872,1
0,58.5985,0
0,58.6087,0
0,58.6189,0
0,58.629,0
0,58.6392,0
0,58.6494,0
0,58.6594,0
0,58.6696,0
0,58.6804,0
0,58.6906,0
0,58.7007,0
0,58.7108,0
0,58.7209,0
0,58.7309,0
0,58.741,0
0,58.7511,0
0,58.7612,0
0,58.7713,0
0,58.7813,0
0,58.7914,0
0,58.8015,0
0,58.8116,0
0,58.8217,0
0,58.8317,0
0,58.8419,0
0,58.852,0
0,58.8621,0
0,58.8722,0
0,58.8823,0
0,58.8924,0
0,58.9025,0
0,58.9126,0
0,58.9227,0
0,58.9328,0
0,58.9428,0
0,58.9529,0
0,58.963,0
0,58.9731,0
0,58.9832,0
0,58.9932,0
0,59.0033,0
0,59.0134,0
0,59.0235,0
0,59.0336,0
0,59.0437,0
0,59.0537,0
0,59.0669,1
0,59.077,1
0,59.0889,1
0,59.1021,0
0,59.1122,0
0,59.123,0
0,59.1331,0
0,59.1445,0
0,59.1546,0
0,59.1648,0
0,59.1749,0
0,59.185,0
0,59.1951,0
0,59.2052,0
0,59.2153,0
0,59.2254,0
0,59.2355,0
0,59.2456,0
0,59.2557,0
0,59.2657,0
0,59.2758,0
0,59.2859,0
0,59.296,0
0,59.3061,0
0,59.3162,0
0,59.3263,0
0,59.3363,0
0,59.3464,0
0,59.3565,0
0,59.3666,0
0,59.3766,0
0,59.3868,0
0,59.3969,0
0,59.4069,0
0,59.417,0
0,59.4271,0
0,59.4372,0
0,59.4473,0
0,59.4574,0
0,59.4674,0
0,59.4775,0
0,59.4876,0
0,59.4977,0
0,59.5078,0
0,59.5178,0
0,59.5279,0
0,59.538,0
0,59.5481,0
0,59.5582,0
0,59.5683,1
0,59.5802,1
0,59.5903,1
0,59.6061,1
0,59.6165,0
0,59.6266,0
0,59.6367,0
0,59.6469,0
0,59.6584,0
0,59.6686,0
0,59.6789,0
0,59.6892,0
0,59.6993,0
0,59.7094,0
0,59.7195,0
0,59.7295,0
0,59.7396,0
0,59.7497,0
0,59.7598,0
0,59.7699,0
0,59.78,0
0,59.79,0
0,59.8001,0
0,59.8102,0
0,59.8203,0
0,59.8304,0
0,59.8404,0
0,59.8506,0
0,59.8608,0
0,59.8708,0
0,59.8809,0
0,59.891,0
0,59.9011,0
0,59.9112,0
0,59.9212,0
0,59.9313,0
0,59.9414,0
0,59.9515,0
0,59.9616,0
0,59.9716,0
0,59.9817,0
0,59.9918,0
0,60.0019,0
0,60.012,0
0,60.0221,0
0,60.0321,0
0,60.0422,0
0,60.0523,0
0,60.0624,0
0,60.0726,1
0,60.0828,1
0,60.093,1
0,60.1047,0
0,60.1148,0
0,60.1249,0
0,60.135,0
0,60.1451,0
0,60.1552,0
0,60.1654,0
0,60.1755,0
0,60.1856,0
0,60.1978,0
0,60.2079,0
0,60.218,0
0,60.2281,0
0,60.2382,0
0,60.2483,0
0,60.2583,0
0,60.2684,0
0,60.2785,0
0,60.2886,0
0,60.2987,0
0,60.3087,0
0,60.3188,0
0,60.3289,0
0,60.339,0
0,60.3491,0
0,60.3592,0
0,60.3692,0
0,60.3793,0
0,60.3894,0
0,60.3995,0
0,60.4096,0
0,60.4197,0
0,60.4298,0
0,60.4398,0
0,60.4499,0
0,60.46,0
0,60.4701,0
0,60.4802,0
0,60.4902,0
0,60.5003,0
0,60.5104,0
0,60.5205,0
0,60.5306,0
0,60.5407,0
0,60.5507,0
0,60.5608,0
0,60.575,1
0,60.5851,1
0,60.5955,1
0,60.6056,1
0,60.6159,0
0,60.6264,0
0,60.6389,0
0,60.6517,0
0,60.6622,0
0,60.6724,0
0,60.6825,0
0,60.6926,0
0,60.7028,0
0,60.7129,0
0,60.723,0
0,60.7331,0
0,60.7432,0
0,60.7533,0
0,60.7634,0
0,60.7735,0
0,60.7835,0
0,60.7936,0
0,60.8037,0
0,60.8138,0
0,60.8239,0
0,60.834,0
0,60.844,0
0,60.8541,0
0,60.8642,0
0,60.8747,0
0,60.8848,0
0,60.8949,0
0,60.905,0
0,60.9151,0
0,60.9251,0
0,60.9352,0
0,60.9453,0
0,60.9554,0
0,60.9655,0
0,60.9755,0
0,60.9856,0
0,60.9957,0
0,61.0058,0
0,61.0159,0
0,61.026,0
0,61.036,0
0,61.0461,0
0,61.0562,0
0,61.0663,0
0,61.0775,1
0,61.0921,1
0,61.1068,0
0,61.1169,0
0,61.1271,0
0,61.1372,0
0,61.1473,0
0,61.1578,0
0,61.1679,0
0,61.178,0
0,61.1882,0
0,61.1983,0
0,61.2084,0
0,61.2185,0
0,61.2286,0
0,61.2386,0
0,61.2487,0
0,61.2588,0
0,61.2689,0
0,61.279,0
0,61.2899,0
0,61.3,0
0,61.3101,0
0,61.3202,0
0,61.3303,0
0,61.3404,0
0,61.3506,0
0,61.3607,0
0,61.3709,0
0,61.381,0
0,61.391,0
0,61.4011,0
0,61.4112,0
0,61.4213,0
0,61.4314,0
0,61.4414,0
0,61.4515,0
0,61.4616,0
0,61.4717,0
0,61.4818,0
0,61.4919,0
0,61.502,0
0,61.512,0
0,61.5221,0
0,61.5322,0
0,61.5423,0
0,61.5524,0
0,61.5624,0
0,61.5731,0
0,61.5834,1
0,61.5938,1
0,61.6082,0
0,61.6183,0
0,61.6285,0
0,61.639,0
0,61.6492,0
0,61.6621,0
0,61.6723,0
0,61.6827,0
0,61.6928,0
0,61.7029,0
0,61.713,0
0,61.7231,0
0,61.7331,0
0,61.7432,0
0,61.7533,0
0,61.7634,0
0,61.7735,0
0,61.7836,0
0,61.7936,0
0,61.8037,0
0,61.8138,0
0,61.8239,0
0,61.834,0
0,61.844,0
0,61.8541,0
0,61.8642,0
0,61.8745,0
0,61.8846,0
0,61.8947,0
0,61.9048,0
0,61.9149,0
0,61.925,0
0,61.935,0
0,61.9451,0
0,61.9552,0
0,61.9653,0
0,61.9754,0
0,61.9855,0
0,61.9955,0
0,62.0056,0
0,62.0157,0
0,62.0258,0
0,62.0359,0
0,62.0459,0
0,62.056,0
0,62.0661,0
0,62.0762,0
0,62.0863,1
0,62.0964,1
0,62.1065,1
0,62.1172,0
0,62.1273,0
0,62.1374,0
0,62.1475,0
0,62.1576,0
0,62.1707,0
0,62.1808,0
0,62.1909,0
0,62.2011,0
0,62.2112,0
0,62.2213,0
0,62.2314,0
0,62.2415,0
0,62.2516,0
0,62.2617,0
0,62.2718,0
0,62.2819,0
0,62.2921,0
0,62.3022,0
0,62.3123,0
0,62.3223,0
0,62.3324,0
0,62.3425,0
0,62.3526,0
0,62.3627,0
0,62.3728,0
0,62.3829,0
0,62.3929,0
0,62.403,0
0,62.4131,0
0,62.4235,0
0,62.4336,0
0,62.4436,0
0,62.4537,0
0,62.4638,0
0,62.4739,0
0,62.484,0
0,62.4941,0
0,62.5041,0
0,62.5142,0
0,62.5243,0
0,62.5344,0
0,62.5445,0
0,62.5545,0
0,62.5646,0
0,62.5747,0
0,62.5856,1
0,62.5975,1
0,62.6081,1
0,62.6203,0
0,62.6308,0
0,62.6409,0
0,62.6509,0
0,62.661,0
0,62.6711,0
0,62.6814,0
0,62.6925,0
0,62.7027,0
0,62.7128,0
0,62.7229,0
0,62.733,0
0,62.7431,0
0,62.7532,0
0,62.7633,0
0,62.7733,0
0,62.7834,0
0,62.7935,0
0,62.8036,0
0,62.8137,0
0,62.8238,0
0,62.8338,0
0,62.8439,0
0,62.8541,0
0,62.8641,0
0,62.8742,0
0,62.8843,0
0,62.8944,0
0,62.9045,0
0,62.9146,0
0,62.9247,0
0,62.9348,0
0,62.9449,0
0,62.955,0
0,62.9651,0
0,62.9751,0
0,62.9852,0
0,62.9953,0
0,63.0054,0
0,63.0155,0
0,63.0256,0
0,63.0356,0
0,63.0457,0
0,63.0558,0
0,63.0659,0
0,63.076,0
0,63.0865,0
0,63.0968,1
0,63.1074,1
0,63.1174,1
0,63.129,1
0,63.1397,0
0,63.1498,0
0,63.1599,0
0,63.17,0
0,63.1802,0
0,63.1903,0
0,63.2004,0
0,63.2105,0
0,63.2207,0
0,63.2308,0
0,63.2409,0
0,63.251,0
0,63.261,0
0,63.2711,0
0,63.2812,0
0,63.2913,0
0,63.3014,0
0,63.3115,0
0,63.3216,0
0,63.3317,0
0,63.3417,0
0,63.3518,0
0,63.3619,0
0,63.372,0
0,63.3821,0
0,63.3921,0
0,63.4022,0
0,63.4123,0
0,63.4224,0
0,63.4325,0
0,63.4426,0
0,63.4528,0
0,63.4629,0
0,63.473,0
0,63.4831,0
0,63.4932,0
0,63.5033,0
0,63.5134,0
0,63.5234,0
0,63.5335,0
0,63.5436,0
0,63.5537,0
0,63.5638,0
0,63.5739,0
0,63.5839,0
0,63.5941,1
0,63.6061,1
0,63.6165,1
0,63.6279,0
0,63.638,0
0,63.6481,0
0,63.6582,0
0,63.6683,0
0,63.6784,0
0,63.6901,0
0,63.7002,0
0,63.7105,0
0,63.7206,0
0,63.7307,0
0,63.7408,0
0,63.7509,0
0,63.761,0
0,63.7711,0
0,63.7811,0
0,63.7912,0
0,63.8013,0
0,63.8114,0
0,63.8215,0
0,63.8315,0
0,63.8416,0
0,63.8517,0
0,63.8618,0
0,63.8719,0
0,63.882,0
0,63.892,0
0,63.9021,0
0,63.9122,0
0,63.9223,0
0,63.9324,0
0,63.9425,0
0,63.9526,0
0,63.9627,0
0,63.9728,0
0,63.9829,0
0,63.9929,0
0,64.003,0
0,64.0131,0
0,64.0232,0
0,64.0333,0
0,64.0434,0
0,64.0535,0
0,64.0636,0
0,64.0736,0
0,64.0837,0
0,64.0962,1
0,64.1065,1
0,64.117,1
0,64.1271,1
0,64.1372,0
0,64.1473,0
0,64.1574,0
0,64.1675,0
0,64.1776,0
0,64.1878,0
0,64.198,0
0,64.2081,0
0,64.2182,0
0,64.2283,0
0,64.2384,0
0,64.2485,0
0,64.2586,0
0,64.2687,0
0,64.2788,0
0,64.2888,0
0,64.2989,0
0,64.309,0
0,64.3191,0
0,64.3292,0
0,64.3393,0
0,64.3493,0
0,64.3594,0
0,64.3695,0
0,64.3796,0
0,64.3897,0
0,64.3998,0
0,64.4098,0
0,64.4199,0
0,64.43,0
0,64.4401,0
0,64.4502,0
0,64.4603,0
0,64.4704,0
0,64.4805,0
0,64.4905,0
0,64.5006,0
0,64.5107,0
0,64.5208,0
0,64.5309,0
0,64.5409,0
0,64.551,0
0,64.5611,0
0,64.5712,0
0,64.5813,0
0,64.5914,0
0,64.6018,1
0,64.6119,1
0,64.6221,1
0,64.6326,1
0,64.6443,1
0,64.6544,0
0,64.6671,0
0,64.6771,0
0,64.6874,0
0,64.6975,0
0,64.7086,0
0,64.7187,0
0,64.7288,0
0,64.7389,0
0,64.749,0
0,64.7591,0
0,64.7692,0
0,64.7793,0
0,64.7894,0
0,64.7994,0
0,64.8095,0
0,64.8196,0
0,64.8297,0
0,64.8398,0
0,64.8498,0
0,64.8599,0
0,64.87,0
0,64.8801,0
0,64.8901,0
0,64.9002,0
0,64.9103,0
0,64.9204,0
0,64.9305,0
0,64.9406,0
0,64.9507,0
0,64.9608,0
0,64.9709,0
0,64.981,0
0,64.9911,0
0,65.0012,0
0,65.0112,0
0,65.0213,0
0,65.0315,0
0,65.0416,0
0,65.0517,0
0,65.0618,0
0,65.0719,0
0,65.0819,0
0,65.092,0
0,65.1036,1
0,65.1137,1
0,65.1242,1
0,65.1343,0
0,65.1454,0
0,65.1555,0
0,65.1657,0
0,65.1758,0
0,65.186,0
0,65.1978,0
0,65.2131,0
0,65.2352,0
0,65.2469,0
0,65.2589,0
0,65.2711,0
0,65.2813,0
0,65.2929,0
0,65.303,0
0,65.3196,0
0,65.3298,0
0,65.3399,0
0,65.3501,0
0,65.363,0
0,65.3732,0
0,65.3833,0
0,65.3934,0
0,65.4036,0
0,65.4137,0
0,65.4238,0
0,65.4339,0
0,65.4469,0
0,65.457,0
0,65.4672,0
0,65.4834,0
0,65.4936,0
0,65.5036,0
0,65.5144,0
0,65.5245,0
0,65.5346,0
0,65.5447,0
0,65.5547,0
0,65.5648,0
0,65.5749,0
0,65.585,0
0,65.595,0
0,65.6058,1
0,65.6159,1
0,65.626,1
0,65.6361,0
0,65.6462,0
0,65.6565,0
0,65.6666,0
0,65.6767,0
0,65.6869,0
0,65.6971,0
0,65.7072,0
0,65.7173,0
0,65.7275,0
0,65.7376,0
0,65.7477,0
0,65.7578,0
0,65.7679,0
0,65.778,0
0,65.7881,0
0,65.7982,0
0,65.8083,0
0,65.8184,0
0,65.8285,0
0,65.8386,0
0,65.8487,0
0,65.8588,0
0,65.8689,0
0,65.879,0
0,65.8891,0
0,65.8992,0
0,65.9093,0
0,65.9194,0
0,65.9295,0
0,65.9396,0
0,65.9497,0
0,65.9599,0
0,65.9701,0
0,65.9802,0
0,65.9902,0
0,66.0004,0
0,66.0106,0
0,66.0207,0
0,66.0308,0
0,66.0409,0
0,66.051,0
0,66.0611,0
0,66.0712,0
0,66.0813,0
0,66.0913,0
0,66.1015,1
0,66.1122,1
0,66.1226,1
0,66.1328,0
0,66.143,0
0,66.1531,0
0,66.1632,0
0,66.1733,0
0,66.1835,0
0,66.1936,0
0,66.2037,0
0,66.2139,0
0,66.224,0
0,66.2341,0
0,66.2442,0
0,66.2543,0
0,66.2644,0
0,66.2745,0
0,66.2846,0
0,66.2947,0
0,66.3049,0
0,66.3156,0
0,66.3257,0
0,66.3358,0
0,66.3459,0
0,66.3561,0
0,66.3662,0
0,66.3763,0
0,66.3864,0
0,66.3965,0
0,66.4066,0
0,66.4167,0
0,66.4267,0
0,66.4368,0
0,66.4469,0
0,66.457,0
0,66.4671,0
0,66.4772,0
0,66.4873,0
0,66.4974,0
0,66.5075,0
0,66.5176,0
0,66.5276,0
0,66.5377,0
0,66.5478,0
0,66.5579,0
0,66.5679,0
0,66.578,0
0,66.5881,0
0,66.5982,0
0,66.6087,1
0,66.6189,1
0,66.629,1
0,66.6417,0
0,66.6518,0
0,66.6619,0
0,66.6724,0
0,66.6825,0
0,66.6927,0
0,66.7028,0
0,66.7129,0
0,66.724,0
0,66.7341,0
0,66.7442,0
0,66.7543,0
0,66.7643,0
0,66.7744,0
0,66.7845,0
0,66.7946,0
0,66.8046,0
0,66.8147,0
0,66.8248,0
0,66.8349,0
0,66.8449,0
0,66.855,0
0,66.8651,0
0,66.8752,0
0,66.8853,0
0,66.8953,0
0,66.9054,0
0,66.9155,0
0,66.9256,0
0,66.9357,0
0,66.9458,0
0,66.9558,0
0,66.9659,0
0,66.9763,0
0,66.9869,0
0,66.997,0
0,67.0071,0
0,67.0171,0
0,67.0272,0
0,67.0373,0
0,67.0474,0
0,67.0575,0
0,67.0675,0
0,67.0777,0
0,67.0877,0
0,67.0978,0
0,67.1108,1
0,67.1209,1
0,67.1348,0
0,67.1448,0
0,67.1549,0
0,67.165,0
0,67.1751,0
0,67.1852,0
0,67.196,0
0,67.2062,0
0,67.2163,0
0,67.2264,0
0,67.2365,0
0,67.2466,0
0,67.2567,0
0,67.2668,0
0,67.2769,0
0,67.287,0
0,67.297,0
0,67.3071,0
0,67.3172,0
0,67.3273,0
0,67.3374,0
0,67.3474,0
0,67.3575,0
0,67.3676,0
0,67.3777,0
0,67.3878,0
0,67.3978,0
0,67.4079,0
0,67.418,0
0,67.4281,0
0,67.4382,0
0,67.4483,0
0,67.4584,0
0,67.4685,0
0,67.4786,0
0,67.4887,0
0,67.4988,0
0,67.5089,0
0,67.5189,0
0,67.529,0
0,67.5391,0
0,67.5492,0
0,67.5593,0
0,67.5694,0
0,67.5794,0
0,67.5895,0
0,67.5996,0
0,67.6109,1
0,67.6215,1
0,67.6323,1
0,67.6492,0
0,67.6593,0
0,67.6694,0
0,67.6795,0
0,67.6896,0
0,67.7005,0
0,67.7107,0
0,67.7208,0
0,67.7309,0
0,67.741,0
0,67.7511,0
0,67.7612,0
0,67.7714,0
0,67.7815,0
0,67.7916,0
0,67.8016,0
0,67.8117,0
0,67.8218,0
0,67.8319,0
0,67.842,0
0,67.852,0
0,67.8621,0
0,67.8722,0
0,67.8823,0
0,67.8924,0
0,67.9025,0
0,67.9125,0
0,67.9226,0
0,67.9327,0
0,67.9428,0
0,67.9529,0
0,67.9629,0
0,67.973,0
0,67.9832,0
0,67.9933,0
0,68.0034,0
0,68.0135,0
0,68.0236,0
0,68.0336,0
0,68.0437,0
0,68.0538,0
0,68.0639,0
0,68.074,0
0,68.0841,0
0,68.0941,0
0,68.1042,0
0,68.1143,1
0,68.1244,1
0,68.1345,1
0,68.1446,0
0,68.1547,0
0,68.1651,0
0,68.1753,0
0,68.1854,0
0,68.1989,0
0,68.209,0
0,68.2191,0
0,68.2292,0
0,68.2394,0
0,68.2495,0
0,68.2596,0
0,68.2696,0
0,68.2797,0
0,68.2898,0
0,68.2999,0
0,68.31,0
0,68.3201,0
0,68.3302,0
0,68.3402,0
0,68.3503,0
0,68.3604,0
0,68.3705,0
0,68.3806,0
0,68.3906,0
0,68.4007,0
0,68.4108,0
0,68.4209,0
0,68.431,0
0,68.4411,0
0,68.4511,0
0,68.4612,0
0,68.4713,0
0,68.4814,0
0,68.4915,0
0,68.5016,0
0,68.5117,0
0,68.5218,0
0,68.5318,0
0,68.5419,0
0,68.552,0
0,68.5621,0
0,68.5722,0
0,68.5823,0
0,68.5923,0
0,68.6024,0
0,68.6125,1
0,68.6226,1
0,68.6346,1
0,68.6471,0
0,68.6574,0
0,68.6675,0
0,68.6776,0
0,68.6877,0
0,68.6979,0
0,68.708,0
0,68.7182,0
0,68.7304,0
0,68.7405,0
0,68.7507,0
0,68.7608,0
0,68.7709,0
0,68.7809,0
0,68.791,0
0,68.8011,0
0,68.8112,0
0,68.8213,0
0,68.8314,0
0,68.8414,0
0,68.8515,0
0,68.8616,0
0,68.8717,0
0,68.8818,0
0,68.8918,0
0,68.9019,0
0,68.912,0
0,68.9221,0
0,68.9322,0
0,68.9423,0
0,68.9523,0
0,68.9624,0
0,68.9725,0
0,68.9826,0
0,68.9927,0
0,69.0028,0
0,69.0129,0
0,69.023,0
0,69.0331,0
0,69.0431,0
0,69.0532,0
0,69.0633,0
0,69.0734,0
0,69.0834,0
0,69.0935,0
0,69.1036,0
0,69.1137,1
0,69.1238,1
0,69.1339,1
0,69.1447,0
0,69.1548,0
0,69.1649,0
0,69.175,0
0,69.1851,0
0,69.1952,0
0,69.2055,0
0,69.2185,0
0,69.2286,0
0,69.2387,0
0,69.2489,0
0,69.259,0
0,69.2691,0
0,69.2791,0
0,69.2892,0
0,69.2993,0
0,69.3094,0
0,69.3195,0
0,69.3298,0
0,69.3399,0
0,69.35,0
0,69.36,0
0,69.3701,0
0,69.3802,0
0,69.3903,0
0,69.4004,0
0,69.4105,0
0,69.4205,0
0,69.4306,0
0,69.4407,0
0,69.4508,0
0,69.4609,0
0,69.4709,0
0,69.481,0
0,69.4911,0
0,69.5012,0
0,69.5113,0
0,69.5214,0
0,69.5315,0
0,69.5415,0
0,69.5516,0
0,69.5617,0
0,69.5718,0
0,69.5819,0
0,69.5919,0
0,69.602,0
0,69.6121,0
0,69.6238,1
0,69.6339,1
0,69.6446,1
0,69.655,0
0,69.6651,0
0,69.6752,0
0,69.6853,0
0,69.6954,0
0,69.7059,0
0,69.716,0
0,69.7262,0
0,69.7363,0
0,69.7464,0
0,69.7565,0
0,69.7666,0
0,69.7767,0
0,69.7868,0
0,69.7968,0
0,69.8069,0
0,69.817,0
0,69.8271,0
0,69.8372,0
0,69.8473,0
0,69.8573,0
0,69.8674,0
0,69.8775,0
0,69.8876,0
0,69.8977,0
0,69.9077,0
0,69.9178,0
0,69.9279,0
0,69.938,0
0,69.9481,0
0,69.9581,0
0,69.9682,0
0,69.9783,0
0,69.9884,0
0,69.9985,0
0,70.0086,0
0,70.0187,0
0,70.0288,0
0,70.0389,0
0,70.049,0
0,70.059,0
0,70.0691,0
0,70.0792,0
0,70.0893,0
0,70.0994,0
0,70.1094,0
0,70.1196,1
0,70.1296,1
0,70.1413,1
0,70.1578,0
0,70.1679,0
0,70.178,0
0,70.1881,0
0,70.1982,0
0,70.209,0
0,70.2191,0
0,70.2294,0
0,70.2395,0
0,70.2496,0
0,70.2597,0
0,70.2698,0
0,70.2799,0
0,70.29,0
0,70.3,0
0,70.3101,0
0,70.3202,0
0,70.3303,0
0,70.3404,0
0,70.3505,0
0,70.3606,0
0,70.3706,0
0,70.3807,0
0,70.3908,0
0,70.4009,0
0,70.411,0
0,70.4211,0
0,70.4312,0
0,70.4412,0
0,70.4513,0
0,70.4614,0
0,70.4715,0
0,70.4816,0
0,70.4917,0
0,70.5017,0
0,70.5119,0
0,70.522,0
0,70.5321,0
0,70.5421,0
0,70.5522,0
0,70.5623,0
0,70.5724,0
0,70.5824,0
0,70.5925,0
0,70.6026,0
0,70.6127,0
0,70.6258,1
0,70.6361,1
0,70.6463,1
0,70.6599,1
0,70.6699,0
0,70.68,0
0,70.6902,0
0,70.7003,0
0,70.7119,0
0,70.722,0
0,70.7322,0
0,70.7423,0
0,70.7524,0
0,70.7625,0
0,70.7726,0
0,70.7827,0
0,70.7928,0
0,70.8028,0
0,70.8129,0
0,70.823,0
0,70.8331,0
0,70.8432,0
0,70.8532,0
0,70.8633,0
0,70.8734,0
0,70.8835,0
0,70.8936,0
0,70.9036,0
0,70.9137,0
0,70.9238,0
0,70.9339,0
0,70.944,0
0,70.954,0
0,70.9641,0
0,70.9742,0
0,70.9843,0
0,70.9944,0
0,71.0044,0
0,71.0146,0
0,71.0246,0
0,71.0347,0
0,71.0449,0
0,71.055,0
0,71.0651,0
0,71.0752,0
0,71.0853,0
0,71.0954,0
0,71.1055,0
0,71.1156,0
0,71.1257,1
0,71.1358,1
0,71.1467,1
0,71.158,0
0,71.1681,0
0,71.1782,0
0,71.1883,0
0,71.1984,0
0,71.2085,0
0,71.2186,0
0,71.2288,0
0,71.2389,0
0,71.249,0
0,71.2591,0
0,71.2693,0
0,71.2794,0
0,71.2894,0
0,71.2996,0
0,71.3097,0
0,71.3198,0
0,71.3299,0
0,71.34,0
0,71.3501,0
0,71.3603,0
0,71.3709,0
0,71.3809,0
0,71.391,0
0,71.4011,0
0,71.4112,0
0,71.4212,0
0,71.4313,0
0,71.4414,0
0,71.4515,0
0,71.4616,0
0,71.4717,0
0,71.4817,0
0,71.4918,0
0,71.5019,0
0,71.512,0
0,71.5221,0
0,71.5322,0
0,71.5429,0
0,71.553,0
0,71.5631,0
0,71.5732,0
0,71.5832,0
0,71.5933,0
0,71.6034,0
0,71.6135,0
0,71.6235,0
0,71.6337,1
0,71.6444,1
0,71.6545,1
0,71.6666,0
0,71.6767,0
0,71.6868,0
0,71.6969,0
0,71.707,0
0,71.7172,0
0,71.7274,0
0,71.7375,0
0,71.748,0
0,71.7581,0
0,71.7681,0
0,71.7782,0
0,71.7883,0
0,71.7984,0
0,71.8085,0
0,71.8186,0
0,71.8286,0
0,71.8387,0
0,71.8488,0
0,71.8589,0
0,71.869,0
0,71.8791,0
0,71.8891,0
0,71.8992,0
0,71.9093,0
0,71.9194,0
0,71.9294,0
0,71.9395,0
0,71.9496,0
0,71.9597,0
0,71.9698,0
0,71.9799,0
0,71.9899,0
0,72.0,0
0,72.0101,0
0,72.0202,0
0,72.0303,0
0,72.0403,0
0,72.0504,0
0,72.0605,0
0,72.0707,0
0,72.0807,0
0,72.0909,0
0,72.1009,0
0,72.111,0
0,72.1211,0
0,72.135,1
0,72.1451,1
0,72.1552,1
0,72.1654,1
0,72.1755,0
0,72.1856,0
0,72.1957,0
0,72.2058,0
0,72.2159,0
0,72.2262,0
0,72.2363,0
0,72.2464,0
0,72.2565,0
0,72.2667,0
0,72.2768,0
0,72.2869,0
0,72.297,0
0,72.3071,0
0,72.3172,0
0,72.3272,0
0,72.3373,0
0,72.3474,0
0,72.3575,0
0,72.3676,0
0,72.3777,0
0,72.3878,0
0,72.3978,0
0,72.4079,0
0,72.418,0
0,72.4281,0
0,72.4382,0
0,72.4482,0
0,72.4583,0
0,72.4684,0
0,72.4785,0
0,72.4886,0
0,72.4987,0
0,72.5087,0
0,72.5188,0
0,72.5289,0
0,72.539,0
0,72.5491,0
0,72.5592,0
0,72.5693,0
0,72.5793,0
0,72.5894,0
0,72.5995,0
0,72.6096,0
0,72.6197,0
0,72.6298,0
0,72.6431,1
0,72.6575,1
0,72.6694,0
0,72.6795,0
0,72.6901,0
0,72.7001,0
0,72.7103,0
0,72.7203,0
0,72.7311,0
0,72.7414,0
0,72.7537,0
0,72.7638,0
0,72.7739,0
0,72.784,0
0,72.7941,0
0,72.8042,0
0,72.8142,0
0,72.8243,0
0,72.8344,0
0,72.8445,0
0,72.8546,0
0,72.8646,0
0,72.8747,0
0,72.8848,0
0,72.8949,0
0,72.905,0
0,72.9151,0
0,72.9251,0
0,72.9352,0
0,72.9453,0
0,72.9554,0
0,72.9655,0
0,72.9756,0
0,72.9856,0
0,72.9957,0
0,73.0058,0
0,73.0159,0
0,73.026,0
0,73.0361,0
0,73.0462,0
0,73.0562,0
0,73.0663,0
0,73.0764,0
0,73.0865,0
0,73.0966,0
0,73.1067,0
0,73.1168,0
0,73.1269,0
0,73.1389,1
0,73.1499,1
0,73.1626,1
0,73.1728,0
0,73.183,0
0,73.1931,0
0,73.2032,0
0,73.2134,0
0,73.2238,0
0,73.234,0
0,73.2443,0
0,73.2544,0
0,73.2645,0
0,73.2746,0
0,73.2847,0
0,73.2947,0
0,73.3048,0
0,73.3149,0
0,73.325,0
0,73.3351,0
0,73.3451,0
0,73.3552,0
0,73.3653,0
0,73.3754,0
0,73.3855,0
0,73.3956,0
0,73.4056,0
0,73.4157,0
0,73.4258,0
0,73.4359,0
0,73.446,0
0,73.456,0
0,73.4661,0
0,73.4762,0
0,73.4863,0
0,73.4964,0
0,73.5065,0
0,73.5166,0
0,73.5266,0
0,73.5368,0
0,73.5469,0
0,73.557,0
0,73.5671,0
0,73.5772,0
0,73.5872,0
0,73.5973,0
0,73.6074,0
0,73.6175,0
0,73.6276,0
0,73.6385,1
0,73.6486,1
0,73.6587,1
0,73.6688,1
0,73.6789,0
0,73.689,0
0,73.6991,0
0,73.7102,0
0,73.7203,0
0,73.7304,0
0,73.741,0
0,73.7511,0
0,73.7612,0
0,73.7713,0
0,73.7813,0
0,73.7914,0
0,73.8015,0
0,73.8116,0
0,73.8217,0
0,73.8317,0
0,73.8418,0
0,73.8519,0
0,73.862,0
0,73.8721,0
0,73.8822,0
0,73.8922,0
0,73.9023,0
0,73.9124,0
0,73.9225,0
0,73.9326,0
0,73.9426,0
0,73.9527,0
0,73.9628,0
0,73.9729,0
0,73.983,0
0,73.9931,0
0,74.0031,0
0,74.0132,0
0,74.0233,0
0,74.0334,0
0,74.0435,0
0,74.0536,0
0,74.0636,0
0,74.0737,0
0,74.0838,0
0,74.094,0
0,74.1042,0
0,74.1143,0
0,74.1243,0
0,74.1344,0
0,74.1445,1
0,74.1551,1
0,74.1652,1
0,74.1768,0
0,74.1879,0
0,74.1981,0
0,74.2082,0
0,74.2183,0
0,74.2285,0
0,74.2387,0
0,74.2488,0
0,74.2592,0
0,74.2693,0
0,74.2794,0
0,74.2895,0
0,74.2996,0
0,74.3096,0
0,74.3197,0
0,74.3298,0
0,74.3399,0
0,74.35,0
0,74.3608,0
0,74.3709,0
0,74.381,0
0,74.391,0
0,74.4011,0
0,74.4112,0
0,74.4213,0
0,74.4314,0
0,74.4415,0
0,74.4515,0
0,74.4616,0
0,74.4717,0
0,74.4818,0
0,74.4919,0
0,74.5019,0
0,74.512,0
0,74.5221,0
0,74.5322,0
0,74.5423,0
0,74.5524,0
0,74.5625,0
0,74.5725,0
0,74.5826,0
0,74.5927,0
0,74.6028,0
0,74.6129,0
0,74.623,0
0,74.633,0
0,74.6465,1
0,74.657,1
0,74.6671,1
0,74.6813,0
0,74.6914,0
0,74.7015,0
0,74.7116,0
0,74.7217,0
0,74.7326,0
0,74.7427,0
0,74.7528,0
0,74.7639,0
0,74.7739,0
0,74.784,0
0,74.7941,0
0,74.8042,0
0,74.8143,0
0,74.8243,0
0,74.8344,0
0,74.8445,0
0,74.8546,0
0,74.8647,0
0,74.8748,0
0,74.8848,0
0,74.8949,0
0,74.905,0
0,74.9151,0
0,74.9252,0
0,74.9353,0
0,74.9453,0
0,74.9554,0
0,74.9655,0
0,74.9756,0
0,74.9857,0
0,74.9957,0
0,75.0058,0
0,75.0159,0
0,75.026,0
0,75.0361,0
0,75.0462,0
0,75.0563,0
0,75.0664,0
0,75.0765,0
0,75.0865,0
0,75.0966,0
0,75.1067,0
0,75.1168,0
0,75.1269,0
0,75.137,0
0,75.1486,1
0,75.1587,1
0,75.1731,1
0,75.1866,0
0,75.1973,0
0,75.2075,0
0,75.2176,0
0,75.2287,0
0,75.2389,0
0,75.249,0
0,75.2591,0
0,75.2692,0
0,75.2793,0
0,75.2894,0
0,75.2994,0
0,75.3096,0
0,75.3196,0
0,75.3297,0
0,75.3398,0
0,75.3498,0
0,75.3599,0
0,75.37,0
0,75.3801,0
0,75.3902,0
0,75.4003,0
0,75.4103,0
0,75.4204,0
0,75.4305,0
0,75.4406,0
0,75.4507,0
0,75.4607,0
0,75.4708,0
0,75.4809,0
0,75.491,0
0,75.5011,0
0,75.5112,0
0,75.5212,0
0,75.5313,0
0,75.5414,0
0,75.5515,0
0,75.5617,0
0,75.5717,0
0,75.5818,0
0,75.5919,0
0,75.602,0
0,75.6121,0
0,75.6222,0
0,75.6322,0
0,75.6423,0
0,75.6525,1
0,75.663,1
0,75.6731,1
0,75.6843,0
0,75.6958,0
0,75.7059,0
0,75.716,0
0,75.7261,0
0,75.7364,0
0,75.7465,0
0,75.7567,0
0,75.7668,0
0,75.7769,0
0,75.787,0
0,75.797,0
0,75.8071,0
0,75.8172,0
0,75.8273,0
0,75.8374,0
0,75.8475,0
0,75.8576,0
0,75.8676,0
0,75.8777,0
0,75.8878,0
0,75.8979,0
0,75.908,0
0,75.918,0
0,75.9281,0
0,75.9382,0
0,75.9483,0
0,75.9584,0
0,75.9685,0
0,75.9785,0
0,75.9886,0
0,75.9987,0
0,76.0088,0
0,76.0189,0
0,76.0289,0
0,76.039,0
0,76.0491,0
0,76.0592,0
0,76.0693,0
0,76.0794,0
0,76.0895,0
0,76.0996,0
0,76.1096,0
0,76.1197,0
0,76.1298,0
0,76.14,0
0,76.1533,1
0,76.1635,1
0,76.1743,1
0,76.1904,1
0,76.2036,0
0,76.2137,0
0,76.2239,0
0,76.237,0
0,76.2471,0
0,76.2573,0
0,76.2676,0
0,76.2778,0
0,76.2879,0
0,76.2981,0
0,76.3083,0
0,76.3184,0
0,76.3286,0
0,76.3388,0
0,76.3489,0
0,76.359,0
0,76.3691,0
0,76.3792,0
0,76.3894,0
0,76.3994,0
0,76.4095,0
0,76.4196,0
0,76.4297,0
0,76.4398,0
0,76.4498,0
0,76.4599,0
0,76.47,0
0,76.4801,0
0,76.4902,0
0,76.5003,0
0,76.5103,0
0,76.5204,0
0,76.5305,0
0,76.5406,0
0,76.5507,0
0,76.5608,0
0,76.5711,0
0,76.5812,0
0,76.5912,0
0,76.6013,0
0,76.6114,0
0,76.6215,0
0,76.6316,0
0,76.6416,0
0,76.6518,1
0,76.6622,1
0,76.6744,1
0,76.6881,0
0,76.6982,0
0,76.7094,0
0,76.7195,0
0,76.7296,0
0,76.7398,0
0,76.7499,0
0,76.7601,0
0,76.7704,0
0,76.7805,0
0,76.7906,0
0,76.8007,0
0,76.8108,0
0,76.8209,0
0,76.831,0
0,76.8411,0
0,76.8511,0
0,76.8612,0
0,76.8713,0
0,76.8814,0
0,76.8915,0
0,76.9015,0
0,76.9116,0
0,76.9217,0
0,76.9318,0
0,76.9419,0
0,76.9519,0
0,76.962,0
0,76.9721,0
0,76.9822,0
0,76.9923,0
0,77.0024,0
0,77.0124,0
0,77.0225,0
0,77.0326,0
0,77.0427,0
0,77.0528,0
0,77.0628,0
0,77.073,0
0,77.083,0
0,77.0931,0
0,77.1032,0
0,77.1133,0
0,77.1234,0
0,77.1335,0
0,77.1435,0
0,77.1537,1
0,77.1661,1
0,77.1792,1
0,77.1937,0
0,77.2038,0
0,77.2139,0
0,77.2259,0
0,77.236,0
0,77.2462,0
0,77.2563,0
0,77.2669,0
0,77.277,0
0,77.2871,0
0,77.2972,0
0,77.3073,0
0,77.3174,0
0,77.3275,0
0,77.3376,0
0,77.3477,0
0,77.3577,0
0,77.3678,0
0,77.3779,0
0,77.388,0
0,77.3981,0
0,77.4082,0
0,77.4183,0
0,77.4284,0
0,77.4385,0
0,77.4485,0
0,77.4586,0
0,77.4687,0
0,77.4788,0
0,77.4889,0
0,77.499,0
0,77.509,0
0,77.5191,0
0,77.5292,0
0,77.5393,0
0,77.5494,0
0,77.5595,0
0,77.5695,0
0,77.5807,0
0,77.5916,0
0,77.6017,0
0,77.6118,0
0,77.6219,0
0,77.632,0
0,77.642,0
0,77.6521,0
0,77.6624,1
0,77.6729,1
0,77.683,1
0,77.6952,0
0,77.7053,0
0,77.7154,0
0,77.7276,0
0,77.738,0
0,77.7482,0
0,77.7584,0
0,77.7685,0
0,77.7786,0
0,77.7887,0
0,77.7989,0
0,77.8089,0
0,77.819,0
0,77.8291,0
0,77.8392,0
0,77.8492,0
0,77.8593,0
0,77.8694,0
0,77.8795,0
0,77.8896,0
0,77.8996,0
0,77.9097,0
0,77.9198,0
0,77.9299,0
0,77.94,0
0,77.9503,0
0,77.9604,0
0,77.9705,0
0,77.9805,0
0,77.9906,0
0,78.0007,0
0,78.0108,0
0,78.0209,0
0,78.0309,0
0,78.041,0
0,78.0511,0
0,78.0612,0
0,78.0713,0
0,78.0815,0
0,78.0915,0
0,78.1016,0
0,78.1117,0
0,78.1218,0
0,78.1319,0
0,78.1419,0
0,78.152,0
0,78.1621,1
0,78.1728,1
0,78.184,1
0,78.1942,1
0,78.2128,0
0,78.2229,0
0,78.233,0
0,78.2445,0
0,78.2549,0
0,78.265,0
0,78.2751,0
0,78.2852,0
0,78.2954,0
0,78.3054,0
0,78.3155,0
0,78.3256,0
0,78.3357,0
0,78.3458,0
0,78.3559,0
0,78.366,0
0,78.3761,0
0,78.3861,0
0,78.3962,0
0,78.4063,0
0,78.4164,0
0,78.4264,0
0,78.4365,0
0,78.4466,0
0,78.4567,0
0,78.4668,0
0,78.4769,0
0,78.487,0
0,78.497,0
0,78.5071,0
0,78.5172,0
0,78.5273,0
0,78.5374,0
0,78.5474,0
0,78.5575,0
0,78.5676,0
0,78.5777,0
0,78.588,0
0,78.5981,0
0,78.6082,0
0,78.6183,0
0,78.6284,0
0,78.6385,0
0,78.6485,0
0,78.6586,0
0,78.6687,1
0,78.6825,1
0,78.6926,1
0,78.7033,0
0,78.7149,0
0,78.725,0
0,78.7351,0
0,78.7453,0
0,78.7564,0
0,78.7665,0
0,78.7767,0
0,78.7869,0
0,78.797,0
0,78.8071,0
0,78.8172,0
0,78.8272,0
0,78.8373,0
0,78.8474,0
0,78.8575,0
0,78.8676,0
0,78.8776,0
0,78.8877,0
0,78.8978,0
0,78.9079,0
0,78.9179,0
0,78.928,0
0,78.9381,0
0,78.9482,0
0,78.9583,0
0,78.9683,0
0,78.9784,0
0,78.9885,0
0,78.9986,0
0,79.0087,0
0,79.0188,0
0,79.0288,0
0,79.0389,0
0,79.049,0
0,79.0591,0
0,79.0692,0
0,79.0793,0
0,79.0894,0
0,79.0995,0
0,79.1095,0
0,79.1196,0
0,79.1297,0
0,79.1398,0
0,79.1499,0
0,79.16,0
0,79.1701,1
0,79.1803,1
0,79.1904,1
0,79.203,0
0,79.2146,0
0,79.2248,0
0,79.2361,0
0,79.2462,0
0,79.2572,0
0,79.2689,0
0,79.279,0
0,79.2891,0
0,79.2992,0
0,79.3093,0
0,79.3194,0
0,79.3295,0
0,79.3396,0
0,79.3497,0
0,79.3597,0
0,79.3698,0
0,79.3799,0
0,79.39,0
0,79.4001,0
0,79.4102,0
0,79.4202,0
0,79.4303,0
0,79.4404,0
0,79.4505,0
0,79.4606,0
0,79.4707,0
0,79.4807,0
0,79.4908,0
0,79.5009,0
0,79.511,0
0,79.5211,0
0,79.5312,0
0,79.5412,0
0,79.5515,0
0,79.5616,0
0,79.5717,0
0,79.5818,0
0,79.592,0
0,79.6021,0
0,79.6122,0
0,79.6223,0
0,79.6324,0
0,79.6425,0
0,79.6527,0
0,79.6628,0
0,79.6729,1
0,79.6845,1
0,79.6965,0
0,79.7066,0
0,79.7167,0
0,79.7269,0
0,79.737,0
0,79.7476,0
0,79.7578,0
0,79.768,0
0,79.7789,0
0,79.789,0
0,79.7991,0
0,79.8092,0
0,79.8193,0
0,79.8294,0
0,79.8394,0
0,79.8495,0
0,79.8596,0
0,79.8697,0
0,79.8797,0
0,79.8898,0
0,79.8999,0
0,79.91,0
0,79.9201,0
0,79.9302,0
0,79.9403,0
0,79.9503,0
0,79.9604,0
0,79.9705,0
0,79.9806,0
0,79.9907,0
0,80.0007,0
0,80.0108,0
0,80.0209,0
0,80.031,0
0,80.0411,0
0,80.0512,0
0,80.0612,0
0,80.0713,0
0,80.0814,0
0,80.0915,0
0,80.1019,0
0,80.112,0
0,80.1221,0
0,80.1322,0
0,80.1422,0
0,80.1523,0
0,80.1624,0
0,80.1725,1
0,80.1827,1
0,80.1928,1
0,80.2047,0
0,80.2156,0
0,80.2257,0
0,80.2358,0
0,80.2459,0
0,80.2561,0
0,80.2681,0
0,80.2795,0
0,80.2896,0
0,80.2997,0
0,80.3098,0
0,80.3199,0
0,80.3299,0
0,80.34,0
0,80.3501,0
0,80.3602,0
0,80.3703,0
0,80.3804,0
0,80.3905,0
0,80.4005,0
0,80.4106,0
0,80.4207,0
0,80.4308,0
0,80.4409,0
0,80.4509,0
0,80.461,0
0,80.4711,0
0,80.4812,0
0,80.4913,0
0,80.5014,0
0,80.5114,0
0,80.5215,0
0,80.5316,0
0,80.5417,0
0,80.5518,0
0,80.5618,0
0,80.5719,0
0,80.582,0
0,80.5921,0
0,80.6022,0
0,80.6123,0
0,80.6224,0
0,80.6325,0
0,80.6426,0
0,80.6526,0
0,80.6627,0
0,80.675,1
0,80.6858,1
0,80.6961,1
0,80.7062,1
0,80.7173,0
0,80.7274,0
0,80.7399,0
0,80.75,0
0,80.7624,0
0,80.7726,0
0,80.7827,0
0,80.7928,0
0,80.8029,0
0,80.813,0
0,80.8231,0
0,80.8331,0
0,80.8432,0
0,80.8533,0
0,80.8634,0
0,80.8735,0
0,80.8836,0
0,80.8937,0
0,80.9037,0
0,80.9138,0
0,80.9239,0
0,80.934,0
0,80.9441,0
0,80.9542,0
0,80.9642,0
0,80.9743,0
0,80.9844,0
0,80.9945,0
0,81.0046,0
0,81.0146,0
0,81.0247,0
0,81.0348,0
0,81.0449,0
0,81.055,0
0,81.0651,0
0,81.0751,0
0,81.0852,0
0,81.0953,0
0,81.1054,0
0,81.1155,0
0,81.1256,0
0,81.1357,0
0,81.1457,0
0,81.1558,0
0,81.1659,0
0,81.179,1
0,81.1891,1
0,81.1992,1
0,81.2109,0
0,81.2212,0
0,81.2328,0
0,81.243,0
0,81.2542,0
0,81.2643,0
0,81.277,0
0,81.2872,0
0,81.2974,0
0,81.3101,0
0,81.3202,0
0,81.3303,0
0,81.3404,0
0,81.3505,0
0,81.3606,0
0,81.3708,0
0,81.3809,0
0,81.391,0
0,81.4011,0
0,81.4111,0
0,81.4212,0
0,81.4313,0
0,81.4414,0
0,81.4515,0
0,81.4616,0
0,81.4717,0
0,81.4817,0
0,81.4918,0
0,81.5019,0
0,81.512,0
0,81.5221,0
0,81.5321,0
0,81.5422,0
0,81.5523,0
0,81.5624,0
0,81.5725,0
0,81.5826,0
0,81.5926,0
0,81.6027,0
0,81.6131,0
0,81.6231,0
0,81.6332,0
0,81.6433,0
0,81.6534,0
0,81.6635,0
0,81.6735,0
0,81.6856,1
0,81.6959,1
0,81.7061,1
0,81.7189,0
0,81.7312,0
0,81.7413,0
0,81.7514,0
0,81.7616,0
0,81.7717,0
0,81.7818,0
0,81.7919,0
0,81.802,0
0,81.8121,0
0,81.8222,0
0,81.8323,0
0,81.8423,0
0,81.8524,0
0,81.8625,0
0,81.8726,0
0,81.8827,0
0,81.8927,0
0,81.9028,0
0,81.9129,0
0,81.923,0
0,81.933,0
0,81.9431,0
0,81.9532,0
0,81.9633,0
0,81.9734,0
0,81.9835,0
0,81.9935,0
0,82.0036,0
0,82.0137,0
0,82.0238,0
0,82.0339,0
0,82.044,0
0,82.0541,0
0,82.0642,0
0,82.0742,0
0,82.0843,0
0,82.0944,0
0,82.1045,0
0,82.1149,0
0,82.125,0
0,82.135,0
0,82.1451,0
0,82.1552,0
0,82.1653,0
0,82.1754,0
0,82.1855,1
0,82.1973,1
0,82.2074,1
0,82.2176,0
0,82.2277,0
0,82.2378,0
0,82.2479,0
0,82.258,0
0,82.2681,0
0,82.2782,0
0,82.2884,0
0,82.2985,0
0,82.3086,0
0,82.3187,0
0,82.3289,0
0,82.339,0
0,82.3491,0
0,82.3592,0
0,82.3693,0
0,82.3793,0
0,82.3894,0
0,82.3995,0
0,82.4096,0
0,82.4197,0
0,82.4298,0
0,82.4399,0
0,82.45,0
0,82.4601,0
0,82.4701,0
0,82.4802,0
0,82.4903,0
0,82.5004,0
0,82.5105,0
0,82.5205,0
0,82.5306,0
0,82.5407,0
0,82.5508,0
0,82.5609,0
0,82.571,0
0,82.581,0
0,82.5911,0
0,82.6012,0
0,82.6113,0
0,82.6214,0
0,82.6315,0
0,82.6416,0
0,82.6517,0
0,82.6617,0
0,82.6718,0
0,82.6819,1
0,82.692,1
0,82.7024,1
0,82.7132,1
0,82.7233,0
0,82.7334,0
0,82.7444,0
0,82.7549,0
0,82.765,0
0,82.7789,0
0,82.789,0
0,82.7991,0
0,82.8092,0
0,82.8193,0
0,82.8294,0
0,82.8395,0
0,82.8496,0
0,82.8597,0
0,82.8697,0
0,82.8798,0
0,82.8899,0
0,82.9,0
0,82.9101,0
0,82.9202,0
0,82.9302,0
0,82.9403,0
0,82.9504,0
0,82.9605,0
0,82.9706,0
0,82.9807,0
0,82.9907,0
0,83.0008,0
0,83.0109,0
0,83.021,0
0,83.0311,0
0,83.0412,0
0,83.0512,0
0,83.0613,0
0,83.0714,0
0,83.0815,0
0,83.0916,0
0,83.1016,0
0,83.1117,0
0,83.122,0
0,83.1321,0
0,83.1421,0
0,83.1522,0
0,83.1623,0
0,83.1724,0
0,83.1826,0
0,83.1953,1
0,83.2075,1
0,83.2177,0
0,83.2301,0
0,83.2402,0
0,83.2503,0
0,83.2604,0
0,83.2708,0
0,83.2809,0
0,83.291,0
0,83.3011,0
0,83.3112,0
0,83.3213,0
0,83.3314,0
0,83.3425,0
0,83.3526,0
0,83.3627,0
0,83.3728,0
0,83.3829,0
0,83.393,0
0,83.4031,0
0,83.4132,0
0,83.4233,0
0,83.4334,0
0,83.4434,0
0,83.4535,0
0,83.4636,0
0,83.4737,0
0,83.4838,0
0,83.4938,0
0,83.5039,0
0,83.514,0
0,83.5241,0
0,83.5342,0
0,83.5443,0
0,83.5543,0
0,83.5644,0
0,83.5745,0
0,83.5846,0
0,83.5947,0
0,83.6047,0
0,83.6148,0
0,83.6249,0
0,83.635,0
0,83.6451,0
0,83.6552,0
0,83.6653,0
0,83.6753,0
0,83.6854,0
0,83.6956,1
0,83.7057,1
0,83.7158,1
0,83.728,1
0,83.7381,0
0,83.7482,0
0,83.7584,0
0,83.7684,0
0,83.7786,0
0,83.7887,0
0,83.7989,0
0,83.809,0
0,83.819,0
0,83.8292,0
0,83.8393,0
0,83.8493,0
0,83.8594,0
0,83.8695,0
0,83.8796,0
0,83.8897,0
0,83.8998,0
0,83.9099,0
0,83.9199,0
0,83.93,0
0,83.9401,0
0,83.9502,0
0,83.9603,0
0,83.9704,0
0,83.9804,0
0,83.9905,0
0,84.0006,0
0,84.0107,0
0,84.0208,0
0,84.0309,0
0,84.0409,0
0,84.051,0
0,84.0611,0
0,84.0712,0
0,84.0813,0
0,84.0914,0
0,84.1014,0
0,84.1115,0
0,84.1216,0
0,84.1317,0
0,84.1418,0
0,84.1519,0
0,84.162,0
0,84.1721,0
0,84.1821,0
0,84.1922,0
0,84.2024,1
0,84.2133,1
0,84.2233,1
0,84.2384,1
0,84.2525,0
0,84.263,0
0,84.2732,0
0,84.2834,0
0,84.2935,0
0,84.3037,0
0,84.3138,0
0,84.3239,0
0,84.334,0
0,84.3441,0
0,84.3542,0
0,84.3643,0
0,84.3744,0
0,84.3845,0
0,84.3946,0
0,84.4047,0
0,84.4148,0
0,84.4249,0
0,84.435,0
0,84.445,0
0,84.4551,0
0,84.4652,0
0,84.4753,0
0,84.4854,0
0,84.4955,0
0,84.5056,0
0,84.5156,0
0,84.5257,0
0,84.5358,0
0,84.5459,0
0,84.556,0
0,84.5661,0
0,84.5761,0
0,84.5862,0
0,84.5963,0
0,84.6064,0
0,84.6165,0
0,84.6265,0
0,84.6366,0
0,84.6467,0
0,84.6568,0
0,84.6669,0
0,84.677,0
0,84.687,0
0,84.6971,0
0,84.7084,1
0,84.7206,1
0,84.733,0
0,84.7431,0
0,84.7532,0
0,84.7633,0
0,84.7734,0
0,84.7835,0
0,84.7949,0
0,84.8051,0
0,84.8153,0
0,84.8254,0
0,84.8355,0
0,84.8455,0
0,84.8556,0
0,84.8657,0
0,84.8758,0
0,84.8859,0
0,84.896,0
0,84.906,0
0,84.9161,0
0,84.9262,0
0,84.9363,0
0,84.9464,0
0,84.9565,0
0,84.9665,0
0,84.9766,0
0,84.9867,0
0,84.9968,0
0,85.0069,0
0,85.0169,0
0,85.027,0
0,85.0371,0
0,85.0472,0
0,85.0573,0
0,85.0674,0
0,85.0774,0
0,85.0875,0
0,85.0976,0
0,85.1077,0
0,85.1178,0
0,85.1279,0
0,85.1379,0
0,85.1481,0
0,85.1582,0
0,85.1682,0
0,85.1783,0
0,85.1884,0
0,85.1985,0
0,85.2094,1
0,85.2203,1
0,85.2304,1
0,85.2435,0
0,85.2536,0
0,85.2637,0
0,85.2738,0
0,85.2839,0
0,85.2941,0
0,85.3043,0
0,85.3147,0
0,85.3248,0
0,85.3349,0
0,85.345,0
0,85.3551,0
0,85.3653,0
0,85.3754,0
0,85.3855,0
0,85.3956,0
0,85.4057,0
0,85.4157,0
0,85.4258,0
0,85.4361,0
0,85.4462,0
0,85.4562,0
0,85.4663,0
0,85.4764,0
0,85.4865,0
0,85.4966,0
0,85.5067,0
0,85.5167,0
0,85.5268,0
0,85.5369,0
0,85.547,0
0,85.5571,0
0,85.5672,0
0,85.5772,0
0,85.5873,0
0,85.5974,0
0,85.6075,0
0,85.6176,0
0,85.6276,0
0,85.6377,0
0,85.6478,0
0,85.6579,0
0,85.668,0
0,85.6781,0
0,85.6882,0
0,85.6982,0
0,85.711,1
0,85.7222,1
0,85.7325,1
0,85.7427,0
0,85.7528,0
0,85.7645,0
0,85.7746,0
0,85.7849,0
0,85.7968,0
0,85.8098,0
0,85.8205,0
0,85.8306,0
0,85.8407,0
0,85.8508,0
0,85.8609,0
0,85.8709,0
0,85.881,0
0,85.8911,0
0,85.9012,0
0,85.9113,0
0,85.9214,0
0,85.9315,0
0,85.9415,0
0,85.9516,0
0,85.9617,0
0,85.9718,0
0,85.9819,0
0,85.9919,0
0,86.002,0
0,86.0121,0
0,86.0222,0
0,86.0323,0
0,86.0424,0
0,86.0524,0
0,86.0625,0
0,86.0726,0
0,86.0827,0
0,86.0928,0
0,86.1029,0
0,86.1129,0
0,86.123,0
0,86.1331,0
0,86.1432,0
0,86.1533,0
0,86.1638,0
0,86.1739,0
0,86.184,0
0,86.194,0
0,86.2041,0
0,86.2142,1
0,86.2243,1
0,86.235,1
0,86.2465,1
0,86.2566,0
0,86.2667,0
0,86.2768,0
0,86.2869,0
0,86.2971,0
0,86.3097,0
0,86.3198,0
0,86.3299,0
0,86.341,0
0,86.3511,0
0,86.3612,0
0,86.3714,0
0,86.3815,0
0,86.3917,0
0,86.4018,0
0,86.4129,0
0,86.4231,0
0,86.4331,0
0,86.4432,0
0,86.4533,0
0,86.4634,0
0,86.4735,0
0,86.4836,0
0,86.4936,0
0,86.5037,0
0,86.5138,0
0,86.5239,0
0,86.534,0
0,86.544,0
0,86.5541,0
0,86.5642,0
0,86.5743,0
0,86.5844,0
0,86.5945,0
0,86.6046,0
0,86.6147,0
0,86.6247,0
0,86.6348,0
0,86.6449,0
0,86.655,0
0,86.6651,0
0,86.6752,0
0,86.6853,0
0,86.6954,0
0,86.7055,0
0,86.7161,1
0,86.7265,1
0,86.7366,1
0,86.7467,0
0,86.7568,0
0,86.7668,0
0,86.7783,0
0,86.7884,0
0,86.7985,0
0,86.8092,0
0,86.8193,0
0,86.8294,0
0,86.8395,0
0,86.8497,0
0,86.8597,0
0,86.8698,0
0,86.8799,0
0,86.89,0
0,86.9001,0
0,86.9102,0
0,86.9203,0
0,86.9304,0
0,86.9404,0
0,86.9505,0
0,86.9606,0
0,86.9707,0
0,86.9808,0
0,86.9908,0
0,87.0009,0
0,87.011,0
0,87.0211,0
0,87.0312,0
0,87.0413,0
0,87.0513,0
0,87.0614,0
0,87.0715,0
0,87.0816,0
0,87.0917,0
0,87.1018,0
0,87.1118,0
0,87.1219,0
0,87.132,0
0,87.1421,0
0,87.1522,0
0,87.1622,0
0,87.1723,0
0,87.1824,0
0,87.1925,0
0,87.2026,0
0,87.2127,0
0,87.223,1
0,87.2331,1
0,87.2458,0
0,87.2569,0
0,87.267,0
0,87.2772,0
0,87.2873,0
0,87.2978,0
0,87.3079,0
0,87.3181,0
0,87.3282,0
0,87.3384,0
0,87.3485,0
0,87.3586,0
0,87.3687,0
0,87.3788,0
0,87.3889,0
0,87.399,0
0,87.409,0
0,87.4191,0
0,87.4292,0
0,87.4394,0
0,87.4495,0
0,87.4596,0
0,87.4696,0
0,87.4797,0
0,87.4898,0
0,87.4999,0
0,87.5099,0
0,87.52,0
0,87.5301,0
0,87.5402,0
0,87.5503,0
0,87.5603,0
0,87.5704,0
0,87.5805,0
0,87.5906,0
0,87.6007,0
0,87.6107,0
0,87.6208,0
0,87.6309,0
0,87.641,0
0,87.6511,0
0,87.6612,0
0,87.6713,0
0,87.6814,0
0,87.6915,0
0,87.7015,0
0,87.7116,0
0,87.7269,1
0,87.737,1
0,87.7471,1
0,87.7572,0
0,87.7673,0
0,87.7774,0
0,87.7875,0
0,87.7976,0
0,87.808,0
0,87.8182,0
0,87.8283,0
0,87.8384,0
0,87.8491,0
0,87.8592,0
0,87.8693,0
0,87.8794,0
0,87.8895,0
0,87.8996,0
0,87.9097,0
0,87.9197,0
0,87.9298,0
0,87.9399,0
0,87.95,0
0,87.9601,0
0,87.9702,0
0,87.9802,0
0,87.9903,0
0,88.0004,0
0,88.0105,0
0,88.0206,0
0,88.0306,0
0,88.0407,0
0,88.0508,0
0,88.0609,0
0,88.071,0
0,88.0811,0
0,88.0911,0
0,88.1012,0
0,88.1113,0
0,88.1214,0
0,88.1315,0
0,88.1415,0
0,88.1516,0
0,88.1617,0
0,88.1718,0
0,88.1829,0
0,88.193,0
0,88.2031,0
0,88.2132,0
0,88.2232,1
0,88.2333,1
0,88.2444,1
0,88.2569,0
0,88.2671,0
0,88.2772,0
0,88.2873,0
0,88.2974,0
0,88.3075,0
0,88.3176,0
0,88.3277,0
0,88.3378,0
0,88.3479,0
0,88.358,0
0,88.3681,0
0,88.3782,0
0,88.3883,0
0,88.3984,0
0,88.4084,0
0,88.4185,0
0,88.4286,0
0,88.4387,0
0,88.4488,0
0,88.4589,0
0,88.469,0
0,88.4791,0
0,88.4891,0
0,88.4992,0
0,88.5093,0
0,88.5194,0
0,88.5295,0
0,88.5396,0
0,88.5496,0
0,88.5597,0
0,88.5698,0
0,88.5799,0
0,88.59,0
0,88.6,0
0,88.6102,0
0,88.6202,0
0,88.6303,0
0,88.6404,0
0,88.6505,0
0,88.6606,0
0,88.6707,0
0,88.6808,0
0,88.6909,0
0,88.7009,0
0,88.711,0
0,88.7211,0
0,88.7312,1
0,88.7413,1
0,88.7515,1
0,88.762,1
0,88.7721,0
0,88.7822,0
0,88.7923,0
0,88.8024,0
0,88.8154,0
0,88.8255,0
0,88.8357,0
0,88.8458,0
0,88.8569,0
0,88.867,0
0,88.8771,0
0,88.8872,0
0,88.8973,0
0,88.9074,0
0,88.9175,0
0,88.9275,0
0,88.9376,0
0,88.9477,0
0,88.9578,0
0,88.9679,0
0,88.978,0
0,88.9881,0
0,88.9981,0
0,89.0082,0
0,89.0183,0
0,89.0284,0
0,89.0385,0
0,89.0485,0
0,89.0586,0
0,89.0687,0
0,89.0788,0
0,89.0889,0
0,89.0989,0
0,89.109,0
0,89.1191,0
0,89.1292,0
0,89.1393,0
0,89.1493,0
0,89.1594,0
0,89.1695,0
0,89.1796,0
0,89.1897,0
0,89.1999,0
0,89.21,0
0,89.2201,0
0,89.2302,1
0,89.2403,1
0,89.2512,1
0,89.2641,0
0,89.2742,0
0,89.2843,0
0,89.2943,0
0,89.3044,0
0,89.3147,0
0,89.326,0
0,89.3361,0
0,89.3462,0
0,89.3563,0
0,89.3664,0
0,89.3765,0
0,89.3866,0
0,89.3967,0
0,89.4068,0
0,89.4169,0
0,89.4269,0
0,89.437,0
0,89.4471,0
0,89.4579,0
0,89.469,0
0,89.4791,0
0,89.4892,0
0,89.4993,0
0,89.5094,0
0,89.5195,0
0,89.5295,0
0,89.5396,0
0,89.5497,0
0,89.5598,0
0,89.5699,0
0,89.58,0
0,89.59,0
0,89.6001,0
0,89.6102,0
0,89.6203,0
0,89.6304,0
0,89.6404,0
0,89.6505,0
0,89.6606,0
0,89.6707,0
0,89.6808,0
0,89.6909,0
0,89.701,0
0,89.7111,0
0,89.7211,0
0,89.7316,1
0,89.7417,1
0,89.7521,1
0,89.7651,0
0,89.7752,0
0,89.7853,0
0,89.7955,0
0,89.8056,0
0,89.8157,0
0,89.8264,0
0,89.8365,0
0,89.8467,0
0,89.8575,0
0,89.8675,0
0,89.8776,0
0,89.8877,0
0,89.8978,0
0,89.9079,0
0,89.9179,0
0,89.928,0
0,89.9381,0
0,89.9482,0
0,89.9583,0
0,89.9684,0
0,89.9784,0
0,89.9885,0
0,89.9986,0
0,90.0087,0
0,90.0188,0
0,90.0289,0
0,90.0389,0
0,90.049,0
0,90.0591,0
0,90.0692,0
0,90.0793,0
0,90.0894,0
0,90.0994,0
0,90.1095,0
0,90.1196,0
0,90.1297,0
0,90.1398,0
0,90.1498,0
0,90.1599,0
0,90.17,0
0,90.1801,0
0,90.1902,0
0,90.2003,0
0,90.2104,0
0,90.2205,0
0,90.2306,0
0,90.2407,1
0,90.2507,1
0,90.2611,1
0,90.2752,0
0,90.2853,0
0,90.2954,0
0,90.3055,0
0,90.3156,0
0,90.3278,0
0,90.3379,0
0,90.348,0
0,90.3581,0
0,90.3682,0
0,90.3783,0
0,90.3884,0
0,90.3985,0
0,90.4086,0
0,90.4186,0
0,90.4287,0
0,90.4388,0
0,90.4489,0
0,90.4593,0
0,90.4694,0
0,90.4795,0
0,90.4896,0
0,90.4997,0
0,90.5098,0
0,90.5198,0
0,90.5299,0
0,90.54,0
0,90.5501,0
0,90.5601,0
0,90.5702,0
0,90.5803,0
0,90.5904,0
0,90.6005,0
0,90.6105,0
0,90.6206,0
0,90.6307,0
0,90.6408,0
0,90.6508,0
0,90.6609,0
0,90.671,0
0,90.6811,0
0,90.6912,0
0,90.7013,0
0,90.7114,0
0,90.7215,0
0,90.7315,0
0,90.7417,1
0,90.7523,1
0,90.7624,1
0,90.7725,0
0,90.7826,0
0,90.7946,0
0,90.807,0
0,90.8172,0
0,90.8273,0
0,90.8374,0
0,90.8475,0
0,90.8577,0
0,90.8678,0
0,90.8779,0
0,90.8879,0
0,90.898,0
0,90.9081,0
0,90.9183,0
0,90.9284,0
0,90.9384,0
0,90.9485,0
0,90.9586,0
0,90.9687,0
0,90.9788,0
0,90.9889,0
0,90.9989,0
0,91.009,0
0,91.0191,0
0,91.0292,0
0,91.0393,0
0,91.0494,0
0,91.0595,0
0,91.0695,0
0,91.0796,0
0,91.0897,0
0,91.0998,0
0,91.1099,0
0,91.12,0
0,91.13,0
0,91.1401,0
0,91.1502,0
0,91.1603,0
0,91.1704,0
0,91.1805,0
0,91.1905,0
0,91.2006,0
0,91.2107,0
0,91.2208,0
0,91.2309,0
0,91.241,1
0,91.2511,1
0,91.2613,1
0,91.2748,0
0,91.2849,0
0,91.2952,0
0,91.3059,0
0,91.316,0
0,91.3262,0
0,91.3367,0
0,91.353,0
0,91.3632,0
0,91.3733,0
0,91.3835,0
0,91.3937,0
0,91.4038,0
0,91.4139,0
0,91.424,0
0,91.4341,0
0,91.4442,0
0,91.4543,0
0,91.4644,0
0,91.475,0
0,91.4851,0
0,91.4952,0
0,91.5054,0
0,91.5155,0
0,91.5256,0
0,91.5357,0
0,91.5458,0
0,91.5559,0
0,91.566,0
0,91.576,0
0,91.5861,0
0,91.5962,0
0,91.6063,0
0,91.6164,0
0,91.6265,0
0,91.6366,0
0,91.6467,0
0,91.6568,0
0,91.6669,0
0,91.677,0
0,91.6871,0
0,91.6972,0
0,91.7073,0
0,91.7174,0
0,91.7275,0
0,91.7376,0
0,91.7509,1
0,91.761,1
0,91.7713,1
0,91.7815,1
0,91.7923,0
0,91.8024,0
0,91.8125,0
0,91.8226,0
0,91.8327,0
0,91.8453,0
0,91.8554,0
0,91.8655,0
0,91.8759,0
0,91.886,0
0,91.8961,0
0,91.9062,0
0,91.9163,0
0,91.9264,0
0,91.9364,0
0,91.9465,0
0,91.9566,0
0,91.9667,0
0,91.9768,0
0,91.9869,0
0,91.997,0
0,92.0071,0
0,92.0172,0
0,92.0272,0
0,92.0373,0
0,92.0474,0
0,92.0575,0
0,92.0676,0
0,92.0776,0
0,92.0877,0
0,92.0978,0
0,92.1079,0
0,92.118,0
0,92.128,0
0,92.1381,0
0,92.1482,0
0,92.1583,0
0,92.1684,0
0,92.1785,0
0,92.1885,0
0,92.1986,0
0,92.2087,0
0,92.2188,0
0,92.2289,0
0,92.239,0
0,92.2491,1
0,92.2594,1
0,92.2695,1
0,92.2833,0
0,92.2934,0
0,92.3037,0
0,92.3138,0
0,92.3239,0
0,92.3346,0
0,92.3447,0
0,92.3551,0
0,92.3652,0
0,92.3753,0
0,92.3854,0
0,92.3955,0
0,92.4056,0
0,92.4157,0
0,92.4258,0
0,92.4359,0
0,92.446,0
0,92.456,0
0,92.4661,0
0,92.4768,0
0,92.4869,0
0,92.497,0
0,92.5071,0
0,92.5172,0
0,92.5273,0
0,92.5374,0
0,92.5474,0
0,92.5575,0
0,92.5676,0
0,92.5777,0
0,92.5878,0
0,92.5979,0
0,92.6079,0
0,92.618,0
0,92.6281,0
0,92.6382,0
0,92.6483,0
0,92.6583,0
0,92.6684,0
0,92.6785,0
0,92.6886,0
0,92.6987,0
0,92.7087,0
0,92.7188,0
0,92.7289,0
0,92.7402,0
0,92.7509,1
0,92.7611,1
0,92.7738,1
0,92.7839,0
0,92.794,0
0,92.8041,0
0,92.8142,0
0,92.8243,0
0,92.8357,0
0,92.846,0
0,92.8585,0
0,92.8688,0
0,92.8804,0
0,92.8905,0
0,92.9005,0
0,92.9106,0
0,92.9207,0
0,92.9308,0
0,92.9408,0
0,92.9509,0
0,92.961,0
0,92.9711,0
0,92.9811,0
0,92.9915,0
0,93.0016,0
0,93.0117,0
0,93.0218,0
0,93.0318,0
0,93.0419,0
0,93.052,0
0,93.0621,0
0,93.0722,0
0,93.0822,0
0,93.0923,0
0,93.1024,0
0,93.1125,0
0,93.1226,0
0,93.1327,0
0,93.1428,0
0,93.1528,0
0,93.1629,0
0,93.173,0
0,93.1831,0
0,93.1932,0
0,93.2032,0
0,93.2133,0
0,93.2234,0
0,93.2334,0
0,93.2439,0
0,93.254,1
0,93.265,1
0,93.2751,1
0,93.2855,0
0,93.2956,0
0,93.3057,0
0,93.3158,0
0,93.3259,0
0,93.3361,0
0,93.3462,0
0,93.3569,0
0,93.3671,0
0,93.3772,0
0,93.3873,0
0,93.3974,0
0,93.4075,0
0,93.4175,0
0,93.4276,0
0,93.4377,0
0,93.4478,0
0,93.4579,0
0,93.4679,0
0,93.478,0
0,93.4881,0
0,93.4982,0
0,93.5083,0
0,93.5184,0
0,93.5286,0
0,93.5388,0
0,93.5488,0
0,93.5589,0
0,93.569,0
0,93.5791,0
0,93.5891,0
0,93.5992,0
0,93.6093,0
0,93.6194,0
0,93.6295,0
0,93.6395,0
0,93.6496,0
0,93.6597,0
0,93.6698,0
0,93.6799,0
0,93.69,0
0,93.7,0
0,93.7101,0
0,93.7202,0
0,93.7303,0
0,93.7404,0
0,93.7506,0
0,93.7612,1
0,93.7721,1
0,93.7822,1
0,93.7949,0
0,93.805,0
0,93.8151,0
0,93.8252,0
0,93.8367,0
0,93.8468,0
0,93.8569,0
0,93.867,0
0,93.8772,0
0,93.8873,0
0,93.8974,0
0,93.9075,0
0,93.9175,0
0,93.9276,0
0,93.9377,0
0,93.9478,0
0,93.9579,0
0,93.968,0
0,93.9781,0
0,93.9881,0
0,93.9982,0
0,94.0083,0
0,94.0184,0
0,94.0285,0
0,94.0386,0
0,94.0486,0
0,94.0587,0
0,94.0688,0
0,94.0789,0
0,94.089,0
0,94.0991,0
0,94.1091,0
0,94.1192,0
0,94.1293,0
0,94.1394,0
0,94.1495,0
0,94.1595,0
0,94.1696,0
0,94.1797,0
0,94.1898,0
0,94.1999,0
0,94.21,0
0,94.22,0
0,94.2301,0
0,94.2402,0
0,94.2503,0
0,94.2616,1
0,94.2717,1
0,94.2843,1
0,94.2966,0
0,94.3067,0
0,94.3168,0
0,94.3269,0
0,94.337,0
0,94.3472,0
0,94.3574,0
0,94.3675,0
0,94.3776,0
0,94.388,0
0,94.3981,0
0,94.4082,0
0,94.4183,0
0,94.4283,0
0,94.4384,0
0,94.4485,0
0,94.4586,0
0,94.4687,0
0,94.4788,0
0,94.4889,0
0,94.499,0
0,94.509,0
0,94.5191,0
0,94.5292,0
0,94.5393,0
0,94.5494,0
0,94.5595,0
0,94.5696,0
0,94.5796,0
0,94.5897,0
0,94.5998,0
0,94.6099,0
0,94.62,0
0,94.63,0
0,94.6401,0
0,94.6502,0
0,94.6603,0
0,94.6704,0
0,94.6804,0
0,94.6905,0
0,94.7006,0
0,94.7107,0
0,94.7208,0
0,94.7308,0
0,94.7409,0
0,94.751,0
0,94.7631,1
0,94.7732,1
0,94.7833,1
0,94.7933,1
0,94.8063,0
0,94.8164,0
0,94.8265,0
0,94.8366,0
0,94.8468,0
0,94.8569,0
0,94.867,0
0,94.8771,0
0,94.8872,0
0,94.8973,0
0,94.9074,0
0,94.9175,0
0,94.9275,0
0,94.9376,0
0,94.9477,0
0,94.9578,0
0,94.9679,0
0,94.9779,0
0,94.988,0
0,94.9981,0
0,95.0082,0
0,95.0183,0
0,95.0283,0
0,95.0384,0
0,95.0485,0
0,95.0586,0
0,95.0687,0
0,95.0787,0
0,95.0888,0
0,95.0989,0
0,95.109,0
0,95.1191,0
0,95.1292,0
0,95.1392,0
0,95.1493,0
0,95.1594,0
0,95.1695,0
0,95.1796,0
0,95.1897,0
0,95.1997,0
0,95.2098,0
0,95.2199,0
0,95.23,0
0,95.2401,0
0,95.2502,0
0,95.2603,0
0,95.2709,1
0,95.281,1
0,95.2931,1
0,95.3045,0
0,95.3146,0
0,95.3247,0
0,95.3355,0
0,95.3456,0
0,95.3557,0
0,95.3658,0
0,95.3759,0
0,95.3861,0
0,95.3962,0
0,95.4063,0
0,95.4164,0
0,95.4265,0
0,95.4366,0
0,95.4466,0
0,95.4567,0
0,95.4668,0
0,95.4769,0
0,95.487,0
0,95.4971,0
0,95.5071,0
0,95.5172,0
0,95.5273,0
0,95.5374,0
0,95.5475,0
0,95.5575,0
0,95.5677,0
0,95.5778,0
0,95.5878,0
0,95.5979,0
0,95.608,0
0,95.6181,0
0,95.6282,0
0,95.6383,0
0,95.6484,0
0,95.6585,0
0,95.6686,0
0,95.6786,0
0,95.6887,0
0,95.6988,0
0,95.7089,0
0,95.719,0
0,95.7291,0
0,95.7392,0
0,95.7492,0
0,95.7593,0
0,95.7695,1
0,95.783,1
0,95.7935,1
0,95.8063,0
0,95.8164,0
0,95.8265,0
0,95.8376,0
0,95.8477,0
0,95.8578,0
0,95.871,0
0,95.8812,0
0,95.8913,0
0,95.9019,0
0,95.9126,0
0,95.9227,0
0,95.935,0
0,95.9451,0
0,95.9589,0
0,95.969,0
0,95.9791,0
0,95.9893,0
0,95.9994,0
0,96.0095,0
0,96.0197,0
0,96.0298,0
0,96.0429,0
0,96.053,0
0,96.0669,0
0,96.077,0
0,96.0871,0
0,96.0973,0
0,96.1074,0
0,96.1176,0
0,96.1309,0
0,96.1415,0
0,96.1549,0
0,96.165,0
0,96.1751,0
0,96.1852,0
0,96.1952,0
0,96.2053,0
0,96.2154,0
0,96.2255,0
0,96.2356,0
0,96.2456,0
0,96.2557,0
0,96.2658,0
0,96.2804,1
0,96.291,1
0,96.3082,0
0,96.3183,0
0,96.3299,0
0,96.34,0
0,96.3501,0
0,96.3602,0
0,96.3722,0
0,96.3823,0
0,96.3924,0
0,96.4026,0
0,96.4127,0
0,96.4229,0
0,96.433,0
0,96.4431,0
0,96.4532,0
0,96.4633,0
0,96.4734,0
0,96.4835,0
0,96.4936,0
0,96.5036,0
0,96.5137,0
0,96.5238,0
0,96.5339,0
0,96.544,0
0,96.554,0
0,96.5641,0
0,96.5742,0
0,96.5843,0
0,96.5944,0
0,96.6045,0
0,96.6146,0
0,96.6247,0
0,96.6348,0
0,96.6448,0
0,96.6549,0
0,96.665,0
0,96.6751,0
0,96.6852,0
0,96.6952,0
0,96.7053,0
0,96.7154,0
0,96.7255,0
0,96.7356,0
0,96.7457,0
0,96.7558,0
0,96.7658,0
0,96.7791,1
0,96.7893,1
0,96.7995,1
0,96.8102,0
0,96.8203,0
0,96.8304,0
0,96.8405,0
0,96.8507,0
0,96.8609,0
0,96.8713,0
0,96.8815,0
0,96.8916,0
0,96.9033,0
0,96.9134,0
0,96.9236,0
0,96.9337,0
0,96.9438,0
0,96.9539,0
0,96.964,0
0,96.974,0
0,96.9841,0
0,96.9942,0
0,97.0043,0
0,97.0144,0
0,97.0244,0
0,97.0346,0
0,97.0446,0
0,97.0548,0
0,97.0648,0
0,97.0749,0
0,97.085,0
0,97.0951,0
0,97.1052,0
0,97.1152,0
0,97.1253,0
0,97.1354,0
0,97.1455,0
0,97.1556,0
0,97.1657,0
0,97.1757,0
0,97.1858,0
0,97.1959,0
0,97.206,0
0,97.2161,0
0,97.2261,0
0,97.2362,0
0,97.2463,0
0,97.2564,0
0,97.2665,0
0,97.2806,1
0,97.2921,1
0,97.3057,1
0,97.3224,0
0,97.3325,0
0,97.3426,0
0,97.3526,0
0,97.3628,0
0,97.3729,0
0,97.3831,0
0,97.3932,0
0,97.4033,0
0,97.4134,0
0,97.4236,0
0,97.4337,0
0,97.4438,0
0,97.4539,0
0,97.464,0
0,97.474,0
0,97.4841,0
0,97.4942,0
0,97.5043,0
0,97.5144,0
0,97.5244,0
0,97.5346,0
0,97.5446,0
0,97.5547,0
0,97.5648,0
0,97.5749,0
0,97.5849,0
0,97.5954,0
0,97.6055,0
0,97.6156,0
0,97.6257,0
0,97.6357,0
0,97.6458,0
0,97.6559,0
0,97.666,0
0,97.6761,0
0,97.6861,0
0,97.6962,0
0,97.707,0
0,97.717,0
0,97.7271,0
0,97.7372,0
0,97.7473,0
0,97.7574,0
0,97.7674,0
0,97.7797,1
0,97.7899,1
0,97.8,1
0,97.8101,0
0,97.8208,0
0,97.8309,0
0,97.841,0
0,97.8511,0
0,97.8615,0
0,97.8717,0
0,97.8818,0
0,97.892,0
0,97.9021,0
0,97.9122,0
0,97.9223,0
0,97.9324,0
0,97.9425,0
0,97.9525,0
0,97.9626,0
0,97.9727,0
0,97.9828,0
0,97.9929,0
0,98.0029,0
0,98.013,0
0,98.0231,0
0,98.0332,0
0,98.0433,0
0,98.0534,0
0,98.0634,0
0,98.0735,0
0,98.0836,0
0,98.0937,0
0,98.1038,0
0,98.1139,0
0,98.1239,0
0,98.134,0
0,98.1441,0
0,98.1542,0
0,98.1643,0
0,98.1744,0
0,98.1844,0
0,98.1945,0
0,98.2046,0
0,98.2147,0
0,98.2248,0
0,98.2348,0
0,98.2449,0
0,98.255,0
0,98.2651,0
0,98.2752,0
0,98.2853,1
0,98.2958,1
0,98.3065,1
0,98.3166,1
0,98.3267,0
0,98.3369,0
0,98.347,0
0,98.3576,0
0,98.3679,0
0,98.378,0
0,98.3893,0
0,98.3994,0
0,98.4095,0
0,98.4196,0
0,98.4297,0
0,98.4398,0
0,98.4498,0
0,98.4599,0
0,98.47,0
0,98.4801,0
0,98.4902,0
0,98.5002,0
0,98.5103,0
0,98.5204,0
0,98.5305,0
0,98.5406,0
0,98.5507,0
0,98.5607,0
0,98.5708,0
0,98.5809,0
0,98.591,0
0,98.6011,0
0,98.6112,0
0,98.6213,0
0,98.6314,0
0,98.6415,0
0,98.6515,0
0,98.6616,0
0,98.6717,0
0,98.6818,0
0,98.6919,0
0,98.7019,0
0,98.712,0
0,98.7221,0
0,98.7322,0
0,98.7423,0
0,98.7524,0
0,98.7624,0
0,98.7725,0
0,98.7827,0
0,98.7939,1
0,98.8039,1
0,98.8141,1
0,98.8248,1
0,98.8349,0
0,98.845,0
0,98.8551,0
0,98.8652,0
0,98.8753,0
0,98.8855,0
0,98.8956,0
0,98.9057,0
0,98.9166,0
0,98.9267,0
0,98.9369,0
0,98.947,0
0,98.9571,0
0,98.9672,0
0,98.9773,0
0,98.9874,0
0,98.9974,0
0,99.0075,0
0,99.0176,0
0,99.0277,0
0,99.0378,0
0,99.0482,0
0,99.0583,0
0,99.0683,0
0,99.0784,0
0,99.0885,0
0,99.0986,0
0,99.1086,0
0,99.1187,0
0,99.1288,0
0,99.1389,0
0,99.1489,0
0,99.159,0
0,99.1691,0
0,99.1792,0
0,99.1893,0
0,99.1994,0
0,99.2094,0
0,99.2195,0
0,99.2296,0
0,99.2397,0
0,99.2498,0
0,99.2598,0
0,99.2699,0
0,99.28,0
0,99.2901,1
0,99.3002,1
0,99.3103,1
0,99.3205,1
0,99.3321,0
0,99.3422,0
0,99.3523,0
0,99.3624,0
0,99.3725,0
0,99.3827,0
0,99.393,0
0,99.4049,0
0,99.415,0
0,99.4251,0
0,99.4352,0
0,99.4453,0
0,99.4554,0
0,99.4655,0
0,99.4755,0
0,99.4856,0
0,99.4957,0
0,99.5058,0
0,99.5159,0
0,99.526,0
0,99.536,0
0,99.5461,0
0,99.5562,0
0,99.5663,0
0,99.5764,0
0,99.5864,0
0,99.5965,0
0,99.6066,0
0,99.6167,0
0,99.6268,0
0,99.6369,0
0,99.647,0
0,99.6571,0
0,99.6671,0
0,99.6772,0
0,99.6873,0
0,99.6974,0
0,99.7075,0
0,99.7175,0
0,99.7276,0
0,99.7377,0
0,99.7478,0
0,99.7579,0
0,99.768,0
0,99.778,0
0,99.7881,1
0,99.7983,1
0,99.8083,1
0,99.819,1
0,99.835,0
0,99.845,0
0,99.8551,0
0,99.8652,0
0,99.8755,0
0,99.8856,0
0,99.8959,0
0,99.906,0
0,99.9162,0
0,99.9266,0
0,99.9367,0
0,99.9468,0
0,99.9569,0
0,99.967,0
0,99.9771,0
0,99.9871,0
0,99.9972,0
0,100.0073,0
0,100.0174,0
0,100.0275,0
0,100.0376,0
0,100.0476,0
0,100.0577,0
0,100.0678,0
0,100.0779,0
0,100.088,0
0,100.0981,0
0,100.1082,0
0,100.1182,0
0,100.1283,0
0,100.1384,0
0,100.1485,0
0,100.1586,0
0,100.1686,0
0,100.1787,0
0,100.1888,0
0,100.1989,0
0,100.209,0
0,100.219,0
0,100.2291,0
0,100.2392,0
0,100.2493,0
0,100.2594,0
0,100.2694,0
0,100.2795,0
0,100.2899,1
0,100.3,1
0,100.3121,1
0,100.3224,1
0,100.3361,0
0,100.3463,0
0,100.3564,0
0,100.3665,0
0,100.3766,0
0,100.3873,0
0,100.3975,0
0,100.4076,0
0,100.4177,0
0,100.4278,0
0,100.4379,0
0,100.448,0
0,100.4581,0
0,100.4682,0
0,100.4783,0
0,100.4883,0
0,100.4984,0
0,100.5085,0
0,100.5186,0
0,100.5287,0
0,100.5387,0
0,100.5488,0
0,100.5589,0
0,100.569,0
0,100.5791,0
0,100.5892,0
0,100.5992,0
0,100.6093,0
0,100.6194,0
0,100.6295,0
0,100.6396,0
0,100.6497,0
0,100.6598,0
0,100.6698,0
0,100.6799,0
0,100.69,0
0,100.7001,0
0,100.7102,0
0,100.7203,0
0,100.7303,0
0,100.7404,0
0,100.7505,0
0,100.7606,0
0,100.7707,0
0,100.7808,0
0,100.7912,0
0,100.8035,1
0,100.8137,1
0,100.8238,1
0,100.8339,0
0,100.8461,0
0,100.8562,0
0,100.8663,0
0,100.8765,0
0,100.8867,0
0,100.8969,0
0,100.907,0
0,100.9171,0
0,100.9296,0
0,100.9397,0
0,100.9497,0
0,100.9598,0
0,100.9699,0
0,100.98,0
0,100.9901,0
0,101.0001,0
0,101.0102,0
0,101.0203,0
0,101.0304,0
0,101.0404,0
0,101.0505,0
0,101.0606,0
0,101.0707,0
0,101.0808,0
0,101.0909,0
0,101.101,0
0,101.1111,0
0,101.1211,0
0,101.1312,0
0,101.1413,0
0,101.1514,0
0,101.1615,0
0,101.1715,0
0,101.1816,0
0,101.1917,0
0,101.2018,0
0,101.2119,0
0,101.2219,0
0,101.232,0
0,101.2421,0
0,101.2522,0
0,101.2623,0
0,101.2723,0
0,101.2824,0
0,101.2925,0
0,101.3026,1
0,101.3149,1
0,101.3254,1
0,101.3389,0
0,101.3504,0
0,101.3606,0
0,101.3707,0
0,101.3809,0
0,101.391,0
0,101.4011,0
0,101.4113,0
0,101.4214,0
0,101.4316,0
0,101.4417,0
0,101.4518,0
0,101.4619,0
0,101.472,0
0,101.4821,0
0,101.4922,0
0,101.5023,0
0,101.5124,0
0,101.5224,0
0,101.5325,0
0,101.5426,0
0,101.5527,0
0,101.5628,0
0,101.5728,0
0,101.5829,0
0,101.593,0
0,101.6031,0
0,101.6132,0
0,101.6232,0
0,101.6333,0
0,101.6434,0
0,101.6535,0
0,101.6636,0
0,101.6737,0
0,101.6838,0
0,101.6939,0
0,101.704,0
0,101.714,0
0,101.7241,0
0,101.7342,0
0,101.7443,0
0,101.7544,0
0,101.7645,0
0,101.7746,0
0,101.7846,0
0,101.7947,0
0,101.807,1
0,101.8203,1
0,101.8325,0
0,101.8426,0
0,101.8527,0
0,101.8628,0
0,101.8745,0
0,101.8858,0
0,101.8959,0
0,101.9062,0
0,101.9163,0
0,101.9265,0
0,101.9366,0
0,101.9467,0
0,101.9568,0
0,101.9668,0
0,101.9769,0
0,101.987,0
0,101.9971,0
0,102.0072,0
0,102.0173,0
0,102.0274,0
0,102.0375,0
0,102.0476,0
0,102.0577,0
0,102.0678,0
0,102.0779,0
0,102.088,0
0,102.0981,0
0,102.1081,0
0,102.1182,0
0,102.1283,0
0,102.1384,0
0,102.1485,0
0,102.1586,0
0,102.1687,0
0,102.1788,0
0,102.1889,0
0,102.199,0
0,102.209,0
0,102.2191,0
0,102.2293,0
0,102.2394,0
0,102.2495,0
0,102.2596,0
0,102.2697,0
0,102.2798,0
0,102.2899,0
0,102.3,0
0,102.3101,1
0,102.3206,1
0,102.3307,1
0,102.3449,1
0,102.365,0
0,102.3751,0
0,102.3857,0
0,102.3958,0
0,102.406,0
0,102.4161,0
0,102.4263,0
0,102.4364,0
0,102.4466,0
0,102.4567,0
0,102.4668,0
0,102.4769,0
0,102.487,0
0,102.4971,0
0,102.5072,0
0,102.5173,0
0,102.5273,0
0,102.5374,0
0,102.5475,0
0,102.5576,0
0,102.5677,0
0,102.5778,0
0,102.5878,0
0,102.5979,0
0,102.608,0
0,102.6181,0
0,102.6282,0
0,102.6382,0
0,102.6483,0
0,102.6584,0
0,102.6686,0
0,102.6787,0
0,102.6888,0
0,102.6989,0
0,102.7089,0
0,102.719,0
0,102.7291,0
0,102.7392,0
0,102.7493,0
0,102.7593,0
0,102.7694,0
0,102.7795,0
0,102.7896,0
0,102.7997,0
0,102.8109,1
0,102.8215,1
0,102.8335,1
0,102.8436,0
0,102.8537,0
0,102.8638,0
0,102.8739,0
0,102.884,0
0,102.8942,0
0,102.9044,0
0,102.9145,0
0,102.9246,0
0,102.9358,0
0,102.9468,0
0,102.9569,0
0,102.967,0
0,102.9771,0
0,102.9871,0
0,102.9972,0
0,103.0073,0
0,103.0174,0
0,103.0275,0
0,103.0376,0
0,103.0476,0
0,103.0577,0
0,103.0678,0
0,103.0779,0
0,103.088,0
0,103.098,0
0,103.1081,0
0,103.1182,0
0,103.1283,0
0,103.1384,0
0,103.1484,0
0,103.1585,0
0,103.1686,0
0,103.1787,0
0,103.1888,0
0,103.1989,0
0,103.2089,0
0,103.219,0
0,103.2291,0
0,103.2392,0
0,103.2493,0
0,103.2593,0
0,103.2694,0
0,103.2795,0
0,103.2896,0
0,103.2997,0
0,103.3098,1
0,103.3199,1
0,103.33,1
0,103.3417,1
0,103.3539,0
0,103.3642,0
0,103.3743,0
0,103.3844,0
0,103.3945,0
0,103.4047,0
0,103.4149,0
0,103.425,0
0,103.4352,0
0,103.4453,0
0,103.4554,0
0,103.4655,0
0,103.4755,0
0,103.4856,0
0,103.4957,0
0,103.5058,0
0,103.5159,0
0,103.5259,0
0,103.536,0
0,103.5461,0
0,103.5562,0
0,103.5663,0
0,103.5764,0
0,103.5864,0
0,103.5965,0
0,103.6066,0
0,103.6167,0
0,103.6268,0
0,103.6368,0
0,103.6469,0
0,103.6571,0
0,103.6671,0
0,103.6772,0
0,103.6873,0
0,103.6974,0
0,103.7075,0
0,103.7176,0
0,103.7277,0
0,103.7378,0
0,103.7478,0
0,103.7579,0
0,103.768,0
0,103.7781,0
0,103.7882,0
0,103.7982,0
0,103.8083,0
0,103.8184,1
0,103.8299,1
0,103.84,1
0,103.8501,0
0,103.8602,0
0,103.8703,0
0,103.8804,0
0,103.8906,0
0,103.9008,0
0,103.9109,0
0,103.9211,0
0,103.9313,0
0,103.9419,0
0,103.952,0
0,103.9621,0
0,103.9722,0
0,103.9822,0
0,103.9923,0
0,104.0024,0
0,104.0125,0
0,104.0226,0
0,104.0326,0
0,104.0427,0
0,104.0528,0
0,104.0629,0
0,104.073,0
0,104.083,0
0,104.0931,0
0,104.1032,0
0,104.1133,0
0,104.1234,0
0,104.1334,0
0,104.1435,0
0,104.1536,0
0,104.1637,0
0,104.1738,0
0,104.1839,0
0,104.194,0
0,104.204,0
0,104.2141,0
0,104.2242,0
0,104.2343,0
0,104.2444,0
0,104.2545,0
0,104.2646,0
0,104.2747,0
0,104.2847,0
0,104.2948,0
0,104.3049,0
0,104.3153,0
0,104.3254,1
0,104.3363,1
0,104.3484,1
0,104.3584,0
0,104.3685,0
0,104.3786,0
0,104.3887,0
0,104.3989,0
0,104.409,0
0,104.4192,0
0,104.4293,0
0,104.4394,0
0,104.4495,0
0,104.4596,0
0,104.4697,0
0,104.4798,0
0,104.4899,0
0,104.4999,0
0,104.51,0
0,104.5201,0
0,104.5302,0
0,104.5403,0
0,104.5504,0
0,104.5604,0
0,104.5705,0
0,104.5806,0
0,104.5907,0
0,104.6008,0
0,104.6109,0
0,104.6209,0
0,104.631,0
0,104.6411,0
0,104.6512,0
0,104.6613,0
0,104.6713,0
0,104.6814,0
0,104.6915,0
0,104.7016,0
0,104.7117,0
0,104.7218,0
0,104.7319,0
0,104.742,0
0,104.7521,0
0,104.7621,0
0,104.7722,0
0,104.7823,0
0,104.7924,0
0,104.8025,0
0,104.8125,0
0,104.8286,1
0,104.8389,1
0,104.849,1
0,104.8618,0
0,104.8719,0
0,104.882,0
0,104.8921,0
0,104.9029,0
0,104.9135,0
0,104.9236,0
0,104.9337,0
0,104.9438,0
0,104.9539,0
0,104.964,0
0,104.9741,0
0,104.9842,0
0,104.9943,0
0,105.0043,0
0,105.0144,0
0,105.0245,0
0,105.0346,0
0,105.0447,0
0,105.0548,0
0,105.0648,0
0,105.0749,0
0,105.085,0
0,105.0951,0
0,105.1052,0
0,105.1152,0
0,105.1253,0
0,105.1354,0
0,105.1455,0
0,105.1555,0
0,105.1656,0
0,105.1757,0
0,105.1858,0
0,105.1959,0
0,105.206,0
0,105.2161,0
0,105.2261,0
0,105.2362,0
0,105.2463,0
0,105.2564,0
0,105.2665,0
0,105.2766,0
0,105.2866,0
0,105.2967,0
0,105.3068,0
0,105.3169,0
0,105.327,1
0,105.3371,1
0,105.3478,1
0,105.3596,0
0,105.3698,0
0,105.3801,0
0,105.3902,0
0,105.4003,0
0,105.4104,0
0,105.4205,0
0,105.4306,0
0,105.4408,0
0,105.4509,0
0,105.461,0
0,105.4711,0
0,105.4811,0
0,105.4912,0
0,105.5013,0
0,105.5114,0
0,105.5215,0
0,105.5315,0
0,105.5418,0
0,105.5519,0
0,105.5619,0
0,105.572,0
0,105.5821,0
0,105.5922,0
0,105.6023,0
0,105.6124,0
0,105.6224,0
0,105.6325,0
0,105.6426,0
0,105.6527,0
0,105.6627,0
0,105.6729,0
0,105.6829,0
0,105.693,0
0,105.7031,0
0,105.7132,0
0,105.7233,0
0,105.7334,0
0,105.7435,0
0,105.7536,0
0,105.7636,0
0,105.7737,0
0,105.7838,0
0,105.7939,0
0,105.804,0
0,105.8141,0
0,105.8241,0
0,105.8379,1
0,105.8525,1
0,105.8626,1
0,105.8727,0
0,105.8828,0
0,105.8929,0
0,105.903,0
0,105.9132,0
0,105.9233,0
0,105.9334,0
0,105.9435,0
0,105.9536,0
0,105.9637,0
0,105.9738,0
0,105.9839,0
0,105.994,0
0,106.004,0
0,106.0141,0
0,106.0242,0
0,106.0343,0
0,106.0444,0
0,106.0545,0
0,106.0645,0
0,106.0746,0
0,106.0847,0
0,106.0948,0
0,106.1049,0
0,106.115,0
0,106.1251,0
0,106.1351,0
0,106.1452,0
0,106.1553,0
0,106.1654,0
0,106.1755,0
0,106.1856,0
0,106.1956,0
0,106.2057,0
0,106.2158,0
0,106.2259,0
0,106.236,0
0,106.246,0
0,106.2561,0
0,106.2662,0
0,106.2763,0
0,106.2864,0
0,106.2964,0
0,106.3066,0
0,106.3167,0
0,106.3269,0
0,106.337,1
0,106.3471,1
0,106.3572,1
0,106.3791,1
0,106.3894,1
0,106.3996,0
0,106.4109,0
0,106.421,0
0,106.4311,0
0,106.4412,0
0,106.4513,0
0,106.4614,0
0,106.4716,0
0,106.4817,0
0,106.4918,0
0,106.5019,0
0,106.512,0
0,106.5221,0
0,106.5322,0
0,106.5422,0
0,106.5523,0
0,106.5624,0
0,106.5725,0
0,106.5826,0
0,106.5926,0
0,106.6027,0
0,106.6128,0
0,106.6229,0
0,106.633,0
0,106.6431,0
0,106.6532,0
0,106.6633,0
0,106.6734,0
0,106.6834,0
0,106.6935,0
0,106.7036,0
0,106.7143,0
0,106.7244,0
0,106.7345,0
0,106.7446,0
0,106.7547,0
0,106.7648,0
0,106.7748,0
0,106.7849,0
0,106.795,0
0,106.8051,0
0,106.8152,0
0,106.8253,0
0,106.8354,1
0,106.8455,1
0,106.8572,1
0,106.8692,0
0,106.8793,0
0,106.8894,0
0,106.8995,0
0,106.9096,0
0,106.9198,0
0,106.9311,0
0,106.9412,0
0,106.9514,0
0,106.9617,0
0,106.9718,0
0,106.9819,0
0,106.992,0
0,107.0022,0
0,107.0122,0
0,107.0223,0
0,107.0324,0
0,107.0425,0
0,107.0526,0
0,107.0627,0
0,107.0727,0
0,107.0828,0
0,107.0929,0
0,107.103,0
0,107.1131,0
0,107.1231,0
0,107.1332,0
0,107.1433,0
0,107.1534,0
0,107.1635,0
0,107.1735,0
0,107.1845,0
0,107.1945,0
0,107.2046,0
0,107.2147,0
0,107.2248,0
0,107.2349,0
0,107.245,0
0,107.2551,0
0,107.2652,0
0,107.2753,0
0,107.2853,0
0,107.2954,0
0,107.3055,0
0,107.3156,0
0,107.3257,0
0,107.3369,1
0,107.347,1
0,107.3571,1
0,107.3713,0
0,107.3814,0
0,107.3934,0
0,107.4087,0
0,107.4188,0
0,107.4341,0
0,107.4442,0
0,107.4546,0
0,107.4648,0
0,107.4766,0
0,107.4867,0
0,107.4968,0
0,107.5069,0
0,107.517,0
0,107.5271,0
0,107.5372,0
0,107.5472,0
0,107.5573,0
0,107.5674,0
0,107.5775,0
0,107.5876,0
0,107.5976,0
0,107.6077,0
0,107.6178,0
0,107.6279,0
0,107.638,0
0,107.6481,0
0,107.6582,0
0,107.6682,0
0,107.6783,0
0,107.6884,0
0,107.6985,0
0,107.7086,0
0,107.7186,0
0,107.7287,0
0,107.7388,0
0,107.7489,0
0,107.759,0
0,107.7691,0
0,107.7792,0
0,107.7893,0
0,107.7994,0
0,107.8095,0
0,107.8196,0
0,107.8296,0
0,107.8397,1
0,107.8509,1
0,107.8613,1
0,107.873,1
0,107.883,0
0,107.8931,0
0,107.9035,0
0,107.9144,0
0,107.9246,0
0,107.9347,0
0,107.9456,0
0,107.9557,0
0,107.9658,0
0,107.9759,0
0,107.986,0
0,107.9961,0
0,108.0061,0
0,108.0162,0
0,108.0263,0
0,108.0364,0
0,108.0465,0
0,108.0565,0
0,108.0666,0
0,108.0767,0
0,108.0868,0
0,108.0968,0
0,108.1069,0
0,108.117,0
0,108.1271,0
0,108.1372,0
0,108.1472,0
0,108.1573,0
0,108.1674,0
0,108.1775,0
0,108.1876,0
0,108.1977,0
0,108.2077,0
0,108.2178,0
0,108.2279,0
0,108.238,0
0,108.2483,0
0,108.2584,0
0,108.2685,0
0,108.2785,0
0,108.2886,0
0,108.2987,0
0,108.3088,0
0,108.3189,0
0,108.329,0
0,108.3391,0
0,108.3492,1
0,108.3609,1
0,108.3713,1
0,108.3814,1
0,108.3926,0
0,108.4027,0
0,108.4128,0
0,108.4229,0
0,108.433,0
0,108.4432,0
0,108.4533,0
0,108.4634,0
0,108.4735,0
0,108.4836,0
0,108.4937,0
0,108.5038,0
0,108.5139,0
0,108.524,0
0,108.5341,0
0,108.5442,0
0,108.5544,0
0,108.5645,0
0,108.5746,0
0,108.5847,0
0,108.5948,0
0,108.6049,0
0,108.615,0
0,108.6251,0
0,108.6352,0
0,108.6453,0
0,108.6554,0
0,108.6655,0
0,108.6756,0
0,108.6857,0
0,108.6958,0
0,108.7059,0
0,108.716,0
0,108.7261,0
0,108.7362,0
0,108.7463,0
0,108.7565,0
0,108.7666,0
0,108.7767,0
0,108.7868,0
0,108.797,0
0,108.8071,0
0,108.8172,0
0,108.8273,0
0,108.8394,0
0,108.8495,1
0,108.8601,1
0,108.8716,1
0,108.8817,1
0,108.9041,1
0,108.9155,0
0,108.9282,0
0,108.9383,0
0,108.9512,0
0,108.9661,0
0,108.9763,0
0,108.9878,0
0,108.9979,0
0,109.0081,0
0,109.0184,0
0,109.0285,0
0,109.0387,0
0,109.0488,0
0,109.0589,0
0,109.069,0
0,109.0791,0
0,109.0892,0
0,109.0994,0
0,109.1095,0
0,109.1196,0
0,109.1297,0
0,109.1398,0
0,109.15,0
0,109.1601,0
0,109.1702,0
0,109.1803,0
0,109.1904,0
0,109.2006,0
0,109.2107,0
0,109.2208,0
0,109.2309,0
0,109.2411,0
0,109.2512,0
0,109.2613,0
0,109.2714,0
0,109.2816,0
0,109.2917,0
0,109.3018,0
0,109.3119,0
0,109.322,0
0,109.3322,0
0,109.3423,0
0,109.3533,1
0,109.3634,1
0,109.376,1
0,109.3874,0
0,109.4114,0
0,109.4217,0
0,109.4319,0
0,109.442,0
0,109.4526,0
0,109.4646,0
0,109.4748,0
0,109.4869,0
0,109.4971,0
0,109.5072,0
0,109.5173,0
0,109.5274,0
0,109.5375,0
0,109.5476,0
0,109.5577,0
0,109.5679,0
0,109.578,0
0,109.5881,0
0,109.5982,0
0,109.6083,0
0,109.6185,0
0,109.6286,0
0,109.6387,0
0,109.6488,0
0,109.6589,0
0,109.6691,0
0,109.6792,0
0,109.6893,0
0,109.6995,0
0,109.7096,0
0,109.7198,0
0,109.73,0
0,109.7401,0
0,109.7502,0
0,109.7603,0
0,109.7704,0
0,109.7805,0
0,109.7907,0
0,109.8008,0
0,109.8109,0
0,109.821,0
0,109.8311,0
0,109.8412,0
0,109.8534,0
0,109.8669,1
0,109.8832,1
0,109.8933,1
0,109.9123,0
0,109.9224,0
0,109.9326,0
0,109.9427,0
0,109.9532,0
0,109.9675,0
0,109.9776,0
0,109.9884,0
0,109.9986,0
0,110.01,0
0,110.0201,0
0,110.0302,0
0,110.0421,0
0,110.0549,0
0,110.0652,0
0,110.0752,0
0,110.0854,0
0,110.0958,0
0,110.1059,0
0,110.116,0
0,110.1262,0
0,110.1363,0
0,110.1464,0
0,110.1565,0
0,110.1666,0
0,110.1789,0
0,110.1892,0
0,110.1993,0
0,110.2094,0
0,110.2195,0
0,110.2295,0
0,110.2396,0
0,110.2497,0
0,110.2598,0
0,110.2699,0
0,110.28,0
0,110.2901,0
0,110.3002,0
0,110.3102,0
0,110.3203,0
0,110.3304,0
0,110.3405,0
0,110.3506,0
0,110.3607,0
0,110.3707,1
0,110.3809,1
0,110.3932,1
0,110.4033,1
0,110.4134,0
0,110.4235,0
0,110.4337,0
0,110.4438,0
0,110.4539,0
0,110.464,0
0,110.4741,0
0,110.485,0
0,110.4951,0
0,110.5052,0
0,110.5153,0
0,110.5254,0
0,110.5355,0
0,110.5456,0
0,110.5556,0
0,110.5657,0
0,110.5758,0
0,110.5859,0
0,110.596,0
0,110.6061,0
0,110.6161,0
0,110.6262,0
0,110.6363,0
0,110.6464,0
0,110.6565,0
0,110.6665,0
0,110.6766,0
0,110.6867,0
0,110.6968,0
0,110.7069,0
0,110.717,0
0,110.727,0
0,110.7371,0
0,110.7472,0
0,110.7573,0
0,110.7674,0
0,110.7774,0
0,110.7875,0
0,110.7976,0
0,110.8077,0
0,110.8178,0
0,110.8279,0
0,110.838,0
0,110.8481,0
0,110.8582,0
0,110.8709,1
0,110.8813,1
0,110.8914,1
0,110.9015,0
0,110.9116,0
0,110.9217,0
0,110.9318,0
0,110.9419,0
0,110.952,0
0,110.964,0
0,110.9741,0
0,110.9843,0
0,110.9944,0
0,111.0045,0
0,111.0146,0
0,111.0247,0
0,111.0348,0
0,111.0448,0
0,111.0549,0
0,111.065,0
0,111.0751,0
0,111.0852,0
0,111.0953,0
0,111.1053,0
0,111.1154,0
0,111.1255,0
0,111.1356,0
0,111.1457,0
0,111.1558,0
0,111.1658,0
0,111.1759,0
0,111.186,0
0,111.1961,0
0,111.2062,0
0,111.2163,0
0,111.2263,0
0,111.2364,0
0,111.2465,0
0,111.2566,0
0,111.2667,0
0,111.2768,0
0,111.2869,0
0,111.2969,0
0,111.3071,0
0,111.3172,0
0,111.3273,0
0,111.3374,0
0,111.3475,0
0,111.3576,0
0,111.3679,0
0,111.378,1
0,111.3881,1
0,111.3994,1
0,111.4095,1
0,111.4234,0
0,111.4335,0
0,111.4436,0
0,111.4537,0
0,111.4639,0
0,111.4749,0
0,111.4855,0
0,111.4956,0
0,111.5057,0
0,111.5158,0
0,111.5259,0
0,111.536,0
0,111.5461,0
0,111.5561,0
0,111.5662,0
0,111.5763,0
0,111.5864,0
0,111.5965,0
0,111.6065,0
0,111.6166,0
0,111.6267,0
0,111.6368,0
0,111.6469,0
0,111.657,0
0,111.6671,0
0,111.6771,0
0,111.6872,0
0,111.6973,0
0,111.7074,0
0,111.7174,0
0,111.7275,0
0,111.7376,0
0,111.7477,0
0,111.7578,0
0,111.7679,0
0,111.7779,0
0,111.788,0
0,111.7981,0
0,111.8082,0
0,111.8183,0
0,111.8284,0
0,111.8385,0
0,111.8486,0
0,111.8587,0
0,111.8688,0
0,111.8829,1
0,111.893,1
0,111.9031,1
0,111.9133,1
0,111.9253,0
0,111.936,0
0,111.9461,0
0,111.9562,0
0,111.9663,0
0,111.9768,0
0,111.987,0
0,111.9987,0
0,112.0088,0
0,112.019,0
0,112.0291,0
0,112.0391,0
0,112.0493,0
0,112.0594,0
0,112.0694,0
0,112.0795,0
0,112.0896,0
0,112.0997,0
0,112.1098,0
0,112.1198,0
0,112.1299,0
0,112.14,0
0,112.1501,0
0,112.1602,0
0,112.1703,0
0,112.1803,0
0,112.1904,0
0,112.2005,0
0,112.2106,0
0,112.2207,0
0,112.2308,0
0,112.2409,0
0,112.2509,0
0,112.261,0
0,112.2711,0
0,112.2812,0
0,112.2913,0
0,112.3013,0
0,112.3114,0
0,112.3215,0
0,112.3316,0
0,112.3417,0
0,112.3517,0
0,112.3618,0
0,112.372,0
0,112.3842,1
0,112.395,1
0,112.4088,0
0,112.4189,0
0,112.429,0
0,112.4405,0
0,112.4506,0
0,112.4607,0
0,112.4708,0
0,112.4829,0
0,112.4931,0
0,112.5032,0
0,112.5133,0
0,112.5234,0
0,112.5335,0
0,112.5436,0
0,112.5537,0
0,112.5638,0
0,112.5739,0
0,112.5839,0
0,112.594,0
0,112.6041,0
0,112.6142,0
0,112.6243,0
0,112.6344,0
0,112.6444,0
0,112.6545,0
0,112.6646,0
0,112.6747,0
0,112.6848,0
0,112.6949,0
0,112.705,0
0,112.715,0
0,112.7251,0
0,112.7352,0
0,112.7453,0
0,112.7554,0
0,112.7655,0
0,112.7755,0
0,112.7856,0
0,112.7957,0
0,112.8058,0
0,112.8159,0
0,112.826,0
0,112.836,0
0,112.8462,0
0,112.8563,0
0,112.8664,0
0,112.8764,0
0,112.8866,1
0,112.8967,1
0,112.9067,1
0,112.9181,0
0,112.9282,0
0,112.9383,0
0,112.9484,0
0,112.9586,0
0,112.9689,0
0,112.979,0
0,112.9892,0
0,112.9993,0
0,113.0094,0
0,113.0195,0
0,113.0296,0
0,113.0396,0
0,113.0497,0
0,113.0598,0
0,113.0699,0
0,113.08,0
0,113.0901,0
0,113.1001,0
0,113.1102,0
0,113.1203,0
0,113.1304,0
0,113.1405,0
0,113.1506,0
0,113.1606,0
0,113.1707,0
0,113.1808,0
0,113.1909,0
0,113.201,0
0,113.211,0
0,113.2211,0
0,113.2312,0
0,113.2413,0
0,113.2514,0
0,113.2614,0
0,113.2715,0
0,113.2816,0
0,113.2917,0
0,113.3018,0
0,113.3119,0
0,113.3219,0
0,113.332,0
0,113.3421,0
0,113.3522,0
0,113.3623,0
0,113.3723,0
0,113.3825,0
0,113.3951,1
0,113.4057,1
0,113.4158,1
0,113.4263,0
0,113.4364,0
0,113.4479,0
0,113.4583,0
0,113.4688,0
0,113.4789,0
0,113.4891,0
0,113.4992,0
0,113.5093,0
0,113.5194,0
0,113.5295,0
0,113.5396,0
0,113.5497,0
0,113.5598,0
0,113.5699,0
0,113.5799,0
0,113.59,0
0,113.6001,0
0,113.6102,0
0,113.6203,0
0,113.6303,0
0,113.6404,0
0,113.6505,0
0,113.6606,0
0,113.6707,0
0,113.6807,0
0,113.6908,0
0,113.7009,0
0,113.711,0
0,113.7211,0
0,113.7311,0
0,113.7412,0
0,113.7513,0
0,113.7614,0
0,113.7715,0
0,113.7815,0
0,113.7916,0
0,113.8017,0
0,113.8118,0
0,113.8219,0
0,113.8319,0
0,113.842,0
0,113.8521,0
0,113.8622,0
0,113.8723,0
0,113.8824,0
0,113.8925,1
0,113.9026,1
0,113.9127,1
0,113.9228,0
0,113.9329,0
0,113.9434,0
0,113.9576,0
0,113.9678,0
0,113.9782,0
0,113.9883,0
0,113.9984,0
0,114.0088,0
0,114.019,0
0,114.0291,0
0,114.0392,0
0,114.0493,0
0,114.0594,0
0,114.0695,0
0,114.0795,0
0,114.0896,0
0,114.0997,0
0,114.1098,0
0,114.1199,0
0,114.1299,0
0,114.14,0
0,114.1501,0
0,114.1602,0
0,114.1703,0
0,114.1804,0
0,114.1905,0
0,114.2005,0
0,114.2106,0
0,114.2207,0
0,114.2308,0
0,114.2409,0
0,114.2509,0
0,114.261,0
0,114.2711,0
0,114.2812,0
0,114.2913,0
0,114.3014,0
0,114.3115,0
0,114.3215,0
0,114.3316,0
0,114.3417,0
0,114.3518,0
0,114.3619,0
0,114.3719,0
0,114.382,0
0,114.3922,1
0,114.4023,1
0,114.4125,1
0,114.4225,0
0,114.4326,0
0,114.4431,0
0,114.4532,0
0,114.4659,0
0,114.476,0
0,114.4861,0
0,114.4962,0
0,114.5064,0
0,114.5165,0
0,114.5266,0
0,114.5369,0
0,114.547,0
0,114.5571,0
0,114.5672,0
0,114.5773,0
0,114.5873,0
0,114.5974,0
0,114.6075,0
0,114.6176,0
0,114.6277,0
0,114.6377,0
0,114.6478,0
0,114.6579,0
0,114.668,0
0,114.6781,0
0,114.6882,0
0,114.6983,0
0,114.7083,0
0,114.7184,0
0,114.7285,0
0,114.7386,0
0,114.7487,0
0,114.7587,0
0,114.7688,0
0,114.7789,0
0,114.789,0
0,114.7991,0
0,114.8092,0
0,114.8193,0
0,114.8293,0
0,114.8394,0
0,114.8495,0
0,114.8596,0
0,114.8697,0
0,114.8798,0
0,114.8901,0
0,114.9028,1
0,114.9129,1
0,114.926,0
0,114.9371,0
0,114.9472,0
0,114.9573,0
0,114.9682,0
0,114.9783,0
0,114.9884,0
0,114.9985,0
0,115.0092,0
0,115.0193,0
0,115.0294,0
0,115.0395,0
0,115.0496,0
0,115.0597,0
0,115.0697,0
0,115.0798,0
0,115.0899,0
0,115.1,0
0,115.1101,0
0,115.1202,0
0,115.1303,0
0,115.1403,0
0,115.1504,0
0,115.1605,0
0,115.1706,0
0,115.1806,0
0,115.1907,0
0,115.2008,0
0,115.2109,0
0,115.221,0
0,115.2311,0
0,115.2412,0
0,115.2512,0
0,115.2613,0
0,115.2714,0
0,115.2815,0
0,115.2916,0
0,115.3016,0
0,115.3117,0
0,115.3218,0
0,115.3319,0
0,115.342,0
0,115.352,0
0,115.3621,0
0,115.3722,0
0,115.3823,0
0,115.3924,0
0,115.4025,1
0,115.4127,1
0,115.4232,1
0,115.4357,0
0,115.4458,0
0,115.4566,0
0,115.4669,0
0,115.477,0
0,115.4871,0
0,115.4981,0
0,115.5083,0
0,115.5184,0
0,115.5285,0
0,115.5386,0
0,115.5487,0
0,115.5588,0
0,115.5689,0
0,115.579,0
0,115.5891,0
0,115.5991,0
0,115.6092,0
0,115.6193,0
0,115.6294,0
0,115.6395,0
0,115.6496,0
0,115.6596,0
0,115.6699,0
0,115.68,0
0,115.6901,0
0,115.7002,0
0,115.7102,0
0,115.7203,0
0,115.7304,0
0,115.7405,0
0,115.7506,0
0,115.7607,0
0,115.7707,0
0,115.7808,0
0,115.7909,0
0,115.801,0
0,115.8111,0
0,115.8212,0
0,115.8312,0
0,115.8413,0
0,115.8514,0
0,115.8615,0
0,115.8716,0
0,115.8817,0
0,115.8917,0
0,115.9029,1
0,115.913,1
0,115.9262,1
0,115.9363,1
0,115.9463,0
0,115.9564,0
0,115.9665,0
0,115.9766,0
0,115.9867,0
0,115.9974,0
0,116.0075,0
0,116.0203,0
0,116.0304,0
0,116.0405,0
0,116.0506,0
0,116.0607,0
0,116.0708,0
0,116.0808,0
0,116.0909,0
0,116.101,0
0,116.1111,0
0,116.1212,0
0,116.1313,0
0,116.1413,0
0,116.1515,0
0,116.1616,0
0,116.1717,0
0,116.1817,0
0,116.1918,0
0,116.2019,0
0,116.212,0
0,116.2221,0
0,116.2322,0
0,116.2422,0
0,116.2524,0
0,116.2624,0
0,116.2725,0
0,116.2826,0
0,116.2927,0
0,116.3029,0
0,116.313,0
0,116.3231,0
0,116.3332,0
0,116.3433,0
0,116.3534,0
0,116.3635,0
0,116.3736,0
0,116.3837,0
0,116.3938,0
0,116.407,1
0,116.4174,1
0,116.4284,1
0,116.4385,0
0,116.4487,0
0,116.4588,0
0,116.4689,0
0,116.479,0
0,116.4892,0
0,116.4993,0
0,116.5094,0
0,116.5195,0
0,116.5296,0
0,116.5397,0
0,116.5498,0
0,116.5599,0
0,116.57,0
0,116.58,0
0,116.5901,0
0,116.6002,0
0,116.6103,0
0,116.6204,0
0,116.6304,0
0,116.6405,0
0,116.6506,0
0,116.6607,0
0,116.6708,0
0,116.6809,0
0,116.6909,0
0,116.701,0
0,116.7111,0
0,116.7212,0
0,116.7313,0
0,116.7413,0
0,116.7514,0
0,116.7615,0
0,116.7716,0
0,116.7817,0
0,116.7917,0
0,116.8018,0
0,116.8119,0
0,116.822,0
0,116.8321,0
0,116.8422,0
0,116.8522,0
0,116.8623,0
0,116.8724,0
0,116.8825,0
0,116.8926,0
0,116.9027,0
0,116.9148,1
0,116.9251,1
0,116.9352,1
0,116.9453,0
0,116.9554,0
0,116.9655,0
0,116.978,0
0,116.9881,0
0,116.9983,0
0,117.0086,0
0,117.0189,0
0,117.029,0
0,117.0391,0
0,117.0492,0
0,117.0595,0
0,117.0696,0
0,117.0796,0
0,117.0897,0
0,117.0998,0
0,117.1099,0
0,117.12,0
0,117.13,0
0,117.1401,0
0,117.1502,0
0,117.1603,0
0,117.1703,0
0,117.1804,0
0,117.1905,0
0,117.2006,0
0,117.2107,0
0,117.2207,0
0,117.2308,0
0,117.2409,0
0,117.251,0
0,117.2611,0
0,117.2712,0
0,117.2813,0
0,117.2913,0
0,117.3014,0
0,117.3115,0
0,117.3216,0
0,117.3317,0
0,117.3418,0
0,117.3518,0
0,117.3619,0
0,117.372,0
0,117.3821,0
0,117.3923,0
0,117.4024,0
0,117.4126,1
0,117.4227,1
0,117.4328,1
0,117.4429,1
0,117.4532,0
0,117.4633,0
0,117.4734,0
0,117.4835,0
0,117.4936,0
0,117.5038,0
0,117.5164,0
0,117.5266,0
0,117.5367,0
0,117.5467,0
0,117.5569,0
0,117.567,0
0,117.5771,0
0,117.5872,0
0,117.5973,0
0,117.6074,0
0,117.6175,0
0,117.6282,0
0,117.6383,0
0,117.6484,0
0,117.6585,0
0,117.6686,0
0,117.6787,0
0,117.6888,0
0,117.6989,0
0,117.709,0
0,117.7191,0
0,117.7292,0
0,117.7393,0
0,117.7494,0
0,117.7595,0
0,117.7696,0
0,117.7797,0
0,117.7898,0
0,117.7999,0
0,117.81,0
0,117.8201,0
0,117.8302,0
0,117.8403,0
0,117.8504,0
0,117.8605,0
0,117.8706,0
0,117.8807,0
0,117.8908,0
0,117.9009,0
0,117.9109,0
0,117.9211,1
0,117.9316,1
0,117.9435,1
0,117.9538,1
0,117.9647,0
0,117.9758,0
0,117.9861,0
0,117.9972,0
0,118.0073,0
0,118.0185,0
0,118.0291,0
0,118.0392,0
0,118.0493,0
0,118.0594,0
0,118.0695,0
0,118.0796,0
0,118.0897,0
0,118.0998,0
0,118.1099,0
0,118.12,0
0,118.13,0
0,118.1401,0
0,118.1502,0
0,118.1603,0
0,118.1704,0
0,118.1804,0
0,118.1905,0
0,118.2006,0
0,118.2107,0
0,118.2208,0
0,118.2309,0
0,118.241,0
0,118.251,0
0,118.2611,0
0,118.2712,0
0,118.2813,0
0,118.2914,0
0,118.3015,0
0,118.3116,0
0,118.3217,0
0,118.3317,0
0,118.3418,0
0,118.3519,0
0,118.362,0
0,118.3721,0
0,118.3821,0
0,118.3922,0
0,118.4023,0
0,118.4124,0
0,118.4226,1
0,118.4329,1
0,118.4457,1
0,118.4558,0
0,118.4659,0
0,118.476,0
0,118.4863,0
0,118.4964,0
0,118.5066,0
0,118.5168,0
0,118.5284,0
0,118.5385,0
0,118.5486,0
0,118.5587,0
0,118.5688,0
0,118.5789,0
0,118.589,0
0,118.5991,0
0,118.6091,0
0,118.6192,0
0,118.6294,0
0,118.6395,0
0,118.6496,0
0,118.6597,0
0,118.6698,0
0,118.6798,0
0,118.6899,0
0,118.7,0
0,118.7101,0
0,118.7202,0
0,118.7303,0
0,118.7403,0
0,118.7504,0
0,118.7605,0
0,118.7706,0
0,118.7807,0
0,118.7908,0
0,118.8008,0
0,118.8109,0
0,118.821,0
0,118.8311,0
0,118.8412,0
0,118.8512,0
0,118.8613,0
0,118.8714,0
0,118.8815,0
0,118.8916,0
0,118.9017,0
0,118.9118,0
0,118.9219,1
0,118.932,1
0,118.9427,1
0,118.9531,1
0,118.9662,0
0,118.9771,0
0,118.9875,0
0,118.9976,0
0,119.008,0
0,119.0181,0
0,119.0286,0
0,119.0386,0
0,119.0487,0
0,119.0589,0
0,119.069,0
0,119.0791,0
0,119.0891,0
0,119.0992,0
0,119.1093,0
0,119.1194,0
0,119.1295,0
0,119.1395,0
0,119.1496,0
0,119.1597,0
0,119.1698,0
0,119.1799,0
0,119.1899,0
0,119.2,0
0,119.2101,0
0,119.2202,0
0,119.2303,0
0,119.2403,0
0,119.2504,0
0,119.2605,0
0,119.2706,0
0,119.2807,0
0,119.2908,0
0,119.3009,0
0,119.311,0
0,119.3211,0
0,119.3312,0
0,119.3412,0
0,119.3513,0
0,119.3614,0
0,119.3715,0
0,119.3815,0
0,119.3916,0
0,119.4017,0
0,119.4118,0
0,119.4229,1
0,119.433,1
0,119.4431,1
0,119.4548,1
0,119.4659,0
0,119.4763,0
0,119.4864,0
0,119.4965,0
0,119.5067,0
0,119.5168,0
0,119.5269,0
0,119.5371,0
0,119.5472,0
0,119.5573,0
0,119.5674,0
0,119.5775,0
0,119.5876,0
0,119.5977,0
0,119.6078,0
0,119.6178,0
0,119.6279,0
0,119.638,0
0,119.6481,0
0,119.6582,0
0,119.6683,0
0,119.6783,0
0,119.6884,0
0,119.6985,0
0,119.7086,0
0,119.7187,0
0,119.7288,0
0,119.7389,0
0,119.7489,0
0,119.759,0
0,119.7691,0
0,119.7792,0
0,119.7893,0
0,119.7994,0
0,119.8095,0
0,119.8195,0
0,119.8296,0
0,119.8397,0
0,119.8498,0
0,119.8599,0
0,119.87,0
0,119.88,0
0,119.8901,0
0,119.9002,0
0,119.9103,0
0,119.9204,0
0,119.9305,1
0,119.9412,1
0,119.9514,1
0,119.9614,1
0,119.9728,0
0,119.9829,0
0,119.9929,0
0,120.0031,0
0,120.0131,0
0,120.0233,0
0,120.0338,0
0,120.0439,0
0,120.054,0
0,120.0641,0
0,120.0742,0
0,120.0843,0
0,120.0944,0
0,120.1045,0
0,120.1146,0
0,120.1247,0
0,120.1348,0
0,120.1448,0
0,120.1549,0
0,120.165,0
0,120.1751,0
0,120.1852,0
0,120.1952,0
0,120.2053,0
0,120.2154,0
0,120.2255,0
0,120.2356,0
0,120.2457,0
0,120.2558,0
0,120.2658,0
0,120.2759,0
0,120.286,0
0,120.2961,0
0,120.3062,0
0,120.3163,0
0,120.3263,0
0,120.3364,0
0,120.3465,0
0,120.3566,0
0,120.3667,0
0,120.3768,0
0,120.3868,0
0,120.3969,0
0,120.407,0
0,120.4171,0
0,120.4277,0
0,120.4385,1
0,120.4592,1
0,120.4725,0
0,120.4826,0
0,120.4929,0
0,120.5034,0
0,120.5136,0
0,120.5238,0
0,120.534,0
0,120.5441,0
0,120.5542,0
0,120.5643,0
0,120.5744,0
0,120.5845,0
0,120.5946,0
0,120.6047,0
0,120.6148,0
0,120.6248,0
0,120.6349,0
0,120.645,0
0,120.6551,0
0,120.6652,0
0,120.6752,0
0,120.6853,0
0,120.6954,0
0,120.7055,0
0,120.7156,0
0,120.7257,0
0,120.7357,0
0,120.7458,0
0,120.7559,0
0,120.766,0
0,120.7761,0
0,120.7862,0
0,120.7962,0
0,120.8063,0
0,120.8164,0
0,120.8265,0
0,120.8366,0
0,120.8467,0
0,120.8568,0
0,120.8668,0
0,120.8769,0
0,120.887,0
0,120.8971,0
0,120.9072,0
0,120.9173,0
0,120.9273,0
0,120.9389,1
0,120.9491,1
0,120.9592,1
0,120.9719,0
0,120.9821,0
0,120.9922,0
0,121.0025,0
0,121.0126,0
0,121.0238,0
0,121.034,0
0,121.0442,0
0,121.0545,0
0,121.0646,0
0,121.0748,0
0,121.0848,0
0,121.0949,0
0,121.1056,0
0,121.1157,0
0,121.1257,0
0,121.1358,0
0,121.1459,0
0,121.156,0
0,121.1661,0
0,121.1761,0
0,121.1862,0
0,121.1963,0
0,121.2064,0
0,121.2165,0
0,121.2266,0
0,121.2366,0
0,121.2467,0
0,121.2568,0
0,121.2669,0
0,121.277,0
0,121.2871,0
0,121.2971,0
0,121.3073,0
0,121.3174,0
0,121.3275,0
0,121.3376,0
0,121.3477,0
0,121.3578,0
0,121.3679,0
0,121.3781,0
0,121.3881,0
0,121.3982,0
0,121.4083,0
0,121.4184,0
0,121.4284,0
0,121.4385,0
0,121.4486,1
0,121.4587,1
0,121.4688,1
0,121.479,1
0,121.492,0
0,121.5021,0
0,121.5139,0
0,121.524,0
0,121.5341,0
0,121.5442,0
0,121.5543,0
0,121.5644,0
0,121.5745,0
0,121.5847,0
0,121.5948,0
0,121.6049,0
0,121.615,0
0,121.625,0
0,121.6351,0
0,121.6452,0
0,121.6553,0
0,121.6654,0
0,121.6755,0
0,121.6855,0
0,121.6956,0
0,121.7057,0
0,121.7158,0
0,121.7259,0
0,121.736,0
0,121.7461,0
0,121.7561,0
0,121.7662,0
0,121.7763,0
0,121.7864,0
0,121.7965,0
0,121.8065,0
0,121.8166,0
0,121.8267,0
0,121.8368,0
0,121.8469,0
0,121.857,0
0,121.867,0
0,121.8771,0
0,121.8872,0
0,121.8973,0
0,121.9074,0
0,121.9175,0
0,121.9275,0
0,121.9376,0
0,121.9514,1
0,121.9615,1
0,121.9716,1
0,121.9824,0
0,121.9938,0
0,122.004,0
0,122.0141,0
0,122.0243,0
0,122.0352,0
0,122.0471,0
0,122.0572,0
0,122.0673,0
0,122.0777,0
0,122.0878,0
0,122.0979,0
0,122.108,0
0,122.1181,0
0,122.1281,0
0,122.1382,0
0,122.1483,0
0,122.1584,0
0,122.1685,0
0,122.1785,0
0,122.1886,0
0,122.1987,0
0,122.2088,0
0,122.2189,0
0,122.2289,0
0,122.239,0
0,122.2491,0
0,122.2592,0
0,122.2693,0
0,122.2794,0
0,122.2895,0
0,122.2995,0
0,122.3096,0
0,122.3197,0
0,122.3298,0
0,122.3399,0
0,122.35,0
0,122.36,0
0,122.3701,0
0,122.3802,0
0,122.3904,0
0,122.4004,0
0,122.4105,0
0,122.4206,0
0,122.4307,0
0,122.4407,0
0,122.4554,1
0,122.4655,1
0,122.4756,1
0,122.4863,0
0,122.4964,0
0,122.5065,0
0,122.5166,0
0,122.5267,0
0,122.5368,0
0,122.5469,0
0,122.5571,0
0,122.5672,0
0,122.5774,0
0,122.5875,0
0,122.5976,0
0,122.6077,0
0,122.6177,0
0,122.6278,0
0,122.6379,0
0,122.648,0
0,122.6581,0
0,122.6681,0
0,122.6782,0
0,122.6883,0
0,122.6984,0
0,122.7085,0
0,122.7186,0
0,122.7286,0
0,122.7387,0
0,122.7488,0
0,122.7589,0
0,122.769,0
0,122.779,0
0,122.7891,0
0,122.7992,0
0,122.8093,0
0,122.8194,0
0,122.8295,0
0,122.8396,0
0,122.8496,0
0,122.8597,0
0,122.8698,0
0,122.8799,0
0,122.89,0
0,122.9,0
0,122.9101,0
0,122.9202,0
0,122.9303,0
0,122.9404,0
0,122.9504,1
0,122.9607,1
0,122.9722,1
0,122.9841,0
0,122.9943,0
0,123.0051,0
0,123.0152,0
0,123.0282,0
0,123.0384,0
0,123.0485,0
0,123.0605,0
0,123.0706,0
0,123.0808,0
0,123.0909,0
0,123.1011,0
0,123.1124,0
0,123.1225,0
0,123.1326,0
0,123.1427,0
0,123.1528,0
0,123.1628,0
0,123.1729,0
0,123.183,0
0,123.1931,0
0,123.2031,0
0,123.2132,0
0,123.2233,0
0,123.2334,0
0,123.2435,0
0,123.2536,0
0,123.2636,0
0,123.2737,0
0,123.2838,0
0,123.2939,0
0,123.304,0
0,123.3141,0
0,123.3241,0
0,123.3345,0
0,123.3445,0
0,123.3546,0
0,123.3647,0
0,123.3748,0
0,123.3849,0
0,123.395,0
0,123.405,0
0,123.4151,0
0,123.4252,0
0,123.4353,0
0,123.4462,0
0,123.4568,0
0,123.469,1
0,123.48,1
0,123.4905,1
0,123.5006,0
0,123.5107,0
0,123.5208,0
0,123.5309,0
0,123.541,0
0,123.5512,0
0,123.5613,0
0,123.5749,0
0,123.585,0
0,123.5951,0
0,123.6052,0
0,123.6153,0
0,123.6254,0
0,123.6354,0
0,123.6455,0
0,123.6556,0
0,123.6657,0
0,123.6758,0
0,123.6858,0
0,123.6959,0
0,123.706,0
0,123.7161,0
0,123.7262,0
0,123.7363,0
0,123.7464,0
0,123.7564,0
0,123.7665,0
0,123.7766,0
0,123.7867,0
0,123.7967,0
0,123.8068,0
0,123.8169,0
0,123.827,0
0,123.8371,0
0,123.8472,0
0,123.8573,0
0,123.8674,0
0,123.8774,0
0,123.8875,0
0,123.8976,0
0,123.9077,0
0,123.9178,0
0,123.9278,0
0,123.9379,0
0,123.948,0
0,123.9581,0
0,123.9688,1
0,123.9789,1
0,123.9956,0
0,124.0058,0
0,124.0159,0
0,124.026,0
0,124.0361,0
0,124.0462,0
0,124.0566,0
0,124.0668,0
0,124.0769,0
0,124.0871,0
0,124.0972,0
0,124.1073,0
0,124.1174,0
0,124.1275,0
0,124.1376,0
0,124.1477,0
0,124.1578,0
0,124.1679,0
0,124.1779,0
0,124.188,0
0,124.1981,0
0,124.2082,0
0,124.2183,0
0,124.2283,0
0,124.2384,0
0,124.2485,0
0,124.2586,0
0,124.2687,0
0,124.2787,0
0,124.2888,0
0,124.2989,0
0,124.309,0
0,124.3191,0
0,124.3291,0
0,124.3392,0
0,124.3493,0
0,124.3594,0
0,124.3695,0
0,124.3796,0
0,124.3896,0
0,124.3997,0
0,124.4098,0
0,124.4199,0
0,124.43,0
0,124.44,0
0,124.4501,0
0,124.4602,0
0,124.4748,1
0,124.4906,1
0,124.5007,0
0,124.5108,0
0,124.5227,0
0,124.5328,0
0,124.5431,0
0,124.5532,0
0,124.5634,0
0,124.5735,0
0,124.5836,0
0,124.5937,0
0,124.6039,0
0,124.6139,0
0,124.624,0
0,124.6341,0
0,124.6442,0
0,124.6543,0
0,124.6644,0
0,124.6744,0
0,124.6845,0
0,124.6946,0
0,124.7047,0
0,124.7148,0
0,124.7249,0
0,124.7349,0
0,124.745,0
0,124.7551,0
0,124.7652,0
0,124.7753,0
0,124.7853,0
0,124.7954,0
0,124.8055,0
0,124.8156,0
0,124.8257,0
0,124.8357,0
0,124.8458,0
0,124.8559,0
0,124.866,0
0,124.8761,0
0,124.8861,0
0,124.8962,0
0,124.9063,0
0,124.9164,0
0,124.9265,0
0,124.9365,0
0,124.9466,0
0,124.9567,0
0,124.9668,0
0,124.9771,1
0,124.9875,1
0,124.9999,0
0,125.01,0
0,125.0201,0
0,125.0302,0
0,125.0403,0
0,125.0504,0
0,125.0635,0
0,125.0736,0
0,125.0845,0
0,125.0946,0
0,125.1052,0
0,125.1153,0
0,125.1254,0
0,125.1355,0
0,125.1456,0
0,125.1557,0
0,125.1658,0
0,125.1759,0
0,125.1859,0
0,125.196,0
0,125.2061,0
0,125.2162,0
0,125.2263,0
0,125.2363,0
0,125.2464,0
0,125.2565,0
0,125.2666,0
0,125.2767,0
0,125.2868,0
0,125.2969,0
0,125.307,0
0,125.3171,0
0,125.3271,0
0,125.3372,0
0,125.3473,0
0,125.3574,0
0,125.3675,0
0,125.3776,0
0,125.3876,0
0,125.3977,0
0,125.4078,0
0,125.4179,0
0,125.428,0
0,125.4381,0
0,125.4481,0
0,125.4582,0
0,125.4683,0
0,125.4806,1
0,125.4934,1
0,125.5035,0
0,125.5136,0
0,125.5237,0
0,125.5338,0
0,125.5439,0
0,125.554,0
0,125.5642,0
0,125.5743,0
0,125.5844,0
0,125.5946,0
0,125.6048,0
0,125.6149,0
0,125.625,0
0,125.6351,0
0,125.6451,0
0,125.6552,0
0,125.6653,0
0,125.6754,0
0,125.6855,0
0,125.6955,0
0,125.7056,0
0,125.7157,0
0,125.7258,0
0,125.7359,0
0,125.746,0
0,125.7561,0
0,125.7662,0
0,125.7762,0
0,125.7863,0
0,125.7964,0
0,125.8065,0
0,125.8166,0
0,125.8267,0
0,125.8367,0
0,125.8468,0
0,125.8569,0
0,125.867,0
0,125.8771,0
0,125.8872,0
0,125.8973,0
0,125.9073,0
0,125.9174,0
0,125.9275,0
0,125.9376,0
0,125.9477,0
0,125.9578,0
0,125.9678,0
0,125.978,1
0,125.9881,1
0,125.9982,1
0,126.0083,1
0,126.0184,0
0,126.0285,0
0,126.0386,0
0,126.0486,0
0,126.0587,0
0,126.0703,0
0,126.0804,0
0,126.0908,0
0,126.101,0
0,126.1111,0
0,126.1212,0
0,126.1313,0
0,126.1414,0
0,126.1515,0
0,126.1616,0
0,126.1717,0
0,126.1817,0
0,126.1918,0
0,126.2019,0
0,126.212,0
0,126.2221,0
0,126.2321,0
0,126.2422,0
0,126.2523,0
0,126.2624,0
0,126.2725,0
0,126.2826,0
0,126.2926,0
0,126.3028,0
0,126.3132,0
0,126.3233,0
0,126.3334,0
0,126.3435,0
0,126.3536,0
0,126.366,0
0,126.3761,0
0,126.3862,0
0,126.3963,0
0,126.4064,0
0,126.4164,0
0,126.4265,0
0,126.4366,0
0,126.4467,0
0,126.4568,0
0,126.4675,0
0,126.4776,1
0,126.4878,1
0,126.4993,1
0,126.5093,1
0,126.5235,0
0,126.5336,0
0,126.5468,0
0,126.5571,0
0,126.5672,0
0,126.5773,0
0,126.5874,0
0,126.5975,0
0,126.6076,0
0,126.6177,0
0,126.6278,0
0,126.6379,0
0,126.648,0
0,126.658,0
0,126.6681,0
0,126.6782,0
0,126.6883,0
0,126.6984,0
0,126.7085,0
0,126.7185,0
0,126.7286,0
0,126.7387,0
0,126.7488,0
0,126.7589,0
0,126.7689,0
0,126.779,0
0,126.7891,0
0,126.7992,0
0,126.8093,0
0,126.8194,0
0,126.8294,0
0,126.8395,0
0,126.8496,0
0,126.8597,0
0,126.8698,0
0,126.8799,0
0,126.8899,0
0,126.9,0
0,126.9101,0
0,126.9202,0
0,126.9303,0
0,126.9404,0
0,126.9504,0
0,126.9605,0
0,126.9706,0
0,126.9807,1
0,126.9908,1
0,127.0028,1
0,127.0183,0
0,127.0284,0
0,127.0386,0
0,127.0487,0
0,127.0588,0
0,127.0755,0
0,127.0856,0
0,127.0957,0
0,127.1072,0
0,127.1183,0
0,127.1355,0
0,127.1458,0
0,127.1561,0
0,127.1686,0
0,127.1829,0
0,127.1934,0
0,127.207,0
0,127.2172,0
0,127.2273,0
0,127.2375,0
0,127.2509,0
0,127.261,0
0,127.277,0
0,127.2909,0
0,127.3011,0
0,127.3112,0
0,127.3213,0
0,127.3315,0
0,127.3418,0
0,127.3578,0
0,127.368,0
0,127.3781,0
0,127.3883,0
0,127.3983,0
0,127.4084,0
0,127.4185,0
0,127.4286,0
0,127.4387,0
0,127.4487,0
0,127.4588,0
0,127.4689,0
0,127.479,0
0,127.4894,1
0,127.4995,1
0,127.5096,1
0,127.5213,0
0,127.5314,0
0,127.5414,0
0,127.5516,0
0,127.5617,0
0,127.5719,0
0,127.582,0
0,127.5922,0
0,127.6029,0
0,127.613,0
0,127.6231,0
0,127.6332,0
0,127.6433,0
0,127.6534,0
0,127.6634,0
0,127.6737,0
0,127.6838,0
0,127.6939,0
0,127.7039,0
0,127.714,0
0,127.7241,0
0,127.7342,0
0,127.7443,0
0,127.7544,0
0,127.7644,0
0,127.7745,0
0,127.7846,0
0,127.7947,0
0,127.8048,0
0,127.8148,0
0,127.8249,0
0,127.835,0
0,127.8451,0
0,127.8552,0
0,127.8652,0
0,127.8753,0
0,127.8854,0
0,127.8955,0
0,127.9056,0
0,127.9157,0
0,127.9258,0
0,127.9358,0
0,127.9459,0
0,127.956,0
0,127.9661,0
0,127.9762,0
0,127.9863,1
0,127.9988,1
0,128.0089,1
0,128.0193,1
0,128.0294,0
0,128.0429,0
0,128.053,0
0,128.0631,0
0,128.0735,0
0,128.0848,0
0,128.0959,0
0,128.1061,0
0,128.1162,0
0,128.1264,0
0,128.1366,0
0,128.1467,0
0,128.1569,0
0,128.167,0
0,128.1771,0
0,128.1872,0
0,128.1972,0
0,128.2073,0
0,128.2174,0
0,128.2275,0
0,128.2379,0
0,128.248,0
0,128.2581,0
0,128.2682,0
0,128.2782,0
0,128.2883,0
0,128.2984,0
0,128.3085,0
0,128.3186,0
0,128.3287,0
0,128.3388,0
0,128.3489,0
0,128.359,0
0,128.369,0
0,128.3791,0
0,128.3892,0
0,128.3993,0
0,128.4094,0
0,128.4195,0
0,128.4295,0
0,128.4396,0
0,128.4497,0
0,128.4598,0
0,128.4699,0
0,128.4799,0
0,128.4909,1
0,128.5022,1
0,128.5123,1
0,128.5226,0
0,128.5327,0
0,128.543,0
0,128.5537,0
0,128.564,0
0,128.5763,0
0,128.5864,0
0,128.5972,0
0,128.6073,0
0,128.6174,0
0,128.6275,0
0,128.6376,0
0,128.6477,0
0,128.6578,0
0,128.6678,0
0,128.6779,0
0,128.688,0
0,128.6981,0
0,128.7082,0
0,128.7183,0
0,128.7283,0
0,128.7384,0
0,128.7485,0
0,128.7586,0
0,128.7686,0
0,128.7787,0
0,128.7888,0
0,128.7989,0
0,128.809,0
0,128.8191,0
0,128.8291,0
0,128.8392,0
0,128.8493,0
0,128.8594,0
0,128.8695,0
0,128.8796,0
0,128.8897,0
0,128.8997,0
0,128.9098,0
0,128.9199,0
0,128.93,0
0,128.9401,0
0,128.9501,0
0,128.9602,0
0,128.9703,0
0,128.9804,0
0,128.9905,1
0,129.0021,1
0,129.0123,1
0,129.0225,1
0,129.0329,0
0,129.0432,0
0,129.0533,0
0,129.0635,0
0,129.0736,0
0,129.0843,0
0,129.0945,0
0,129.1046,0
0,129.1147,0
0,129.1249,0
0,129.135,0
0,129.1451,0
0,129.1552,0
0,129.1653,0
0,129.1754,0
0,129.1854,0
0,129.1955,0
0,129.2056,0
0,129.2157,0
0,129.2258,0
0,129.2358,0
0,129.246,0
0,129.2561,0
0,129.2662,0
0,129.2762,0
0,129.2863,0
0,129.2964,0
0,129.3065,0
0,129.3166,0
0,129.3267,0
0,129.3368,0
0,129.3468,0
0,129.3569,0
0,129.367,0
0,129.3771,0
0,129.3872,0
0,129.3972,0
0,129.4073,0
0,129.4174,0
0,129.4275,0
0,129.4376,0
0,129.4477,0
0,129.4577,0
0,129.4678,0
0,129.4779,0
0,129.488,0
0,129.4981,1
0,129.5083,1
0,129.5204,1
0,129.5306,0
0,129.5408,0
0,129.5508,0
0,129.5609,0
0,129.571,0
0,129.5816,0
0,129.5918,0
0,129.6019,0
0,129.6119,0
0,129.6221,0
0,129.6321,0
0,129.6422,0
0,129.6523,0
0,129.6624,0
0,129.6725,0
0,129.6825,0
0,129.6926,0
0,129.7027,0
0,129.7128,0
0,129.7229,0
0,129.7329,0
0,129.743,0
0,129.7531,0
0,129.7632,0
0,129.7733,0
0,129.7834,0
0,129.7935,0
0,129.8035,0
0,129.8136,0
0,129.8237,0
0,129.8338,0
0,129.8439,0
0,129.8539,0
0,129.864,0
0,129.8741,0
0,129.8842,0
0,129.8943,0
0,129.9044,0
0,129.9145,0
0,129.9245,0
0,129.9346,0
0,129.9447,0
0,129.9548,0
0,129.9649,0
0,129.975,0
0,129.985,0
0,129.9951,1
0,130.0053,1
0,130.0171,1
0,130.0276,1
0,130.0396,0
0,130.05,0
0,130.0623,0
0,130.0733,0
0,130.0834,0
0,130.0936,0
0,130.1037,0
0,130.1139,0
0,130.124,0
0,130.1341,0
0,130.1442,0
0,130.1543,0
0,130.1644,0
0,130.1745,0
0,130.1845,0
0,130.1946,0
0,130.2047,0
0,130.2148,0
0,130.2249,0
0,130.235,0
0,130.2451,0
0,130.2552,0
0,130.2653,0
0,130.2754,0
0,130.2855,0
0,130.2956,0
0,130.3057,0
0,130.3157,0
0,130.3258,0
0,130.3359,0
0,130.346,0
0,130.3561,0
0,130.3661,0
0,130.3762,0
0,130.3863,0
0,130.3964,0
0,130.4065,0
0,130.4166,0
0,130.4267,0
0,130.4367,0
0,130.4468,0
0,130.4569,0
0,130.467,0
0,130.4771,0
0,130.4872,0
0,130.499,1
0,130.5096,1
0,130.5197,1
0,130.532,0
0,130.5438,0
0,130.5539,0
0,130.564,0
0,130.5741,0
0,130.5844,0
0,130.5945,0
0,130.6047,0
0,130.6148,0
0,130.6249,0
0,130.635,0
0,130.6451,0
0,130.6552,0
0,130.6653,0
0,130.6753,0
0,130.6854,0
0,130.6955,0
0,130.7056,0
0,130.7157,0
0,130.7257,0
0,130.7358,0
0,130.7459,0
0,130.756,0
0,130.7661,0
0,130.7761,0
0,130.7862,0
0,130.7963,0
0,130.8064,0
0,130.8165,0
0,130.8265,0
0,130.8366,0
0,130.8467,0
0,130.8568,0
0,130.8669,0
0,130.8769,0
0,130.8871,0
0,130.8971,0
0,130.9072,0
0,130.9173,0
0,130.9274,0
0,130.9375,0
0,130.9475,0
0,130.9576,0
0,130.9677,0
0,130.9778,0
0,130.9879,0
0,130.9979,0
0,131.0095,1
0,131.0201,1
0,131.0302,1
0,131.0434,0
0,131.0535,0
0,131.0637,0
0,131.0738,0
0,131.084,0
0,131.0941,0
0,131.1042,0
0,131.1143,0
0,131.1244,0
0,131.1346,0
0,131.1447,0
0,131.1548,0
0,131.1648,0
0,131.1749,0
0,131.185,0
0,131.1951,0
0,131.2052,0
0,131.2152,0
0,131.2253,0
0,131.2354,0
0,131.2455,0
0,131.2556,0
0,131.2657,0
0,131.2758,0
0,131.286,0
0,131.2961,0
0,131.3062,0
0,131.3163,0
0,131.3264,0
0,131.3365,0
0,131.3466,0
0,131.3567,0
0,131.3669,0
0,131.3813,0
0,131.3917,0
0,131.4018,0
0,131.4135,0
0,131.4236,0
0,131.434,0
0,131.4441,0
0,131.4542,0
0,131.4643,0
0,131.4744,0
0,131.4845,0
0,131.4946,0
0,131.5049,1
0,131.515,1
0,131.5257,1
0,131.5404,0
0,131.5505,0
0,131.5633,0
0,131.5751,0
0,131.5869,0
0,131.597,0
0,131.6071,0
0,131.6172,0
0,131.6273,0
0,131.6374,0
0,131.6475,0
0,131.6576,0
0,131.6677,0
0,131.6777,0
0,131.6878,0
0,131.6979,0
0,131.708,0
0,131.7181,0
0,131.7281,0
0,131.7382,0
0,131.7483,0
0,131.7584,0
0,131.7685,0
0,131.7786,0
0,131.7886,0
0,131.7987,0
0,131.8088,0
0,131.8189,0
0,131.829,0
0,131.839,0
0,131.8491,0
0,131.8592,0
0,131.8693,0
0,131.8794,0
0,131.8895,0
0,131.8995,0
0,131.9096,0
0,131.9197,0
0,131.9298,0
0,131.9399,0
0,131.95,0
0,131.96,0
0,131.9701,0
0,131.9802,0
0,131.9903,0
0,132.0004,0
0,132.0105,0
0,132.021,1
0,132.0323,1
0,132.0425,1
0,132.0526,0
0,132.0626,0
0,132.0728,0
0,132.083,0
0,132.1008,0
0,132.1109,0
0,132.121,0
0,132.1311,0
0,132.1412,0
0,132.1513,0
0,132.1614,0
0,132.1715,0
0,132.1816,0
0,132.1917,0
0,132.2018,0
0,132.2118,0
0,132.2219,0
0,132.232,0
0,132.2421,0
0,132.2521,0
0,132.2622,0
0,132.2723,0
0,132.2824,0
0,132.2925,0
0,132.3026,0
0,132.3127,0
0,132.3228,0
0,132.3329,0
0,132.343,0
0,132.353,0
0,132.3631,0
0,132.3732,0
0,132.3833,0
0,132.3934,0
0,132.4035,0
0,132.4136,0
0,132.4237,0
0,132.4337,0
0,132.4438,0
0,132.4539,0
0,132.464,0
0,132.4741,0
0,132.4842,0
0,132.4943,0
0,132.5044,0
0,132.5145,1
0,132.5271,1
0,132.5372,1
0,132.5473,0
0,132.5574,0
0,132.5676,0
0,132.5777,0
0,132.5878,0
0,132.598,0
0,132.6082,0
0,132.6183,0
0,132.6284,0
0,132.6385,0
0,132.6487,0
0,132.6588,0
0,132.6689,0
0,132.679,0
0,132.6891,0
0,132.6992,0
0,132.7093,0
0,132.7194,0
0,132.7295,0
0,132.7395,0
0,132.7496,0
0,132.7597,0
0,132.7698,0
0,132.7799,0
0,132.79,0
0,132.8,0
0,132.8101,0
0,132.8202,0
0,132.8303,0
0,132.8404,0
0,132.8504,0
0,132.8605,0
0,132.8706,0
0,132.8807,0
0,132.8908,0
0,132.9009,0
0,132.9109,0
0,132.921,0
0,132.9311,0
0,132.9412,0
0,132.9513,0
0,132.9614,0
0,132.9714,0
0,132.9815,0
0,132.9916,0
0,133.0017,0
0,133.0118,0
0,133.0228,1
0,133.0335,1
0,133.0436,1
0,133.0571,0
0,133.0672,0
0,133.0773,0
0,133.0902,0
0,133.1011,0
0,133.1112,0
0,133.1213,0
0,133.1331,0
0,133.1432,0
0,133.1533,0
0,133.1634,0
0,133.1735,0
0,133.1836,0
0,133.1937,0
0,133.2038,0
0,133.2139,0
0,133.224,0
0,133.2341,0
0,133.2442,0
0,133.2543,0
0,133.2644,0
0,133.2745,0
0,133.2846,0
0,133.2947,0
0,133.3048,0
0,133.3149,0
0,133.325,0
0,133.3351,0
0,133.3452,0
0,133.3553,0
0,133.3654,0
0,133.3755,0
0,133.3856,0
0,133.3956,0
0,133.4058,0
0,133.4159,0
0,133.426,0
0,133.4361,0
0,133.4462,0
0,133.4563,0
0,133.4664,0
0,133.4765,0
0,133.4866,0
0,133.4967,0
0,133.5068,0
0,133.5169,0
0,133.527,1
0,133.5373,1
0,133.5475,1
0,133.5576,1
0,133.5677,0
0,133.5777,0
0,133.5878,0
0,133.598,0
0,133.6081,0
0,133.6182,0
0,133.6309,0
0,133.641,0
0,133.6512,0
0,133.6613,0
0,133.6714,0
0,133.6815,0
0,133.6916,0
0,133.7017,0
0,133.7117,0
0,133.7218,0
0,133.7319,0
0,133.742,0
0,133.7521,0
0,133.7621,0
0,133.7722,0
0,133.7823,0
0,133.7924,0
0,133.8024,0
0,133.8125,0
0,133.8226,0
0,133.8327,0
0,133.8428,0
0,133.8529,0
0,133.8629,0
0,133.873,0
0,133.8831,0
0,133.8932,0
0,133.9033,0
0,133.9134,0
0,133.9234,0
0,133.9335,0
0,133.9436,0
0,133.9537,0
0,133.9638,0
0,133.9738,0
0,133.9839,0
0,133.994,0
0,134.0041,0
0,134.0142,0
0,134.0244,0
0,134.0346,1
0,134.0447,1
0,134.0556,1
0,134.0671,0
0,134.0772,0
0,134.0873,0
0,134.0973,0
0,134.108,0
0,134.1182,0
0,134.1283,0
0,134.1384,0
0,134.1485,0
0,134.1586,0
0,134.1698,0
0,134.1799,0
0,134.19,0
0,134.2001,0
0,134.2102,0
0,134.2202,0
0,134.2303,0
0,134.2404,0
0,134.2505,0
0,134.2606,0
0,134.2706,0
0,134.2807,0
0,134.2908,0
0,134.3015,0
0,134.3116,0
0,134.3216,0
0,134.3318,0
0,134.3419,0
0,134.352,0
0,134.3621,0
0,134.3721,0
0,134.3822,0
0,134.3923,0
0,134.4024,0
0,134.4125,0
0,134.4226,0
0,134.4326,0
0,134.4427,0
0,134.4528,0
0,134.4629,0
0,134.473,0
0,134.483,0
0,134.4931,0
0,134.5032,0
0,134.5133,0
0,134.5234,0
0,134.5335,1
0,134.5453,1
0,134.5554,1
0,134.5655,1
0,134.5756,0
0,134.5867,0
0,134.5968,0
0,134.607,0
0,134.6171,0
0,134.6272,0
0,134.6376,0
0,134.6477,0
0,134.6578,0
0,134.668,0
0,134.6781,0
0,134.6881,0
0,134.6982,0
0,134.7083,0
0,134.7184,0
0,134.7285,0
0,134.7386,0
0,134.7486,0
0,134.7587,0
0,134.7688,0
0,134.7789,0
0,134.789,0
0,134.799,0
0,134.8091,0
0,134.8192,0
0,134.8293,0
0,134.8393,0
0,134.8494,0
0,134.8595,0
0,134.8696,0
0,134.8797,0
0,134.8898,0
0,134.8999,0
0,134.91,0
0,134.9201,0
0,134.9301,0
0,134.9402,0
0,134.9503,0
0,134.9604,0
0,134.9705,0
0,134.9805,0
0,134.9906,0
0,135.0007,0
0,135.0108,0
0,135.0209,0
0,135.0349,1
0,135.0461,1
0,135.0569,1
0,135.07,0
0,135.0801,0
0,135.0903,0
0,135.1004,0
0,135.1106,0
0,135.1207,0
0,135.1308,0
0,135.141,0
0,135.151,0
0,135.1611,0
0,135.1712,0
0,135.1813,0
0,135.1914,0
0,135.2015,0
0,135.2116,0
0,135.2217,0
0,135.2317,0
0,135.2418,0
0,135.2519,0
0,135.262,0
0,135.2721,0
0,135.2822,0
0,135.2922,0
0,135.3023,0
0,135.3124,0
0,135.3225,0
0,135.3326,0
0,135.3427,0
0,135.3528,0
0,135.3629,0
0,135.3729,0
0,135.383,0
0,135.3931,0
0,135.4032,0
0,135.4133,0
0,135.4233,0
0,135.4334,0
0,135.4435,0
0,135.4536,0
0,135.4637,0
0,135.4738,0
0,135.4839,0
0,135.494,0
0,135.504,0
0,135.5141,0
0,135.5242,0
0,135.5349,1
0,135.5457,1
0,135.5558,1
0,135.5687,0
0,135.5788,0
0,135.5889,0
0,135.599,0
0,135.6091,0
0,135.6192,0
0,135.6294,0
0,135.6395,0
0,135.6495,0
0,135.6596,0
0,135.6697,0
0,135.6799,0
0,135.69,0
0,135.7001,0
0,135.7101,0
0,135.7203,0
0,135.7303,0
0,135.7404,0
0,135.7505,0
0,135.7606,0
0,135.7707,0
0,135.7807,0
0,135.7908,0
0,135.8009,0
0,135.811,0
0,135.8211,0
0,135.8312,0
0,135.8412,0
0,135.8513,0
0,135.8614,0
0,135.8715,0
0,135.8815,0
0,135.8916,0
0,135.9017,0
0,135.9118,0
0,135.9219,0
0,135.932,0
0,135.9421,0
0,135.9521,0
0,135.9622,0
0,135.9723,0
0,135.9824,0
0,135.9925,0
0,136.0025,0
0,136.0126,0
0,136.0227,0
0,136.0328,0
0,136.0433,1
0,136.0557,1
0,136.0671,0
0,136.0772,0
0,136.0873,0
0,136.0974,0
0,136.1075,0
0,136.1177,0
0,136.1279,0
0,136.138,0
0,136.1482,0
0,136.1582,0
0,136.1683,0
0,136.1784,0
0,136.1886,0
0,136.1987,0
0,136.2087,0
0,136.2188,0
0,136.2289,0
0,136.239,0
0,136.2491,0
0,136.2591,0
0,136.2692,0
0,136.2793,0
0,136.2894,0
0,136.2995,0
0,136.3096,0
0,136.3197,0
0,136.3299,0
0,136.34,0
0,136.3501,0
0,136.3602,0
0,136.3703,0
0,136.3806,0
0,136.3907,0
0,136.4008,0
0,136.4108,0
0,136.4209,0
0,136.431,0
0,136.4411,0
0,136.4512,0
0,136.4613,0
0,136.4714,0
0,136.4814,0
0,136.4915,0
0,136.5016,0
0,136.5117,0
0,136.5218,0
0,136.5319,0
0,136.542,1
0,136.5523,1
0,136.5624,1
0,136.5726,1
0,136.5849,1
0,136.5975,0
0,136.6078,0
0,136.6179,0
0,136.628,0
0,136.6381,0
0,136.6482,0
0,136.6587,0
0,136.6691,0
0,136.6792,0
0,136.6893,0
0,136.6994,0
0,136.7095,0
0,136.7196,0
0,136.7297,0
0,136.7397,0
0,136.7498,0
0,136.7599,0
0,136.77,0
0,136.7801,0
0,136.7902,0
0,136.8003,0
0,136.8103,0
0,136.8204,0
0,136.8305,0
0,136.8406,0
0,136.8507,0
0,136.8607,0
0,136.8708,0
0,136.8809,0
0,136.891,0
0,136.9011,0
0,136.9112,0
0,136.9212,0
0,136.9313,0
0,136.9414,0
0,136.9515,0
0,136.9616,0
0,136.9717,0
0,136.9818,0
0,136.9919,0
0,137.0019,0
0,137.012,0
0,137.0221,0
0,137.0322,0
0,137.047,1
0,137.06,1
0,137.0773,0
0,137.0874,0
0,137.0975,0
0,137.1108,0
0,137.1209,0
0,137.1311,0
0,137.1412,0
0,137.1513,0
0,137.1614,0
0,137.1717,0
0,137.1818,0
0,137.1919,0
0,137.202,0
0,137.212,0
0,137.2221,0
0,137.2322,0
0,137.2423,0
0,137.2525,0
0,137.2626,0
0,137.2727,0
0,137.2828,0
0,137.2929,0
0,137.3029,0
0,137.313,0
0,137.3231,0
0,137.3332,0
0,137.3433,0
0,137.3534,0
0,137.3634,0
0,137.3735,0
0,137.3836,0
0,137.3942,0
0,137.4043,0
0,137.4144,0
0,137.4245,0
0,137.4346,0
0,137.4446,0
0,137.4547,0
0,137.4648,0
0,137.4749,0
0,137.4849,0
0,137.495,0
0,137.5051,0
0,137.5157,0
0,137.5258,0
0,137.5359,0
0,137.5465,0
0,137.5575,1
0,137.5695,1
0,137.5806,0
0,137.5907,0
0,137.6008,0
0,137.6109,0
0,137.6213,0
0,137.6315,0
0,137.6416,0
0,137.6531,0
0,137.6632,0
0,137.6733,0
0,137.6834,0
0,137.6935,0
0,137.7036,0
0,137.7137,0
0,137.7238,0
0,137.7339,0
0,137.7439,0
0,137.754,0
0,137.7641,0
0,137.7742,0
0,137.7842,0
0,137.7943,0
0,137.8044,0
0,137.8145,0
0,137.8246,0
0,137.8347,0
0,137.8448,0
0,137.8549,0
0,137.8649,0
0,137.875,0
0,137.8851,0
0,137.8952,0
0,137.9053,0
0,137.9154,0
0,137.9254,0
0,137.9355,0
0,137.9456,0
0,137.9557,0
0,137.9658,0
0,137.9759,0
0,137.986,0
0,137.996,0
0,138.0061,0
0,138.0162,0
0,138.0263,0
0,138.0364,0
0,138.0465,0
0,138.0565,1
0,138.0671,1
0,138.0782,1
0,138.0883,0
0,138.0984,0
0,138.1085,0
0,138.1197,0
0,138.1301,0
0,138.1429,0
0,138.153,0
0,138.1646,0
0,138.1747,0
0,138.1848,0
0,138.1949,0
0,138.205,0
0,138.2151,0
0,138.2252,0
0,138.2352,0
0,138.2453,0
0,138.2554,0
0,138.2655,0
0,138.2756,0
0,138.2856,0
0,138.2957,0
0,138.3058,0
0,138.3159,0
0,138.326,0
0,138.3361,0
0,138.3463,0
0,138.3564,0
0,138.3665,0
0,138.3765,0
0,138.3866,0
0,138.3967,0
0,138.4069,0
0,138.417,0
0,138.4271,0
0,138.4371,0
0,138.4472,0
0,138.4573,0
0,138.4674,0
0,138.4775,0
0,138.4876,0
0,138.4976,0
0,138.5077,0
0,138.5178,0
0,138.5279,0
0,138.538,0
0,138.5481,0
0,138.5582,1
0,138.5685,1
0,138.5786,1
0,138.5905,0
0,138.6007,0
0,138.6108,0
0,138.6231,0
0,138.6332,0
0,138.6442,0
0,138.6543,0
0,138.665,0
0,138.6779,0
0,138.688,0
0,138.6981,0
0,138.7082,0
0,138.7183,0
0,138.7284,0
0,138.7385,0
0,138.7486,0
0,138.7587,0
0,138.7688,0
0,138.7789,0
0,138.7889,0
0,138.799,0
0,138.8091,0
0,138.8192,0
0,138.8293,0
0,138.8393,0
0,138.8494,0
0,138.8595,0
0,138.8696,0
0,138.8797,0
0,138.8897,0
0,138.8998,0
0,138.9099,0
0,138.92,0
0,138.9301,0
0,138.9401,0
0,138.9502,0
0,138.9603,0
0,138.9704,0
0,138.9805,0
0,138.9906,0
0,139.0007,0
0,139.0107,0
0,139.0208,0
0,139.0309,0
0,139.041,0
0,139.0511,0
0,139.0612,1
0,139.0736,1
0,139.0837,1
0,139.0938,1
0,139.106,1
0,139.1167,0
0,139.1268,0
0,139.1369,0
0,139.1471,0
0,139.1572,0
0,139.1673,0
0,139.1775,0
0,139.1876,0
0,139.1977,0
0,139.2078,0
0,139.2178,0
0,139.2279,0
0,139.238,0
0,139.2481,0
0,139.2581,0
0,139.2682,0
0,139.2783,0
0,139.2884,0
0,139.2985,0
0,139.3086,0
0,139.3186,0
0,139.3287,0
0,139.3388,0
0,139.3489,0
0,139.359,0
0,139.3691,0
0,139.3791,0
0,139.3892,0
0,139.3993,0
0,139.4094,0
0,139.4195,0
0,139.4297,0
0,139.4397,0
0,139.4498,0
0,139.4599,0
0,139.47,0
0,139.4801,0
0,139.4901,0
0,139.5002,0
0,139.5103,0
0,139.5204,0
0,139.5305,0
0,139.5406,0
0,139.5506,0
0,139.5608,1
0,139.5756,1
0,139.5858,1
0,139.5966,0
0,139.6067,0
0,139.6168,0
0,139.6308,0
0,139.641,0
0,139.6513,0
0,139.6614,0
0,139.6716,0
0,139.6817,0
0,139.6918,0
0,139.7019,0
0,139.712,0
0,139.7221,0
0,139.7322,0
0,139.7423,0
0,139.7524,0
0,139.7625,0
0,139.7726,0
0,139.7826,0
0,139.7927,0
0,139.8028,0
0,139.8129,0
0,139.823,0
0,139.8331,0
0,139.8431,0
0,139.8532,0
0,139.8633,0
0,139.8734,0
0,139.8835,0
0,139.8935,0
0,139.9036,0
0,139.9137,0
0,139.9238,0
0,139.9339,0
0,139.944,0
0,139.954,0
0,139.9641,0
0,139.9742,0
0,139.9843,0
0,139.9944,0
0,140.0045,0
0,140.0145,0
0,140.0246,0
0,140.0347,0
0,140.0448,0
0,140.0549,0
0,140.065,1
0,140.0752,1
0,140.0855,1
0,140.0956,0
0,140.1057,0
0,140.1158,0
0,140.1258,0
0,140.136,0
0,140.1463,0
0,140.1564,0
0,140.1665,0
0,140.1766,0
0,140.1867,0
0,140.1968,0
0,140.2069,0
0,140.217,0
0,140.2271,0
0,140.2372,0
0,140.2472,0
0,140.2573,0
0,140.2674,0
0,140.2775,0
0,140.2876,0
0,140.2977,0
0,140.3078,0
0,140.3178,0
0,140.3279,0
0,140.338,0
0,140.3481,0
0,140.3582,0
0,140.3682,0
0,140.3783,0
0,140.3884,0
0,140.3985,0
0,140.4086,0
0,140.4186,0
0,140.4287,0
0,140.4389,0
0,140.4489,0
0,140.459,0
0,140.4696,0
0,140.4797,0
0,140.4897,0
0,140.4998,0
0,140.5099,0
0,140.52,0
0,140.5315,0
0,140.5415,0
0,140.5516,0
0,140.5619,0
0,140.575,1
0,140.5853,1
0,140.5953,1
0,140.6054,0
0,140.6168,0
0,140.6269,0
0,140.637,0
0,140.6479,0
0,140.658,0
0,140.6681,0
0,140.6782,0
0,140.6883,0
0,140.6984,0
0,140.7085,0
0,140.7186,0
0,140.7287,0
0,140.7388,0
0,140.7489,0
0,140.7589,0
0,140.769,0
0,140.7791,0
0,140.7892,0
0,140.7993,0
0,140.8094,0
0,140.8194,0
0,140.8295,0
0,140.8396,0
0,140.8497,0
0,140.8598,0
0,140.8699,0
0,140.8799,0
0,140.89,0
0,140.9001,0
0,140.9102,0
0,140.9203,0
0,140.9303,0
0,140.9404,0
0,140.9505,0
0,140.9606,0
0,140.9707,0
0,140.9808,0
0,140.9908,0
0,141.0009,0
0,141.011,0
0,141.0211,0
0,141.0312,0
0,141.0413,0
0,141.0513,0
0,141.0614,0
0,141.0715,1
0,141.0827,1
0,141.0928,1
0,141.1037,0
0,141.1138,0
0,141.1239,0
0,141.1343,0
0,141.1444,0
0,141.1546,0
0,141.1647,0
0,141.175,0
0,141.1852,0
0,141.1953,0
0,141.2054,0
0,141.2155,0
0,141.2256,0
0,141.2357,0
0,141.2457,0
0,141.2558,0
0,141.2659,0
0,141.276,0
0,141.286,0
0,141.2961,0
0,141.3064,0
0,141.3166,0
0,141.3267,0
0,141.3368,0
0,141.3469,0
0,141.357,0
0,141.3671,0
0,141.3772,0
0,141.3873,0
0,141.3974,0
0,141.4075,0
0,141.4175,0
0,141.4276,0
0,141.4377,0
0,141.4478,0
0,141.4582,0
0,141.4683,0
0,141.4785,0
0,141.4886,0
0,141.4986,0
0,141.5087,0
0,141.5188,0
0,141.5289,0
0,141.539,0
0,141.5491,0
0,141.5591,0
0,141.5693,0
0,141.5796,1
0,141.5897,1
0,141.5999,1
0,141.6113,0
0,141.6214,0
0,141.6315,0
0,141.6417,0
0,141.6524,0
0,141.6626,0
0,141.6727,0
0,141.6829,0
0,141.693,0
0,141.7031,0
0,141.7132,0
0,141.7233,0
0,141.7355,0
0,141.7456,0
0,141.7557,0
0,141.7658,0
0,141.7758,0
0,141.7859,0
0,141.796,0
0,141.8061,0
0,141.8162,0
0,141.8262,0
0,141.8363,0
0,141.8464,0
0,141.8565,0
0,141.8666,0
0,141.8766,0
0,141.8867,0
0,141.8968,0
0,141.9069,0
0,141.917,0
0,141.9271,0
0,141.9371,0
0,141.9472,0
0,141.9573,0
0,141.9674,0
0,141.9774,0
0,141.9875,0
0,141.9977,0
0,142.0077,0
0,142.0178,0
0,142.0279,0
0,142.038,0
0,142.0481,0
0,142.0582,0
0,142.0682,0
0,142.0789,1
0,142.0889,1
0,142.0992,1
0,142.1096,1
0,142.1203,0
0,142.1304,0
0,142.1413,0
0,142.1514,0
0,142.1616,0
0,142.1717,0
0,142.1819,0
0,142.192,0
0,142.2021,0
0,142.2122,0
0,142.2223,0
0,142.2323,0
0,142.2425,0
0,142.2525,0
0,142.2626,0
0,142.2727,0
0,142.2828,0
0,142.2929,0
0,142.303,0
0,142.3131,0
0,142.3231,0
0,142.3332,0
0,142.3433,0
0,142.3534,0
0,142.3635,0
0,142.3736,0
0,142.3837,0
0,142.3941,0
0,142.4041,0
0,142.4142,0
0,142.4243,0
0,142.4344,0
0,142.4445,0
0,142.4545,0
0,142.4646,0
0,142.4748,0
0,142.4848,0
0,142.495,0
0,142.505,0
0,142.5151,0
0,142.5252,0
0,142.5353,0
0,142.5454,0
0,142.5555,0
0,142.5655,0
0,142.5756,0
0,142.5857,1
0,142.5961,1
0,142.6062,1
0,142.6166,0
0,142.6268,0
0,142.6369,0
0,142.647,0
0,142.6571,0
0,142.669,0
0,142.6791,0
0,142.6892,0
0,142.6993,0
0,142.7094,0
0,142.7195,0
0,142.7296,0
0,142.7397,0
0,142.7498,0
0,142.7599,0
0,142.7699,0
0,142.78,0
0,142.7901,0
0,142.8002,0
0,142.8102,0
0,142.8203,0
0,142.8304,0
0,142.8405,0
0,142.8506,0
0,142.8607,0
0,142.8707,0
0,142.8808,0
0,142.8909,0
0,142.901,0
0,142.9111,0
0,142.9211,0
0,142.9312,0
0,142.9413,0
0,142.9514,0
0,142.9615,0
0,142.9716,0
0,142.9816,0
0,142.9917,0
0,143.0018,0
0,143.0119,0
0,143.022,0
0,143.0321,0
0,143.0421,0
0,143.0522,0
0,143.0623,0
0,143.0724,0
0,143.0829,0
0,143.0935,1
0,143.1052,1
0,143.1152,1
0,143.1253,0
0,143.1357,0
0,143.1491,0
0,143.1624,0
0,143.1725,0
0,143.1829,0
0,143.193,0
0,143.2031,0
0,143.2132,0
0,143.2233,0
0,143.2333,0
0,143.2434,0
0,143.2535,0
0,143.2636,0
0,143.2737,0
0,143.2838,0
0,143.2939,0
0,143.304,0
0,143.314,0
0,143.3241,0
0,143.3342,0
0,143.3443,0
0,143.3549,0
0,143.365,0
0,143.3751,0
0,143.3852,0
0,143.3953,0
0,143.4054,0
0,143.4154,0
0,143.4255,0
0,143.4356,0
0,143.4457,0
0,143.4558,0
0,143.4658,0
0,143.4759,0
0,143.486,0
0,143.4962,0
0,143.5062,0
0,143.5163,0
0,143.5264,0
0,143.5365,0
0,143.5466,0
0,143.5567,0
0,143.5667,0
0,143.5768,0
0,143.5869,1
0,143.5978,1
0,143.6079,1
0,143.6194,0
0,143.6295,0
0,143.6396,0
0,143.6497,0
0,143.6598,0
0,143.67,0
0,143.6803,0
0,143.6904,0
0,143.7005,0
0,143.7109,0
0,143.721,0
0,143.7311,0
0,143.7412,0
0,143.7513,0
0,143.7614,0
0,143.7715,0
0,143.7816,0
0,143.7917,0
0,143.8017,0
0,143.8118,0
0,143.8219,0
0,143.832,0
0,143.8421,0
0,143.8522,0
0,143.8622,0
0,143.8723,0
0,143.8824,0
0,143.8925,0
0,143.9026,0
0,143.9127,0
0,143.9228,0
0,143.9328,0
0,143.9429,0
0,143.953,0
0,143.9631,0
0,143.9732,0
0,143.9832,0
0,143.9933,0
0,144.0034,0
0,144.0135,0
0,144.0236,0
0,144.0337,0
0,144.0438,0
0,144.0538,0
0,144.0639,0
0,144.074,0
0,144.0841,0
0,144.0964,1
0,144.1087,1
0,144.119,0
0,144.1291,0
0,144.1392,0
0,144.1494,0
0,144.1595,0
0,144.1697,0
0,144.1798,0
0,144.1899,0
0,144.2002,0
0,144.2103,0
0,144.2205,0
0,144.2306,0
0,144.2407,0
0,144.2508,0
0,144.2609,0
0,144.271,0
0,144.281,0
0,144.2911,0
0,144.3012,0
0,144.3113,0
0,144.3214,0
0,144.3315,0
0,144.3415,0
0,144.3516,0
0,144.3617,0
0,144.3718,0
0,144.3819,0
0,144.392,0
0,144.402,0
0,144.4121,0
0,144.4222,0
0,144.4323,0
0,144.4423,0
0,144.4525,0
0,144.4626,0
0,144.4727,0
0,144.4828,0
0,144.4929,0
0,144.503,0
0,144.5131,0
0,144.5232,0
0,144.5333,0
0,144.5434,0
0,144.5534,0
0,144.5635,0
0,144.5736,0
0,144.5837,0
0,144.5948,1
0,144.6052,1
0,144.6157,1
0,144.6261,1
0,144.6374,0
0,144.6475,0
0,144.6576,0
0,144.6677,0
0,144.678,0
0,144.6881,0
0,144.6989,0
0,144.7102,0
0,144.7203,0
0,144.7304,0
0,144.7405,0
0,144.7506,0
0,144.7607,0
0,144.7708,0
0,144.7809,0
0,144.7909,0
0,144.801,0
0,144.8111,0
0,144.8212,0
0,144.8313,0
0,144.8414,0
0,144.8514,0
0,144.8615,0
0,144.8716,0
0,144.8817,0
0,144.8918,0
0,144.9019,0
0,144.9119,0
0,144.922,0
0,144.9321,0
0,144.9422,0
0,144.9523,0
0,144.9623,0
0,144.9724,0
0,144.9825,0
0,144.9926,0
0,145.0027,0
0,145.0128,0
0,145.0229,0
0,145.0329,0
0,145.043,0
0,145.0532,0
0,145.0632,0
0,145.0733,0
0,145.0834,0
0,145.0938,0
0,145.1042,1
0,145.1144,1
0,145.1244,1
0,145.1346,1
0,145.1447,0
0,145.1548,0
0,145.165,0
0,145.1752,0
0,145.1869,0
0,145.197,0
0,145.2071,0
0,145.2172,0
0,145.2273,0
0,145.2374,0
0,145.2475,0
0,145.2576,0
0,145.2685,0
0,145.2785,0
0,145.2886,0
0,145.2987,0
0,145.3088,0
0,145.3188,0
0,145.3289,0
0,145.339,0
0,145.3491,0
0,145.3598,0
0,145.3699,0
0,145.38,0
0,145.39,0
0,145.4001,0
0,145.4102,0
0,145.4203,0
0,145.4304,0
0,145.4405,0
0,145.4505,0
0,145.4606,0
0,145.4707,0
0,145.4808,0
0,145.4909,0
0,145.5009,0
0,145.511,0
0,145.5212,0
0,145.5312,0
0,145.5413,0
0,145.5514,0
0,145.5615,0
0,145.5715,0
0,145.5816,0
0,145.5917,0
0,145.6019,1
0,145.6148,1
0,145.6249,1
0,145.636,0
0,145.6461,0
0,145.6562,0
0,145.6663,0
0,145.6784,0
0,145.6886,0
0,145.6987,0
0,145.7089,0
0,145.719,0
0,145.7291,0
0,145.7392,0
0,145.7493,0
0,145.7594,0
0,145.7695,0
0,145.7796,0
0,145.7897,0
0,145.7997,0
0,145.8098,0
0,145.8199,0
0,145.83,0
0,145.8401,0
0,145.8502,0
0,145.8602,0
0,145.8703,0
0,145.8804,0
0,145.8905,0
0,145.9006,0
0,145.9106,0
0,145.9207,0
0,145.9308,0
0,145.9409,0
0,145.951,0
0,145.9611,0
0,145.9712,0
0,145.9812,0
0,145.9913,0
0,146.0014,0
0,146.0115,0
0,146.0216,0
0,146.0317,0
0,146.0417,0
0,146.0518,0
0,146.0619,0
0,146.072,0
0,146.0821,0
0,146.0921,0
0,146.1029,1
0,146.1131,1
0,146.1239,1
0,146.134,0
0,146.1445,0
0,146.1549,0
0,146.165,0
0,146.1859,0
0,146.196,0
0,146.2062,0
0,146.2163,0
0,146.2265,0
0,146.2366,0
0,146.2467,0
0,146.2568,0
0,146.2669,0
0,146.277,0
0,146.2871,0
0,146.2972,0
0,146.3074,0
0,146.3175,0
0,146.3276,0
0,146.3377,0
0,146.3478,0
0,146.3579,0
0,146.3681,0
0,146.3782,0
0,146.3883,0
0,146.3983,0
0,146.4084,0
0,146.4185,0
0,146.4286,0
0,146.4386,0
0,146.4487,0
0,146.4588,0
0,146.4689,0
0,146.479,0
0,146.4891,0
0,146.4991,0
0,146.5092,0
0,146.5193,0
0,146.5294,0
0,146.5395,0
0,146.5496,0
0,146.5597,0
0,146.5698,0
0,146.5798,0
0,146.5899,0
0,146.6,0
0,146.6101,1
0,146.6204,1
0,146.6305,1
0,146.6438,0
0,146.6539,0
0,146.664,0
0,146.6741,0
0,146.6853,0
0,146.6954,0
0,146.7055,0
0,146.7156,0
0,146.7257,0
0,146.7358,0
0,146.7459,0
0,146.756,0
0,146.7661,0
0,146.7762,0
0,146.7863,0
0,146.7963,0
0,146.8064,0
0,146.8165,0
0,146.8266,0
0,146.8367,0
0,146.8468,0
0,146.8569,0
0,146.8669,0
0,146.877,0
0,146.8871,0
0,146.8972,0
0,146.9073,0
0,146.9174,0
0,146.9274,0
0,146.9375,0
0,146.9476,0
0,146.9577,0
0,146.9678,0
0,146.9779,0
0,146.9879,0
0,146.998,0
0,147.0081,0
0,147.0182,0
0,147.0283,0
0,147.0383,0
0,147.0484,0
0,147.0585,0
0,147.0686,0
0,147.0787,0
0,147.0888,0
0,147.0988,0
0,147.109,1
0,147.1219,1
0,147.132,1
0,147.145,0
0,147.157,0
0,147.1671,0
0,147.1773,0
0,147.1899,0
0,147.2,0
0,147.2101,0
0,147.2202,0
0,147.2303,0
0,147.2405,0
0,147.2506,0
0,147.2606,0
0,147.2707,0
0,147.2808,0
0,147.2909,0
0,147.301,0
0,147.3111,0
0,147.3212,0
0,147.3312,0
0,147.3413,0
0,147.3514,0
0,147.3615,0
0,147.3716,0
0,147.3817,0
0,147.3921,0
0,147.4022,0
0,147.4123,0
0,147.4223,0
0,147.4324,0
0,147.4425,0
0,147.4527,0
0,147.4628,0
0,147.4729,0
0,147.483,0
0,147.4931,0
0,147.5032,0
0,147.5133,0
0,147.5233,0
0,147.5334,0
0,147.5435,0
0,147.5536,0
0,147.5644,0
0,147.5745,0
0,147.5846,0
0,147.5947,0
0,147.6048,0
0,147.6149,1
0,147.6256,1
0,147.6364,1
0,147.648,1
0,147.6585,0
0,147.6686,0
0,147.6787,0
0,147.6889,0
0,147.699,0
0,147.7092,0
0,147.7193,0
0,147.7294,0
0,147.7395,0
0,147.7496,0
0,147.7597,0
0,147.7698,0
0,147.7798,0
0,147.7899,0
0,147.8,0
0,147.8101,0
0,147.8202,0
0,147.8303,0
0,147.8404,0
0,147.8504,0
0,147.8605,0
0,147.8706,0
0,147.8807,0
0,147.8908,0
0,147.9008,0
0,147.9109,0
0,147.921,0
0,147.9311,0
0,147.9412,0
0,147.9513,0
0,147.9613,0
0,147.9714,0
0,147.9815,0
0,147.9916,0
0,148.0017,0
0,148.0117,0
0,148.0218,0
0,148.0319,0
0,148.042,0
0,148.0521,0
0,148.0622,0
0,148.0722,0
0,148.0823,0
0,148.0924,0
0,148.1025,0
0,148.1149,1
0,148.125,1
0,148.1389,1
0,148.1501,1
0,148.1602,0
0,148.1762,0
0,148.1907,0
0,148.2009,0
0,148.211,0
0,148.2211,0
0,148.2312,0
0,148.2413,0
0,148.2514,0
0,148.2615,0
0,148.2716,0
0,148.2817,0
0,148.2918,0
0,148.3018,0
0,148.3119,0
0,148.322,0
0,148.3321,0
0,148.3422,0
0,148.3522,0
0,148.3623,0
0,148.3724,0
0,148.3825,0
0,148.3926,0
0,148.4026,0
0,148.4127,0
0,148.4228,0
0,148.4329,0
0,148.443,0
0,148.453,0
0,148.4631,0
0,148.4732,0
0,148.4833,0
0,148.4934,0
0,148.5034,0
0,148.5135,0
0,148.5236,0
0,148.5337,0
0,148.5438,0
0,148.5539,0
0,148.5639,0
0,148.5741,0
0,148.5842,0
0,148.5943,0
0,148.6043,0
0,148.6145,1
0,148.6248,1
0,148.6371,1
0,148.6472,0
0,148.6573,0
0,148.6673,0
0,148.6774,0
0,148.6875,0
0,148.6976,0
0,148.7106,0
0,148.7208,0
0,148.731,0
0,148.7411,0
0,148.7512,0
0,148.7613,0
0,148.7714,0
0,148.7815,0
0,148.7916,0
0,148.8017,0
0,148.8118,0
0,148.8219,0
0,148.832,0
0,148.8421,0
0,148.8522,0
0,148.8623,0
0,148.8724,0
0,148.8825,0
0,148.8926,0
0,148.9027,0
0,148.9128,0
0,148.9229,0
0,148.933,0
0,148.9431,0
0,148.9532,0
0,148.9633,0
0,148.9734,0
0,148.9835,0
0,148.9936,0
0,149.0037,0
0,149.0138,0
0,149.0239,0
0,149.034,0
0,149.0441,0
0,149.0542,0
0,149.0643,0
0,149.0744,0
0,149.0845,0
0,149.0945,0
0,149.1046,0
0,149.1153,1
0,149.1259,1
0,149.1375,1
0,149.1493,1
0,149.1633,0
0,149.1734,0
0,149.1835,0
0,149.1935,0
0,149.2037,0
0,149.2161,0
0,149.2263,0
0,149.2364,0
0,149.2465,0
0,149.2566,0
0,149.2667,0
0,149.2768,0
0,149.2869,0
0,149.297,0
0,149.3071,0
0,149.3175,0
0,149.3276,0
0,149.3377,0
0,149.3478,0
0,149.3579,0
0,149.368,0
0,149.378,0
0,149.3881,0
0,149.3982,0
0,149.4083,0
0,149.4186,0
0,149.4288,0
0,149.4389,0
0,149.449,0
0,149.4591,0
0,149.4692,0
0,149.4793,0
0,149.4894,0
0,149.4996,0
0,149.5098,0
0,149.5199,0
0,149.5301,0
0,149.5402,0
0,149.5503,0
0,149.5604,0
0,149.5706,0
0,149.5825,0
0,149.5926,0
0,149.6028,0
0,149.6128,0
0,149.627,1
0,149.6408,1
0,149.6514,1
0,149.6636,1
0,149.6738,0
0,149.6841,0
0,149.698,0
0,149.7097,0
0,149.7198,0
0,149.7299,0
0,149.74,0
0,149.7511,0
0,149.7617,0
0,149.7718,0
0,149.7842,0
0,149.7944,0
0,149.8046,0
0,149.8147,0
0,149.8248,0
0,149.835,0
0,149.8451,0
0,149.8553,0
0,149.8654,0
0,149.8755,0
0,149.8856,0
0,149.8957,0
0,149.9059,0
0,149.916,0
0,149.9261,0
0,149.9366,0
0,149.9467,0
0,149.9569,0
0,149.967,0
0,149.9771,0
0,149.9872,0
0,149.9973,0
0,150.0074,0
0,150.0175,0
0,150.0276,0
0,150.0377,0
0,150.0479,0
0,150.058,0
0,150.0681,0
0,150.0783,0
0,150.0884,0
0,150.0985,0
0,150.1086,0
0,150.1187,0
0,150.1316,1
0,150.1416,1
0,150.1535,1
0,150.1637,1
0,150.1768,0
0,150.1876,0
0,150.1977,0
0,150.2078,0
0,150.2179,0
0,150.2287,0
0,150.2388,0
0,150.2489,0
0,150.259,0
0,150.2691,0
0,150.2792,0
0,150.2893,0
0,150.2994,0
0,150.3095,0
0,150.3196,0
0,150.3297,0
0,150.3397,0
0,150.3498,0
0,150.3599,0
0,150.37,0
0,150.3801,0
0,150.3902,0
0,150.4002,0
0,150.4103,0
0,150.4204,0
0,150.4305,0
0,150.4405,0
0,150.4506,0
0,150.4607,0
0,150.4708,0
0,150.4809,0
0,150.491,0
0,150.5011,0
0,150.5111,0
0,150.5212,0
0,150.5313,0
0,150.5414,0
0,150.5515,0
0,150.5615,0
0,150.5716,0
0,150.5817,0
0,150.5918,0
0,150.6019,0
0,150.6122,0
0,150.6222,0
0,150.6349,1
0,150.6508,1
0,150.6609,1
0,150.6716,0
0,150.6817,0
0,150.6918,0
0,150.7021,0
0,150.7147,0
0,150.7255,0
0,150.7356,0
0,150.7477,0
0,150.758,0
0,150.7681,0
0,150.7782,0
0,150.7883,0
0,150.7984,0
0,150.8085,0
0,150.8186,0
0,150.8286,0
0,150.8388,0
0,150.8488,0
0,150.8589,0
0,150.869,0
0,150.8791,0
0,150.8892,0
0,150.8993,0
0,150.9094,0
0,150.9195,0
0,150.9296,0
0,150.9397,0
0,150.9498,0
0,150.96,0
0,150.9709,0
0,150.981,0
0,150.9911,0
0,151.0012,0
0,151.012,0
0,151.0221,0
0,151.0322,0
0,151.0423,0
0,151.0524,0
0,151.0625,0
0,151.0731,0
0,151.0833,0
0,151.0935,0
0,151.1036,0
0,151.1137,0
0,151.1238,0
0,151.134,1
0,151.1469,1
0,151.1635,1
0,151.1736,1
0,151.214,0
0,151.2336,0
0,151.2569,0
0,151.2683,0
0,151.279,0
0,151.2892,0
0,151.2994,0
0,151.3113,0
0,151.33,0
0,151.3422,0
0,151.3539,0
0,151.3645,0
0,151.3754,0
0,151.3855,0
0,151.3956,0
0,151.4057,0
0,151.4158,0
0,151.4263,0
0,151.4364,0
0,151.4465,0
0,151.4566,0
0,151.4666,0
0,151.4767,0
0,151.4868,0
0,151.4969,0
0,151.507,0
0,151.5171,0
0,151.5272,0
0,151.5372,0
0,151.5473,0
0,151.5574,0
0,151.5675,0
0,151.5776,0
0,151.5877,0
0,151.5977,0
0,151.6078,0
0,151.6179,0
0,151.6283,0
0,151.6385,1
0,151.6486,1
0,151.659,1
0,151.6691,1
0,151.6798,1
0,151.6899,0
0,151.7,0
0,151.7101,0
0,151.7202,0
0,151.7309,0
0,151.741,0
0,151.7511,0
0,151.7615,0
0,151.7717,0
0,151.7818,0
0,151.7918,0
0,151.8021,0
0,151.8122,0
0,151.8223,0
0,151.8324,0
0,151.8424,0
0,151.8525,0
0,151.8626,0
0,151.8727,0
0,151.8828,0
0,151.8928,0
0,151.9029,0
0,151.913,0
0,151.9231,0
0,151.9332,0
0,151.9432,0
0,151.9533,0
0,151.9634,0
0,151.9735,0
0,151.9836,0
0,151.9936,0
0,152.0037,0
0,152.0138,0
0,152.0239,0
0,152.034,0
0,152.044,0
0,152.0542,0
0,152.0642,0
0,152.0743,0
0,152.0844,0
0,152.0945,0
0,152.1046,0
0,152.1146,0
0,152.1247,0
0,152.1354,0
0,152.1466,1
0,152.1567,1
0,152.1668,1
0,152.1786,1
0,152.1896,0
0,152.2014,0
0,152.2137,0
0,152.2258,0
0,152.236,0
0,152.2462,0
0,152.2572,0
0,152.2673,0
0,152.2774,0
0,152.2875,0
0,152.2976,0
0,152.3077,0
0,152.3178,0
0,152.3279,0
0,152.3379,0
0,152.3481,0
0,152.3581,0
0,152.3682,0
0,152.3783,0
0,152.3884,0
0,152.3985,0
0,152.4086,0
0,152.4186,0
0,152.4287,0
0,152.4388,0
0,152.4489,0
0,152.459,0
0,152.469,0
0,152.4791,0
0,152.4892,0
0,152.4993,0
0,152.5094,0
0,152.5195,0
0,152.5295,0
0,152.5396,0
0,152.5497,0
0,152.5598,0
0,152.5699,0
0,152.5799,0
0,152.59,0
0,152.6001,0
0,152.6102,0
0,152.6203,0
0,152.6304,0
0,152.6429,1
0,152.6555,1
0,152.6669,1
0,152.677,1
0,152.6872,0
0,152.6974,0
0,152.7075,0
0,152.7176,0
0,152.7277,0
0,152.7379,0
0,152.748,0
0,152.7581,0
0,152.7682,0
0,152.7784,0
0,152.7884,0
0,152.7985,0
0,152.8086,0
0,152.8187,0
0,152.8288,0
0,152.8388,0
0,152.8489,0
0,152.859,0
0,152.8691,0
0,152.8792,0
0,152.8893,0
0,152.8994,0
0,152.9095,0
0,152.9195,0
0,152.9296,0
0,152.9397,0
0,152.9498,0
0,152.9599,0
0,152.97,0
0,152.9801,0
0,152.9901,0
0,153.0008,0
0,153.0109,0
0,153.0209,0
0,153.031,0
0,153.0411,0
0,153.0512,0
0,153.0613,0
0,153.0713,0
0,153.0814,0
0,153.0915,0
0,153.1016,0
0,153.1117,0
0,153.1218,0
0,153.1318,0
0,153.142,1
0,153.1539,1
0,153.164,1
0,153.175,0
0,153.1861,0
0,153.1968,0
0,153.2069,0
0,153.217,0
0,153.2271,0
0,153.2381,0
0,153.2483,0
0,153.2601,0
0,153.2702,0
0,153.2803,0
0,153.2903,0
0,153.3004,0
0,153.3105,0
0,153.3206,0
0,153.3307,0
0,153.3408,0
0,153.3509,0
0,153.3609,0
0,153.371,0
0,153.3811,0
0,153.3912,0
0,153.4013,0
0,153.4113,0
0,153.4214,0
0,153.4315,0
0,153.4416,0
0,153.4517,0
0,153.4618,0
0,153.4719,0
0,153.482,0
0,153.4921,0
0,153.5021,0
0,153.5122,0
0,153.5223,0
0,153.5324,0
0,153.5425,0
0,153.5526,0
0,153.5627,0
0,153.5728,0
0,153.5828,0
0,153.5929,0
0,153.6031,0
0,153.6131,0
0,153.6232,0
0,153.6333,0
0,153.6436,0
0,153.6541,1
0,153.6698,1
0,153.6809,0
0,153.6929,0
0,153.703,0
0,153.7132,0
0,153.7233,0
0,153.7335,0
0,153.744,0
0,153.7541,0
0,153.7642,0
0,153.7743,0
0,153.7847,0
0,153.7948,0
0,153.8049,0
0,153.815,0
0,153.8251,0
0,153.8352,0
0,153.8452,0
0,153.8553,0
0,153.8654,0
0,153.8755,0
0,153.8856,0
0,153.8957,0
0,153.9057,0
0,153.9158,0
0,153.9259,0
0,153.936,0
0,153.9461,0
0,153.9562,0
0,153.9662,0
0,153.9763,0
0,153.9864,0
0,153.9965,0
0,154.0066,0
0,154.0167,0
0,154.0267,0
0,154.0368,0
0,154.0469,0
0,154.057,0
0,154.0671,0
0,154.0772,0
0,154.0873,0
0,154.0973,0
0,154.1074,0
0,154.1175,0
0,154.1276,0
0,154.1377,0
0,154.1478,1
0,154.1587,1
0,154.1705,1
0,154.1872,0
0,154.1988,0
0,154.2114,0
0,154.2215,0
0,154.2316,0
0,154.2417,0
0,154.2527,0
0,154.2629,0
0,154.273,0
0,154.2832,0
0,154.2938,0
0,154.3039,0
0,154.3141,0
0,154.3242,0
0,154.3342,0
0,154.3443,0
0,154.3544,0
0,154.3645,0
0,154.3746,0
0,154.3846,0
0,154.3947,0
0,154.4048,0
0,154.4149,0
0,154.425,0
0,154.4351,0
0,154.4451,0
0,154.4552,0
0,154.4653,0
0,154.4754,0
0,154.4854,0
0,154.4955,0
0,154.5056,0
0,154.5157,0
0,154.5258,0
0,154.5359,0
0,154.5459,0
0,154.556,0
0,154.5661,0
0,154.5762,0
0,154.5864,0
0,154.5965,0
0,154.6065,0
0,154.6166,0
0,154.6267,0
0,154.6368,0
0,154.6469,0
0,154.6572,1
0,154.6675,1
0,154.6777,1
0,154.6878,0
0,154.6979,0
0,154.708,0
0,154.7181,0
0,154.7283,0
0,154.7384,0
0,154.7485,0
0,154.7587,0
0,154.7688,0
0,154.779,0
0,154.7891,0
0,154.7992,0
0,154.8093,0
0,154.8203,0
0,154.8304,0
0,154.8405,0
0,154.8505,0
0,154.8606,0
0,154.8709,0
0,154.881,0
0,154.891,0
0,154.9011,0
0,154.9112,0
0,154.9213,0
0,154.9314,0
0,154.9414,0
0,154.9515,0
0,154.9616,0
0,154.9717,0
0,154.9818,0
0,154.9919,0
0,155.002,0
0,155.0121,0
0,155.0221,0
0,155.0322,0
0,155.0423,0
0,155.0524,0
0,155.0624,0
0,155.0725,0
0,155.0826,0
0,155.0927,0
0,155.1028,0
0,155.1128,0
0,155.1229,0
0,155.133,0
0,155.1431,0
0,155.1534,1
0,155.166,1
0,155.1761,1
0,155.1865,0
0,155.1966,0
0,155.2068,0
0,155.2176,0
0,155.2277,0
0,155.2384,0
0,155.2485,0
0,155.2586,0
0,155.2689,0
0,155.279,0
0,155.2891,0
0,155.2991,0
0,155.3092,0
0,155.3193,0
0,155.3294,0
0,155.3395,0
0,155.3496,0
0,155.3596,0
0,155.3697,0
0,155.3798,0
0,155.3899,0
0,155.4,0
0,155.4101,0
0,155.4202,0
0,155.4302,0
0,155.4403,0
0,155.4504,0
0,155.4605,0
0,155.4706,0
0,155.4806,0
0,155.4907,0
0,155.5008,0
0,155.5109,0
0,155.521,0
0,155.5311,0
0,155.5411,0
0,155.5512,0
0,155.5613,0
0,155.5714,0
0,155.5815,0
0,155.5915,0
0,155.6016,0
0,155.6117,0
0,155.6218,0
0,155.6319,0
0,155.642,0
0,155.652,0
0,155.6623,1
0,155.6735,1
0,155.6836,1
0,155.6936,0
0,155.7037,0
0,155.714,0
0,155.7241,0
0,155.7354,0
0,155.7455,0
0,155.756,0
0,155.7662,0
0,155.7763,0
0,155.7864,0
0,155.7965,0
0,155.8066,0
0,155.8167,0
0,155.8267,0
0,155.8368,0
0,155.8469,0
0,155.857,0
0,155.8671,0
0,155.8772,0
0,155.8873,0
0,155.8973,0
0,155.9074,0
0,155.9175,0
0,155.9276,0
0,155.9377,0
0,155.9478,0
0,155.9578,0
0,155.9679,0
0,155.978,0
0,155.9881,0
0,155.9982,0
0,156.0082,0
0,156.0183,0
0,156.0284,0
0,156.0385,0
0,156.0486,0
0,156.0586,0
0,156.0687,0
0,156.0788,0
0,156.0889,0
0,156.099,0
0,156.1091,0
0,156.1191,0
0,156.1292,0
0,156.1394,0
0,156.1494,0
0,156.1595,1
0,156.1723,1
0,156.1833,1
0,156.1935,1
0,156.2036,1
0,156.2138,0
0,156.2239,0
0,156.234,0
0,156.2442,0
0,156.2543,0
0,156.2645,0
0,156.2746,0
0,156.2847,0
0,156.2948,0
0,156.3049,0
0,156.3151,0
0,156.3252,0
0,156.3353,0
0,156.3454,0
0,156.3555,0
0,156.3656,0
0,156.3757,0
0,156.3858,0
0,156.3959,0
0,156.406,0
0,156.4161,0
0,156.4262,0
0,156.4362,0
0,156.4463,0
0,156.4564,0
0,156.4665,0
0,156.4766,0
0,156.4867,0
0,156.4967,0
0,156.5068,0
0,156.517,0
0,156.5271,0
0,156.5372,0
0,156.5472,0
0,156.5573,0
0,156.5674,0
0,156.5775,0
0,156.5876,0
0,156.5976,0
0,156.6077,0
0,156.6178,0
0,156.6279,0
0,156.638,0
0,156.6481,0
0,156.6581,0
0,156.669,1
0,156.6791,1
0,156.6893,1
0,156.7007,0
0,156.7108,0
0,156.7209,0
0,156.7311,0
0,156.7412,0
0,156.7513,0
0,156.7614,0
0,156.7715,0
0,156.7817,0
0,156.7918,0
0,156.8019,0
0,156.812,0
0,156.8228,0
0,156.8329,0
0,156.843,0
0,156.8531,0
0,156.8632,0
0,156.8732,0
0,156.8833,0
0,156.8934,0
0,156.9035,0
0,156.9136,0
0,156.9237,0
0,156.9337,0
0,156.9438,0
0,156.9539,0
0,156.964,0
0,156.9741,0
0,156.9842,0
0,156.9942,0
0,157.0043,0
0,157.0144,0
0,157.0245,0
0,157.0346,0
0,157.0447,0
0,157.0548,0
0,157.0648,0
0,157.0749,0
0,157.085,0
0,157.0951,0
0,157.1052,0
0,157.1153,0
0,157.1253,0
0,157.1354,0
0,157.1455,0
0,157.1556,0
0,157.1708,1
0,157.1809,1
0,157.191,1
0,157.2029,0
0,157.213,0
0,157.2241,0
0,157.2342,0
0,157.2444,0
0,157.2545,0
0,157.2648,0
0,157.275,0
0,157.2851,0
0,157.2952,0
0,157.3053,0
0,157.3154,0
0,157.3255,0
0,157.3356,0
0,157.3456,0
0,157.3557,0
0,157.3658,0
0,157.3759,0
0,157.386,0
0,157.3961,0
0,157.4062,0
0,157.4162,0
0,157.4263,0
0,157.4364,0
0,157.4465,0
0,157.4565,0
0,157.4666,0
0,157.4767,0
0,157.4868,0
0,157.4969,0
0,157.507,0
0,157.5171,0
0,157.5271,0
0,157.5372,0
0,157.5473,0
0,157.5574,0
0,157.5675,0
0,157.5776,0
0,157.5876,0
0,157.5977,0
0,157.6078,0
0,157.6179,0
0,157.628,0
0,157.6381,0
0,157.6481,0
0,157.6582,0
0,157.6701,1
0,157.6805,1
0,157.6906,1
0,157.703,0
0,157.7131,0
0,157.7232,0
0,157.7334,0
0,157.7464,0
0,157.7565,0
0,157.7666,0
0,157.7768,0
0,157.7869,0
0,157.7989,0
0,157.809,0
0,157.8191,0
0,157.8292,0
0,157.8393,0
0,157.8493,0
0,157.8594,0
0,157.8695,0
0,157.8796,0
0,157.8897,0
0,157.8998,0
0,157.9109,0
0,157.9211,0
0,157.9312,0
0,157.9414,0
0,157.955,0
0,157.9652,0
0,157.979,0
0,157.9892,0
0,157.9993,0
0,158.012,0
0,158.0222,0
0,158.0343,0
0,158.0556,0
0,158.0658,0
0,158.0792,0
0,158.0935,0
0,158.104,0
0,158.119,0
0,158.1318,0
0,158.1431,0
0,158.1532,0
0,158.1675,0
0,158.1776,0
0,158.188,1
0,158.199,1
0,158.2113,1
0,158.2229,0
0,158.2506,0
0,158.275,0
0,158.2851,0
0,158.2953,0
0,158.3055,0
0,158.3157,0
0,158.326,0
0,158.3381,0
0,158.3554,0
0,158.3663,0
0,158.3778,0
0,158.3927,0
0,158.4047,0
0,158.4158,0
0,158.426,0
0,158.4371,0
0,158.451,0
0,158.4611,0
0,158.4712,0
0,158.4814,0
0,158.4916,0
0,158.5017,0
0,158.5119,0
0,158.5221,0
0,158.5322,0
0,158.5423,0
0,158.5524,0
0,158.5625,0
0,158.5728,0
0,158.5829,0
0,158.593,0
0,158.6031,0
0,158.6133,0
0,158.6234,0
0,158.6335,0
0,158.6436,0
0,158.6537,0
0,158.6638,0
0,158.6744,0
0,158.6852,0
0,158.6969,1
0,158.7159,1
0,158.7281,1
0,158.7382,0
0,158.7483,0
0,158.7583,0
0,158.7684,0
0,158.7786,0
0,158.7887,0
0,158.7988,0
0,158.8089,0
0,158.8196,0
0,158.8338,0
0,158.844,0
0,158.8557,0
0,158.8658,0
0,158.8759,0
0,158.8861,0
0,158.8961,0
0,158.9063,0
0,158.9164,0
0,158.9265,0
0,158.9367,0
0,158.948,0
0,158.9581,0
0,158.9693,0
0,158.9862,0
0,158.999,0
0,159.0148,0
0,159.0253,0
0,159.0386,0
0,159.0641,0
0,159.0758,0
0,159.0922,0
0,159.1044,0
0,159.1146,0
0,159.1255,0
0,159.1382,0
0,159.1483,0
0,159.1586,0
0,159.1688,0
0,159.1791,0
0,159.1899,0
0,159.2013,1
0,159.2126,1
0,159.2275,1
0,159.2376,1
0,159.2511,0
0,159.2616,0
0,159.2717,0
0,159.2818,0
0,159.2919,0
0,159.3022,0
0,159.3143,0
0,159.3281,0
0,159.3389,0
0,159.3496,0
0,159.3649,0
0,159.3805,0
0,159.3934,0
0,159.4035,0
0,159.4136,0
0,159.4237,0
0,159.4339,0
0,159.444,0
0,159.4543,0
0,159.465,0
0,159.4752,0
0,159.4853,0
0,159.4954,0
0,159.5055,0
0,159.5156,0
0,159.5257,0
0,159.5358,0
0,159.546,0
0,159.5561,0
0,159.5662,0
0,159.5765,0
0,159.5866,0
0,159.5966,0
0,159.6068,0
0,159.6169,0
0,159.627,0
0,159.6371,0
0,159.6472,0
0,159.6573,0
0,159.6675,0
0,159.6777,0
0,159.6909,0
0,159.701,0
0,159.723,1
0,159.7348,1
0,159.7532,1
0,159.7671,1
0,159.781,0
0,159.7962,0
0,159.8115,0
0,159.8238,0
0,159.834,0
0,159.8441,0
0,159.8543,0
0,159.865,0
