,time(sec),state
0,0.1926,0
0,0.2072,0
0,0.2174,0
0,0.2295,1
0,0.2438,1
0,0.2608,1
0,0.2739,1
0,0.2961,0
0,0.3062,0
0,0.317,0
0,0.3271,0
0,0.3373,0
0,0.348,0
0,0.3586,0
0,0.3737,0
0,0.3839,0
0,0.3941,0
0,0.4063,0
0,0.4211,0
0,0.4332,0
0,0.4453,0
0,0.4591,0
0,0.4693,0
0,0.4842,0
0,0.4953,0
0,0.5063,0
0,0.52,0
0,0.5301,0
0,0.5403,0
0,0.5505,0
0,0.5635,0
0,0.5738,0
0,0.5843,0
0,0.595,0
0,0.6063,0
0,0.6165,0
0,0.6266,0
0,0.6397,0
0,0.6498,0
0,0.661,0
0,0.6711,0
0,0.6812,0
0,0.6934,0
0,0.7035,0
0,0.7137,0
0,0.7254,0
0,0.7398,0
0,0.7547,1
0,0.7724,1
0,0.787,1
0,0.7971,1
0,0.8155,1
0,0.8271,0
0,0.8372,0
0,0.8474,0
0,0.8611,0
0,0.8719,0
0,0.8917,0
0,0.9079,0
0,0.9181,0
0,0.9282,0
0,0.9383,0
0,0.9486,0
0,0.9587,0
0,0.9689,0
0,0.979,0
0,0.9892,0
0,0.9993,0
0,1.0095,0
0,1.0196,0
0,1.0297,0
0,1.0399,0
0,1.05,0
0,1.0602,0
0,1.0703,0
0,1.0804,0
0,1.0905,0
0,1.1006,0
0,1.1108,0
0,1.1209,0
0,1.1311,0
0,1.1421,0
0,1.153,0
0,1.1637,0
0,1.1738,0
0,1.1848,0
0,1.1955,0
0,1.2057,0
0,1.2193,0
0,1.2294,0
0,1.2396,0
0,1.2508,0
0,1.2671,1
0,1.2772,1
0,1.2876,1
0,1.2999,1
0,1.3102,1
0,1.3206,1
0,1.3309,0
0,1.341,0
0,1.3511,0
0,1.3612,0
0,1.3713,0
0,1.3815,0
0,1.393,0
0,1.4031,0
0,1.414,0
0,1.4473,0
0,1.4614,0
0,1.4716,0
0,1.4818,0
0,1.4919,0
0,1.5021,0
0,1.5123,0
0,1.5226,0
0,1.5328,0
0,1.543,0
0,1.5592,0
0,1.5693,0
0,1.5794,0
0,1.5896,0
0,1.5998,0
0,1.61,0
0,1.621,0
0,1.6311,0
0,1.6412,0
0,1.6513,0
0,1.6615,0
0,1.6716,0
0,1.6817,0
0,1.6918,0
0,1.702,0
0,1.7149,0
0,1.7252,0
0,1.7353,0
0,1.7457,0
0,1.7558,0
0,1.7711,1
0,1.7851,1
0,1.7955,1
0,1.8055,0
0,1.8156,0
0,1.8257,0
0,1.8358,0
0,1.8459,0
0,1.856,0
0,1.8661,0
0,1.8762,0
0,1.8886,0
0,1.8988,0
0,1.9102,0
0,1.9209,0
0,1.931,0
0,1.9412,0
0,1.9513,0
0,1.9625,0
0,1.9727,0
0,1.9851,0
0,1.9953,0
0,2.0054,0
0,2.0156,0
0,2.0258,0
0,2.0359,0
0,2.046,0
0,2.0562,0
0,2.0663,0
0,2.0764,0
0,2.0865,0
0,2.0966,0
0,2.1068,0
0,2.1169,0
0,2.1271,0
0,2.1372,0
0,2.1474,0
0,2.1581,0
0,2.1683,0
0,2.1785,0
0,2.1886,0
0,2.1987,0
0,2.2088,0
0,2.2189,0
0,2.229,0
0,2.2391,0
0,2.2492,0
0,2.2625,0
0,2.273,1
0,2.2912,1
0,2.3045,1
0,2.3146,1
0,2.3272,0
0,2.3373,0
0,2.3474,0
0,2.3575,0
0,2.3677,0
0,2.3781,0
0,2.3883,0
0,2.4015,0
0,2.4117,0
0,2.4219,0
0,2.4321,0
0,2.4422,0
0,2.4523,0
0,2.465,0
0,2.4751,0
0,2.4852,0
0,2.4953,0
0,2.5054,0
0,2.5166,0
0,2.5274,0
0,2.5375,0
0,2.5476,0
0,2.5579,0
0,2.568,0
0,2.5781,0
0,2.5882,0
0,2.5983,0
0,2.6084,0
0,2.6186,0
0,2.6287,0
0,2.6388,0
0,2.6489,0
0,2.659,0
0,2.6691,0
0,2.6792,0
0,2.6893,0
0,2.6994,0
0,2.7095,0
0,2.7196,0
0,2.7297,0
0,2.7399,0
0,2.751,0
0,2.7613,0
0,2.7748,1
0,2.7873,1
0,2.7978,1
0,2.8203,1
0,2.8417,1
0,2.8548,0
0,2.8671,0
0,2.8805,0
0,2.8907,0
0,2.9009,0
0,2.9115,0
0,2.9216,0
0,2.9317,0
0,2.9418,0
0,2.9519,0
0,2.9621,0
0,2.9722,0
0,2.9823,0
0,2.9924,0
0,3.0025,0
0,3.0127,0
0,3.0228,0
0,3.0329,0
0,3.043,0
0,3.0531,0
0,3.0632,0
0,3.0733,0
0,3.0834,0
0,3.0935,0
0,3.1036,0
0,3.1137,0
0,3.1238,0
0,3.1339,0
0,3.144,0
0,3.1541,0
0,3.1642,0
0,3.1744,0
0,3.1846,0
0,3.1947,0
0,3.2048,0
0,3.2149,0
0,3.2251,0
0,3.2352,0
0,3.2452,0
0,3.2553,0
0,3.2654,0
0,3.2755,1
0,3.2857,1
0,3.3032,1
0,3.3136,1
0,3.3242,1
0,3.3343,0
0,3.3444,0
0,3.3545,0
0,3.3646,0
0,3.3747,0
0,3.3849,0
0,3.3951,0
0,3.4052,0
0,3.4153,0
0,3.4255,0
0,3.4356,0
0,3.4456,0
0,3.4557,0
0,3.4658,0
0,3.4759,0
0,3.486,0
0,3.496,0
0,3.5061,0
0,3.5162,0
0,3.5263,0
0,3.5364,0
0,3.5465,0
0,3.5566,0
0,3.5666,0
0,3.5767,0
0,3.5868,0
0,3.5969,0
0,3.607,0
0,3.6171,0
0,3.6272,0
0,3.6372,0
0,3.6473,0
0,3.6574,0
0,3.6675,0
0,3.6775,0
0,3.6876,0
0,3.6977,0
0,3.7078,0
0,3.7179,0
0,3.728,0
0,3.738,0
0,3.7481,0
0,3.7582,0
0,3.7683,0
0,3.783,1
0,3.7931,1
0,3.8071,0
0,3.8207,0
0,3.8308,0
0,3.8409,0
0,3.8511,0
0,3.8613,0
0,3.872,0
0,3.8821,0
0,3.8922,0
0,3.9023,0
0,3.9124,0
0,3.9225,0
0,3.9326,0
0,3.9427,0
0,3.9527,0
0,3.9628,0
0,3.9729,0
0,3.983,0
0,3.9931,0
0,4.0031,0
0,4.0132,0
0,4.0233,0
0,4.0334,0
0,4.0435,0
0,4.0535,0
0,4.0636,0
0,4.0737,0
0,4.0838,0
0,4.0939,0
0,4.1039,0
0,4.114,0
0,4.1241,0
0,4.1343,0
0,4.1444,0
0,4.1545,0
0,4.1647,0
0,4.1749,0
0,4.185,0
0,4.1951,0
0,4.2068,0
0,4.217,0
0,4.2271,0
0,4.2408,0
0,4.2511,0
0,4.2612,0
0,4.272,0
0,4.2828,1
0,4.2968,1
0,4.3144,1
0,4.3275,1
0,4.3441,0
0,4.3618,0
0,4.3771,0
0,4.4009,0
0,4.4119,0
0,4.4221,0
0,4.4323,0
0,4.4424,0
0,4.4525,0
0,4.4629,0
0,4.4771,0
0,4.488,0
0,4.4981,0
0,4.5082,0
0,4.5183,0
0,4.5293,0
0,4.5408,0
0,4.5555,0
0,4.5675,0
0,4.5781,0
0,4.5889,0
0,4.5991,0
0,4.6092,0
0,4.6193,0
0,4.6318,0
0,4.6443,0
0,4.6544,0
0,4.6645,0
0,4.678,0
0,4.6881,0
0,4.6983,0
0,4.7085,0
0,4.7186,0
0,4.7288,0
0,4.7389,0
0,4.7491,0
0,4.7592,0
0,4.7693,0
0,4.7794,0
0,4.7934,1
0,4.8036,1
0,4.8136,1
0,4.8247,1
0,4.8372,0
0,4.8473,0
0,4.8574,0
0,4.8675,0
0,4.8776,0
0,4.8877,0
0,4.8978,0
0,4.9079,0
0,4.9191,0
0,4.9335,0
0,4.9523,0
0,4.9666,0
0,4.9821,0
0,4.9954,0
0,5.0055,0
0,5.0156,0
0,5.026,0
0,5.0361,0
0,5.0463,0
0,5.0564,0
0,5.0665,0
0,5.0766,0
0,5.0868,0
0,5.097,0
0,5.1071,0
0,5.1172,0
0,5.1273,0
0,5.1377,0
0,5.1479,0
0,5.158,0
0,5.1681,0
0,5.1782,0
0,5.1883,0
0,5.1984,0
0,5.2085,0
0,5.2187,0
0,5.2288,0
0,5.2389,0
0,5.249,0
0,5.2591,0
0,5.2692,0
0,5.2793,0
0,5.2894,0
0,5.3032,1
0,5.3193,1
0,5.3294,1
0,5.3443,1
0,5.3574,0
0,5.3683,0
0,5.3828,0
0,5.4042,0
0,5.4258,0
0,5.4361,0
0,5.4488,0
0,5.4589,0
0,5.469,0
0,5.4791,0
0,5.4893,0
0,5.4995,0
0,5.5095,0
0,5.5196,0
0,5.5297,0
0,5.5398,0
0,5.5499,0
0,5.56,0
0,5.5701,0
0,5.5802,0
0,5.5906,0
0,5.6031,0
0,5.6133,0
0,5.6234,0
0,5.6335,0
0,5.6436,0
0,5.6538,0
0,5.664,0
0,5.6757,0
0,5.6858,0
0,5.6959,0
0,5.706,0
0,5.7162,0
0,5.7263,0
0,5.7364,0
0,5.7465,0
0,5.7566,0
0,5.7668,0
0,5.7769,0
0,5.787,0
0,5.7972,0
0,5.8104,1
0,5.8313,1
0,5.8414,1
0,5.852,1
0,5.8621,0
0,5.8722,0
0,5.8823,0
0,5.8924,0
0,5.9025,0
0,5.9125,0
0,5.9226,0
0,5.9327,0
0,5.9428,0
0,5.9529,0
0,5.963,0
0,5.9732,0
0,5.9833,0
0,5.9934,0
0,6.0036,0
0,6.0137,0
0,6.0238,0
0,6.0341,0
0,6.0443,0
0,6.0545,0
0,6.0647,0
0,6.0748,0
0,6.0872,0
0,6.0973,0
0,6.1074,0
0,6.1175,0
0,6.1276,0
0,6.1378,0
0,6.1479,0
0,6.158,0
0,6.168,0
0,6.1781,0
0,6.1882,0
0,6.1983,0
0,6.2084,0
0,6.2185,0
0,6.2286,0
0,6.2387,0
0,6.2488,0
0,6.2589,0
0,6.269,0
0,6.2791,0
0,6.2892,0
0,6.2993,0
0,6.3094,1
0,6.3217,1
0,6.3318,1
0,6.3424,1
0,6.355,0
0,6.3674,0
0,6.383,0
0,6.3959,0
0,6.406,0
0,6.4161,0
0,6.4263,0
0,6.4383,0
0,6.4484,0
0,6.4586,0
0,6.4687,0
0,6.4788,0
0,6.4889,0
0,6.499,0
0,6.5091,0
0,6.5193,0
0,6.5294,0
0,6.5395,0
0,6.5496,0
0,6.5596,0
0,6.5697,0
0,6.5798,0
0,6.5899,0
0,6.6,0
0,6.6101,0
0,6.6202,0
0,6.6302,0
0,6.6403,0
0,6.6504,0
0,6.6605,0
0,6.6705,0
0,6.6806,0
0,6.6907,0
0,6.7008,0
0,6.7109,0
0,6.7209,0
0,6.731,0
0,6.7411,0
0,6.7512,0
0,6.7612,0
0,6.7713,0
0,6.7814,0
0,6.7915,0
0,6.8016,0
0,6.8117,1
0,6.8218,1
0,6.8321,1
0,6.8425,1
0,6.8544,1
0,6.8654,0
0,6.8755,0
0,6.8856,0
0,6.8965,0
0,6.9066,0
0,6.9168,0
0,6.9271,0
0,6.9372,0
0,6.9473,0
0,6.9574,0
0,6.9675,0
0,6.9775,0
0,6.9876,0
0,6.9977,0
0,7.0078,0
0,7.0179,0
0,7.0279,0
0,7.038,0
0,7.0481,0
0,7.0582,0
0,7.0683,0
0,7.0784,0
0,7.0885,0
0,7.0985,0
0,7.1086,0
0,7.1189,0
0,7.129,0
0,7.1391,0
0,7.1491,0
0,7.1592,0
0,7.1693,0
0,7.1794,0
0,7.1894,0
0,7.1995,0
0,7.2096,0
0,7.2197,0
0,7.2298,0
0,7.2399,0
0,7.2499,0
0,7.26,0
0,7.2702,0
0,7.2802,0
0,7.2903,0
0,7.3004,0
0,7.3105,0
0,7.3211,1
0,7.3312,1
0,7.3413,1
0,7.3525,0
0,7.3626,0
0,7.3727,0
0,7.3828,0
0,7.3929,0
0,7.4031,0
0,7.4132,0
0,7.4233,0
0,7.4334,0
0,7.4435,0
0,7.4536,0
0,7.4637,0
0,7.4738,0
0,7.4839,0
0,7.4939,0
0,7.504,0
0,7.5141,0
0,7.5242,0
0,7.5343,0
0,7.5443,0
0,7.5544,0
0,7.5645,0
0,7.5746,0
0,7.5847,0
0,7.5947,0
0,7.6048,0
0,7.6149,0
0,7.625,0
0,7.6351,0
0,7.6451,0
0,7.6552,0
0,7.6653,0
0,7.6754,0
0,7.6855,0
0,7.6955,0
0,7.7056,0
0,7.7157,0
0,7.7258,0
0,7.7359,0
0,7.7459,0
0,7.756,0
0,7.7661,0
0,7.7762,0
0,7.7863,0
0,7.7964,0
0,7.8064,0
0,7.817,0
0,7.8275,1
0,7.8395,1
0,7.8524,0
0,7.8625,0
0,7.875,0
0,7.8851,0
0,7.8979,0
0,7.9086,0
0,7.9188,0
0,7.9289,0
0,7.939,0
0,7.9491,0
0,7.9592,0
0,7.9692,0
0,7.9793,0
0,7.9894,0
0,7.9995,0
0,8.0096,0
0,8.0196,0
0,8.0297,0
0,8.0398,0
0,8.0499,0
0,8.06,0
0,8.07,0
0,8.0801,0
0,8.0904,0
0,8.1005,0
0,8.1106,0
0,8.1207,0
0,8.1307,0
0,8.1408,0
0,8.1509,0
0,8.161,0
0,8.1711,0
0,8.1811,0
0,8.1912,0
0,8.2013,0
0,8.2114,0
0,8.2214,0
0,8.2315,0
0,8.2416,0
0,8.2517,0
0,8.2618,0
0,8.2718,0
0,8.282,0
0,8.292,0
0,8.3021,0
0,8.3122,0
0,8.3223,1
0,8.3326,1
0,8.3436,1
0,8.3546,0
0,8.3647,0
0,8.3748,0
0,8.3863,0
0,8.3964,0
0,8.4066,0
0,8.4167,0
0,8.4268,0
0,8.4373,0
0,8.4474,0
0,8.4575,0
0,8.4676,0
0,8.4777,0
0,8.4877,0
0,8.4978,0
0,8.5079,0
0,8.518,0
0,8.5281,0
0,8.5381,0
0,8.5482,0
0,8.5583,0
0,8.5684,0
0,8.5784,0
0,8.5885,0
0,8.5986,0
0,8.6087,0
0,8.6187,0
0,8.6288,0
0,8.6389,0
0,8.649,0
0,8.659,0
0,8.6691,0
0,8.6793,0
0,8.6894,0
0,8.6995,0
0,8.7095,0
0,8.7196,0
0,8.7297,0
0,8.7398,0
0,8.7499,0
0,8.7599,0
0,8.77,0
0,8.7801,0
0,8.7902,0
0,8.8002,0
0,8.8103,0
0,8.8205,0
0,8.8327,1
0,8.8436,1
0,8.8537,1
0,8.8678,0
0,8.8791,0
0,8.8892,0
0,8.8993,0
0,8.9123,0
0,8.9223,0
0,8.9324,0
0,8.9432,0
0,8.9533,0
0,8.9634,0
0,8.9735,0
0,8.9838,0
0,8.9939,0
0,9.004,0
0,9.014,0
0,9.0241,0
0,9.0342,0
0,9.0443,0
0,9.0544,0
0,9.0645,0
0,9.0745,0
0,9.0846,0
0,9.0947,0
0,9.1048,0
0,9.1148,0
0,9.1249,0
0,9.135,0
0,9.1451,0
0,9.1552,0
0,9.1652,0
0,9.1754,0
0,9.1854,0
0,9.1955,0
0,9.2056,0
0,9.2157,0
0,9.2257,0
0,9.2358,0
0,9.2459,0
0,9.256,0
0,9.2661,0
0,9.2761,0
0,9.2862,0
0,9.2963,0
0,9.3064,0
0,9.3165,0
0,9.3266,0
0,9.3391,1
0,9.3492,1
0,9.3596,1
0,9.3878,0
0,9.3992,0
0,9.4191,0
0,9.4352,0
0,9.4455,0
0,9.4566,0
0,9.4667,0
0,9.4769,0
0,9.487,0
0,9.4971,0
0,9.5072,0
0,9.5175,0
0,9.5276,0
0,9.5377,0
0,9.5478,0
0,9.5579,0
0,9.5679,0
0,9.578,0
0,9.5881,0
0,9.5982,0
0,9.6083,0
0,9.6184,0
0,9.6284,0
0,9.6385,0
0,9.6486,0
0,9.6587,0
0,9.6688,0
0,9.6788,0
0,9.6889,0
0,9.699,0
0,9.7091,0
0,9.7192,0
0,9.7292,0
0,9.7393,0
0,9.7494,0
0,9.7595,0
0,9.7696,0
0,9.7796,0
0,9.7899,0
0,9.8,0
0,9.8101,0
0,9.8202,0
0,9.8302,0
0,9.8406,1
0,9.8507,1
0,9.8608,1
0,9.8724,0
0,9.8825,0
0,9.893,0
0,9.9039,0
0,9.914,0
0,9.9272,0
0,9.9374,0
0,9.9475,0
0,9.9576,0
0,9.9678,0
0,9.9779,0
0,9.988,0
0,9.9981,0
0,10.0081,0
0,10.0182,0
0,10.0283,0
0,10.0384,0
0,10.0485,0
0,10.0585,0
0,10.0686,0
0,10.0787,0
0,10.0888,0
0,10.0993,0
0,10.1094,0
0,10.1195,0
0,10.1296,0
0,10.1397,0
0,10.1498,0
0,10.1598,0
0,10.1699,0
0,10.18,0
0,10.1901,0
0,10.2002,0
0,10.2103,0
0,10.2203,0
0,10.2304,0
0,10.2405,0
0,10.2506,0
0,10.2607,0
0,10.2707,0
0,10.2808,0
0,10.2909,0
0,10.301,0
0,10.3111,0
0,10.3212,0
0,10.3313,0
0,10.3414,1
0,10.3536,1
0,10.3637,1
0,10.3738,0
0,10.3839,0
0,10.394,0
0,10.4041,0
0,10.4142,0
0,10.4243,0
0,10.436,0
0,10.4461,0
0,10.4564,0
0,10.4665,0
0,10.4767,0
0,10.4868,0
0,10.4969,0
0,10.507,0
0,10.5171,0
0,10.5271,0
0,10.5372,0
0,10.5473,0
0,10.5574,0
0,10.5675,0
0,10.5775,0
0,10.5876,0
0,10.5977,0
0,10.6078,0
0,10.6179,0
0,10.6279,0
0,10.638,0
0,10.6481,0
0,10.6582,0
0,10.6683,0
0,10.6783,0
0,10.6885,0
0,10.6985,0
0,10.7086,0
0,10.7193,0
0,10.7293,0
0,10.7394,0
0,10.7495,0
0,10.7596,0
0,10.7697,0
0,10.7797,0
0,10.7898,0
0,10.7999,0
0,10.81,0
0,10.8201,0
0,10.8302,0
0,10.8431,1
0,10.8532,1
0,10.8643,1
0,10.8791,1
0,10.8892,0
0,10.8993,0
0,10.9094,0
0,10.9195,0
0,10.9296,0
0,10.9404,0
0,10.9506,0
0,10.9608,0
0,10.9709,0
0,10.981,0
0,10.9911,0
0,11.0011,0
0,11.0112,0
0,11.0213,0
0,11.0314,0
0,11.0415,0
0,11.0515,0
0,11.0616,0
0,11.0717,0
0,11.0818,0
0,11.0919,0
0,11.1024,0
0,11.1125,0
0,11.1226,0
0,11.1327,0
0,11.1427,0
0,11.1528,0
0,11.1629,0
0,11.173,0
0,11.1831,0
0,11.1931,0
0,11.2032,0
0,11.2133,0
0,11.2234,0
0,11.2335,0
0,11.2435,0
0,11.2536,0
0,11.2637,0
0,11.2738,0
0,11.2839,0
0,11.2939,0
0,11.304,0
0,11.3141,0
0,11.3242,0
0,11.3343,0
0,11.3445,1
0,11.3545,1
0,11.3646,1
0,11.3784,0
0,11.3885,0
0,11.3986,0
0,11.4087,0
0,11.4188,0
0,11.429,0
0,11.4391,0
0,11.4493,0
0,11.4594,0
0,11.4695,0
0,11.4796,0
0,11.4897,0
0,11.4998,0
0,11.5099,0
0,11.5199,0
0,11.53,0
0,11.5401,0
0,11.5502,0
0,11.5603,0
0,11.5703,0
0,11.5804,0
0,11.5905,0
0,11.6006,0
0,11.6107,0
0,11.6207,0
0,11.6308,0
0,11.6409,0
0,11.651,0
0,11.661,0
0,11.6711,0
0,11.6812,0
0,11.6913,0
0,11.7014,0
0,11.7115,0
0,11.7216,0
0,11.7316,0
0,11.7417,0
0,11.7518,0
0,11.7619,0
0,11.7719,0
0,11.782,0
0,11.7921,0
0,11.8022,0
0,11.8123,0
0,11.8223,0
0,11.8324,0
0,11.8425,0
0,11.8534,1
0,11.8647,1
0,11.8786,1
0,11.8919,0
0,11.902,0
0,11.9122,0
0,11.9232,0
0,11.9354,0
0,11.9455,0
0,11.9577,0
0,11.9678,0
0,11.978,0
0,11.9881,0
0,11.9981,0
0,12.0082,0
0,12.0183,0
0,12.0284,0
0,12.0385,0
0,12.0485,0
0,12.0586,0
0,12.0687,0
0,12.0788,0
0,12.0889,0
0,12.0989,0
0,12.109,0
0,12.1191,0
0,12.1292,0
0,12.1393,0
0,12.1494,0
0,12.1594,0
0,12.1695,0
0,12.1796,0
0,12.1897,0
0,12.1998,0
0,12.2098,0
0,12.2199,0
0,12.23,0
0,12.2401,0
0,12.2502,0
0,12.2602,0
0,12.2703,0
0,12.2804,0
0,12.2905,0
0,12.3006,0
0,12.3107,0
0,12.3208,0
0,12.3308,0
0,12.341,0
0,12.3528,1
0,12.363,1
0,12.3731,1
0,12.3846,1
0,12.3947,0
0,12.4049,0
0,12.4152,0
0,12.4253,0
0,12.4354,0
0,12.4474,0
0,12.4575,0
0,12.4676,0
0,12.4777,0
0,12.4878,0
0,12.4979,0
0,12.508,0
0,12.5181,0
0,12.5282,0
0,12.5382,0
0,12.5483,0
0,12.5584,0
0,12.5685,0
0,12.5786,0
0,12.5886,0
0,12.5987,0
0,12.6088,0
0,12.6189,0
0,12.6289,0
0,12.639,0
0,12.6491,0
0,12.6592,0
0,12.6693,0
0,12.6793,0
0,12.6894,0
0,12.6995,0
0,12.7096,0
0,12.7197,0
0,12.7298,0
0,12.7398,0
0,12.7499,0
0,12.76,0
0,12.7701,0
0,12.7802,0
0,12.7902,0
0,12.8003,0
0,12.8104,0
0,12.8205,0
0,12.8306,0
0,12.8407,0
0,12.8507,0
0,12.8615,1
0,12.872,1
0,12.8821,1
0,12.8956,0
0,12.9059,0
0,12.919,0
0,12.929,0
0,12.9403,0
0,12.9504,0
0,12.9606,0
0,12.9707,0
0,12.9808,0
0,12.9909,0
0,13.001,0
0,13.0111,0
0,13.0212,0
0,13.0313,0
0,13.0413,0
0,13.0514,0
0,13.0615,0
0,13.0716,0
0,13.0817,0
0,13.0917,0
0,13.1018,0
0,13.1119,0
0,13.122,0
0,13.1321,0
0,13.1422,0
0,13.1523,0
0,13.1623,0
0,13.1724,0
0,13.1825,0
0,13.1926,0
0,13.2027,0
0,13.2127,0
0,13.2228,0
0,13.2329,0
0,13.2429,0
0,13.253,0
0,13.2631,0
0,13.2732,0
0,13.2833,0
0,13.2933,0
0,13.3034,0
0,13.3135,0
0,13.3236,0
0,13.3337,0
0,13.3437,0
0,13.3538,0
0,13.3673,1
0,13.3775,1
0,13.3895,1
0,13.3997,0
0,13.4098,0
0,13.4199,0
0,13.43,0
0,13.4401,0
0,13.4502,0
0,13.4605,0
0,13.4707,0
0,13.4824,0
0,13.4925,0
0,13.5026,0
0,13.5127,0
0,13.5228,0
0,13.5329,0
0,13.543,0
0,13.5531,0
0,13.5631,0
0,13.5732,0
0,13.5833,0
0,13.5934,0
0,13.6035,0
0,13.6135,0
0,13.6236,0
0,13.6337,0
0,13.6438,0
0,13.6539,0
0,13.6639,0
0,13.674,0
0,13.6841,0
0,13.6942,0
0,13.7043,0
0,13.7144,0
0,13.7245,0
0,13.7345,0
0,13.7446,0
0,13.7547,0
0,13.7648,0
0,13.7749,0
0,13.7849,0
0,13.795,0
0,13.8051,0
0,13.8152,0
0,13.8253,0
0,13.8353,0
0,13.8454,0
0,13.8555,0
0,13.8656,1
0,13.8758,1
0,13.8859,1
0,13.896,0
0,13.9061,0
0,13.9162,0
0,13.9263,0
0,13.9366,0
0,13.9467,0
0,13.957,0
0,13.9671,0
0,13.9772,0
0,13.9873,0
0,13.9974,0
0,14.0075,0
0,14.0176,0
0,14.0276,0
0,14.0377,0
0,14.0478,0
0,14.0579,0
0,14.068,0
0,14.0781,0
0,14.0882,0
0,14.0983,0
0,14.1084,0
0,14.1185,0
0,14.1286,0
0,14.1387,0
0,14.1488,0
0,14.1589,0
0,14.169,0
0,14.1791,0
0,14.1892,0
0,14.1993,0
0,14.2094,0
0,14.2195,0
0,14.2296,0
0,14.2397,0
0,14.2498,0
0,14.2599,0
0,14.27,0
0,14.2801,0
0,14.2902,0
0,14.3003,0
0,14.3104,0
0,14.3205,0
0,14.3306,0
0,14.3407,0
0,14.3508,0
0,14.361,0
0,14.3751,1
0,14.3853,1
0,14.3977,1
0,14.4166,1
0,14.4278,1
0,14.4421,0
0,14.4522,0
0,14.4623,0
0,14.4724,0
0,14.4825,0
0,14.4926,0
0,14.503,0
0,14.5131,0
0,14.525,0
0,14.5351,0
0,14.5453,0
0,14.5554,0
0,14.5655,0
0,14.5756,0
0,14.5857,0
0,14.5957,0
0,14.6058,0
0,14.6159,0
0,14.626,0
0,14.636,0
0,14.6461,0
0,14.6562,0
0,14.6663,0
0,14.6764,0
0,14.6864,0
0,14.6965,0
0,14.7066,0
0,14.7185,0
0,14.7286,0
0,14.7387,0
0,14.7488,0
0,14.7588,0
0,14.7689,0
0,14.779,0
0,14.7891,0
0,14.7991,0
0,14.8092,0
0,14.8193,0
0,14.8294,0
0,14.8395,0
0,14.8495,0
0,14.8596,0
0,14.8702,0
0,14.883,1
0,14.8931,1
0,14.9064,0
0,14.9231,0
0,14.9334,0
0,14.9435,0
0,14.9569,0
0,14.9675,0
0,14.9776,0
0,14.9878,0
0,14.9979,0
0,15.008,0
0,15.0181,0
0,15.0282,0
0,15.0383,0
0,15.0484,0
0,15.0585,0
0,15.0686,0
0,15.0786,0
0,15.0887,0
0,15.0988,0
0,15.1089,0
0,15.119,0
0,15.129,0
0,15.1391,0
0,15.1492,0
0,15.1593,0
0,15.1693,0
0,15.1794,0
0,15.1895,0
0,15.1996,0
0,15.2097,0
0,15.2199,0
0,15.23,0
0,15.2401,0
0,15.2501,0
0,15.2602,0
0,15.2703,0
0,15.2804,0
0,15.2904,0
0,15.3005,0
0,15.3106,0
0,15.3207,0
0,15.3307,0
0,15.3408,0
0,15.3509,0
0,15.361,0
0,15.3711,0
0,15.3812,1
0,15.3956,1
0,15.4057,0
0,15.4158,0
0,15.4259,0
0,15.436,0
0,15.4461,0
0,15.4562,0
0,15.4723,0
0,15.4825,0
0,15.4926,0
0,15.5027,0
0,15.5128,0
0,15.5229,0
0,15.5331,0
0,15.5435,0
0,15.5536,0
0,15.5636,0
0,15.5737,0
0,15.5838,0
0,15.5939,0
0,15.604,0
0,15.614,0
0,15.6241,0
0,15.6342,0
0,15.6443,0
0,15.6544,0
0,15.6644,0
0,15.6745,0
0,15.6846,0
0,15.6947,0
0,15.7048,0
0,15.7148,0
0,15.7249,0
0,15.735,0
0,15.7451,0
0,15.7552,0
0,15.7653,0
0,15.7753,0
0,15.7854,0
0,15.7955,0
0,15.8056,0
0,15.8156,0
0,15.8257,0
0,15.8358,0
0,15.8459,0
0,15.856,0
0,15.8661,0
0,15.8762,0
0,15.8875,1
0,15.8976,1
0,15.9077,1
0,15.9178,1
0,15.9279,0
0,15.9381,0
0,15.9482,0
0,15.9583,0
0,15.9685,0
0,15.9786,0
0,15.9887,0
0,15.9988,0
0,16.009,0
0,16.0191,0
0,16.0292,0
0,16.0393,0
0,16.0493,0
0,16.0594,0
0,16.0695,0
0,16.0796,0
0,16.0896,0
0,16.0997,0
0,16.1098,0
0,16.1199,0
0,16.13,0
0,16.1401,0
0,16.1502,0
0,16.1602,0
0,16.1703,0
0,16.1804,0
0,16.1905,0
0,16.2006,0
0,16.2107,0
0,16.2207,0
0,16.2308,0
0,16.2409,0
0,16.251,0
0,16.2611,0
0,16.2711,0
0,16.2813,0
0,16.2913,0
0,16.3014,0
0,16.3115,0
0,16.3216,0
0,16.3317,0
0,16.3417,0
0,16.3518,0
0,16.3619,0
0,16.372,0
0,16.3821,0
0,16.3929,1
0,16.4031,1
0,16.4132,1
0,16.4244,0
0,16.4351,0
0,16.4452,0
0,16.4553,0
0,16.4654,0
0,16.4762,0
0,16.4882,0
0,16.4983,0
0,16.5088,0
0,16.5189,0
0,16.529,0
0,16.5391,0
0,16.5491,0
0,16.5592,0
0,16.5693,0
0,16.5794,0
0,16.5895,0
0,16.5995,0
0,16.6096,0
0,16.6197,0
0,16.6298,0
0,16.6398,0
0,16.6499,0
0,16.66,0
0,16.6701,0
0,16.6802,0
0,16.6903,0
0,16.7003,0
0,16.7104,0
0,16.7205,0
0,16.7306,0
0,16.7407,0
0,16.7508,0
0,16.7608,0
0,16.7709,0
0,16.781,0
0,16.7911,0
0,16.8012,0
0,16.8112,0
0,16.8213,0
0,16.8314,0
0,16.8415,0
0,16.8516,0
0,16.8616,0
0,16.8717,0
0,16.8818,0
0,16.8921,1
0,16.9028,1
0,16.9129,1
0,16.9231,0
0,16.9332,0
0,16.9433,0
0,16.9534,0
0,16.9641,0
0,16.9752,0
0,16.9853,0
0,16.9954,0
0,17.0055,0
0,17.0156,0
0,17.0257,0
0,17.0358,0
0,17.0459,0
0,17.056,0
0,17.0661,0
0,17.0761,0
0,17.0862,0
0,17.0963,0
0,17.1064,0
0,17.1164,0
0,17.1265,0
0,17.1366,0
0,17.1467,0
0,17.1568,0
0,17.1668,0
0,17.1769,0
0,17.187,0
0,17.1971,0
0,17.2072,0
0,17.2172,0
0,17.2273,0
0,17.2374,0
0,17.2475,0
0,17.2576,0
0,17.2677,0
0,17.2777,0
0,17.2878,0
0,17.2979,0
0,17.308,0
0,17.3181,0
0,17.3282,0
0,17.3382,0
0,17.3483,0
0,17.3584,0
0,17.3685,0
0,17.3786,0
0,17.3911,1
0,17.4012,1
0,17.4124,1
0,17.4225,0
0,17.4326,0
0,17.4427,0
0,17.4528,0
0,17.4629,0
0,17.473,0
0,17.4831,0
0,17.4933,0
0,17.5034,0
0,17.5137,0
0,17.5241,0
0,17.5342,0
0,17.5443,0
0,17.5543,0
0,17.5644,0
0,17.5745,0
0,17.5846,0
0,17.5946,0
0,17.6047,0
0,17.6148,0
0,17.6249,0
0,17.635,0
0,17.645,0
0,17.6551,0
0,17.6652,0
0,17.6753,0
0,17.6854,0
0,17.6954,0
0,17.7055,0
0,17.7156,0
0,17.7257,0
0,17.7358,0
0,17.7459,0
0,17.756,0
0,17.766,0
0,17.7761,0
0,17.7862,0
0,17.7963,0
0,17.8064,0
0,17.8164,0
0,17.8265,0
0,17.8366,0
0,17.8467,0
0,17.8568,0
0,17.8668,0
0,17.8769,0
0,17.887,0
0,17.8971,1
0,17.9081,1
0,17.9181,1
0,17.9282,1
0,17.9434,1
0,17.9537,0
0,17.9638,0
0,17.9739,0
0,17.9854,0
0,17.9955,0
0,18.0057,0
0,18.0158,0
0,18.0259,0
0,18.036,0
0,18.0461,0
0,18.0562,0
0,18.0663,0
0,18.0764,0
0,18.0864,0
0,18.0965,0
0,18.1066,0
0,18.1167,0
0,18.1268,0
0,18.1368,0
0,18.1469,0
0,18.157,0
0,18.1671,0
0,18.1772,0
0,18.1872,0
0,18.1973,0
0,18.2074,0
0,18.2175,0
0,18.2275,0
0,18.2376,0
0,18.2477,0
0,18.2578,0
0,18.2679,0
0,18.278,0
0,18.288,0
0,18.2981,0
0,18.3082,0
0,18.3183,0
0,18.3284,0
0,18.3385,0
0,18.3485,0
0,18.3586,0
0,18.3687,0
0,18.3788,0
0,18.3889,0
0,18.399,1
0,18.4106,1
0,18.4207,1
0,18.4321,0
0,18.4422,0
0,18.4525,0
0,18.4626,0
0,18.4728,0
0,18.483,0
0,18.4951,0
0,18.5052,0
0,18.5153,0
0,18.5254,0
0,18.5366,0
0,18.5467,0
0,18.5568,0
0,18.5669,0
0,18.5769,0
0,18.587,0
0,18.5971,0
0,18.6072,0
0,18.6173,0
0,18.6273,0
0,18.6374,0
0,18.6475,0
0,18.6576,0
0,18.6677,0
0,18.6777,0
0,18.6878,0
0,18.6979,0
0,18.708,0
0,18.718,0
0,18.7281,0
0,18.7382,0
0,18.7483,0
0,18.7584,0
0,18.7685,0
0,18.7785,0
0,18.7886,0
0,18.799,0
0,18.8091,0
0,18.8192,0
0,18.8293,0
0,18.8394,0
0,18.8494,0
0,18.8595,0
0,18.8696,0
0,18.8797,0
0,18.8898,0
0,18.9013,1
0,18.9146,1
0,18.9254,0
0,18.9354,0
0,18.9455,0
0,18.9556,0
0,18.9658,0
0,18.9759,0
0,18.986,0
0,18.9966,0
0,19.0068,0
0,19.0169,0
0,19.027,0
0,19.0371,0
0,19.0472,0
0,19.0573,0
0,19.0674,0
0,19.0775,0
0,19.0876,0
0,19.0976,0
0,19.1077,0
0,19.1178,0
0,19.1279,0
0,19.138,0
0,19.1481,0
0,19.1581,0
0,19.1682,0
0,19.1783,0
0,19.1884,0
0,19.1985,0
0,19.2085,0
0,19.2186,0
0,19.2287,0
0,19.2388,0
0,19.2489,0
0,19.259,0
0,19.269,0
0,19.2791,0
0,19.2892,0
0,19.2993,0
0,19.3093,0
0,19.3194,0
0,19.3295,0
0,19.3396,0
0,19.3497,0
0,19.3598,0
0,19.3699,0
0,19.38,0
0,19.3911,0
0,19.4021,1
0,19.4123,1
0,19.4224,1
0,19.4325,1
0,19.4451,0
0,19.4552,0
0,19.4653,0
0,19.4754,0
0,19.4864,0
0,19.4965,0
0,19.5066,0
0,19.5168,0
0,19.5269,0
0,19.537,0
0,19.5471,0
0,19.5573,0
0,19.5684,0
0,19.5785,0
0,19.5886,0
0,19.5987,0
0,19.6088,0
0,19.6188,0
0,19.6289,0
0,19.639,0
0,19.649,0
0,19.6591,0
0,19.6692,0
0,19.6793,0
0,19.6894,0
0,19.6994,0
0,19.7095,0
0,19.7197,0
0,19.7298,0
0,19.7399,0
0,19.7501,0
0,19.7601,0
0,19.7702,0
0,19.7803,0
0,19.7904,0
0,19.8005,0
0,19.8105,0
0,19.8206,0
0,19.8307,0
0,19.8408,0
0,19.8508,0
0,19.8609,0
0,19.871,0
0,19.8811,0
0,19.8912,0
0,19.9013,0
0,19.9114,1
0,19.9216,1
0,19.9317,1
0,19.9437,0
0,19.9538,0
0,19.9639,0
0,19.974,0
0,19.9841,0
0,19.9942,0
0,20.0045,0
0,20.0147,0
0,20.0249,0
0,20.035,0
0,20.0451,0
0,20.0552,0
0,20.0653,0
0,20.0754,0
0,20.0855,0
0,20.0955,0
0,20.1056,0
0,20.1157,0
0,20.1258,0
0,20.1359,0
0,20.1465,0
0,20.1566,0
0,20.1667,0
0,20.1768,0
0,20.1868,0
0,20.1969,0
0,20.207,0
0,20.2171,0
0,20.2272,0
0,20.2372,0
0,20.2473,0
0,20.2574,0
0,20.2675,0
0,20.2776,0
0,20.2876,0
0,20.2977,0
0,20.3078,0
0,20.318,0
0,20.328,0
0,20.3381,0
0,20.3482,0
0,20.3583,0
0,20.3684,0
0,20.3784,0
0,20.3885,0
0,20.3986,0
0,20.4088,0
0,20.4205,1
0,20.4318,1
0,20.4448,1
0,20.4568,0
0,20.4683,0
0,20.4784,0
0,20.4885,0
0,20.4986,0
0,20.5088,0
0,20.5189,0
0,20.5291,0
0,20.5411,0
0,20.5512,0
0,20.5613,0
0,20.5714,0
0,20.5822,0
0,20.5923,0
0,20.6024,0
0,20.6125,0
0,20.6226,0
0,20.6327,0
0,20.6428,0
0,20.6528,0
0,20.6629,0
0,20.673,0
0,20.6831,0
0,20.6932,0
0,20.7032,0
0,20.7133,0
0,20.7234,0
0,20.7335,0
0,20.7436,0
0,20.7537,0
0,20.7637,0
0,20.7738,0
0,20.7839,0
0,20.794,0
0,20.8041,0
0,20.8141,0
0,20.8242,0
0,20.8343,0
0,20.8444,0
0,20.8545,0
0,20.8645,0
0,20.8746,0
0,20.8847,0
0,20.8948,0
0,20.9049,0
0,20.9151,0
0,20.9262,1
0,20.9367,1
0,20.9475,1
0,20.9588,0
0,20.9689,0
0,20.9789,0
0,20.9891,0
0,20.9993,0
0,21.0119,0
0,21.022,0
0,21.0321,0
0,21.0423,0
0,21.0523,0
0,21.0624,0
0,21.0725,0
0,21.0826,0
0,21.0927,0
0,21.1028,0
0,21.1129,0
0,21.1229,0
0,21.133,0
0,21.1431,0
0,21.1535,0
0,21.1636,0
0,21.1737,0
0,21.1838,0
0,21.1938,0
0,21.2039,0
0,21.214,0
0,21.2241,0
0,21.2341,0
0,21.2442,0
0,21.2543,0
0,21.2644,0
0,21.2745,0
0,21.2846,0
0,21.2946,0
0,21.3047,0
0,21.3148,0
0,21.3249,0
0,21.335,0
0,21.345,0
0,21.3551,0
0,21.3652,0
0,21.3753,0
0,21.3854,0
0,21.3954,0
0,21.4055,0
0,21.4156,0
0,21.4257,1
0,21.4363,1
0,21.4464,1
0,21.4565,0
0,21.4675,0
0,21.4776,0
0,21.4877,0
0,21.4978,0
0,21.5088,0
0,21.5208,0
0,21.531,0
0,21.5411,0
0,21.5512,0
0,21.5613,0
0,21.5714,0
0,21.5815,0
0,21.5916,0
0,21.6017,0
0,21.6118,0
0,21.6219,0
0,21.632,0
0,21.6421,0
0,21.6522,0
0,21.6622,0
0,21.6723,0
0,21.6824,0
0,21.6925,0
0,21.7026,0
0,21.7126,0
0,21.7227,0
0,21.7328,0
0,21.7429,0
0,21.7529,0
0,21.763,0
0,21.7731,0
0,21.7832,0
0,21.7933,0
0,21.8034,0
0,21.8134,0
0,21.8235,0
0,21.8336,0
0,21.8437,0
0,21.8537,0
0,21.8638,0
0,21.8739,0
0,21.884,0
0,21.8941,0
0,21.9041,0
0,21.9142,0
0,21.9243,0
0,21.9351,1
0,21.9468,1
0,21.9604,0
0,21.9706,0
0,21.9807,0
0,21.9908,0
0,22.0009,0
0,22.0111,0
0,22.0225,0
0,22.0327,0
0,22.0428,0
0,22.0529,0
0,22.063,0
0,22.0731,0
0,22.0832,0
0,22.0933,0
0,22.1033,0
0,22.1134,0
0,22.1235,0
0,22.1336,0
0,22.1437,0
0,22.1538,0
0,22.1638,0
0,22.1739,0
0,22.184,0
0,22.1941,0
0,22.2041,0
0,22.2142,0
0,22.2243,0
0,22.2344,0
0,22.2445,0
0,22.2545,0
0,22.2646,0
0,22.2747,0
0,22.2848,0
0,22.2949,0
0,22.3049,0
0,22.315,0
0,22.3251,0
0,22.3352,0
0,22.3453,0
0,22.3554,0
0,22.3654,0
0,22.3755,0
0,22.3856,0
0,22.3957,0
0,22.4058,0
0,22.4158,0
0,22.4259,0
0,22.439,1
0,22.4526,1
0,22.4629,0
0,22.473,0
0,22.4845,0
0,22.498,0
0,22.5082,0
0,22.5201,0
0,22.5302,0
0,22.5403,0
0,22.5504,0
0,22.5605,0
0,22.5706,0
0,22.5807,0
0,22.5908,0
0,22.6009,0
0,22.611,0
0,22.6213,0
0,22.6314,0
0,22.6414,0
0,22.6515,0
0,22.6616,0
0,22.6717,0
0,22.6818,0
0,22.6918,0
0,22.7019,0
0,22.712,0
0,22.7221,0
0,22.7322,0
0,22.7423,0
0,22.7524,0
0,22.7624,0
0,22.7725,0
0,22.7826,0
0,22.7927,0
0,22.8028,0
0,22.8129,0
0,22.8229,0
0,22.833,0
0,22.8431,0
0,22.8532,0
0,22.8633,0
0,22.8733,0
0,22.8834,0
0,22.8935,0
0,22.9036,0
0,22.9137,0
0,22.9238,0
0,22.935,1
0,22.9461,1
0,22.9562,1
0,22.9693,0
0,22.9835,0
0,22.9936,0
0,23.0037,0
0,23.0138,0
0,23.0246,0
0,23.0347,0
0,23.0448,0
0,23.0549,0
0,23.065,0
0,23.0751,0
0,23.0852,0
0,23.0953,0
0,23.1054,0
0,23.1154,0
0,23.1255,0
0,23.1356,0
0,23.1457,0
0,23.1558,0
0,23.1658,0
0,23.1759,0
0,23.186,0
0,23.1961,0
0,23.2061,0
0,23.2162,0
0,23.2263,0
0,23.2364,0
0,23.2465,0
0,23.2565,0
0,23.2666,0
0,23.2767,0
0,23.2868,0
0,23.2969,0
0,23.307,0
0,23.317,0
0,23.3271,0
0,23.3372,0
0,23.3473,0
0,23.3574,0
0,23.3675,0
0,23.3775,0
0,23.3876,0
0,23.3977,0
0,23.4078,0
0,23.4179,0
0,23.4279,0
0,23.438,1
0,23.4499,1
0,23.4622,1
0,23.4723,0
0,23.4824,0
0,23.4934,0
0,23.5035,0
0,23.5137,0
0,23.5237,0
0,23.5353,0
0,23.5454,0
0,23.5571,0
0,23.5672,0
0,23.5772,0
0,23.5873,0
0,23.5974,0
0,23.6075,0
0,23.6176,0
0,23.6277,0
0,23.6378,0
0,23.6479,0
0,23.6579,0
0,23.668,0
0,23.6781,0
0,23.6882,0
0,23.6983,0
0,23.7083,0
0,23.7184,0
0,23.7285,0
0,23.7386,0
0,23.7487,0
0,23.7587,0
0,23.7688,0
0,23.7789,0
0,23.789,0
0,23.7991,0
0,23.8092,0
0,23.8193,0
0,23.8293,0
0,23.8394,0
0,23.8495,0
0,23.8596,0
0,23.8697,0
0,23.8798,0
0,23.8898,0
0,23.8999,0
0,23.91,0
0,23.9201,0
0,23.9302,0
0,23.9403,1
0,23.9504,1
0,23.9605,1
0,23.9709,1
0,23.981,0
0,23.9911,0
0,24.0012,0
0,24.0113,0
0,24.0231,0
0,24.0332,0
0,24.0433,0
0,24.0535,0
0,24.0635,0
0,24.0737,0
0,24.0838,0
0,24.0938,0
0,24.1039,0
0,24.114,0
0,24.1241,0
0,24.1342,0
0,24.1442,0
0,24.1543,0
0,24.1644,0
0,24.1745,0
0,24.1846,0
0,24.1946,0
0,24.2047,0
0,24.2148,0
0,24.2249,0
0,24.235,0
0,24.245,0
0,24.2551,0
0,24.2652,0
0,24.2753,0
0,24.2853,0
0,24.2954,0
0,24.3055,0
0,24.3156,0
0,24.3257,0
0,24.3358,0
0,24.3459,0
0,24.356,0
0,24.3661,0
0,24.3762,0
0,24.3863,0
0,24.3965,0
0,24.4066,0
0,24.4166,0
0,24.4267,0
0,24.4368,0
0,24.4469,1
0,24.4588,1
0,24.469,1
0,24.479,0
0,24.4891,0
0,24.4995,0
0,24.5096,0
0,24.5196,0
0,24.5321,0
0,24.5424,0
0,24.5525,0
0,24.5626,0
0,24.5727,0
0,24.5828,0
0,24.5929,0
0,24.6031,0
0,24.6132,0
0,24.6233,0
0,24.6334,0
0,24.6435,0
0,24.6536,0
0,24.6637,0
0,24.6738,0
0,24.6839,0
0,24.6939,0
0,24.704,0
0,24.7141,0
0,24.7242,0
0,24.7343,0
0,24.7443,0
0,24.7544,0
0,24.7645,0
0,24.7746,0
0,24.7847,0
0,24.7948,0
0,24.8049,0
0,24.8149,0
0,24.825,0
0,24.8351,0
0,24.8452,0
0,24.8552,0
0,24.8653,0
0,24.8754,0
0,24.8855,0
0,24.8956,0
0,24.9057,0
0,24.9157,0
0,24.9258,0
0,24.9359,0
0,24.951,1
0,24.9611,1
0,24.9718,1
0,24.9872,0
0,24.9973,0
0,25.0074,0
0,25.0175,0
0,25.0276,0
0,25.0377,0
0,25.0479,0
0,25.058,0
0,25.0681,0
0,25.0782,0
0,25.0883,0
0,25.0984,0
0,25.1085,0
0,25.1188,0
0,25.1288,0
0,25.1389,0
0,25.149,0
0,25.1591,0
0,25.1692,0
0,25.1793,0
0,25.1893,0
0,25.1994,0
0,25.2095,0
0,25.2196,0
0,25.2296,0
0,25.2397,0
0,25.2498,0
0,25.2599,0
0,25.27,0
0,25.28,0
0,25.2901,0
0,25.3002,0
0,25.3103,0
0,25.3203,0
0,25.3304,0
0,25.3405,0
0,25.3506,0
0,25.3607,0
0,25.3707,0
0,25.3808,0
0,25.3909,0
0,25.401,0
0,25.411,0
0,25.4212,0
0,25.4312,0
0,25.4413,0
0,25.4547,1
0,25.4691,1
0,25.4792,1
0,25.4909,0
0,25.5031,0
0,25.5147,0
0,25.5248,0
0,25.5351,0
0,25.5452,0
0,25.5553,0
0,25.5654,0
0,25.5755,0
0,25.5856,0
0,25.5957,0
0,25.6058,0
0,25.6158,0
0,25.6259,0
0,25.636,0
0,25.6461,0
0,25.6561,0
0,25.6662,0
0,25.6764,0
0,25.6864,0
0,25.6965,0
0,25.7066,0
0,25.7167,0
0,25.7268,0
0,25.7369,0
0,25.7469,0
0,25.757,0
0,25.7671,0
0,25.7772,0
0,25.7873,0
0,25.7973,0
0,25.8074,0
0,25.8175,0
0,25.8276,0
0,25.8377,0
0,25.8478,0
0,25.8578,0
0,25.8679,0
0,25.878,0
0,25.8881,0
0,25.8982,0
0,25.9082,0
0,25.9183,0
0,25.9284,0
0,25.9385,0
0,25.9486,0
0,25.9587,1
0,25.9748,1
0,25.9896,1
0,26.0016,0
0,26.0125,0
0,26.0226,0
0,26.0328,0
0,26.0443,0
0,26.0544,0
0,26.0646,0
0,26.0747,0
0,26.0847,0
0,26.0948,0
0,26.1049,0
0,26.115,0
0,26.1251,0
0,26.1352,0
0,26.1452,0
0,26.1553,0
0,26.1654,0
0,26.176,0
0,26.1861,0
0,26.1962,0
0,26.2062,0
0,26.2163,0
0,26.2264,0
0,26.2365,0
0,26.2466,0
0,26.2566,0
0,26.2667,0
0,26.2768,0
0,26.2869,0
0,26.297,0
0,26.307,0
0,26.3171,0
0,26.3272,0
0,26.3373,0
0,26.3473,0
0,26.3574,0
0,26.3675,0
0,26.3776,0
0,26.3877,0
0,26.3978,0
0,26.4078,0
0,26.4179,0
0,26.428,0
0,26.4381,0
0,26.4482,0
0,26.4583,1
0,26.4684,1
0,26.4785,1
0,26.489,1
0,26.5015,0
0,26.5116,0
0,26.5219,0
0,26.5319,0
0,26.5431,0
0,26.5533,0
0,26.5635,0
0,26.5737,0
0,26.5838,0
0,26.5939,0
0,26.604,0
0,26.6141,0
0,26.6242,0
0,26.6342,0
0,26.6443,0
0,26.6544,0
0,26.6645,0
0,26.6746,0
0,26.6847,0
0,26.6948,0
0,26.7048,0
0,26.7149,0
0,26.725,0
0,26.7351,0
0,26.7452,0
0,26.7552,0
0,26.7653,0
0,26.7754,0
0,26.7855,0
0,26.7956,0
0,26.8056,0
0,26.8157,0
0,26.8258,0
0,26.8359,0
0,26.8459,0
0,26.856,0
0,26.8661,0
0,26.8762,0
0,26.8863,0
0,26.8964,0
0,26.9064,0
0,26.9165,0
0,26.9266,0
0,26.9367,0
0,26.9468,0
0,26.9596,1
0,26.9697,1
0,26.9798,1
0,26.9902,1
0,27.0003,0
0,27.0104,0
0,27.0205,0
0,27.0307,0
0,27.0418,0
0,27.052,0
0,27.0621,0
0,27.0725,0
0,27.0826,0
0,27.0927,0
0,27.1028,0
0,27.1129,0
0,27.123,0
0,27.1331,0
0,27.1431,0
0,27.1532,0
0,27.1633,0
0,27.1734,0
0,27.1835,0
0,27.1935,0
0,27.2036,0
0,27.2137,0
0,27.2238,0
0,27.2339,0
0,27.2439,0
0,27.254,0
0,27.2641,0
0,27.2742,0
0,27.2843,0
0,27.2944,0
0,27.3044,0
0,27.3145,0
0,27.3246,0
0,27.3347,0
0,27.3447,0
0,27.3548,0
0,27.3649,0
0,27.375,0
0,27.3851,0
0,27.3952,0
0,27.4052,0
0,27.4153,0
0,27.4254,0
0,27.4355,0
0,27.4456,0
0,27.4556,0
0,27.4663,1
0,27.4764,1
0,27.4865,1
0,27.4967,0
0,27.5067,0
0,27.5169,0
0,27.527,0
0,27.5371,0
0,27.5474,0
0,27.5575,0
0,27.5677,0
0,27.5778,0
0,27.588,0
0,27.5981,0
0,27.6081,0
0,27.6182,0
0,27.6283,0
0,27.6384,0
0,27.6485,0
0,27.6586,0
0,27.6686,0
0,27.6787,0
0,27.6888,0
0,27.6989,0
0,27.709,0
0,27.7191,0
0,27.7292,0
0,27.7393,0
0,27.7493,0
0,27.7594,0
0,27.7695,0
0,27.7796,0
0,27.7897,0
0,27.7998,0
0,27.8099,0
0,27.8199,0
0,27.83,0
0,27.8401,0
0,27.8502,0
0,27.8603,0
0,27.8703,0
0,27.8804,0
0,27.8905,0
0,27.9006,0
0,27.9107,0
0,27.9207,0
0,27.9308,0
0,27.9409,0
0,27.951,0
0,27.9611,0
0,27.9728,1
0,27.983,1
0,27.9934,1
0,28.0042,0
0,28.0143,0
0,28.0244,0
0,28.0351,0
0,28.0452,0
0,28.0553,0
0,28.0654,0
0,28.0779,0
0,28.088,0
0,28.0981,0
0,28.1082,0
0,28.1183,0
0,28.1283,0
0,28.1384,0
0,28.1485,0
0,28.1586,0
0,28.1687,0
0,28.1787,0
0,28.1888,0
0,28.1989,0
0,28.209,0
0,28.2191,0
0,28.2291,0
0,28.2392,0
0,28.2493,0
0,28.2594,0
0,28.2694,0
0,28.2795,0
0,28.2896,0
0,28.2997,0
0,28.3098,0
0,28.3198,0
0,28.3299,0
0,28.34,0
0,28.3501,0
0,28.3602,0
0,28.3702,0
0,28.3803,0
0,28.3904,0
0,28.4005,0
0,28.4106,0
0,28.4206,0
0,28.4307,0
0,28.4408,0
0,28.4509,0
0,28.461,0
0,28.475,1
0,28.4851,1
0,28.4953,1
0,28.5079,0
0,28.5181,0
0,28.5281,0
0,28.5384,0
0,28.5485,0
0,28.5586,0
0,28.5688,0
0,28.5789,0
0,28.5894,0
0,28.5995,0
0,28.6096,0
0,28.6197,0
0,28.6298,0
0,28.6399,0
0,28.65,0
0,28.6601,0
0,28.6701,0
0,28.6802,0
0,28.6903,0
0,28.7004,0
0,28.7105,0
0,28.7206,0
0,28.7307,0
0,28.7408,0
0,28.7509,0
0,28.761,0
0,28.771,0
0,28.7811,0
0,28.7912,0
0,28.8013,0
0,28.8114,0
0,28.8215,0
0,28.8316,0
0,28.8416,0
0,28.8517,0
0,28.8618,0
0,28.8719,0
0,28.882,0
0,28.892,0
0,28.9021,0
0,28.9122,0
0,28.9223,0
0,28.9324,0
0,28.9425,0
0,28.9525,0
0,28.9626,0
0,28.9751,1
0,28.9852,1
0,29.0009,1
0,29.0112,0
0,29.0214,0
0,29.0314,0
0,29.0425,0
0,29.0526,0
0,29.0628,0
0,29.0729,0
0,29.0831,0
0,29.0932,0
0,29.1034,0
0,29.1135,0
0,29.1236,0
0,29.1397,0
0,29.1498,0
0,29.161,0
0,29.1733,0
0,29.1834,0
0,29.1936,0
0,29.2091,0
0,29.2231,0
0,29.2332,0
0,29.2433,0
0,29.2535,0
0,29.2636,0
0,29.2737,0
0,29.2874,0
0,29.2975,0
0,29.3076,0
0,29.3177,0
0,29.328,0
0,29.3485,0
0,29.3633,0
0,29.3735,0
0,29.3836,0
0,29.3937,0
0,29.4038,0
0,29.4139,0
0,29.4241,0
0,29.4341,0
0,29.4442,0
0,29.4543,0
0,29.4644,0
0,29.4745,1
0,29.4846,1
0,29.4948,1
0,29.5054,0
0,29.5155,0
0,29.5256,0
0,29.5357,0
0,29.5458,0
0,29.5559,0
0,29.566,0
0,29.5761,0
0,29.5866,0
0,29.5967,0
0,29.6068,0
0,29.617,0
0,29.627,0
0,29.6371,0
0,29.6472,0
0,29.6573,0
0,29.6674,0
0,29.6775,0
0,29.6876,0
0,29.6977,0
0,29.7078,0
0,29.7179,0
0,29.7279,0
0,29.7381,0
0,29.7482,0
0,29.7583,0
0,29.7684,0
0,29.7785,0
0,29.7886,0
0,29.7987,0
0,29.8088,0
0,29.8188,0
0,29.8289,0
0,29.839,0
0,29.8491,0
0,29.8592,0
0,29.8693,0
0,29.8794,0
0,29.8895,0
0,29.8995,0
0,29.9096,0
0,29.9198,0
0,29.9299,0
0,29.94,0
0,29.95,0
0,29.9601,0
0,29.9702,0
0,29.9804,1
0,29.9909,1
0,30.0014,1
0,30.026,0
0,30.0411,0
0,30.0543,0
0,30.0644,0
0,30.0745,0
0,30.0847,0
0,30.0949,0
0,30.105,0
0,30.1152,0
0,30.1253,0
0,30.1354,0
0,30.1455,0
0,30.1556,0
0,30.1656,0
0,30.1757,0
0,30.1858,0
0,30.1959,0
0,30.2059,0
0,30.216,0
0,30.2261,0
0,30.2362,0
0,30.2463,0
0,30.2563,0
0,30.2664,0
0,30.2765,0
0,30.2866,0
0,30.2967,0
0,30.3067,0
0,30.3168,0
0,30.3269,0
0,30.337,0
0,30.3471,0
0,30.3571,0
0,30.3672,0
0,30.3773,0
0,30.3874,0
0,30.3974,0
0,30.4075,0
0,30.4176,0
0,30.4277,0
0,30.4378,0
0,30.4479,0
0,30.458,0
0,30.468,0
0,30.4781,0
0,30.4882,1
0,30.4983,1
0,30.5084,1
0,30.5204,0
0,30.5305,0
0,30.5407,0
0,30.5508,0
0,30.5631,0
0,30.5732,0
0,30.5833,0
0,30.5935,0
0,30.6036,0
0,30.6137,0
0,30.6238,0
0,30.6339,0
0,30.6439,0
0,30.654,0
0,30.6641,0
0,30.6742,0
0,30.6843,0
0,30.6944,0
0,30.7044,0
0,30.7145,0
0,30.7246,0
0,30.7347,0
0,30.7447,0
0,30.7548,0
0,30.765,0
0,30.775,0
0,30.7851,0
0,30.7952,0
0,30.8053,0
0,30.8154,0
0,30.8254,0
0,30.8355,0
0,30.8456,0
0,30.8557,0
0,30.8658,0
0,30.8759,0
0,30.8859,0
0,30.896,0
0,30.9061,0
0,30.9162,0
0,30.9263,0
0,30.9363,0
0,30.9464,0
0,30.9565,0
0,30.9666,0
0,30.9767,0
0,30.9868,1
0,30.9981,1
0,31.0082,1
0,31.0188,0
0,31.0309,0
0,31.041,0
0,31.051,0
0,31.0611,0
0,31.0712,0
0,31.0815,0
0,31.0916,0
0,31.1017,0
0,31.1122,0
0,31.1223,0
0,31.1323,0
0,31.1425,0
0,31.1525,0
0,31.1626,0
0,31.1727,0
0,31.1828,0
0,31.1929,0
0,31.2029,0
0,31.213,0
0,31.2231,0
0,31.2332,0
0,31.2433,0
0,31.2533,0
0,31.2634,0
0,31.2735,0
0,31.2836,0
0,31.2937,0
0,31.3037,0
0,31.3138,0
0,31.3239,0
0,31.334,0
0,31.3441,0
0,31.3541,0
0,31.3645,0
0,31.3746,0
0,31.3847,0
0,31.3947,0
0,31.4048,0
0,31.4149,0
0,31.425,0
0,31.435,0
0,31.4451,0
0,31.4552,0
0,31.4653,0
0,31.4753,0
0,31.4854,0
0,31.4958,1
0,31.5059,1
0,31.5173,1
0,31.5284,0
0,31.5385,0
0,31.5486,0
0,31.5587,0
0,31.5689,0
0,31.5791,0
0,31.5892,0
0,31.5993,0
0,31.6094,0
0,31.6197,0
0,31.6298,0
0,31.6399,0
0,31.65,0
0,31.6601,0
0,31.6702,0
0,31.6802,0
0,31.6903,0
0,31.7004,0
0,31.7105,0
0,31.7206,0
0,31.7307,0
0,31.7407,0
0,31.7508,0
0,31.7609,0
0,31.771,0
0,31.7812,0
0,31.7912,0
0,31.8013,0
0,31.8114,0
0,31.8215,0
0,31.8315,0
0,31.8416,0
0,31.8517,0
0,31.8618,0
0,31.8719,0
0,31.882,0
0,31.8921,0
0,31.9021,0
0,31.9122,0
0,31.9223,0
0,31.9324,0
0,31.9424,0
0,31.9525,0
0,31.9626,0
0,31.9727,0
0,31.9828,0
0,31.9928,1
0,32.0032,1
0,32.0133,1
0,32.0274,1
0,32.0393,0
0,32.0511,0
0,32.0612,0
0,32.0717,0
0,32.0818,0
0,32.0919,0
0,32.102,0
0,32.1121,0
0,32.1222,0
0,32.1323,0
0,32.1424,0
0,32.1525,0
0,32.1626,0
0,32.1726,0
0,32.1827,0
0,32.1928,0
0,32.2029,0
0,32.213,0
0,32.2231,0
0,32.2331,0
0,32.2432,0
0,32.2533,0
0,32.2634,0
0,32.2734,0
0,32.2835,0
0,32.2936,0
0,32.3037,0
0,32.3138,0
0,32.3239,0
0,32.334,0
0,32.344,0
0,32.3541,0
0,32.3642,0
0,32.3743,0
0,32.3844,0
0,32.3944,0
0,32.4045,0
0,32.4146,0
0,32.4247,0
0,32.4348,0
0,32.4448,0
0,32.4549,0
0,32.465,0
0,32.4751,0
0,32.4851,0
0,32.4952,1
0,32.5054,1
0,32.5154,1
0,32.5256,1
0,32.5387,0
0,32.5488,0
0,32.5589,0
0,32.569,0
0,32.5817,0
0,32.5918,0
0,32.6019,0
0,32.6135,0
0,32.6236,0
0,32.6337,0
0,32.6438,0
0,32.6539,0
0,32.664,0
0,32.674,0
0,32.6841,0
0,32.6942,0
0,32.7043,0
0,32.7144,0
0,32.7244,0
0,32.7345,0
0,32.7446,0
0,32.7547,0
0,32.7647,0
0,32.7748,0
0,32.7849,0
0,32.7951,0
0,32.8052,0
0,32.8152,0
0,32.8253,0
0,32.8354,0
0,32.8455,0
0,32.8556,0
0,32.8656,0
0,32.8757,0
0,32.8858,0
0,32.8959,0
0,32.906,0
0,32.916,0
0,32.9261,0
0,32.9362,0
0,32.9463,0
0,32.9564,0
0,32.9665,0
0,32.9765,0
0,32.9866,0
0,32.9967,1
0,33.0069,1
0,33.0198,1
0,33.0304,1
0,33.0408,0
0,33.051,0
0,33.061,0
0,33.0748,0
0,33.0849,0
0,33.0951,0
0,33.1052,0
0,33.1153,0
0,33.1254,0
0,33.1356,0
0,33.1457,0
0,33.1558,0
0,33.1658,0
0,33.1759,0
0,33.186,0
0,33.1961,0
0,33.2062,0
0,33.2162,0
0,33.2263,0
0,33.2364,0
0,33.2465,0
0,33.2565,0
0,33.2666,0
0,33.2767,0
0,33.2868,0
0,33.2969,0
0,33.3069,0
0,33.317,0
0,33.3271,0
0,33.3372,0
0,33.3472,0
0,33.3573,0
0,33.3674,0
0,33.3775,0
0,33.3876,0
0,33.3977,0
0,33.4077,0
0,33.4178,0
0,33.4279,0
0,33.438,0
0,33.4481,0
0,33.4581,0
0,33.4682,0
0,33.4783,0
0,33.4884,0
0,33.4991,1
0,33.5092,1
0,33.5215,1
0,33.5316,1
0,33.5467,0
0,33.5574,0
0,33.5686,0
0,33.5787,0
0,33.5888,0
0,33.599,0
0,33.6091,0
0,33.6193,0
0,33.6294,0
0,33.6395,0
0,33.6496,0
0,33.6596,0
0,33.6697,0
0,33.6798,0
0,33.6899,0
0,33.7,0
0,33.71,0
0,33.7201,0
0,33.7302,0
0,33.7403,0
0,33.7504,0
0,33.7604,0
0,33.7705,0
0,33.7806,0
0,33.7907,0
0,33.8008,0
0,33.8109,0
0,33.8209,0
0,33.831,0
0,33.8411,0
0,33.8512,0
0,33.8612,0
0,33.8713,0
0,33.8814,0
0,33.8915,0
0,33.9016,0
0,33.9117,0
0,33.9217,0
0,33.9318,0
0,33.9419,0
0,33.952,0
0,33.962,0
0,33.9721,0
0,33.9822,0
0,33.9923,0
0,34.0031,1
0,34.0148,1
0,34.0251,1
0,34.036,1
0,34.0461,0
0,34.0567,0
0,34.0668,0
0,34.0768,0
0,34.087,0
0,34.0971,0
0,34.1071,0
0,34.1173,0
0,34.1274,0
0,34.1375,0
0,34.1476,0
0,34.1577,0
0,34.1677,0
0,34.1778,0
0,34.1879,0
0,34.198,0
0,34.208,0
0,34.2181,0
0,34.2282,0
0,34.2383,0
0,34.2484,0
0,34.2584,0
0,34.2685,0
0,34.2786,0
0,34.2887,0
0,34.2988,0
0,34.3088,0
0,34.3189,0
0,34.329,0
0,34.3392,0
0,34.3493,0
0,34.3594,0
0,34.3695,0
0,34.3796,0
0,34.3897,0
0,34.3999,0
0,34.41,0
0,34.4201,0
0,34.4302,0
0,34.4403,0
0,34.4503,0
0,34.4604,0
0,34.4705,0
0,34.4806,0
0,34.4906,0
0,34.5007,0
0,34.5109,1
0,34.5209,1
0,34.531,1
0,34.5414,0
0,34.5515,0
0,34.5616,0
0,34.5717,0
0,34.5827,0
0,34.5929,0
0,34.603,0
0,34.6139,0
0,34.624,0
0,34.6342,0
0,34.6443,0
0,34.6544,0
0,34.6644,0
0,34.6745,0
0,34.6846,0
0,34.6947,0
0,34.7047,0
0,34.7148,0
0,34.7249,0
0,34.735,0
0,34.7451,0
0,34.7551,0
0,34.7652,0
0,34.7753,0
0,34.7854,0
0,34.7954,0
0,34.8055,0
0,34.8156,0
0,34.8257,0
0,34.8358,0
0,34.8459,0
0,34.856,0
0,34.8661,0
0,34.8761,0
0,34.8862,0
0,34.8963,0
0,34.9064,0
0,34.9165,0
0,34.9265,0
0,34.9366,0
0,34.9467,0
0,34.9568,0
0,34.9669,0
0,34.977,0
0,34.987,0
0,34.9971,0
0,35.0072,0
0,35.0174,1
0,35.0276,1
0,35.0377,1
0,35.054,1
0,35.0659,0
0,35.076,0
0,35.0861,0
0,35.0962,0
0,35.1064,0
0,35.1166,0
0,35.1268,0
0,35.1369,0
0,35.147,0
0,35.1572,0
0,35.1673,0
0,35.1774,0
0,35.1875,0
0,35.1975,0
0,35.2076,0
0,35.2177,0
0,35.2278,0
0,35.2379,0
0,35.2479,0
0,35.258,0
0,35.2681,0
0,35.2782,0
0,35.2883,0
0,35.2983,0
0,35.3084,0
0,35.3187,0
0,35.3287,0
0,35.3388,0
0,35.3489,0
0,35.359,0
0,35.3691,0
0,35.3792,0
0,35.3893,0
0,35.3993,0
0,35.4094,0
0,35.4196,0
0,35.4297,0
0,35.4398,0
0,35.4499,0
0,35.4599,0
0,35.47,0
0,35.4801,0
0,35.4902,0
0,35.5002,0
0,35.5105,0
0,35.5214,1
0,35.5318,1
0,35.5418,1
0,35.5519,0
0,35.562,0
0,35.5721,0
0,35.5822,0
0,35.5923,0
0,35.6025,0
0,35.6126,0
0,35.6227,0
0,35.6328,0
0,35.6438,0
0,35.6539,0
0,35.6642,0
0,35.6743,0
0,35.6844,0
0,35.6945,0
0,35.7046,0
0,35.7147,0
0,35.7247,0
0,35.7348,0
0,35.7449,0
0,35.755,0
0,35.7651,0
0,35.7751,0
0,35.7852,0
0,35.7953,0
0,35.8054,0
0,35.8154,0
0,35.8255,0
0,35.8356,0
0,35.8461,0
0,35.8562,0
0,35.8663,0
0,35.8763,0
0,35.8864,0
0,35.8965,0
0,35.9066,0
0,35.9166,0
0,35.9267,0
0,35.9368,0
0,35.9469,0
0,35.957,0
0,35.9671,0
0,35.9771,0
0,35.9872,0
0,35.9973,0
0,36.0074,0
0,36.0176,1
0,36.0318,1
0,36.0419,1
0,36.0522,1
0,36.0623,0
0,36.0724,0
0,36.0826,0
0,36.0927,0
0,36.1035,0
0,36.1136,0
0,36.1237,0
0,36.1342,0
0,36.1443,0
0,36.1544,0
0,36.1645,0
0,36.1746,0
0,36.1847,0
0,36.1948,0
0,36.2049,0
0,36.215,0
0,36.225,0
0,36.2351,0
0,36.2452,0
0,36.2553,0
0,36.2655,0
0,36.2756,0
0,36.2857,0
0,36.2958,0
0,36.3059,0
0,36.316,0
0,36.326,0
0,36.3361,0
0,36.3462,0
0,36.3563,0
0,36.3664,0
0,36.3764,0
0,36.3865,0
0,36.3966,0
0,36.4067,0
0,36.4168,0
0,36.4269,0
0,36.437,0
0,36.4471,0
0,36.4572,0
0,36.4672,0
0,36.4773,0
0,36.4874,0
0,36.4975,0
0,36.5076,0
0,36.5176,0
0,36.5292,1
0,36.5393,1
0,36.5496,1
0,36.5608,0
0,36.5709,0
0,36.581,0
0,36.5911,0
0,36.6012,0
0,36.6115,0
0,36.6224,0
0,36.6327,0
0,36.6428,0
0,36.6529,0
0,36.663,0
0,36.6731,0
0,36.6832,0
0,36.6933,0
0,36.7034,0
0,36.7135,0
0,36.7235,0
0,36.7336,0
0,36.7437,0
0,36.7538,0
0,36.7639,0
0,36.7739,0
0,36.784,0
0,36.7941,0
0,36.8042,0
0,36.8143,0
0,36.8244,0
0,36.8344,0
0,36.8445,0
0,36.8546,0
0,36.8647,0
0,36.8748,0
0,36.8849,0
0,36.895,0
0,36.905,0
0,36.9151,0
0,36.9252,0
0,36.9353,0
0,36.9454,0
0,36.9554,0
0,36.9655,0
0,36.9756,0
0,36.9857,0
0,36.9958,0
0,37.0058,0
0,37.0159,0
0,37.0271,1
0,37.0372,1
0,37.0477,1
0,37.0601,0
0,37.0763,0
0,37.0871,0
0,37.0972,0
0,37.1072,0
0,37.1175,0
0,37.1276,0
0,37.1377,0
0,37.1478,0
0,37.1579,0
0,37.168,0
0,37.1781,0
0,37.1882,0
0,37.1983,0
0,37.2083,0
0,37.2184,0
0,37.2285,0
0,37.2386,0
0,37.2487,0
0,37.2588,0
0,37.2688,0
0,37.2789,0
0,37.289,0
0,37.2991,0
0,37.3092,0
0,37.3192,0
0,37.3293,0
0,37.3394,0
0,37.3495,0
0,37.3596,0
0,37.3697,0
0,37.3797,0
0,37.3898,0
0,37.3999,0
0,37.41,0
0,37.4201,0
0,37.4301,0
0,37.4402,0
0,37.4503,0
0,37.4604,0
0,37.4705,0
0,37.4806,0
0,37.4907,0
0,37.5007,0
0,37.5108,0
0,37.5209,0
0,37.531,1
0,37.5411,1
0,37.5518,1
0,37.5619,0
0,37.5719,0
0,37.582,0
0,37.5921,0
0,37.6023,0
0,37.6124,0
0,37.6225,0
0,37.6327,0
0,37.6428,0
0,37.6534,0
0,37.6635,0
0,37.6736,0
0,37.6837,0
0,37.6944,0
0,37.7045,0
0,37.7145,0
0,37.7246,0
0,37.7347,0
0,37.7448,0
0,37.7549,0
0,37.765,0
0,37.775,0
0,37.7851,0
0,37.7952,0
0,37.8053,0
0,37.8154,0
0,37.8255,0
0,37.8355,0
0,37.8456,0
0,37.8557,0
0,37.8658,0
0,37.8759,0
0,37.886,0
0,37.896,0
0,37.9061,0
0,37.9162,0
0,37.9263,0
0,37.9364,0
0,37.9465,0
0,37.9566,0
0,37.9666,0
0,37.9767,0
0,37.9868,0
0,37.9969,0
0,38.0069,0
0,38.017,0
0,38.0271,0
0,38.0385,1
0,38.0507,1
0,38.0612,1
0,38.0741,0
0,38.0844,0
0,38.0945,0
0,38.1046,0
0,38.1151,0
0,38.1252,0
0,38.1354,0
0,38.1455,0
0,38.1556,0
0,38.1657,0
0,38.1758,0
0,38.1859,0
0,38.1959,0
0,38.206,0
0,38.2161,0
0,38.2262,0
0,38.2363,0
0,38.2463,0
0,38.2564,0
0,38.2665,0
0,38.2766,0
0,38.2866,0
0,38.2967,0
0,38.3068,0
0,38.3169,0
0,38.327,0
0,38.3371,0
0,38.3471,0
0,38.3572,0
0,38.3673,0
0,38.3774,0
0,38.3875,0
0,38.3975,0
0,38.4076,0
0,38.4177,0
0,38.4278,0
0,38.4379,0
0,38.4479,0
0,38.458,0
0,38.4681,0
0,38.4782,0
0,38.4883,0
0,38.4983,0
0,38.5084,0
0,38.5185,0
0,38.5286,0
0,38.539,1
0,38.5495,1
0,38.5596,1
0,38.5736,0
0,38.5837,0
0,38.5938,0
0,38.6039,0
0,38.6141,0
0,38.6246,0
0,38.6347,0
0,38.6448,0
0,38.6558,0
0,38.6659,0
0,38.676,0
0,38.6861,0
0,38.6962,0
0,38.7063,0
0,38.7164,0
0,38.7264,0
0,38.7365,0
0,38.7466,0
0,38.7567,0
0,38.7668,0
0,38.7768,0
0,38.7869,0
0,38.797,0
0,38.8071,0
0,38.8171,0
0,38.8272,0
0,38.8373,0
0,38.8474,0
0,38.8575,0
0,38.8675,0
0,38.8776,0
0,38.8877,0
0,38.8978,0
0,38.9079,0
0,38.918,0
0,38.9281,0
0,38.9382,0
0,38.9482,0
0,38.9583,0
0,38.9684,0
0,38.9785,0
0,38.9885,0
0,38.9986,0
0,39.0087,0
0,39.0188,0
0,39.0289,0
0,39.039,1
0,39.0492,1
0,39.06,1
0,39.0701,1
0,39.0802,0
0,39.0903,0
0,39.1008,0
0,39.1109,0
0,39.121,0
0,39.1354,0
0,39.1456,0
0,39.1557,0
0,39.1658,0
0,39.1759,0
0,39.186,0
0,39.1961,0
0,39.2061,0
0,39.2162,0
0,39.2263,0
0,39.2364,0
0,39.2465,0
0,39.2566,0
0,39.2667,0
0,39.2767,0
0,39.2868,0
0,39.2969,0
0,39.307,0
0,39.317,0
0,39.3271,0
0,39.3375,0
0,39.3476,0
0,39.3577,0
0,39.3678,0
0,39.3779,0
0,39.388,0
0,39.3982,0
0,39.4084,0
0,39.4184,0
0,39.4285,0
0,39.4386,0
0,39.4487,0
0,39.4588,0
0,39.4694,0
0,39.4794,0
0,39.4895,0
0,39.4996,0
0,39.5097,0
0,39.52,0
0,39.5301,0
0,39.5431,1
0,39.5539,1
0,39.564,1
0,39.5796,0
0,39.5896,0
0,39.5997,0
0,39.6099,0
0,39.6201,0
0,39.6307,0
0,39.6408,0
0,39.651,0
0,39.6618,0
0,39.672,0
0,39.6821,0
0,39.6922,0
0,39.7023,0
0,39.7123,0
0,39.7228,0
0,39.7328,0
0,39.7429,0
0,39.753,0
0,39.7631,0
0,39.7732,0
0,39.7832,0
0,39.7933,0
0,39.8034,0
0,39.8135,0
0,39.8235,0
0,39.8336,0
0,39.8437,0
0,39.8538,0
0,39.8639,0
0,39.8739,0
0,39.884,0
0,39.8941,0
0,39.9042,0
0,39.9143,0
0,39.9244,0
0,39.9345,0
0,39.9446,0
0,39.9547,0
0,39.9647,0
0,39.9748,0
0,39.9849,0
0,39.995,0
0,40.0051,0
0,40.0152,0
0,40.0252,0
0,40.0353,0
0,40.0454,1
0,40.0561,1
0,40.0685,1
0,40.0786,0
0,40.0887,0
0,40.0988,0
0,40.1089,0
0,40.1191,0
0,40.1293,0
0,40.1394,0
0,40.1495,0
0,40.1597,0
0,40.1698,0
0,40.1799,0
0,40.19,0
0,40.2001,0
0,40.2102,0
0,40.2208,0
0,40.2308,0
0,40.2409,0
0,40.251,0
0,40.2611,0
0,40.2712,0
0,40.2813,0
0,40.2913,0
0,40.3014,0
0,40.3115,0
0,40.3216,0
0,40.3317,0
0,40.3418,0
0,40.3518,0
0,40.3619,0
0,40.372,0
0,40.3821,0
0,40.3922,0
0,40.4023,0
0,40.4124,0
0,40.4225,0
0,40.4325,0
0,40.4426,0
0,40.4527,0
0,40.4628,0
0,40.4729,0
0,40.4829,0
0,40.493,0
0,40.5031,0
0,40.5132,0
0,40.5233,0
0,40.5333,0
0,40.5477,1
0,40.5582,1
0,40.5696,1
0,40.5852,0
0,40.5955,0
0,40.6056,0
0,40.6158,0
0,40.6261,0
0,40.6362,0
0,40.6463,0
0,40.6564,0
0,40.6665,0
0,40.6766,0
0,40.6868,0
0,40.6968,0
0,40.7069,0
0,40.717,0
0,40.7271,0
0,40.7372,0
0,40.7472,0
0,40.7573,0
0,40.7674,0
0,40.7775,0
0,40.7875,0
0,40.7976,0
0,40.8077,0
0,40.8178,0
0,40.8279,0
0,40.8379,0
0,40.848,0
0,40.8581,0
0,40.8682,0
0,40.8782,0
0,40.8883,0
0,40.8984,0
0,40.9085,0
0,40.9186,0
0,40.9287,0
0,40.9388,0
0,40.9489,0
0,40.9589,0
0,40.969,0
0,40.9791,0
0,40.9892,0
0,40.9992,0
0,41.0093,0
0,41.0194,0
0,41.0295,0
0,41.0396,0
0,41.0499,1
0,41.0604,1
0,41.0709,1
0,41.0917,0
0,41.1018,0
0,41.115,0
0,41.1252,0
0,41.1353,0
0,41.1455,0
0,41.1556,0
0,41.1657,0
0,41.1758,0
0,41.1859,0
0,41.196,0
0,41.2061,0
0,41.2161,0
0,41.2262,0
0,41.2363,0
0,41.2464,0
0,41.2565,0
0,41.2666,0
0,41.2766,0
0,41.2867,0
0,41.2968,0
0,41.3069,0
0,41.317,0
0,41.327,0
0,41.3371,0
0,41.3472,0
0,41.3573,0
0,41.3673,0
0,41.3774,0
0,41.3875,0
0,41.3976,0
0,41.4077,0
0,41.4177,0
0,41.4278,0
0,41.4379,0
0,41.448,0
0,41.458,0
0,41.4681,0
0,41.4782,0
0,41.4883,0
0,41.4984,0
0,41.5084,0
0,41.5185,0
0,41.5286,0
0,41.5387,0
0,41.5488,1
0,41.5589,1
0,41.569,1
0,41.5807,0
0,41.5908,0
0,41.6009,0
0,41.611,0
0,41.6211,0
0,41.6312,0
0,41.6415,0
0,41.6516,0
0,41.6617,0
0,41.672,0
0,41.6821,0
0,41.6921,0
0,41.7022,0
0,41.7123,0
0,41.7224,0
0,41.7325,0
0,41.7426,0
0,41.7527,0
0,41.7628,0
0,41.7728,0
0,41.7829,0
0,41.793,0
0,41.8031,0
0,41.8132,0
0,41.8232,0
0,41.8333,0
0,41.8434,0
0,41.8535,0
0,41.8636,0
0,41.8736,0
0,41.8837,0
0,41.8938,0
0,41.9039,0
0,41.914,0
0,41.924,0
0,41.9342,0
0,41.9443,0
0,41.9544,0
0,41.9645,0
0,41.9745,0
0,41.9846,0
0,41.9947,0
0,42.0048,0
0,42.0149,0
0,42.025,0
0,42.0351,0
0,42.0451,0
0,42.057,1
0,42.067,1
0,42.0774,1
0,42.0875,1
0,42.0992,0
0,42.1099,0
0,42.12,0
0,42.1302,0
0,42.1404,0
0,42.1505,0
0,42.1607,0
0,42.1709,0
0,42.181,0
0,42.1911,0
0,42.2011,0
0,42.2112,0
0,42.2213,0
0,42.2314,0
0,42.2415,0
0,42.2516,0
0,42.2616,0
0,42.2717,0
0,42.2818,0
0,42.2919,0
0,42.3019,0
0,42.312,0
0,42.3222,0
0,42.3322,0
0,42.3423,0
0,42.3524,0
0,42.3625,0
0,42.3726,0
0,42.3827,0
0,42.3927,0
0,42.4028,0
0,42.4129,0
0,42.423,0
0,42.4331,0
0,42.4431,0
0,42.4532,0
0,42.4633,0
0,42.4734,0
0,42.4835,0
0,42.4935,0
0,42.5036,0
0,42.5137,0
0,42.5238,0
0,42.5339,0
0,42.544,0
0,42.5551,1
0,42.5651,1
0,42.5752,1
0,42.5896,1
0,42.6014,0
0,42.6117,0
0,42.6218,0
0,42.6331,0
0,42.6433,0
0,42.6534,0
0,42.6635,0
0,42.6736,0
0,42.6837,0
0,42.6938,0
0,42.7039,0
0,42.714,0
0,42.7241,0
0,42.7341,0
0,42.7442,0
0,42.7543,0
0,42.7644,0
0,42.7745,0
0,42.7846,0
0,42.7947,0
0,42.8048,0
0,42.8148,0
0,42.8249,0
0,42.835,0
0,42.8451,0
0,42.8552,0
0,42.8653,0
0,42.8753,0
0,42.8854,0
0,42.8955,0
0,42.9056,0
0,42.9156,0
0,42.9257,0
0,42.9358,0
0,42.9459,0
0,42.956,0
0,42.9661,0
0,42.9761,0
0,42.9862,0
0,42.9963,0
0,43.0064,0
0,43.0165,0
0,43.0265,0
0,43.0366,0
0,43.0468,0
0,43.057,1
0,43.0674,1
0,43.0777,1
0,43.0878,1
0,43.0979,0
0,43.108,0
0,43.1181,0
0,43.1283,0
0,43.1403,0
0,43.1506,0
0,43.1611,0
0,43.1712,0
0,43.1812,0
0,43.1913,0
0,43.2014,0
0,43.2115,0
0,43.2216,0
0,43.2316,0
0,43.2417,0
0,43.2518,0
0,43.2619,0
0,43.272,0
0,43.2824,0
0,43.2925,0
0,43.3026,0
0,43.3127,0
0,43.3227,0
0,43.3328,0
0,43.3429,0
0,43.353,0
0,43.363,0
0,43.3731,0
0,43.3832,0
0,43.3933,0
0,43.4034,0
0,43.4134,0
0,43.4235,0
0,43.4336,0
0,43.4437,0
0,43.4538,0
0,43.4638,0
0,43.4739,0
0,43.484,0
0,43.4941,0
0,43.5042,0
0,43.5143,0
0,43.5243,0
0,43.5344,0
0,43.5445,0
0,43.5548,0
0,43.5667,1
0,43.5768,1
0,43.5878,1
0,43.5997,0
0,43.6099,0
0,43.62,0
0,43.6302,0
0,43.6404,0
0,43.6505,0
0,43.662,0
0,43.6721,0
0,43.6835,0
0,43.6936,0
0,43.7037,0
0,43.7138,0
0,43.7239,0
0,43.734,0
0,43.7441,0
0,43.7542,0
0,43.7642,0
0,43.7743,0
0,43.7844,0
0,43.7945,0
0,43.8046,0
0,43.8146,0
0,43.8247,0
0,43.8348,0
0,43.8449,0
0,43.855,0
0,43.865,0
0,43.8751,0
0,43.8852,0
0,43.8953,0
0,43.9053,0
0,43.9154,0
0,43.9255,0
0,43.9356,0
0,43.9456,0
0,43.9557,0
0,43.9658,0
0,43.976,0
0,43.986,0
0,43.9961,0
0,44.0062,0
0,44.0163,0
0,44.0263,0
0,44.0365,0
0,44.0465,0
0,44.0566,0
0,44.0686,1
0,44.0787,1
0,44.0899,1
0,44.1003,0
0,44.1104,0
0,44.1205,0
0,44.1306,0
0,44.1407,0
0,44.1519,0
0,44.1621,0
0,44.1722,0
0,44.1824,0
0,44.1925,0
0,44.2026,0
0,44.2127,0
0,44.2228,0
0,44.2328,0
0,44.2429,0
0,44.253,0
0,44.2631,0
0,44.2732,0
0,44.2839,0
0,44.294,0
0,44.3041,0
0,44.3142,0
0,44.3242,0
0,44.3343,0
0,44.3445,0
0,44.3546,0
0,44.3647,0
0,44.3748,0
0,44.3849,0
0,44.3951,0
0,44.4052,0
0,44.4153,0
0,44.4254,0
0,44.4354,0
0,44.4455,0
0,44.4556,0
0,44.4657,0
0,44.4758,0
0,44.4858,0
0,44.4959,0
0,44.506,0
0,44.5161,0
0,44.5262,0
0,44.5363,0
0,44.5463,0
0,44.5564,0
0,44.5666,1
0,44.5775,1
0,44.5876,1
0,44.5977,0
0,44.6078,0
0,44.6179,0
0,44.6281,0
0,44.6382,0
0,44.6486,0
0,44.6588,0
0,44.6689,0
0,44.679,0
0,44.6892,0
0,44.6993,0
0,44.7094,0
0,44.7195,0
0,44.7296,0
0,44.7397,0
0,44.7498,0
0,44.7598,0
0,44.7699,0
0,44.78,0
0,44.7901,0
0,44.8002,0
0,44.8103,0
0,44.8203,0
0,44.8304,0
0,44.8405,0
0,44.8506,0
0,44.8607,0
0,44.8707,0
0,44.8808,0
0,44.8909,0
0,44.901,0
0,44.911,0
0,44.9211,0
0,44.9312,0
0,44.9413,0
0,44.9514,0
0,44.9615,0
0,44.9715,0
0,44.9816,0
0,44.9917,0
0,45.0018,0
0,45.0119,0
0,45.022,0
0,45.032,0
0,45.0421,0
0,45.0522,0
0,45.0623,0
0,45.0726,1
0,45.0845,1
0,45.0945,1
0,45.1046,1
0,45.1158,0
0,45.1259,0
0,45.136,0
0,45.1477,0
0,45.1577,0
0,45.1678,0
0,45.1779,0
0,45.1881,0
0,45.1982,0
0,45.2083,0
0,45.2183,0
0,45.2284,0
0,45.2385,0
0,45.2486,0
0,45.2587,0
0,45.2688,0
0,45.2789,0
0,45.289,0
0,45.2991,0
0,45.3092,0
0,45.3193,0
0,45.3294,0
0,45.3395,0
0,45.3496,0
0,45.3597,0
0,45.3697,0
0,45.3798,0
0,45.3899,0
0,45.4,0
0,45.4101,0
0,45.4203,0
0,45.4304,0
0,45.4405,0
0,45.4507,0
0,45.4607,0
0,45.4708,0
0,45.4809,0
0,45.491,0
0,45.5011,0
0,45.5112,0
0,45.5213,0
0,45.5314,0
0,45.5415,0
0,45.5516,0
0,45.5617,0
0,45.5749,1
0,45.585,1
0,45.5959,1
0,45.6067,1
0,45.6188,0
0,45.6289,0
0,45.6394,0
0,45.6495,0
0,45.6596,0
0,45.6698,0
0,45.6799,0
0,45.69,0
0,45.7002,0
0,45.7103,0
0,45.7204,0
0,45.7305,0
0,45.7406,0
0,45.7507,0
0,45.7608,0
0,45.7708,0
0,45.7809,0
0,45.791,0
0,45.8011,0
0,45.8112,0
0,45.8213,0
0,45.8313,0
0,45.8414,0
0,45.8515,0
0,45.8616,0
0,45.8717,0
0,45.8817,0
0,45.8918,0
0,45.9019,0
0,45.912,0
0,45.9221,0
0,45.9321,0
0,45.9422,0
0,45.9523,0
0,45.9624,0
0,45.9724,0
0,45.9825,0
0,45.9926,0
0,46.0027,0
0,46.0128,0
0,46.0229,0
0,46.033,0
0,46.043,0
0,46.0531,0
0,46.0632,0
0,46.0745,1
0,46.087,1
0,46.1003,1
0,46.1104,0
0,46.1205,0
0,46.1306,0
0,46.1407,0
0,46.1513,0
0,46.1616,0
0,46.1717,0
0,46.182,0
0,46.1921,0
0,46.2021,0
0,46.2122,0
0,46.2223,0
0,46.2324,0
0,46.2425,0
0,46.2526,0
0,46.2626,0
0,46.2727,0
0,46.2828,0
0,46.2929,0
0,46.303,0
0,46.3131,0
0,46.3232,0
0,46.3332,0
0,46.3433,0
0,46.3534,0
0,46.3635,0
0,46.3736,0
0,46.3836,0
0,46.3937,0
0,46.4038,0
0,46.4139,0
0,46.4239,0
0,46.434,0
0,46.4441,0
0,46.4542,0
0,46.4643,0
0,46.4743,0
0,46.4844,0
0,46.4945,0
0,46.5046,0
0,46.5147,0
0,46.5247,0
0,46.5348,0
0,46.5449,0
0,46.555,0
0,46.565,0
0,46.5791,1
0,46.5892,1
0,46.5993,1
0,46.6143,0
0,46.6245,0
0,46.6346,0
0,46.6448,0
0,46.656,0
0,46.6662,0
0,46.6763,0
0,46.6864,0
0,46.6965,0
0,46.7066,0
0,46.7167,0
0,46.7268,0
0,46.7369,0
0,46.747,0
0,46.7571,0
0,46.7672,0
0,46.7773,0
0,46.7873,0
0,46.7974,0
0,46.8075,0
0,46.8176,0
0,46.8277,0
0,46.8377,0
0,46.8478,0
0,46.8579,0
0,46.868,0
0,46.878,0
0,46.8881,0
0,46.8982,0
0,46.9083,0
0,46.9184,0
0,46.9285,0
0,46.9385,0
0,46.9486,0
0,46.9587,0
0,46.9688,0
0,46.9788,0
0,46.9889,0
0,46.999,0
0,47.0095,0
0,47.0196,0
0,47.0297,0
0,47.0398,0
0,47.0499,0
0,47.06,0
0,47.07,0
0,47.0802,1
0,47.0903,1
0,47.1016,1
0,47.1159,0
0,47.126,0
0,47.1361,0
0,47.1464,0
0,47.1565,0
0,47.1667,0
0,47.1768,0
0,47.1869,0
0,47.197,0
0,47.2071,0
0,47.2172,0
0,47.2273,0
0,47.2374,0
0,47.2475,0
0,47.2576,0
0,47.2676,0
0,47.2777,0
0,47.2878,0
0,47.2979,0
0,47.308,0
0,47.3181,0
0,47.3282,0
0,47.3383,0
0,47.3483,0
0,47.3584,0
0,47.3685,0
0,47.3787,0
0,47.3888,0
0,47.3988,0
0,47.4089,0
0,47.419,0
0,47.4291,0
0,47.4391,0
0,47.4492,0
0,47.4593,0
0,47.4694,0
0,47.4795,0
0,47.4895,0
0,47.4996,0
0,47.5097,0
0,47.5198,0
0,47.5299,0
0,47.5399,0
0,47.55,0
0,47.5601,0
0,47.5702,0
0,47.5804,1
0,47.5918,1
0,47.6026,1
0,47.615,0
0,47.6251,0
0,47.6352,0
0,47.6453,0
0,47.6555,0
0,47.6657,0
0,47.6758,0
0,47.686,0
0,47.6961,0
0,47.7061,0
0,47.7163,0
0,47.7263,0
0,47.7364,0
0,47.7465,0
0,47.7566,0
0,47.7667,0
0,47.7767,0
0,47.7868,0
0,47.7969,0
0,47.807,0
0,47.8171,0
0,47.8271,0
0,47.8372,0
0,47.8473,0
0,47.8574,0
0,47.8675,0
0,47.8775,0
0,47.8876,0
0,47.8977,0
0,47.9078,0
0,47.9179,0
0,47.9279,0
0,47.938,0
0,47.9481,0
0,47.9582,0
0,47.9683,0
0,47.9783,0
0,47.9884,0
0,47.9985,0
0,48.0086,0
0,48.0187,0
0,48.0288,0
0,48.0389,0
0,48.049,0
0,48.059,0
0,48.0691,0
0,48.0792,1
0,48.0911,1
0,48.1016,1
0,48.1153,0
0,48.1254,0
0,48.1355,0
0,48.1468,0
0,48.157,0
0,48.1673,0
0,48.1774,0
0,48.1875,0
0,48.1977,0
0,48.2078,0
0,48.2179,0
0,48.2279,0
0,48.238,0
0,48.2481,0
0,48.2582,0
0,48.2682,0
0,48.2783,0
0,48.2884,0
0,48.2985,0
0,48.3091,0
0,48.3194,0
0,48.3294,0
0,48.3395,0
0,48.3496,0
0,48.3597,0
0,48.3698,0
0,48.3798,0
0,48.3899,0
0,48.4,0
0,48.4101,0
0,48.4202,0
0,48.4302,0
0,48.4403,0
0,48.4504,0
0,48.4605,0
0,48.4706,0
0,48.4806,0
0,48.4907,0
0,48.5008,0
0,48.5109,0
0,48.521,0
0,48.5311,0
0,48.5411,0
0,48.5512,0
0,48.5613,0
0,48.5716,0
0,48.586,1
0,48.5963,1
0,48.6063,1
0,48.617,0
0,48.6271,0
0,48.6372,0
0,48.6473,0
0,48.6574,0
0,48.6675,0
0,48.6778,0
0,48.688,0
0,48.6991,0
0,48.7092,0
0,48.7193,0
0,48.7294,0
0,48.7395,0
0,48.7496,0
0,48.7597,0
0,48.7697,0
0,48.7798,0
0,48.7899,0
0,48.8,0
0,48.8101,0
0,48.8202,0
0,48.8302,0
0,48.8403,0
0,48.8504,0
0,48.8605,0
0,48.8706,0
0,48.8806,0
0,48.8907,0
0,48.9008,0
0,48.9109,0
0,48.921,0
0,48.931,0
0,48.9411,0
0,48.9512,0
0,48.9613,0
0,48.9713,0
0,48.9814,0
0,48.9915,0
0,49.0016,0
0,49.0117,0
0,49.0217,0
0,49.0318,0
0,49.0419,0
0,49.052,0
0,49.0621,0
0,49.0722,0
0,49.0826,1
0,49.0927,1
0,49.1033,1
0,49.1133,1
0,49.1237,1
0,49.1367,0
0,49.1469,0
0,49.157,0
0,49.1679,0
0,49.1781,0
0,49.1882,0
0,49.1985,0
0,49.2086,0
0,49.2187,0
0,49.2288,0
0,49.2389,0
0,49.249,0
0,49.2591,0
0,49.2691,0
0,49.2792,0
0,49.2893,0
0,49.2994,0
0,49.3095,0
0,49.3195,0
0,49.3296,0
0,49.3398,0
0,49.3499,0
0,49.36,0
0,49.3701,0
0,49.3802,0
0,49.3903,0
0,49.4009,0
0,49.4111,0
0,49.4212,0
0,49.4312,0
0,49.4413,0
0,49.4514,0
0,49.4615,0
0,49.4716,0
0,49.4816,0
0,49.4917,0
0,49.5018,0
0,49.5119,0
0,49.522,0
0,49.532,0
0,49.5421,0
0,49.5522,0
0,49.5623,0
0,49.5724,0
0,49.5842,1
0,49.5943,1
0,49.6044,1
0,49.6145,1
0,49.6262,0
0,49.6363,0
0,49.6464,0
0,49.657,0
0,49.6672,0
0,49.6773,0
0,49.6874,0
0,49.6975,0
0,49.7076,0
0,49.7195,0
0,49.7296,0
0,49.7397,0
0,49.7498,0
0,49.7599,0
0,49.77,0
0,49.7801,0
0,49.7901,0
0,49.8002,0
0,49.8103,0
0,49.8204,0
0,49.8308,0
0,49.8409,0
0,49.851,0
0,49.861,0
0,49.8711,0
0,49.8812,0
0,49.8913,0
0,49.9014,0
0,49.9114,0
0,49.9215,0
0,49.9316,0
0,49.9417,0
0,49.9518,0
0,49.9619,0
0,49.9719,0
0,49.982,0
0,49.9921,0
0,50.0022,0
0,50.0123,0
0,50.0223,0
0,50.0324,0
0,50.0425,0
0,50.0526,0
0,50.0627,0
0,50.0728,0
0,50.083,0
0,50.0951,1
0,50.1052,1
0,50.1157,1
0,50.1314,0
0,50.1426,0
0,50.1533,0
0,50.1634,0
0,50.1751,0
0,50.1871,0
0,50.1972,0
0,50.2073,0
0,50.2174,0
0,50.2275,0
0,50.2376,0
0,50.2477,0
0,50.2578,0
0,50.2679,0
0,50.278,0
0,50.288,0
0,50.2981,0
0,50.3082,0
0,50.3183,0
0,50.3284,0
0,50.3394,0
0,50.3495,0
0,50.3596,0
0,50.3697,0
0,50.3798,0
0,50.3899,0
0,50.3999,0
0,50.41,0
0,50.4201,0
0,50.4302,0
0,50.4403,0
0,50.4504,0
0,50.4605,0
0,50.4705,0
0,50.4806,0
0,50.4907,0
0,50.5008,0
0,50.5109,0
0,50.5209,0
0,50.531,0
0,50.5411,0
0,50.5512,0
0,50.5612,0
0,50.5713,0
0,50.5814,0
0,50.5917,1
0,50.6019,1
0,50.6119,1
0,50.6235,0
0,50.6336,0
0,50.6437,0
0,50.6538,0
0,50.6639,0
0,50.6752,0
0,50.6853,0
0,50.6954,0
0,50.7056,0
0,50.7159,0
0,50.7263,0
0,50.7365,0
0,50.7466,0
0,50.7566,0
0,50.7667,0
0,50.7768,0
0,50.7869,0
0,50.797,0
0,50.8071,0
0,50.8171,0
0,50.8272,0
0,50.8373,0
0,50.8474,0
0,50.8575,0
0,50.8676,0
0,50.8776,0
0,50.8877,0
0,50.8978,0
0,50.9079,0
0,50.918,0
0,50.9281,0
0,50.9381,0
0,50.9482,0
0,50.9583,0
0,50.9684,0
0,50.9785,0
0,50.9885,0
0,50.9986,0
0,51.0087,0
0,51.0188,0
0,51.0289,0
0,51.0389,0
0,51.049,0
0,51.0591,0
0,51.0692,0
0,51.0793,0
0,51.0894,0
0,51.0995,1
0,51.1099,1
0,51.1203,1
0,51.1304,1
0,51.1411,0
0,51.1512,0
0,51.1613,0
0,51.1714,0
0,51.1815,0
0,51.1916,0
0,51.2017,0
0,51.2118,0
0,51.2219,0
0,51.232,0
0,51.2421,0
0,51.2522,0
0,51.2623,0
0,51.2724,0
0,51.2824,0
0,51.2925,0
0,51.3026,0
0,51.3127,0
0,51.3228,0
0,51.3328,0
0,51.3429,0
0,51.3533,0
0,51.3634,0
0,51.3735,0
0,51.3835,0
0,51.3936,0
0,51.4037,0
0,51.4138,0
0,51.4238,0
0,51.4339,0
0,51.444,0
0,51.4541,0
0,51.4642,0
0,51.4743,0
0,51.4843,0
0,51.4944,0
0,51.5045,0
0,51.5146,0
0,51.5246,0
0,51.5347,0
0,51.5448,0
0,51.5549,0
0,51.565,0
0,51.575,0
0,51.5851,0
0,51.5952,0
0,51.6058,1
0,51.6165,1
0,51.6266,1
0,51.6384,0
0,51.6491,0
0,51.6592,0
0,51.671,0
0,51.6811,0
0,51.6917,0
0,51.7019,0
0,51.712,0
0,51.7221,0
0,51.7322,0
0,51.7423,0
0,51.7524,0
0,51.7625,0
0,51.7725,0
0,51.7826,0
0,51.7927,0
0,51.8028,0
0,51.8128,0
0,51.8229,0
0,51.833,0
0,51.8431,0
0,51.8537,0
0,51.8638,0
0,51.8739,0
0,51.884,0
0,51.8941,0
0,51.9041,0
0,51.9142,0
0,51.9243,0
0,51.9344,0
0,51.9444,0
0,51.9545,0
0,51.9646,0
0,51.9747,0
0,51.9848,0
0,51.9948,0
0,52.0049,0
0,52.015,0
0,52.0251,0
0,52.0352,0
0,52.0452,0
0,52.0553,0
0,52.0654,0
0,52.0755,0
0,52.0855,0
0,52.0957,0
0,52.1065,1
0,52.1172,1
0,52.1278,1
0,52.1403,1
0,52.1523,0
0,52.1624,0
0,52.1725,0
0,52.1826,0
0,52.1929,0
0,52.2035,0
0,52.2136,0
0,52.2237,0
0,52.2338,0
0,52.244,0
0,52.2541,0
0,52.2641,0
0,52.2742,0
0,52.2843,0
0,52.2944,0
0,52.3045,0
0,52.3145,0
0,52.3246,0
0,52.3352,0
0,52.3453,0
0,52.3554,0
0,52.3654,0
0,52.3755,0
0,52.3856,0
0,52.3957,0
0,52.4057,0
0,52.4158,0
0,52.4259,0
0,52.436,0
0,52.4461,0
0,52.4561,0
0,52.4662,0
0,52.4763,0
0,52.4864,0
0,52.4964,0
0,52.5065,0
0,52.5166,0
0,52.5267,0
0,52.5368,0
0,52.5469,0
0,52.5569,0
0,52.567,0
0,52.5771,0
0,52.5872,0
0,52.5972,0
0,52.6074,1
0,52.6175,1
0,52.6285,1
0,52.6398,0
0,52.6499,0
0,52.66,0
0,52.6701,0
0,52.6803,0
0,52.6905,0
0,52.7006,0
0,52.7108,0
0,52.7209,0
0,52.731,0
0,52.7412,0
0,52.7512,0
0,52.7613,0
0,52.7714,0
0,52.7815,0
0,52.7916,0
0,52.8017,0
0,52.8117,0
0,52.8218,0
0,52.8319,0
0,52.842,0
0,52.8521,0
0,52.8622,0
0,52.8722,0
0,52.8823,0
0,52.8924,0
0,52.9025,0
0,52.9126,0
0,52.9228,0
0,52.9329,0
0,52.9431,0
0,52.9532,0
0,52.9632,0
0,52.9733,0
0,52.9834,0
0,52.9935,0
0,53.0036,0
0,53.0136,0
0,53.0237,0
0,53.0338,0
0,53.0439,0
0,53.054,0
0,53.0641,0
0,53.0741,0
0,53.0842,0
0,53.0943,0
0,53.1044,0
0,53.1147,1
0,53.1253,1
0,53.1369,1
0,53.1523,1
0,53.1624,1
0,53.1774,0
0,53.1878,0
0,53.1979,0
0,53.208,0
0,53.2182,0
0,53.2283,0
0,53.2384,0
0,53.2485,0
0,53.2586,0
0,53.2687,0
0,53.2787,0
0,53.2888,0
0,53.2989,0
0,53.309,0
0,53.3192,0
0,53.3292,0
0,53.3393,0
0,53.3494,0
0,53.3595,0
0,53.3696,0
0,53.3797,0
0,53.3898,0
0,53.3999,0
0,53.4099,0
0,53.42,0
0,53.4301,0
0,53.4402,0
0,53.4503,0
0,53.4603,0
0,53.4704,0
0,53.4805,0
0,53.4906,0
0,53.5007,0
0,53.5107,0
0,53.5208,0
0,53.5309,0
0,53.541,0
0,53.5511,0
0,53.5611,0
0,53.5712,0
0,53.5813,0
0,53.5914,0
0,53.6014,0
0,53.6116,1
0,53.6217,1
0,53.6325,1
0,53.644,0
0,53.6541,0
0,53.6663,0
0,53.6765,0
0,53.6866,0
0,53.6967,0
0,53.7068,0
0,53.7169,0
0,53.727,0
0,53.7375,0
0,53.7476,0
0,53.7576,0
0,53.7677,0
0,53.7778,0
0,53.7879,0
0,53.798,0
0,53.8081,0
0,53.8182,0
0,53.8282,0
0,53.8383,0
0,53.8484,0
0,53.8585,0
0,53.8685,0
0,53.879,0
0,53.8891,0
0,53.8992,0
0,53.9093,0
0,53.9194,0
0,53.9295,0
0,53.9396,0
0,53.9497,0
0,53.9597,0
0,53.9698,0
0,53.9799,0
0,53.99,0
0,54.0,0
0,54.0101,0
0,54.0202,0
0,54.0303,0
0,54.0404,0
0,54.0504,0
0,54.0605,0
0,54.0706,0
0,54.0807,0
0,54.0908,0
0,54.1008,0
0,54.1109,0
0,54.1231,1
0,54.1361,1
0,54.147,1
0,54.1624,0
0,54.1766,0
0,54.1876,0
0,54.1977,0
0,54.2078,0
0,54.2181,0
0,54.2282,0
0,54.2383,0
0,54.2484,0
0,54.2585,0
0,54.2686,0
0,54.2787,0
0,54.2887,0
0,54.2988,0
0,54.3089,0
0,54.319,0
0,54.3291,0
0,54.3392,0
0,54.3493,0
0,54.3595,0
0,54.3696,0
0,54.3797,0
0,54.3898,0
0,54.4,0
0,54.4102,0
0,54.4202,0
0,54.4303,0
0,54.4404,0
0,54.4505,0
0,54.4605,0
0,54.4706,0
0,54.4807,0
0,54.4908,0
0,54.5008,0
0,54.5109,0
0,54.521,0
0,54.5311,0
0,54.5412,0
0,54.5512,0
0,54.5613,0
0,54.5714,0
0,54.5815,0
0,54.5915,0
0,54.6016,0
0,54.6117,0
0,54.6218,1
0,54.635,1
0,54.6482,0
0,54.6583,0
0,54.6684,0
0,54.6785,0
0,54.6886,0
0,54.6987,0
0,54.7088,0
0,54.7189,0
0,54.729,0
0,54.7391,0
0,54.7492,0
0,54.7593,0
0,54.7694,0
0,54.7795,0
0,54.7896,0
0,54.7997,0
0,54.8097,0
0,54.8198,0
0,54.8299,0
0,54.84,0
0,54.8501,0
0,54.8601,0
0,54.8702,0
0,54.8803,0
0,54.8904,0
0,54.9005,0
0,54.9105,0
0,54.9206,0
0,54.9307,0
0,54.9408,0
0,54.9509,0
0,54.9609,0
0,54.971,0
0,54.9811,0
0,54.9912,0
0,55.0012,0
0,55.0113,0
0,55.0214,0
0,55.0315,0
0,55.0416,0
0,55.0517,0
0,55.0617,0
0,55.0718,0
0,55.0819,0
0,55.092,0
0,55.102,0
0,55.1121,0
0,55.1264,1
0,55.1376,1
0,55.1525,0
0,55.1626,0
0,55.1727,0
0,55.1828,0
0,55.1929,0
0,55.2031,0
0,55.2132,0
0,55.2248,0
0,55.2349,0
0,55.2451,0
0,55.2553,0
0,55.2653,0
0,55.2754,0
0,55.2855,0
0,55.2956,0
0,55.3057,0
0,55.3158,0
0,55.3258,0
0,55.3359,0
0,55.346,0
0,55.3561,0
0,55.3662,0
0,55.3762,0
0,55.387,0
0,55.3971,0
0,55.4071,0
0,55.4172,0
0,55.4282,0
0,55.4383,0
0,55.4483,0
0,55.4584,0
0,55.4685,0
0,55.4786,0
0,55.4886,0
0,55.4987,0
0,55.5088,0
0,55.5189,0
0,55.529,0
0,55.539,0
0,55.5491,0
0,55.5592,0
0,55.5693,0
0,55.5794,0
0,55.5894,0
0,55.5995,0
0,55.6096,0
0,55.6197,0
0,55.6311,1
0,55.6417,1
0,55.6535,0
0,55.6636,0
0,55.6737,0
0,55.6838,0
0,55.6939,0
0,55.7056,0
0,55.7157,0
0,55.7259,0
0,55.736,0
0,55.7461,0
0,55.7564,0
0,55.7666,0
0,55.7766,0
0,55.7867,0
0,55.7968,0
0,55.8069,0
0,55.817,0
0,55.8271,0
0,55.8372,0
0,55.8473,0
0,55.8574,0
0,55.8675,0
0,55.8776,0
0,55.8877,0
0,55.8978,0
0,55.9079,0
0,55.9179,0
0,55.928,0
0,55.9381,0
0,55.9486,0
0,55.9587,0
0,55.9688,0
0,55.9789,0
0,55.989,0
0,55.9991,0
0,56.0092,0
0,56.0193,0
0,56.0294,0
0,56.0395,0
0,56.0496,0
0,56.0597,0
0,56.0697,0
0,56.0798,0
0,56.0899,0
0,56.1,0
0,56.1101,0
0,56.1202,0
0,56.1339,1
0,56.1465,1
0,56.161,0
0,56.1711,0
0,56.1812,0
0,56.1913,0
0,56.2014,0
0,56.2116,0
0,56.2217,0
0,56.2319,0
0,56.2421,0
0,56.2522,0
0,56.2623,0
0,56.2724,0
0,56.2825,0
0,56.2926,0
0,56.3027,0
0,56.3127,0
0,56.3228,0
0,56.3329,0
0,56.343,0
0,56.3531,0
0,56.3632,0
0,56.3732,0
0,56.3833,0
0,56.3935,0
0,56.4036,0
0,56.4137,0
0,56.4238,0
0,56.4338,0
0,56.4439,0
0,56.454,0
0,56.4641,0
0,56.4741,0
0,56.4842,0
0,56.4943,0
0,56.5044,0
0,56.5145,0
0,56.5245,0
0,56.5346,0
0,56.5447,0
0,56.5548,0
0,56.5648,0
0,56.5749,0
0,56.585,0
0,56.5951,0
0,56.6052,0
0,56.6152,0
0,56.6253,0
0,56.6357,1
0,56.6472,1
0,56.6584,1
0,56.6694,0
0,56.6795,0
0,56.6896,0
0,56.6998,0
0,56.7099,0
0,56.7201,0
0,56.7302,0
0,56.7403,0
0,56.7504,0
0,56.7605,0
0,56.7707,0
0,56.7808,0
0,56.7908,0
0,56.8009,0
0,56.811,0
0,56.8211,0
0,56.8312,0
0,56.8412,0
0,56.8513,0
0,56.8614,0
0,56.8715,0
0,56.8816,0
0,56.8916,0
0,56.9021,0
0,56.9121,0
0,56.9222,0
0,56.9325,0
0,56.9426,0
0,56.9527,0
0,56.9628,0
0,56.9729,0
0,56.9829,0
0,56.993,0
0,57.0031,0
0,57.0132,0
0,57.0232,0
0,57.0333,0
0,57.0434,0
0,57.0535,0
0,57.0636,0
0,57.0736,0
0,57.0837,0
0,57.0938,0
0,57.1039,0
0,57.1139,0
0,57.124,0
0,57.1341,0
0,57.1461,1
0,57.1562,1
0,57.1668,1
0,57.1779,0
0,57.1879,0
0,57.198,0
0,57.2081,0
0,57.2183,0
0,57.23,0
0,57.2402,0
0,57.2504,0
0,57.2605,0
0,57.2706,0
0,57.2807,0
0,57.2908,0
0,57.3008,0
0,57.3109,0
0,57.321,0
0,57.3311,0
0,57.3412,0
0,57.3512,0
0,57.3613,0
0,57.3714,0
0,57.3815,0
0,57.3916,0
0,57.4017,0
0,57.4118,0
0,57.4218,0
0,57.4319,0
0,57.442,0
0,57.4521,0
0,57.4622,0
0,57.4722,0
0,57.4823,0
0,57.4924,0
0,57.5025,0
0,57.5125,0
0,57.5227,0
0,57.5327,0
0,57.5428,0
0,57.5529,0
0,57.563,0
0,57.5731,0
0,57.5831,0
0,57.5932,0
0,57.6033,0
0,57.6134,0
0,57.6235,0
0,57.6335,0
0,57.6473,1
0,57.6574,1
0,57.6698,1
0,57.6799,0
0,57.69,0
0,57.7001,0
0,57.7102,0
0,57.7203,0
0,57.7305,0
0,57.7406,0
0,57.7507,0
0,57.7609,0
0,57.771,0
0,57.781,0
0,57.7911,0
0,57.8012,0
0,57.8113,0
0,57.8214,0
0,57.8314,0
0,57.8415,0
0,57.8516,0
0,57.8617,0
0,57.8718,0
0,57.8818,0
0,57.8919,0
0,57.902,0
0,57.9121,0
0,57.9222,0
0,57.9323,0
0,57.9424,0
0,57.9525,0
0,57.9625,0
0,57.9726,0
0,57.9827,0
0,57.9928,0
0,58.0029,0
0,58.013,0
0,58.023,0
0,58.0331,0
0,58.0432,0
0,58.0533,0
0,58.0634,0
0,58.0734,0
0,58.0835,0
0,58.0936,0
0,58.1037,0
0,58.1138,0
0,58.1239,0
0,58.1339,0
0,58.1472,1
0,58.1572,1
0,58.1684,1
0,58.1827,1
0,58.1929,0
0,58.203,0
0,58.215,0
0,58.2252,0
0,58.2353,0
0,58.2454,0
0,58.2555,0
0,58.2656,0
0,58.2758,0
0,58.2859,0
0,58.2959,0
0,58.306,0
0,58.3161,0
0,58.3262,0
0,58.3363,0
0,58.3463,0
0,58.3564,0
0,58.3665,0
0,58.3766,0
0,58.3867,0
0,58.3967,0
0,58.4069,0
0,58.4169,0
0,58.427,0
0,58.4371,0
0,58.4472,0
0,58.4573,0
0,58.4673,0
0,58.4774,0
0,58.4875,0
0,58.4976,0
0,58.5077,0
0,58.5177,0
0,58.5278,0
0,58.5379,0
0,58.548,0
0,58.558,0
0,58.5681,0
0,58.5782,0
0,58.5883,0
0,58.5984,0
0,58.6085,0
0,58.6185,0
0,58.6286,0
0,58.6387,0
0,58.6488,1
0,58.6617,1
0,58.6746,1
0,58.688,0
0,58.6981,0
0,58.7082,0
0,58.7183,0
0,58.7285,0
0,58.7391,0
0,58.7491,0
0,58.7593,0
0,58.7694,0
0,58.7794,0
0,58.7895,0
0,58.7996,0
0,58.8097,0
0,58.8198,0
0,58.8298,0
0,58.8399,0
0,58.85,0
0,58.8601,0
0,58.8702,0
0,58.8802,0
0,58.8903,0
0,58.9004,0
0,58.9105,0
0,58.9206,0
0,58.9307,0
0,58.9408,0
0,58.9508,0
0,58.9609,0
0,58.971,0
0,58.9811,0
0,58.9912,0
0,59.0012,0
0,59.0113,0
0,59.0214,0
0,59.0315,0
0,59.0416,0
0,59.0516,0
0,59.0617,0
0,59.0718,0
0,59.0819,0
0,59.0919,0
0,59.102,0
0,59.1121,0
0,59.1222,0
0,59.1323,0
0,59.1423,0
0,59.1534,1
0,59.1658,1
0,59.1797,0
0,59.1898,0
0,59.1999,0
0,59.21,0
0,59.2201,0
0,59.2302,0
0,59.2419,0
0,59.252,0
0,59.2629,0
0,59.273,0
0,59.2832,0
0,59.2949,0
0,59.305,0
0,59.315,0
0,59.3251,0
0,59.3352,0
0,59.3454,0
0,59.3555,0
0,59.3656,0
0,59.3757,0
0,59.3858,0
0,59.3959,0
0,59.406,0
0,59.4162,0
0,59.4262,0
0,59.4363,0
0,59.4464,0
0,59.4565,0
0,59.4665,0
0,59.4766,0
0,59.4867,0
0,59.4968,0
0,59.5069,0
0,59.5169,0
0,59.527,0
0,59.5371,0
0,59.5472,0
0,59.5573,0
0,59.5673,0
0,59.5774,0
0,59.5875,0
0,59.5976,0
0,59.6077,0
0,59.6177,0
0,59.6278,0
0,59.6379,0
0,59.6492,1
0,59.6604,1
0,59.6727,1
0,59.6843,1
0,59.6945,0
0,59.7046,0
0,59.7147,0
0,59.7248,0
0,59.7349,0
0,59.7473,0
0,59.7575,0
0,59.7676,0
0,59.7882,0
0,59.8,0
0,59.8101,0
0,59.8224,0
0,59.8328,0
0,59.844,0
0,59.858,0
0,59.8712,0
0,59.8814,0
0,59.8914,0
0,59.9015,0
0,59.9116,0
0,59.9217,0
0,59.9327,0
0,59.9428,0
0,59.9553,0
0,59.9655,0
0,59.9756,0
0,59.9858,0
0,59.9962,0
0,60.0063,0
0,60.0165,0
0,60.0313,0
0,60.0421,0
0,60.0522,0
0,60.0623,0
0,60.0723,0
0,60.0824,0
0,60.0925,0
0,60.1026,0
0,60.1127,0
0,60.1227,0
0,60.1328,0
0,60.1429,0
0,60.1533,1
0,60.1634,1
0,60.1761,1
0,60.1872,0
0,60.1979,0
0,60.2089,0
0,60.2201,0
0,60.2306,0
0,60.2423,0
0,60.2525,0
0,60.2627,0
0,60.2751,0
0,60.2852,0
0,60.2953,0
0,60.3054,0
0,60.3155,0
0,60.3256,0
0,60.3357,0
0,60.3457,0
0,60.3558,0
0,60.3659,0
0,60.376,0
0,60.3861,0
0,60.3961,0
0,60.4066,0
0,60.4167,0
0,60.4268,0
0,60.4373,0
0,60.4473,0
0,60.4574,0
0,60.4675,0
0,60.4776,0
0,60.4877,0
0,60.4978,0
0,60.5078,0
0,60.5181,0
0,60.5281,0
0,60.5383,0
0,60.5483,0
0,60.5584,0
0,60.5685,0
0,60.5786,0
0,60.5887,0
0,60.5987,0
0,60.6088,0
0,60.6189,0
0,60.629,0
0,60.6391,0
0,60.6491,0
0,60.6619,1
0,60.675,1
0,60.6851,1
0,60.6997,0
0,60.7098,0
0,60.7199,0
0,60.73,0
0,60.7401,0
0,60.7503,0
0,60.7606,0
0,60.7707,0
0,60.7808,0
0,60.7909,0
0,60.801,0
0,60.8111,0
0,60.8212,0
0,60.8313,0
0,60.8414,0
0,60.8515,0
0,60.8616,0
0,60.8716,0
0,60.8817,0
0,60.8918,0
0,60.9019,0
0,60.912,0
0,60.922,0
0,60.9321,0
0,60.9422,0
0,60.9523,0
0,60.9624,0
0,60.9725,0
0,60.9826,0
0,60.9927,0
0,61.0027,0
0,61.0128,0
0,61.0229,0
0,61.033,0
0,61.0431,0
0,61.0531,0
0,61.0632,0
0,61.0733,0
0,61.0834,0
0,61.0934,0
0,61.1035,0
0,61.1136,0
0,61.1237,0
0,61.1338,0
0,61.1439,0
0,61.154,0
0,61.1671,1
0,61.1773,1
0,61.1884,1
0,61.1987,1
0,61.2254,0
0,61.24,0
0,61.2529,0
0,61.2631,0
0,61.2732,0
0,61.2839,0
0,61.294,0
0,61.3041,0
0,61.3142,0
0,61.3243,0
0,61.3344,0
0,61.3445,0
0,61.3546,0
0,61.3647,0
0,61.3748,0
0,61.3848,0
0,61.3949,0
0,61.405,0
0,61.4151,0
0,61.4252,0
0,61.4353,0
0,61.4454,0
0,61.4555,0
0,61.4655,0
0,61.4756,0
0,61.4857,0
0,61.4958,0
0,61.5058,0
0,61.5159,0
0,61.526,0
0,61.5361,0
0,61.5462,0
0,61.5562,0
0,61.5663,0
0,61.5764,0
0,61.5865,0
0,61.5966,0
0,61.6066,0
0,61.6167,0
0,61.6268,0
0,61.6369,0
0,61.647,0
0,61.657,0
0,61.6697,1
0,61.6798,1
0,61.6899,1
0,61.7033,0
0,61.7134,0
0,61.7235,0
0,61.7336,0
0,61.7437,0
0,61.7539,0
0,61.7641,0
0,61.7742,0
0,61.7844,0
0,61.7945,0
0,61.8046,0
0,61.8147,0
0,61.8248,0
0,61.8349,0
0,61.8449,0
0,61.855,0
0,61.8651,0
0,61.8752,0
0,61.8853,0
0,61.8954,0
0,61.9054,0
0,61.9155,0
0,61.9256,0
0,61.9357,0
0,61.946,0
0,61.9561,0
0,61.9662,0
0,61.9762,0
0,61.9863,0
0,61.9964,0
0,62.0065,0
0,62.0166,0
0,62.0266,0
0,62.0367,0
0,62.0468,0
0,62.0569,0
0,62.0669,0
0,62.077,0
0,62.0871,0
0,62.0972,0
0,62.1073,0
0,62.1173,0
0,62.1274,0
0,62.1375,0
0,62.1476,0
0,62.1577,0
0,62.1711,1
0,62.1812,1
0,62.1914,1
0,62.2015,0
0,62.2126,0
0,62.2227,0
0,62.2329,0
0,62.243,0
0,62.2547,0
0,62.2648,0
0,62.2749,0
0,62.285,0
0,62.2951,0
0,62.3052,0
0,62.3153,0
0,62.3254,0
0,62.3355,0
0,62.3456,0
0,62.3557,0
0,62.3657,0
0,62.3758,0
0,62.3859,0
0,62.396,0
0,62.4061,0
0,62.4162,0
0,62.4262,0
0,62.4363,0
0,62.4464,0
0,62.4565,0
0,62.4666,0
0,62.4767,0
0,62.4867,0
0,62.4968,0
0,62.5069,0
0,62.517,0
0,62.5271,0
0,62.5371,0
0,62.5472,0
0,62.5573,0
0,62.5674,0
0,62.5775,0
0,62.5876,0
0,62.5976,0
0,62.6077,0
0,62.6178,0
0,62.6279,0
0,62.638,0
0,62.6481,0
0,62.6581,0
0,62.6686,1
0,62.6816,1
0,62.6918,1
0,62.7034,1
0,62.7143,0
0,62.7244,0
0,62.7345,0
0,62.7446,0
0,62.7547,0
0,62.7648,0
0,62.7749,0
0,62.787,0
0,62.7971,0
0,62.8072,0
0,62.8174,0
0,62.8274,0
0,62.8375,0
0,62.8476,0
0,62.8577,0
0,62.8678,0
0,62.8778,0
0,62.8879,0
0,62.898,0
0,62.9081,0
0,62.9192,0
0,62.9293,0
0,62.9393,0
0,62.9494,0
0,62.9596,0
0,62.9696,0
0,62.9797,0
0,62.9898,0
0,62.9999,0
0,63.0099,0
0,63.02,0
0,63.0301,0
0,63.0402,0
0,63.0503,0
0,63.0603,0
0,63.0704,0
0,63.0805,0
0,63.0906,0
0,63.1006,0
0,63.1107,0
0,63.1208,0
0,63.1309,0
0,63.141,0
0,63.151,0
0,63.1611,0
0,63.175,1
0,63.1851,1
0,63.1955,1
0,63.2055,1
0,63.2192,0
0,63.2293,0
0,63.2394,0
0,63.2495,0
0,63.2596,0
0,63.2703,0
0,63.2804,0
0,63.2906,0
0,63.3007,0
0,63.3108,0
0,63.3209,0
0,63.331,0
0,63.341,0
0,63.3513,0
0,63.3619,0
0,63.372,0
0,63.3823,0
0,63.3924,0
0,63.4024,0
0,63.4125,0
0,63.4226,0
0,63.4327,0
0,63.4427,0
0,63.4528,0
0,63.4629,0
0,63.473,0
0,63.4831,0
0,63.4932,0
0,63.5033,0
0,63.5133,0
0,63.5234,0
0,63.5335,0
0,63.5436,0
0,63.5537,0
0,63.5638,0
0,63.5739,0
0,63.5839,0
0,63.5941,0
0,63.6042,0
0,63.6142,0
0,63.6243,0
0,63.6344,0
0,63.6445,0
0,63.6546,0
0,63.6646,0
0,63.6748,1
0,63.6852,1
0,63.6963,1
0,63.7091,1
0,63.7216,0
0,63.7328,0
0,63.7429,0
0,63.7551,0
0,63.7655,0
0,63.7756,0
0,63.7858,0
0,63.7959,0
0,63.806,0
0,63.8161,0
0,63.8262,0
0,63.8363,0
0,63.8464,0
0,63.8564,0
0,63.8665,0
0,63.8766,0
0,63.8867,0
0,63.8968,0
0,63.9068,0
0,63.9169,0
0,63.927,0
0,63.9371,0
0,63.9471,0
0,63.9572,0
0,63.9673,0
0,63.9774,0
0,63.9875,0
0,63.9975,0
0,64.0076,0
0,64.0177,0
0,64.0278,0
0,64.0379,0
0,64.0479,0
0,64.058,0
0,64.0681,0
0,64.0782,0
0,64.0883,0
0,64.0984,0
0,64.1085,0
0,64.1187,0
0,64.1288,0
0,64.1388,0
0,64.1489,0
0,64.159,0
0,64.1691,0
0,64.1795,1
0,64.1912,1
0,64.2026,1
0,64.2148,0
0,64.2249,0
0,64.235,0
0,64.2451,0
0,64.2552,0
0,64.2653,0
0,64.2791,0
0,64.2892,0
0,64.2993,0
0,64.3094,0
0,64.3195,0
0,64.3296,0
0,64.3397,0
0,64.3498,0
0,64.3599,0
0,64.3709,0
0,64.3813,0
0,64.3914,0
0,64.4015,0
0,64.4116,0
0,64.4222,0
0,64.4323,0
0,64.4424,0
0,64.4525,0
0,64.4626,0
0,64.4727,0
0,64.4827,0
0,64.4928,0
0,64.5029,0
0,64.513,0
0,64.5231,0
0,64.5331,0
0,64.5432,0
0,64.5533,0
0,64.5634,0
0,64.5735,0
0,64.5836,0
0,64.5936,0
0,64.6037,0
0,64.6138,0
0,64.6239,0
0,64.634,0
0,64.644,0
0,64.6541,0
0,64.6642,0
0,64.6743,0
0,64.6844,1
0,64.6958,1
0,64.7064,1
0,64.7164,1
0,64.7272,0
0,64.7373,0
0,64.7474,0
0,64.7575,0
0,64.7676,0
0,64.7777,0
0,64.7879,0
0,64.798,0
0,64.8081,0
0,64.8182,0
0,64.8283,0
0,64.8384,0
0,64.8485,0
0,64.8586,0
0,64.8686,0
0,64.8787,0
0,64.8888,0
0,64.8989,0
0,64.909,0
0,64.919,0
0,64.9291,0
0,64.9392,0
0,64.9493,0
0,64.9594,0
0,64.9694,0
0,64.9796,0
0,64.9896,0
0,64.9997,0
0,65.0098,0
0,65.0199,0
0,65.03,0
0,65.04,0
0,65.0501,0
0,65.0602,0
0,65.0703,0
0,65.0803,0
0,65.0904,0
0,65.1005,0
0,65.1106,0
0,65.1207,0
0,65.1307,0
0,65.1408,0
0,65.1509,0
0,65.161,0
0,65.1711,0
0,65.1812,1
0,65.1917,1
0,65.2028,1
0,65.2129,1
0,65.2246,1
0,65.2385,0
0,65.2486,0
0,65.2587,0
0,65.269,0
0,65.2811,0
0,65.2912,0
0,65.3013,0
0,65.3114,0
0,65.3215,0
0,65.3316,0
0,65.3417,0
0,65.3518,0
0,65.3618,0
0,65.3719,0
0,65.382,0
0,65.3921,0
0,65.4022,0
0,65.4123,0
0,65.4224,0
0,65.4329,0
0,65.443,0
0,65.4531,0
0,65.4632,0
0,65.4733,0
0,65.4834,0
0,65.4934,0
0,65.5035,0
0,65.5136,0
0,65.5237,0
0,65.5338,0
0,65.5438,0
0,65.5539,0
0,65.564,0
0,65.5741,0
0,65.5842,0
0,65.5942,0
0,65.6043,0
0,65.6144,0
0,65.6245,0
0,65.6346,0
0,65.6446,0
0,65.6547,0
0,65.6648,0
0,65.6749,0
0,65.685,1
0,65.6952,1
0,65.7056,1
0,65.7184,0
0,65.7285,0
0,65.7386,0
0,65.7511,0
0,65.7631,0
0,65.7732,0
0,65.7833,0
0,65.7934,0
0,65.8035,0
0,65.8136,0
0,65.8237,0
0,65.8338,0
0,65.8439,0
0,65.8539,0
0,65.864,0
0,65.8741,0
0,65.8842,0
0,65.8942,0
0,65.9043,0
0,65.9144,0
0,65.9245,0
0,65.9346,0
0,65.9447,0
0,65.9547,0
0,65.9648,0
0,65.9749,0
0,65.985,0
0,65.9951,0
0,66.0052,0
0,66.0152,0
0,66.0253,0
0,66.0354,0
0,66.0455,0
0,66.0556,0
0,66.0657,0
0,66.0757,0
0,66.0858,0
0,66.0959,0
0,66.106,0
0,66.1161,0
0,66.1261,0
0,66.1362,0
0,66.1463,0
0,66.1564,0
0,66.1665,0
0,66.1766,0
0,66.1871,1
0,66.1979,1
0,66.2081,1
0,66.2182,0
0,66.2292,0
0,66.2393,0
0,66.2494,0
0,66.2614,0
0,66.2715,0
0,66.2838,0
0,66.2939,0
0,66.304,0
0,66.3141,0
0,66.3242,0
0,66.3343,0
0,66.3444,0
0,66.3545,0
0,66.3646,0
0,66.3747,0
0,66.3848,0
0,66.3949,0
0,66.405,0
0,66.4151,0
0,66.4252,0
0,66.4353,0
0,66.4453,0
0,66.4554,0
0,66.4655,0
0,66.4756,0
0,66.4857,0
0,66.4958,0
0,66.5058,0
0,66.5159,0
0,66.526,0
0,66.5361,0
0,66.5462,0
0,66.5563,0
0,66.5663,0
0,66.5764,0
0,66.5865,0
0,66.5966,0
0,66.6067,0
0,66.6168,0
0,66.6268,0
0,66.6369,0
0,66.647,0
0,66.6571,0
0,66.6672,0
0,66.6773,0
0,66.6874,1
0,66.6974,1
0,66.7076,1
0,66.7181,0
0,66.7281,0
0,66.7392,0
0,66.7493,0
0,66.7595,0
0,66.7712,0
0,66.7813,0
0,66.7914,0
0,66.8015,0
0,66.8117,0
0,66.8218,0
0,66.8323,0
0,66.8424,0
0,66.8525,0
0,66.8626,0
0,66.8727,0
0,66.8828,0
0,66.8928,0
0,66.9029,0
0,66.913,0
0,66.9231,0
0,66.9332,0
0,66.9432,0
0,66.9533,0
0,66.9634,0
0,66.9735,0
0,66.9836,0
0,66.9937,0
0,67.0037,0
0,67.0139,0
0,67.0239,0
0,67.034,0
0,67.0441,0
0,67.0542,0
0,67.0643,0
0,67.0743,0
0,67.0844,0
0,67.0945,0
0,67.1046,0
0,67.1147,0
0,67.1248,0
0,67.1349,0
0,67.1449,0
0,67.155,0
0,67.1651,0
0,67.1752,0
0,67.1853,0
0,67.1962,1
0,67.2063,1
0,67.2216,0
0,67.232,0
0,67.2421,0
0,67.2522,0
0,67.2623,0
0,67.2724,0
0,67.2825,0
0,67.2927,0
0,67.3028,0
0,67.3129,0
0,67.3229,0
0,67.333,0
0,67.3431,0
0,67.3532,0
0,67.3633,0
0,67.3733,0
0,67.3834,0
0,67.3935,0
0,67.4036,0
0,67.4137,0
0,67.4238,0
0,67.4339,0
0,67.4439,0
0,67.454,0
0,67.4641,0
0,67.4742,0
0,67.4843,0
0,67.4944,0
0,67.5044,0
0,67.5145,0
0,67.5246,0
0,67.5347,0
0,67.5447,0
0,67.5548,0
0,67.5649,0
0,67.575,0
0,67.5851,0
0,67.5952,0
0,67.6052,0
0,67.6153,0
0,67.6254,0
0,67.6355,0
0,67.6456,0
0,67.6557,0
0,67.6657,0
0,67.6758,0
0,67.6859,0
0,67.6962,0
0,67.7063,1
0,67.7167,1
0,67.7296,1
0,67.7431,0
0,67.7532,0
0,67.7633,0
0,67.7734,0
0,67.7837,0
0,67.7938,0
0,67.8039,0
0,67.814,0
0,67.8246,0
0,67.8347,0
0,67.8447,0
0,67.8549,0
0,67.8649,0
0,67.875,0
0,67.8851,0
0,67.8952,0
0,67.9052,0
0,67.9153,0
0,67.9254,0
0,67.9355,0
0,67.9456,0
0,67.9557,0
0,67.9657,0
0,67.9758,0
0,67.9859,0
0,67.996,0
0,68.0061,0
0,68.0162,0
0,68.0263,0
0,68.0363,0
0,68.0464,0
0,68.0565,0
0,68.0666,0
0,68.0767,0
0,68.0867,0
0,68.0968,0
0,68.1069,0
0,68.117,0
0,68.127,0
0,68.1371,0
0,68.1472,0
0,68.1573,0
0,68.1673,0
0,68.1774,0
0,68.1875,0
0,68.1976,0
0,68.211,1
0,68.2232,1
0,68.2333,1
0,68.2434,1
0,68.2555,0
0,68.2656,0
0,68.2758,0
0,68.2859,0
0,68.2961,0
0,68.3062,0
0,68.3164,0
0,68.3265,0
0,68.3366,0
0,68.3467,0
0,68.3568,0
0,68.3669,0
0,68.3769,0
0,68.387,0
0,68.3971,0
0,68.4072,0
0,68.4173,0
0,68.4273,0
0,68.4398,0
0,68.4499,0
0,68.46,0
0,68.47,0
0,68.4801,0
0,68.4902,0
0,68.5003,0
0,68.5103,0
0,68.5204,0
0,68.5305,0
0,68.5406,0
0,68.5507,0
0,68.5607,0
0,68.5708,0
0,68.5809,0
0,68.591,0
0,68.6011,0
0,68.6112,0
0,68.6213,0
0,68.6313,0
0,68.6414,0
0,68.6515,0
0,68.6616,0
0,68.6717,0
0,68.6817,0
0,68.6918,0
0,68.7019,0
0,68.712,1
0,68.7223,1
0,68.7327,1
0,68.7433,0
0,68.7552,0
0,68.7653,0
0,68.7754,0
0,68.7855,0
0,68.7974,0
0,68.8075,0
0,68.8176,0
0,68.8277,0
0,68.8378,0
0,68.8479,0
0,68.858,0
0,68.8681,0
0,68.8782,0
0,68.8882,0
0,68.8983,0
0,68.9084,0
0,68.9191,0
0,68.9292,0
0,68.9393,0
0,68.9494,0
0,68.9594,0
0,68.9695,0
0,68.9796,0
0,68.9897,0
0,68.9998,0
0,69.0099,0
0,69.02,0
0,69.03,0
0,69.0401,0
0,69.0502,0
0,69.0603,0
0,69.0704,0
0,69.0804,0
0,69.0905,0
0,69.1006,0
0,69.1107,0
0,69.1208,0
0,69.1309,0
0,69.1409,0
0,69.151,0
0,69.1611,0
0,69.1712,0
0,69.1813,0
0,69.1913,0
0,69.2014,0
0,69.2145,1
0,69.2249,1
0,69.2381,1
0,69.2529,1
0,69.2632,0
0,69.2733,0
0,69.2833,0
0,69.2934,0
0,69.304,0
0,69.3142,0
0,69.3243,0
0,69.3344,0
0,69.3446,0
0,69.3547,0
0,69.3648,0
0,69.3749,0
0,69.385,0
0,69.3951,0
0,69.4052,0
0,69.4154,0
0,69.4254,0
0,69.4355,0
0,69.4456,0
0,69.4557,0
0,69.4659,0
0,69.4759,0
0,69.486,0
0,69.4961,0
0,69.5062,0
0,69.5163,0
0,69.5264,0
0,69.5364,0
0,69.5465,0
0,69.5566,0
0,69.5667,0
0,69.5768,0
0,69.5868,0
0,69.5969,0
0,69.607,0
0,69.6171,0
0,69.6271,0
0,69.6372,0
0,69.6473,0
0,69.6574,0
0,69.6675,0
0,69.6775,0
0,69.6876,0
0,69.6977,0
0,69.7078,0
0,69.7179,1
0,69.731,1
0,69.7411,1
0,69.7522,1
0,69.7623,0
0,69.7724,0
0,69.7825,0
0,69.7927,0
0,69.8028,0
0,69.813,0
0,69.8231,0
0,69.8332,0
0,69.8433,0
0,69.8534,0
0,69.8635,0
0,69.8735,0
0,69.8836,0
0,69.8937,0
0,69.9038,0
0,69.9139,0
0,69.9239,0
0,69.934,0
0,69.9441,0
0,69.9542,0
0,69.9643,0
0,69.9744,0
0,69.9844,0
0,69.9945,0
0,70.0046,0
0,70.0147,0
0,70.0248,0
0,70.0349,0
0,70.045,0
0,70.055,0
0,70.0651,0
0,70.0752,0
0,70.0853,0
0,70.0954,0
0,70.1054,0
0,70.1155,0
0,70.1256,0
0,70.1357,0
0,70.1458,0
0,70.1559,0
0,70.1659,0
0,70.176,0
0,70.1861,0
0,70.1962,0
0,70.2063,0
0,70.2191,1
0,70.2307,1
0,70.2421,1
0,70.2556,0
0,70.2657,0
0,70.2758,0
0,70.2859,0
0,70.296,0
0,70.3063,0
0,70.317,0
0,70.3271,0
0,70.3372,0
0,70.3473,0
0,70.3575,0
0,70.3676,0
0,70.3777,0
0,70.3877,0
0,70.3978,0
0,70.4079,0
0,70.418,0
0,70.4281,0
0,70.4382,0
0,70.4482,0
0,70.4583,0
0,70.4685,0
0,70.4786,0
0,70.4887,0
0,70.4988,0
0,70.5088,0
0,70.519,0
0,70.529,0
0,70.5391,0
0,70.5492,0
0,70.5593,0
0,70.5693,0
0,70.5794,0
0,70.5895,0
0,70.5996,0
0,70.6097,0
0,70.6197,0
0,70.6298,0
0,70.6399,0
0,70.65,0
0,70.6601,0
0,70.6701,0
0,70.6802,0
0,70.6903,0
0,70.7004,0
0,70.7105,0
0,70.7207,1
0,70.7308,1
0,70.7422,1
0,70.7525,1
0,70.7651,0
0,70.776,0
0,70.7861,0
0,70.7962,0
0,70.8086,0
0,70.8187,0
0,70.8288,0
0,70.839,0
0,70.8491,0
0,70.8592,0
0,70.8693,0
0,70.8794,0
0,70.8894,0
0,70.8995,0
0,70.9096,0
0,70.9197,0
0,70.9297,0
0,70.9398,0
0,70.9499,0
0,70.96,0
0,70.9701,0
0,70.9802,0
0,70.9902,0
0,71.0003,0
0,71.0104,0
0,71.0207,0
0,71.0308,0
0,71.0408,0
0,71.0509,0
0,71.061,0
0,71.0711,0
0,71.0811,0
0,71.0912,0
0,71.1013,0
0,71.1114,0
0,71.1215,0
0,71.1315,0
0,71.1416,0
0,71.1517,0
0,71.1618,0
0,71.1719,0
0,71.1819,0
0,71.192,0
0,71.2021,0
0,71.2122,0
0,71.2223,1
0,71.2343,1
0,71.2443,1
0,71.2615,0
0,71.2744,0
0,71.2845,0
0,71.2948,0
0,71.3049,0
0,71.3154,0
0,71.3255,0
0,71.3356,0
0,71.3457,0
0,71.3558,0
0,71.3659,0
0,71.376,0
0,71.3861,0
0,71.3962,0
0,71.4063,0
0,71.4164,0
0,71.4265,0
0,71.4366,0
0,71.4467,0
0,71.4575,0
0,71.4676,0
0,71.4777,0
0,71.4878,0
0,71.4979,0
0,71.508,0
0,71.5181,0
0,71.5282,0
0,71.5383,0
0,71.5484,0
0,71.5585,0
0,71.5686,0
0,71.5787,0
0,71.5888,0
0,71.5989,0
0,71.609,0
0,71.6191,0
0,71.6292,0
0,71.6393,0
0,71.6494,0
0,71.6595,0
0,71.6696,0
0,71.6796,0
0,71.6897,0
0,71.6998,0
0,71.7099,0
0,71.72,0
0,71.7302,1
0,71.7431,1
0,71.7556,1
0,71.7657,0
0,71.7758,0
0,71.7864,0
0,71.7965,0
0,71.8066,0
0,71.8167,0
0,71.8269,0
0,71.837,0
0,71.8471,0
0,71.858,0
0,71.8681,0
0,71.8782,0
0,71.8883,0
0,71.8984,0
0,71.9084,0
0,71.9192,0
0,71.9292,0
0,71.9393,0
0,71.9494,0
0,71.9595,0
0,71.9696,0
0,71.9797,0
0,71.9898,0
0,71.9998,0
0,72.0099,0
0,72.02,0
0,72.0301,0
0,72.0402,0
0,72.0503,0
0,72.0604,0
0,72.0705,0
0,72.0805,0
0,72.0906,0
0,72.1007,0
0,72.1108,0
0,72.1208,0
0,72.1309,0
0,72.141,0
0,72.1511,0
0,72.1612,0
0,72.1712,0
0,72.1813,0
0,72.1914,0
0,72.2015,0
0,72.2115,0
0,72.2216,0
0,72.2324,1
0,72.2428,1
0,72.2529,1
0,72.2675,0
0,72.2783,0
0,72.2884,0
0,72.3006,0
0,72.3108,0
0,72.321,0
0,72.3311,0
0,72.3412,0
0,72.3513,0
0,72.3614,0
0,72.3715,0
0,72.3816,0
0,72.3916,0
0,72.4017,0
0,72.4118,0
0,72.4219,0
0,72.432,0
0,72.442,0
0,72.4521,0
0,72.4622,0
0,72.4723,0
0,72.4824,0
0,72.4924,0
0,72.5026,0
0,72.5127,0
0,72.5228,0
0,72.5331,0
0,72.5431,0
0,72.5532,0
0,72.5633,0
0,72.5734,0
0,72.5834,0
0,72.5935,0
0,72.6036,0
0,72.6137,0
0,72.6238,0
0,72.6338,0
0,72.6439,0
0,72.654,0
0,72.6641,0
0,72.6741,0
0,72.6842,0
0,72.6943,0
0,72.7044,0
0,72.7145,0
0,72.7245,0
0,72.7348,1
0,72.7449,1
0,72.7551,1
0,72.7652,0
0,72.7753,0
0,72.7854,0
0,72.7955,0
0,72.8057,0
0,72.8158,0
0,72.8261,0
0,72.8363,0
0,72.8471,0
0,72.8573,0
0,72.8674,0
0,72.8775,0
0,72.8876,0
0,72.8977,0
0,72.9078,0
0,72.9179,0
0,72.928,0
0,72.9381,0
0,72.9481,0
0,72.9582,0
0,72.9683,0
0,72.9784,0
0,72.9885,0
0,72.9986,0
0,73.0086,0
0,73.0187,0
0,73.0288,0
0,73.0389,0
0,73.049,0
0,73.0591,0
0,73.0692,0
0,73.0792,0
0,73.0893,0
0,73.0994,0
0,73.1095,0
0,73.1196,0
0,73.1297,0
0,73.1398,0
0,73.1499,0
0,73.1599,0
0,73.17,0
0,73.1801,0
0,73.1902,0
0,73.2003,0
0,73.2104,0
0,73.2204,0
0,73.2308,1
0,73.2415,1
0,73.2516,1
0,73.2622,0
0,73.2735,0
0,73.2838,0
0,73.294,0
0,73.3041,0
0,73.3146,0
0,73.325,0
0,73.3351,0
0,73.3452,0
0,73.3553,0
0,73.3654,0
0,73.3755,0
0,73.3856,0
0,73.3957,0
0,73.4058,0
0,73.4158,0
0,73.4259,0
0,73.436,0
0,73.4461,0
0,73.4562,0
0,73.4663,0
0,73.4765,0
0,73.4866,0
0,73.4967,0
0,73.5067,0
0,73.5168,0
0,73.5269,0
0,73.537,0
0,73.5471,0
0,73.5572,0
0,73.5673,0
0,73.5774,0
0,73.5874,0
0,73.5975,0
0,73.6076,0
0,73.6177,0
0,73.6278,0
0,73.6378,0
0,73.6479,0
0,73.658,0
0,73.6681,0
0,73.6782,0
0,73.6882,0
0,73.6983,0
0,73.7084,0
0,73.7186,0
0,73.7287,0
0,73.7393,1
0,73.7503,1
0,73.7604,1
0,73.7713,1
0,73.7816,0
0,73.793,0
0,73.8031,0
0,73.8153,0
0,73.8255,0
0,73.8356,0
0,73.8457,0
0,73.8558,0
0,73.866,0
0,73.876,0
0,73.8861,0
0,73.8962,0
0,73.9063,0
0,73.9164,0
0,73.9265,0
0,73.9366,0
0,73.9467,0
0,73.9568,0
0,73.9668,0
0,73.9769,0
0,73.987,0
0,73.9971,0
0,74.0072,0
0,74.0172,0
0,74.0273,0
0,74.0374,0
0,74.0475,0
0,74.0576,0
0,74.0677,0
0,74.0777,0
0,74.0878,0
0,74.0979,0
0,74.108,0
0,74.1181,0
0,74.1281,0
0,74.1382,0
0,74.1483,0
0,74.1584,0
0,74.1684,0
0,74.1785,0
0,74.1886,0
0,74.1987,0
0,74.2088,0
0,74.2188,0
0,74.2289,0
0,74.2391,1
0,74.2499,1
0,74.26,1
0,74.271,0
0,74.2813,0
0,74.2919,0
0,74.3028,0
0,74.3146,0
0,74.3247,0
0,74.3348,0
0,74.3451,0
0,74.3552,0
0,74.3656,0
0,74.3759,0
0,74.386,0
0,74.3961,0
0,74.4063,0
0,74.4164,0
0,74.4265,0
0,74.4365,0
0,74.4466,0
0,74.4567,0
0,74.4668,0
0,74.4769,0
0,74.4869,0
0,74.497,0
0,74.5071,0
0,74.5172,0
0,74.5272,0
0,74.5374,0
0,74.5475,0
0,74.5575,0
0,74.5676,0
0,74.5777,0
0,74.5878,0
0,74.5979,0
0,74.608,0
0,74.618,0
0,74.6281,0
0,74.6382,0
0,74.6483,0
0,74.6584,0
0,74.6684,0
0,74.6785,0
0,74.6886,0
0,74.6987,0
0,74.7088,0
0,74.7188,0
0,74.7289,0
0,74.7391,1
0,74.7492,1
0,74.7592,1
0,74.7716,0
0,74.7828,0
0,74.7929,0
0,74.8031,0
0,74.8132,0
0,74.8235,0
0,74.8337,0
0,74.8438,0
0,74.8539,0
0,74.864,0
0,74.8742,0
0,74.8842,0
0,74.8943,0
0,74.9044,0
0,74.9145,0
0,74.9245,0
0,74.9346,0
0,74.9447,0
0,74.9548,0
0,74.9649,0
0,74.9749,0
0,74.985,0
0,74.9951,0
0,75.0052,0
0,75.0153,0
0,75.0254,0
0,75.0354,0
0,75.0455,0
0,75.0556,0
0,75.0657,0
0,75.0758,0
0,75.0859,0
0,75.0959,0
0,75.106,0
0,75.1161,0
0,75.1262,0
0,75.1363,0
0,75.1464,0
0,75.1564,0
0,75.1665,0
0,75.1766,0
0,75.1867,0
0,75.1968,0
0,75.2068,0
0,75.2169,0
0,75.227,0
0,75.2371,0
0,75.2483,1
0,75.2584,1
0,75.2685,1
0,75.2786,1
0,75.2886,1
0,75.2987,0
0,75.3091,0
0,75.3194,0
0,75.3295,0
0,75.3396,0
0,75.3498,0
0,75.3598,0
0,75.3699,0
0,75.3801,0
0,75.3902,0
0,75.4003,0
0,75.4104,0
0,75.4204,0
0,75.4306,0
0,75.4407,0
0,75.4508,0
0,75.4608,0
0,75.4709,0
0,75.481,0
0,75.4911,0
0,75.5012,0
0,75.5112,0
0,75.5214,0
0,75.5314,0
0,75.5415,0
0,75.5516,0
0,75.5617,0
0,75.5718,0
0,75.5819,0
0,75.592,0
0,75.6021,0
0,75.6121,0
0,75.6222,0
0,75.6323,0
0,75.6424,0
0,75.6525,0
0,75.6626,0
0,75.6727,0
0,75.6827,0
0,75.6928,0
0,75.7029,0
0,75.7129,0
0,75.723,0
0,75.7331,0
0,75.7435,1
0,75.7536,1
0,75.7653,1
0,75.7753,1
0,75.7873,0
0,75.7988,0
0,75.8089,0
0,75.819,0
0,75.8302,0
0,75.8403,0
0,75.8504,0
0,75.8605,0
0,75.8706,0
0,75.8807,0
0,75.8909,0
0,75.901,0
0,75.9111,0
0,75.9212,0
0,75.9313,0
0,75.9413,0
0,75.9514,0
0,75.9615,0
0,75.9716,0
0,75.9817,0
0,75.9917,0
0,76.0018,0
0,76.0119,0
0,76.022,0
0,76.032,0
0,76.0421,0
0,76.0522,0
0,76.0623,0
0,76.0724,0
0,76.0825,0
0,76.0926,0
0,76.1027,0
0,76.1127,0
0,76.1231,0
0,76.1332,0
0,76.1432,0
0,76.1533,0
0,76.1634,0
0,76.1735,0
0,76.1836,0
0,76.1937,0
0,76.2037,0
0,76.2138,0
0,76.2239,0
0,76.234,0
0,76.2441,0
0,76.2559,1
0,76.2675,1
0,76.2826,1
0,76.2927,0
0,76.3028,0
0,76.3129,0
0,76.323,0
0,76.3347,0
0,76.3448,0
0,76.355,0
0,76.3652,0
0,76.3753,0
0,76.3854,0
0,76.3955,0
0,76.4056,0
0,76.4157,0
0,76.4258,0
0,76.4358,0
0,76.4459,0
0,76.456,0
0,76.4661,0
0,76.4762,0
0,76.4862,0
0,76.4963,0
0,76.5064,0
0,76.5165,0
0,76.5265,0
0,76.5366,0
0,76.5467,0
0,76.5568,0
0,76.5669,0
0,76.577,0
0,76.5873,0
0,76.5974,0
0,76.6074,0
0,76.6175,0
0,76.6276,0
0,76.6377,0
0,76.6477,0
0,76.6578,0
0,76.6679,0
0,76.678,0
0,76.688,0
0,76.6981,0
0,76.7082,0
0,76.7183,0
0,76.7284,0
0,76.7384,0
0,76.7485,0
0,76.7587,1
0,76.7689,1
0,76.7792,1
0,76.7893,1
0,76.802,0
0,76.8122,0
0,76.8223,0
0,76.8368,0
0,76.8469,0
0,76.859,0
0,76.8692,0
0,76.8823,0
0,76.8924,0
0,76.9025,0
0,76.9126,0
0,76.9227,0
0,76.9328,0
0,76.9429,0
0,76.953,0
0,76.9631,0
0,76.9731,0
0,76.9832,0
0,76.9933,0
0,77.0034,0
0,77.0135,0
0,77.0236,0
0,77.0337,0
0,77.0437,0
0,77.0538,0
0,77.0639,0
0,77.074,0
0,77.0841,0
0,77.0942,0
0,77.1042,0
0,77.1143,0
0,77.1244,0
0,77.1345,0
0,77.1446,0
0,77.1547,0
0,77.1647,0
0,77.1748,0
0,77.1849,0
0,77.195,0
0,77.205,0
0,77.2151,0
0,77.2252,0
0,77.2353,0
0,77.2454,0
0,77.2592,1
0,77.2693,1
0,77.2796,1
0,77.2912,1
0,77.3062,0
0,77.3164,0
0,77.3265,0
0,77.3371,0
0,77.3472,0
0,77.3591,0
0,77.3692,0
0,77.3793,0
0,77.3894,0
0,77.3995,0
0,77.4095,0
0,77.4196,0
0,77.4297,0
0,77.4398,0
0,77.4498,0
0,77.4599,0
0,77.47,0
0,77.4801,0
0,77.4901,0
0,77.5002,0
0,77.5103,0
0,77.5204,0
0,77.5305,0
0,77.5405,0
0,77.5506,0
0,77.5607,0
0,77.5708,0
0,77.5809,0
0,77.591,0
0,77.6011,0
0,77.6112,0
0,77.6213,0
0,77.6314,0
0,77.6414,0
0,77.6515,0
0,77.6616,0
0,77.6717,0
0,77.6818,0
0,77.6919,0
0,77.7019,0
0,77.712,0
0,77.7221,0
0,77.7322,0
0,77.7423,0
0,77.7523,0
0,77.7626,1
0,77.7727,1
0,77.784,1
0,77.7953,0
0,77.8054,0
0,77.8155,0
0,77.827,0
0,77.8371,0
0,77.8482,0
0,77.8584,0
0,77.8686,0
0,77.8787,0
0,77.8888,0
0,77.8989,0
0,77.909,0
0,77.9195,0
0,77.9295,0
0,77.9396,0
0,77.9497,0
0,77.9598,0
0,77.9699,0
0,77.9799,0
0,77.99,0
0,78.0001,0
0,78.0102,0
0,78.0203,0
0,78.0304,0
0,78.0404,0
0,78.0505,0
0,78.0606,0
0,78.0707,0
0,78.081,0
0,78.0922,0
0,78.1023,0
0,78.1124,0
0,78.1224,0
0,78.1325,0
0,78.1426,0
0,78.1527,0
0,78.1628,0
0,78.1728,0
0,78.1829,0
0,78.193,0
0,78.2031,0
0,78.2132,0
0,78.2232,0
0,78.2333,0
0,78.2434,0
0,78.2535,0
0,78.2678,1
0,78.2779,1
0,78.2895,1
0,78.3053,1
0,78.3171,0
0,78.3272,0
0,78.3373,0
0,78.3475,0
0,78.3576,0
0,78.3677,0
0,78.3779,0
0,78.388,0
0,78.3981,0
0,78.4082,0
0,78.4183,0
0,78.4284,0
0,78.4385,0
0,78.4486,0
0,78.4586,0
0,78.4687,0
0,78.4788,0
0,78.4891,0
0,78.4992,0
0,78.5093,0
0,78.5194,0
0,78.5295,0
0,78.5396,0
0,78.5497,0
0,78.5597,0
0,78.5698,0
0,78.5799,0
0,78.59,0
0,78.6006,0
0,78.6107,0
0,78.6208,0
0,78.6309,0
0,78.641,0
0,78.6511,0
0,78.6612,0
0,78.6713,0
0,78.6813,0
0,78.6914,0
0,78.7015,0
0,78.7116,0
0,78.7216,0
0,78.7317,0
0,78.7418,0
0,78.7519,0
0,78.762,0
0,78.7733,1
0,78.7838,1
0,78.7939,1
0,78.8047,0
0,78.8148,0
0,78.8249,0
0,78.835,0
0,78.8451,0
0,78.8567,0
0,78.8668,0
0,78.877,0
0,78.8871,0
0,78.8974,0
0,78.9076,0
0,78.9177,0
0,78.9277,0
0,78.9379,0
0,78.9479,0
0,78.9581,0
0,78.9682,0
0,78.9792,0
0,78.9894,0
0,78.9995,0
0,79.0096,0
0,79.0197,0
0,79.0297,0
0,79.0398,0
0,79.0499,0
0,79.06,0
0,79.0701,0
0,79.0801,0
0,79.0902,0
0,79.1005,0
0,79.1108,0
0,79.1209,0
0,79.131,0
0,79.1411,0
0,79.1512,0
0,79.1613,0
0,79.1714,0
0,79.1814,0
0,79.1915,0
0,79.2016,0
0,79.2117,0
0,79.2218,0
0,79.2318,0
0,79.2419,0
0,79.252,0
0,79.2621,0
0,79.2722,1
0,79.2823,1
0,79.2952,1
0,79.3054,1
0,79.3168,0
0,79.3269,0
0,79.337,0
0,79.3472,0
0,79.3589,0
0,79.3715,0
0,79.3821,0
0,79.3923,0
0,79.4024,0
0,79.4125,0
0,79.4227,0
0,79.4328,0
0,79.4429,0
0,79.453,0
0,79.4631,0
0,79.4732,0
0,79.4833,0
0,79.4933,0
0,79.5034,0
0,79.5135,0
0,79.5236,0
0,79.5337,0
0,79.5438,0
0,79.5538,0
0,79.5639,0
0,79.574,0
0,79.5841,0
0,79.5942,0
0,79.6042,0
0,79.6144,0
0,79.6245,0
0,79.6346,0
0,79.6447,0
0,79.6547,0
0,79.6648,0
0,79.6749,0
0,79.685,0
0,79.6951,0
0,79.7051,0
0,79.7152,0
0,79.7253,0
0,79.7354,0
0,79.7455,0
0,79.7556,0
0,79.7656,0
0,79.7798,1
0,79.7915,1
0,79.8025,1
0,79.8133,0
0,79.8236,0
0,79.8359,0
0,79.8471,0
0,79.8573,0
0,79.8679,0
0,79.8781,0
0,79.8882,0
0,79.8984,0
0,79.9085,0
0,79.9186,0
0,79.9287,0
0,79.9388,0
0,79.9488,0
0,79.9589,0
0,79.969,0
0,79.9791,0
0,79.9891,0
0,79.9992,0
0,80.0093,0
0,80.0194,0
0,80.0295,0
0,80.0396,0
0,80.0496,0
0,80.0597,0
0,80.0698,0
0,80.0799,0
0,80.09,0
0,80.1,0
0,80.1101,0
0,80.1202,0
0,80.1303,0
0,80.1404,0
0,80.1505,0
0,80.1606,0
0,80.1706,0
0,80.1807,0
0,80.1908,0
0,80.2009,0
0,80.2109,0
0,80.221,0
0,80.2311,0
0,80.2412,0
0,80.2512,0
0,80.2613,0
0,80.2714,0
0,80.2815,1
0,80.2923,1
0,80.304,1
0,80.3162,0
0,80.3263,0
0,80.3364,0
0,80.3467,0
0,80.3568,0
0,80.3669,0
0,80.3771,0
0,80.3872,0
0,80.3973,0
0,80.4074,0
0,80.4175,0
0,80.4276,0
0,80.4376,0
0,80.4477,0
0,80.4578,0
0,80.4679,0
0,80.478,0
0,80.4881,0
0,80.4982,0
0,80.5083,0
0,80.5183,0
0,80.5284,0
0,80.5385,0
0,80.5486,0
0,80.5587,0
0,80.5687,0
0,80.5788,0
0,80.5889,0
0,80.599,0
0,80.6091,0
0,80.6192,0
0,80.6293,0
0,80.6394,0
0,80.6495,0
0,80.6596,0
0,80.6696,0
0,80.6797,0
0,80.6898,0
0,80.6999,0
0,80.71,0
0,80.7201,0
0,80.7301,0
0,80.7402,0
0,80.7503,0
0,80.7604,0
0,80.7705,0
0,80.7829,1
0,80.7933,1
0,80.805,1
0,80.8151,1
0,80.8252,0
0,80.8353,0
0,80.8454,0
0,80.8555,0
0,80.8672,0
0,80.8774,0
0,80.8875,0
0,80.8977,0
0,80.9078,0
0,80.9179,0
0,80.928,0
0,80.9381,0
0,80.9482,0
0,80.9583,0
0,80.9683,0
0,80.9784,0
0,80.9885,0
0,80.9986,0
0,81.0087,0
0,81.0187,0
0,81.0288,0
0,81.0389,0
0,81.049,0
0,81.059,0
0,81.0691,0
0,81.0792,0
0,81.0893,0
0,81.0994,0
0,81.1094,0
0,81.1195,0
0,81.1296,0
0,81.1397,0
0,81.1498,0
0,81.1599,0
0,81.17,0
0,81.1801,0
0,81.1901,0
0,81.2002,0
0,81.2103,0
0,81.2204,0
0,81.2305,0
0,81.2405,0
0,81.2506,0
0,81.2607,0
0,81.2708,0
0,81.281,1
0,81.292,1
0,81.3021,1
0,81.3137,1
0,81.3247,0
0,81.3348,0
0,81.3449,0
0,81.355,0
0,81.3653,0
0,81.3754,0
0,81.3855,0
0,81.3956,0
0,81.4058,0
0,81.4159,0
0,81.4259,0
0,81.436,0
0,81.4461,0
0,81.4562,0
0,81.4663,0
0,81.4763,0
0,81.4864,0
0,81.4965,0
0,81.5066,0
0,81.5167,0
0,81.5267,0
0,81.5368,0
0,81.5469,0
0,81.557,0
0,81.567,0
0,81.5771,0
0,81.5872,0
0,81.5973,0
0,81.6074,0
0,81.6174,0
0,81.6275,0
0,81.6376,0
0,81.6477,0
0,81.6578,0
0,81.6679,0
0,81.678,0
0,81.6881,0
0,81.6982,0
0,81.7082,0
0,81.7183,0
0,81.7284,0
0,81.7385,0
0,81.7486,0
0,81.7586,0
0,81.7687,0
0,81.7788,0
0,81.7892,1
0,81.8016,1
0,81.8117,1
0,81.8218,0
0,81.8319,0
0,81.842,0
0,81.855,0
0,81.8652,0
0,81.8755,0
0,81.8856,0
0,81.8958,0
0,81.9059,0
0,81.9162,0
0,81.9263,0
0,81.9364,0
0,81.9465,0
0,81.9566,0
0,81.9667,0
0,81.9768,0
0,81.9869,0
0,81.997,0
0,82.0071,0
0,82.0172,0
0,82.0272,0
0,82.0373,0
0,82.0474,0
0,82.0575,0
0,82.0675,0
0,82.0776,0
0,82.0877,0
0,82.0978,0
0,82.1079,0
0,82.118,0
0,82.128,0
0,82.1382,0
0,82.1483,0
0,82.1583,0
0,82.1684,0
0,82.1785,0
0,82.1886,0
0,82.1987,0
0,82.2087,0
0,82.2188,0
0,82.2289,0
0,82.239,0
0,82.2491,0
0,82.2591,0
0,82.2692,0
0,82.2793,0
0,82.2894,1
0,82.3002,1
0,82.3103,1
0,82.3288,0
0,82.3389,0
0,82.349,0
0,82.3592,0
0,82.3693,0
0,82.3798,0
0,82.3899,0
0,82.4,0
0,82.4101,0
0,82.4202,0
0,82.4303,0
0,82.4403,0
0,82.4504,0
0,82.4605,0
0,82.4706,0
0,82.4806,0
0,82.4907,0
0,82.5008,0
0,82.5109,0
0,82.521,0
0,82.531,0
0,82.5411,0
0,82.5512,0
0,82.5613,0
0,82.5714,0
0,82.5814,0
0,82.5915,0
0,82.6016,0
0,82.6117,0
0,82.6218,0
0,82.6318,0
0,82.6419,0
0,82.652,0
0,82.6621,0
0,82.6722,0
0,82.6823,0
0,82.6924,0
0,82.7025,0
0,82.7126,0
0,82.7227,0
0,82.7327,0
0,82.7428,0
0,82.7529,0
0,82.763,0
0,82.7731,0
0,82.7831,0
0,82.7932,1
0,82.8044,1
0,82.8154,1
0,82.829,0
0,82.8392,0
0,82.8494,0
0,82.8595,0
0,82.8696,0
0,82.8797,0
0,82.8899,0
0,82.9,0
0,82.9101,0
0,82.9202,0
0,82.9303,0
0,82.9403,0
0,82.9504,0
0,82.9605,0
0,82.9706,0
0,82.9806,0
0,82.9907,0
0,83.0008,0
0,83.0109,0
0,83.021,0
0,83.031,0
0,83.0411,0
0,83.0512,0
0,83.0613,0
0,83.0714,0
0,83.0814,0
0,83.0915,0
0,83.1016,0
0,83.1117,0
0,83.1217,0
0,83.1318,0
0,83.1421,0
0,83.1526,0
0,83.1627,0
0,83.1728,0
0,83.1829,0
0,83.1929,0
0,83.203,0
0,83.2131,0
0,83.2232,0
0,83.2333,0
0,83.2433,0
0,83.2534,0
0,83.2635,0
0,83.2736,0
0,83.2837,0
0,83.2938,1
0,83.3039,1
0,83.3142,1
0,83.3248,0
0,83.3349,0
0,83.345,0
0,83.3551,0
0,83.3653,0
0,83.3754,0
0,83.3855,0
0,83.3956,0
0,83.406,0
0,83.4162,0
0,83.4262,0
0,83.4363,0
0,83.4464,0
0,83.4565,0
0,83.4666,0
0,83.4767,0
0,83.4867,0
0,83.4968,0
0,83.5069,0
0,83.5175,0
0,83.5275,0
0,83.5376,0
0,83.5477,0
0,83.5578,0
0,83.5679,0
0,83.5779,0
0,83.588,0
0,83.5981,0
0,83.6082,0
0,83.6183,0
0,83.6283,0
0,83.6384,0
0,83.6485,0
0,83.6586,0
0,83.6687,0
0,83.6788,0
0,83.6889,0
0,83.6991,0
0,83.7092,0
0,83.7192,0
0,83.7293,0
0,83.7394,0
0,83.7495,0
0,83.7596,0
0,83.7696,0
0,83.7797,0
0,83.7898,0
0,83.7999,1
0,83.8129,1
0,83.8245,0
0,83.8345,0
0,83.8446,0
0,83.8547,0
0,83.8648,0
0,83.8749,0
0,83.8851,0
0,83.8985,0
0,83.9087,0
0,83.9215,0
0,83.9316,0
0,83.9417,0
0,83.9518,0
0,83.9618,0
0,83.9719,0
0,83.982,0
0,83.9921,0
0,84.0021,0
0,84.0122,0
0,84.0223,0
0,84.0324,0
0,84.0425,0
0,84.0525,0
0,84.0626,0
0,84.0727,0
0,84.0828,0
0,84.0929,0
0,84.1029,0
0,84.113,0
0,84.1231,0
0,84.1332,0
0,84.1433,0
0,84.1533,0
0,84.1634,0
0,84.1735,0
0,84.1836,0
0,84.1937,0
0,84.2038,0
0,84.2138,0
0,84.2239,0
0,84.234,0
0,84.2441,0
0,84.2542,0
0,84.2642,0
0,84.2743,0
0,84.2844,0
0,84.2947,0
0,84.3071,1
0,84.32,1
0,84.3301,1
0,84.3402,0
0,84.3504,0
0,84.3605,0
0,84.3706,0
0,84.3807,0
0,84.3912,0
0,84.4026,0
0,84.4127,0
0,84.4229,0
0,84.4336,0
0,84.4437,0
0,84.4538,0
0,84.4639,0
0,84.474,0
0,84.4841,0
0,84.4942,0
0,84.5043,0
0,84.5143,0
0,84.5244,0
0,84.5345,0
0,84.5446,0
0,84.5547,0
0,84.5647,0
0,84.5748,0
0,84.5849,0
0,84.595,0
0,84.6051,0
0,84.6152,0
0,84.6252,0
0,84.6353,0
0,84.6454,0
0,84.6555,0
0,84.6656,0
0,84.6757,0
0,84.6858,0
0,84.6958,0
0,84.7059,0
0,84.7161,0
0,84.7261,0
0,84.7362,0
0,84.7463,0
0,84.7564,0
0,84.7665,0
0,84.7766,0
0,84.7867,0
0,84.7968,0
0,84.8071,1
0,84.8173,1
0,84.8274,1
0,84.8384,0
0,84.8485,0
0,84.8587,0
0,84.8688,0
0,84.8789,0
0,84.889,0
0,84.8991,0
0,84.9093,0
0,84.9195,0
0,84.9296,0
0,84.9397,0
0,84.9498,0
0,84.9599,0
0,84.97,0
0,84.9801,0
0,84.9902,0
0,85.0002,0
0,85.0103,0
0,85.0204,0
0,85.0305,0
0,85.0406,0
0,85.0507,0
0,85.0607,0
0,85.0708,0
0,85.0809,0
0,85.091,0
0,85.1011,0
0,85.1111,0
0,85.1212,0
0,85.1313,0
0,85.1414,0
0,85.1515,0
0,85.1616,0
0,85.1717,0
0,85.1818,0
0,85.1919,0
0,85.2019,0
0,85.212,0
0,85.2221,0
0,85.2322,0
0,85.2423,0
0,85.2523,0
0,85.2624,0
0,85.2725,0
0,85.2826,0
0,85.2927,0
0,85.3031,1
0,85.3145,1
0,85.3264,1
0,85.3404,0
0,85.3512,0
0,85.3621,0
0,85.3722,0
0,85.3825,0
0,85.3926,0
0,85.4027,0
0,85.4128,0
0,85.423,0
0,85.4331,0
0,85.4432,0
0,85.4533,0
0,85.4634,0
0,85.4735,0
0,85.4836,0
0,85.4936,0
0,85.5037,0
0,85.5138,0
0,85.5239,0
0,85.534,0
0,85.544,0
0,85.5541,0
0,85.5641,0
0,85.5742,0
0,85.5843,0
0,85.5944,0
0,85.6045,0
0,85.6146,0
0,85.6246,0
0,85.6347,0
0,85.6448,0
0,85.6549,0
0,85.665,0
0,85.6751,0
0,85.6852,0
0,85.6952,0
0,85.7053,0
0,85.7154,0
0,85.7255,0
0,85.7356,0
0,85.7457,0
0,85.7558,0
0,85.7659,0
0,85.7759,0
0,85.786,0
0,85.7961,0
0,85.8103,1
0,85.8223,1
0,85.8324,1
0,85.8452,0
0,85.8558,0
0,85.8659,0
0,85.876,0
0,85.8865,0
0,85.8967,0
0,85.9068,0
0,85.9169,0
0,85.9282,0
0,85.9383,0
0,85.9483,0
0,85.9584,0
0,85.9685,0
0,85.9786,0
0,85.9886,0
0,85.9987,0
0,86.0088,0
0,86.0189,0
0,86.0289,0
0,86.039,0
0,86.0491,0
0,86.0592,0
0,86.0692,0
0,86.0793,0
0,86.0894,0
0,86.0995,0
0,86.1096,0
0,86.1196,0
0,86.1297,0
0,86.1398,0
0,86.1499,0
0,86.1599,0
0,86.17,0
0,86.1802,0
0,86.1903,0
0,86.2004,0
0,86.2105,0
0,86.2205,0
0,86.2306,0
0,86.2407,0
0,86.2508,0
0,86.2609,0
0,86.2709,0
0,86.281,0
0,86.2911,0
0,86.3012,0
0,86.3143,1
0,86.3308,1
0,86.3433,0
0,86.3592,0
0,86.3693,0
0,86.3793,0
0,86.3896,0
0,86.3997,0
0,86.4098,0
0,86.42,0
0,86.4301,0
0,86.4401,0
0,86.4502,0
0,86.4603,0
0,86.4704,0
0,86.4805,0
0,86.4906,0
0,86.5007,0
0,86.5107,0
0,86.5208,0
0,86.5309,0
0,86.5418,0
0,86.5518,0
0,86.5619,0
0,86.572,0
0,86.582,0
0,86.5921,0
0,86.6022,0
0,86.6123,0
0,86.6223,0
0,86.6324,0
0,86.6425,0
0,86.6526,0
0,86.6626,0
0,86.6727,0
0,86.6839,0
0,86.694,0
0,86.704,0
0,86.7141,0
0,86.7242,0
0,86.7343,0
0,86.7447,0
0,86.7548,0
0,86.7649,0
0,86.775,0
0,86.785,0
0,86.7951,0
0,86.8052,0
0,86.8184,1
0,86.8301,1
0,86.8407,0
0,86.8509,0
0,86.861,0
0,86.8711,0
0,86.8812,0
0,86.8913,0
0,86.9015,0
0,86.9116,0
0,86.9217,0
0,86.9318,0
0,86.9424,0
0,86.9525,0
0,86.9626,0
0,86.9727,0
0,86.9828,0
0,86.9929,0
0,87.003,0
0,87.0131,0
0,87.0231,0
0,87.0332,0
0,87.0433,0
0,87.0534,0
0,87.0635,0
0,87.0736,0
0,87.0837,0
0,87.0938,0
0,87.1039,0
0,87.114,0
0,87.124,0
0,87.1341,0
0,87.1442,0
0,87.1543,0
0,87.1644,0
0,87.1745,0
0,87.1846,0
0,87.1947,0
0,87.2048,0
0,87.2149,0
0,87.225,0
0,87.235,0
0,87.2451,0
0,87.2552,0
0,87.2653,0
0,87.2754,0
0,87.2855,0
0,87.2956,0
0,87.3057,0
0,87.3191,1
0,87.3293,1
0,87.3442,1
0,87.3598,1
0,87.3786,0
0,87.3889,0
0,87.403,0
0,87.4131,0
0,87.4233,0
0,87.4334,0
0,87.4435,0
0,87.4536,0
0,87.4637,0
0,87.4738,0
0,87.4838,0
0,87.4939,0
0,87.504,0
0,87.5141,0
0,87.5241,0
0,87.5342,0
0,87.545,0
0,87.5551,0
0,87.5651,0
0,87.5752,0
0,87.5853,0
0,87.5954,0
0,87.6055,0
0,87.6155,0
0,87.6256,0
0,87.6357,0
0,87.6458,0
0,87.6558,0
0,87.6659,0
0,87.676,0
0,87.6866,0
0,87.6966,0
0,87.7067,0
0,87.7168,0
0,87.7269,0
0,87.7369,0
0,87.747,0
0,87.7571,0
0,87.7672,0
0,87.7773,0
0,87.7874,0
0,87.7975,0
0,87.8076,0
0,87.8214,1
0,87.8316,1
0,87.8417,1
0,87.8559,0
0,87.866,0
0,87.878,0
0,87.8881,0
0,87.8985,0
0,87.9086,0
0,87.9187,0
0,87.9288,0
0,87.9389,0
0,87.9491,0
0,87.9591,0
0,87.9692,0
0,87.9793,0
0,87.9894,0
0,87.9995,0
0,88.0095,0
0,88.0196,0
0,88.0297,0
0,88.0398,0
0,88.0498,0
0,88.0599,0
0,88.07,0
0,88.0801,0
0,88.0901,0
0,88.1002,0
0,88.1103,0
0,88.1206,0
0,88.1306,0
0,88.1407,0
0,88.1507,0
0,88.1608,0
0,88.1709,0
0,88.181,0
0,88.1913,0
0,88.2014,0
0,88.2115,0
0,88.2215,0
0,88.2316,0
0,88.2417,0
0,88.2518,0
0,88.2618,0
0,88.2719,0
0,88.282,0
0,88.2921,0
0,88.3021,0
0,88.3122,0
0,88.3225,1
0,88.3327,1
0,88.3428,1
0,88.3567,1
0,88.3687,0
0,88.3788,0
0,88.3889,0
0,88.3991,0
0,88.41,0
0,88.4201,0
0,88.4302,0
0,88.4403,0
0,88.4505,0
0,88.4605,0
0,88.4706,0
0,88.4807,0
0,88.4908,0
0,88.5009,0
0,88.5109,0
0,88.521,0
0,88.5311,0
0,88.5412,0
0,88.5513,0
0,88.5614,0
0,88.5714,0
0,88.5815,0
0,88.5916,0
0,88.6017,0
0,88.6117,0
0,88.6218,0
0,88.6319,0
0,88.642,0
0,88.6521,0
0,88.6621,0
0,88.6722,0
0,88.6823,0
0,88.6924,0
0,88.7025,0
0,88.7126,0
0,88.7227,0
0,88.7328,0
0,88.7428,0
0,88.7529,0
0,88.763,0
0,88.7731,0
0,88.7832,0
0,88.7932,0
0,88.8033,0
0,88.8134,0
0,88.8257,1
0,88.836,1
0,88.848,1
0,88.8582,0
0,88.8692,0
0,88.8804,0
0,88.8932,0
0,88.9033,0
0,88.9134,0
0,88.9236,0
0,88.9337,0
0,88.9438,0
0,88.9539,0
0,88.964,0
0,88.974,0
0,88.9841,0
0,88.9942,0
0,89.0043,0
0,89.0144,0
0,89.0244,0
0,89.0345,0
0,89.0446,0
0,89.0547,0
0,89.0648,0
0,89.0749,0
0,89.0849,0
0,89.095,0
0,89.1051,0
0,89.1152,0
0,89.1253,0
0,89.1353,0
0,89.1457,0
0,89.1558,0
0,89.1659,0
0,89.176,0
0,89.186,0
0,89.1962,0
0,89.2062,0
0,89.2163,0
0,89.2264,0
0,89.2365,0
0,89.2466,0
0,89.2566,0
0,89.2667,0
0,89.2768,0
0,89.2869,0
0,89.297,0
0,89.3071,0
0,89.3171,0
0,89.3273,1
0,89.3387,1
0,89.3559,1
0,89.3716,0
0,89.3825,0
0,89.3929,0
0,89.4031,0
0,89.4133,0
0,89.4234,0
0,89.4336,0
0,89.4437,0
0,89.4538,0
0,89.464,0
0,89.4741,0
0,89.4842,0
0,89.4943,0
0,89.5044,0
0,89.5145,0
0,89.5246,0
0,89.5346,0
0,89.5447,0
0,89.5548,0
0,89.5649,0
0,89.5749,0
0,89.585,0
0,89.5951,0
0,89.6052,0
0,89.6152,0
0,89.6253,0
0,89.6354,0
0,89.6455,0
0,89.6556,0
0,89.6656,0
0,89.6757,0
0,89.6858,0
0,89.6959,0
0,89.706,0
0,89.7161,0
0,89.7261,0
0,89.7362,0
0,89.7463,0
0,89.7564,0
0,89.7664,0
0,89.7765,0
0,89.7866,0
0,89.7967,0
0,89.8068,0
0,89.8169,0
0,89.827,0
0,89.839,1
0,89.8492,1
0,89.8611,1
0,89.8712,0
0,89.8813,0
0,89.8914,0
0,89.9015,0
0,89.913,0
0,89.9256,0
0,89.9357,0
0,89.9462,0
0,89.9563,0
0,89.9664,0
0,89.9764,0
0,89.9865,0
0,89.9966,0
0,90.0067,0
0,90.0167,0
0,90.0268,0
0,90.0369,0
0,90.047,0
0,90.0571,0
0,90.0672,0
0,90.0772,0
0,90.0873,0
0,90.0974,0
0,90.1075,0
0,90.1175,0
0,90.1276,0
0,90.1377,0
0,90.1478,0
0,90.1579,0
0,90.168,0
0,90.178,0
0,90.1881,0
0,90.1982,0
0,90.2083,0
0,90.2184,0
0,90.2285,0
0,90.2385,0
0,90.2486,0
0,90.2587,0
0,90.2688,0
0,90.2789,0
0,90.289,0
0,90.299,0
0,90.3091,0
0,90.3192,0
0,90.3293,0
0,90.3398,1
0,90.3519,1
0,90.3636,0
0,90.3737,0
0,90.3849,0
0,90.395,0
0,90.4051,0
0,90.4152,0
0,90.4279,0
0,90.4381,0
0,90.4563,0
0,90.4687,0
0,90.4835,0
0,90.4952,0
0,90.5054,0
0,90.5155,0
0,90.5298,0
0,90.5409,0
0,90.5518,0
0,90.5641,0
0,90.5742,0
0,90.5848,0
0,90.5949,0
0,90.6051,0
0,90.6152,0
0,90.6254,0
0,90.6391,0
0,90.6511,0
0,90.6612,0
0,90.6713,0
0,90.6815,0
0,90.6916,0
0,90.7018,0
0,90.7151,0
0,90.7267,0
0,90.7373,0
0,90.7474,0
0,90.7575,0
0,90.7675,0
0,90.7776,0
0,90.7877,0
0,90.7978,0
0,90.8079,0
0,90.818,0
0,90.8281,0
0,90.8382,1
0,90.8483,1
0,90.8584,1
0,90.8695,0
0,90.8796,0
0,90.8897,0
0,90.8998,0
0,90.9099,0
0,90.92,0
0,90.9301,0
0,90.9403,0
0,90.9504,0
0,90.9607,0
0,90.9707,0
0,90.9808,0
0,90.9909,0
0,91.001,0
0,91.0111,0
0,91.0212,0
0,91.0312,0
0,91.0413,0
0,91.0514,0
0,91.0615,0
0,91.0716,0
0,91.0816,0
0,91.0917,0
0,91.1018,0
0,91.1119,0
0,91.122,0
0,91.1321,0
0,91.1422,0
0,91.1523,0
0,91.1623,0
0,91.1724,0
0,91.1825,0
0,91.1926,0
0,91.2027,0
0,91.2127,0
0,91.2229,0
0,91.2329,0
0,91.243,0
0,91.2531,0
0,91.2632,0
0,91.2733,0
0,91.2833,0
0,91.2934,0
0,91.3035,0
0,91.3136,0
0,91.3237,0
0,91.3337,0
0,91.3443,1
0,91.3543,1
0,91.3654,1
0,91.3785,0
0,91.3887,0
0,91.3988,0
0,91.4089,0
0,91.4192,0
0,91.4293,0
0,91.4395,0
0,91.4496,0
0,91.4597,0
0,91.4698,0
0,91.4799,0
0,91.49,0
0,91.5,0
0,91.5101,0
0,91.5202,0
0,91.5303,0
0,91.5404,0
0,91.5504,0
0,91.5605,0
0,91.5706,0
0,91.5807,0
0,91.5908,0
0,91.6008,0
0,91.6109,0
0,91.621,0
0,91.6311,0
0,91.6412,0
0,91.6512,0
0,91.6613,0
0,91.6714,0
0,91.6815,0
0,91.6916,0
0,91.7016,0
0,91.7117,0
0,91.7218,0
0,91.7319,0
0,91.742,0
0,91.7521,0
0,91.7622,0
0,91.7722,0
0,91.7823,0
0,91.7924,0
0,91.8025,0
0,91.8126,0
0,91.8226,0
0,91.833,0
0,91.8459,1
0,91.856,1
0,91.8661,1
0,91.8762,0
0,91.8863,0
0,91.8964,0
0,91.9065,0
0,91.9166,0
0,91.9267,0
0,91.9368,0
0,91.947,0
0,91.9571,0
0,91.9674,0
0,91.9775,0
0,91.9877,0
0,91.9977,0
0,92.0078,0
0,92.0179,0
0,92.028,0
0,92.0381,0
0,92.0481,0
0,92.0582,0
0,92.0683,0
0,92.0784,0
0,92.0885,0
0,92.0985,0
0,92.1086,0
0,92.1187,0
0,92.1288,0
0,92.1388,0
0,92.1489,0
0,92.159,0
0,92.1691,0
0,92.1792,0
0,92.1892,0
0,92.1993,0
0,92.2094,0
0,92.2195,0
0,92.2295,0
0,92.2397,0
0,92.2497,0
0,92.2598,0
0,92.2699,0
0,92.28,0
0,92.29,0
0,92.3001,0
0,92.3102,0
0,92.3203,0
0,92.3304,0
0,92.3405,0
0,92.352,1
0,92.3621,1
0,92.3722,1
0,92.3823,0
0,92.3933,0
0,92.4035,0
0,92.4136,0
0,92.4237,0
0,92.4339,0
0,92.444,0
0,92.454,0
0,92.4646,0
0,92.4747,0
0,92.4848,0
0,92.495,0
0,92.5051,0
0,92.5152,0
0,92.5253,0
0,92.5354,0
0,92.5455,0
0,92.5555,0
0,92.5656,0
0,92.5757,0
0,92.5858,0
0,92.5959,0
0,92.6059,0
0,92.616,0
0,92.6261,0
0,92.6362,0
0,92.6462,0
0,92.6563,0
0,92.6664,0
0,92.6765,0
0,92.6866,0
0,92.6966,0
0,92.7067,0
0,92.7168,0
0,92.7269,0
0,92.7369,0
0,92.7471,0
0,92.7571,0
0,92.7672,0
0,92.7773,0
0,92.7874,0
0,92.7975,0
0,92.8075,0
0,92.8176,0
0,92.8277,0
0,92.8378,0
0,92.8484,1
0,92.8585,1
0,92.8699,1
0,92.8808,1
0,92.8909,0
0,92.9032,0
0,92.9133,0
0,92.9234,0
0,92.9355,0
0,92.9457,0
0,92.9558,0
0,92.9659,0
0,92.976,0
0,92.9861,0
0,92.9962,0
0,93.0063,0
0,93.0164,0
0,93.0265,0
0,93.0366,0
0,93.0466,0
0,93.0567,0
0,93.0668,0
0,93.0769,0
0,93.087,0
0,93.097,0
0,93.1071,0
0,93.1172,0
0,93.1273,0
0,93.1374,0
0,93.1475,0
0,93.1575,0
0,93.1676,0
0,93.1777,0
0,93.1878,0
0,93.1979,0
0,93.2079,0
0,93.218,0
0,93.2281,0
0,93.2382,0
0,93.2483,0
0,93.2584,0
0,93.2685,0
0,93.2785,0
0,93.2886,0
0,93.2987,0
0,93.3088,0
0,93.3188,0
0,93.3289,0
0,93.339,0
0,93.3491,0
0,93.361,1
0,93.3754,1
0,93.387,0
0,93.3971,0
0,93.4073,0
0,93.4174,0
0,93.4275,0
0,93.4378,0
0,93.4479,0
0,93.4581,0
0,93.4689,0
0,93.479,0
0,93.4891,0
0,93.4992,0
0,93.5092,0
0,93.5196,0
0,93.5296,0
0,93.5397,0
0,93.5498,0
0,93.5599,0
0,93.5699,0
0,93.58,0
0,93.5901,0
0,93.6002,0
0,93.6103,0
0,93.6204,0
0,93.6304,0
0,93.6405,0
0,93.6506,0
0,93.6607,0
0,93.6708,0
0,93.6808,0
0,93.6909,0
0,93.701,0
0,93.7111,0
0,93.7212,0
0,93.7313,0
0,93.7413,0
0,93.7518,0
0,93.7619,0
0,93.772,0
0,93.7821,0
0,93.7922,0
0,93.8022,0
0,93.8123,0
0,93.8224,0
0,93.8325,0
0,93.8426,0
0,93.8527,0
0,93.8633,1
0,93.8751,1
0,93.8887,0
0,93.8988,0
0,93.909,0
0,93.9208,0
0,93.9309,0
0,93.941,0
0,93.9538,0
0,93.9661,0
0,93.9763,0
0,93.9864,0
0,93.9965,0
0,94.0066,0
0,94.0168,0
0,94.0268,0
0,94.0369,0
0,94.047,0
0,94.0571,0
0,94.0672,0
0,94.0772,0
0,94.0873,0
0,94.0974,0
0,94.1075,0
0,94.1176,0
0,94.1276,0
0,94.1377,0
0,94.1478,0
0,94.1579,0
0,94.168,0
0,94.1781,0
0,94.1881,0
0,94.1982,0
0,94.2083,0
0,94.2184,0
0,94.2285,0
0,94.2385,0
0,94.2486,0
0,94.2587,0
0,94.2688,0
0,94.2789,0
0,94.289,0
0,94.299,0
0,94.3091,0
0,94.3192,0
0,94.3293,0
0,94.3394,0
0,94.3495,0
0,94.3631,1
0,94.3732,1
0,94.3871,1
0,94.3972,1
0,94.4093,0
0,94.4194,0
0,94.4302,0
0,94.4403,0
0,94.4504,0
0,94.4605,0
0,94.4746,0
0,94.4848,0
0,94.4949,0
0,94.505,0
0,94.5151,0
0,94.5252,0
0,94.5391,0
0,94.5493,0
0,94.5593,0
0,94.5694,0
0,94.58,0
0,94.5901,0
0,94.6002,0
0,94.6103,0
0,94.6203,0
0,94.6304,0
0,94.6405,0
0,94.6506,0
0,94.6607,0
0,94.6707,0
0,94.6808,0
0,94.6909,0
0,94.701,0
0,94.7111,0
0,94.7212,0
0,94.7312,0
0,94.7413,0
0,94.7514,0
0,94.7615,0
0,94.7716,0
0,94.7817,0
0,94.7918,0
0,94.8018,0
0,94.8119,0
0,94.822,0
0,94.8321,0
0,94.8421,0
0,94.8522,0
0,94.8624,1
0,94.8735,1
0,94.8843,1
0,94.8945,1
0,94.9061,0
0,94.9167,0
0,94.9268,0
0,94.9369,0
0,94.9472,0
0,94.9573,0
0,94.9674,0
0,94.9776,0
0,94.9877,0
0,94.9978,0
0,95.0079,0
0,95.018,0
0,95.0281,0
0,95.0381,0
0,95.0482,0
0,95.0583,0
0,95.0684,0
0,95.0785,0
0,95.0885,0
0,95.0986,0
0,95.1087,0
0,95.1188,0
0,95.1289,0
0,95.1389,0
0,95.149,0
0,95.1591,0
0,95.1692,0
0,95.1792,0
0,95.1893,0
0,95.1994,0
0,95.2095,0
0,95.2195,0
0,95.2296,0
0,95.2397,0
0,95.2498,0
0,95.2598,0
0,95.27,0
0,95.28,0
0,95.2901,0
0,95.3002,0
0,95.3103,0
0,95.3204,0
0,95.3305,0
0,95.3406,0
0,95.3507,0
0,95.3608,0
0,95.371,1
0,95.3811,1
0,95.3922,1
0,95.4023,0
0,95.4124,0
0,95.4225,0
0,95.4325,0
0,95.4427,0
0,95.454,0
0,95.4648,0
0,95.4751,0
0,95.4852,0
0,95.4953,0
0,95.5055,0
0,95.5156,0
0,95.5257,0
0,95.5357,0
0,95.5458,0
0,95.5559,0
0,95.566,0
0,95.5761,0
0,95.5868,0
0,95.5968,0
0,95.6069,0
0,95.617,0
0,95.6271,0
0,95.6371,0
0,95.6472,0
0,95.6573,0
0,95.6674,0
0,95.6775,0
0,95.6875,0
0,95.6976,0
0,95.7077,0
0,95.7178,0
0,95.7279,0
0,95.738,0
0,95.748,0
0,95.7581,0
0,95.7682,0
0,95.7787,0
0,95.7888,0
0,95.7989,0
0,95.809,0
0,95.819,0
0,95.8291,0
0,95.8392,0
0,95.8493,0
0,95.8594,0
0,95.87,1
0,95.8803,1
0,95.8903,1
0,95.9041,1
0,95.9151,0
0,95.9252,0
0,95.9353,0
0,95.9455,0
0,95.9556,0
0,95.9658,0
0,95.9759,0
0,95.987,0
0,95.9976,0
0,96.0077,0
0,96.0178,0
0,96.0279,0
0,96.0379,0
0,96.048,0
0,96.0581,0
0,96.0682,0
0,96.0783,0
0,96.0883,0
0,96.0984,0
0,96.1085,0
0,96.1186,0
0,96.1287,0
0,96.1387,0
0,96.1488,0
0,96.1589,0
0,96.169,0
0,96.1791,0
0,96.1892,0
0,96.1992,0
0,96.2093,0
0,96.2194,0
0,96.2295,0
0,96.2396,0
0,96.2496,0
0,96.2597,0
0,96.2698,0
0,96.2799,0
0,96.29,0
0,96.3001,0
0,96.3101,0
0,96.3202,0
0,96.3303,0
0,96.3404,0
0,96.3504,0
0,96.3605,0
0,96.3706,1
0,96.3807,1
0,96.3923,1
0,96.4033,1
0,96.4153,0
0,96.4253,0
0,96.4358,0
0,96.4459,0
0,96.4574,0
0,96.4675,0
0,96.4778,0
0,96.4879,0
0,96.4981,0
0,96.5081,0
0,96.5182,0
0,96.5283,0
0,96.5384,0
0,96.5485,0
0,96.5586,0
0,96.5686,0
0,96.5787,0
0,96.5888,0
0,96.5989,0
0,96.609,0
0,96.619,0
0,96.6291,0
0,96.6392,0
0,96.6492,0
0,96.6593,0
0,96.6694,0
0,96.6795,0
0,96.6896,0
0,96.6996,0
0,96.7097,0
0,96.7198,0
0,96.7299,0
0,96.74,0
0,96.75,0
0,96.7601,0
0,96.7702,0
0,96.7803,0
0,96.7904,0
0,96.8005,0
0,96.8105,0
0,96.8206,0
0,96.8307,0
0,96.8408,0
0,96.8509,0
0,96.8609,0
0,96.8732,1
0,96.8843,1
0,96.8944,1
0,96.9066,0
0,96.9167,0
0,96.9268,0
0,96.9369,0
0,96.9475,0
0,96.9576,0
0,96.9677,0
0,96.9779,0
0,96.9884,0
0,96.9985,0
0,97.0086,0
0,97.0187,0
0,97.0288,0
0,97.0389,0
0,97.0489,0
0,97.059,0
0,97.0691,0
0,97.0792,0
0,97.0893,0
0,97.0994,0
0,97.1094,0
0,97.1195,0
0,97.1296,0
0,97.1397,0
0,97.1498,0
0,97.1599,0
0,97.1699,0
0,97.18,0
0,97.1901,0
0,97.2002,0
0,97.2103,0
0,97.2203,0
0,97.2304,0
0,97.2405,0
0,97.2506,0
0,97.2607,0
0,97.2707,0
0,97.2808,0
0,97.2909,0
0,97.301,0
0,97.3111,0
0,97.3213,0
0,97.3313,0
0,97.3414,0
0,97.3515,0
0,97.3616,0
0,97.3719,1
0,97.3822,1
0,97.4033,1
0,97.4134,0
0,97.4234,0
0,97.4335,0
0,97.4436,0
0,97.4538,0
0,97.4645,0
0,97.4747,0
0,97.4848,0
0,97.4949,0
0,97.5051,0
0,97.5153,0
0,97.5254,0
0,97.5354,0
0,97.5458,0
0,97.5559,0
0,97.5659,0
0,97.576,0
0,97.5861,0
0,97.5962,0
0,97.6063,0
0,97.6163,0
0,97.6264,0
0,97.6365,0
0,97.6466,0
0,97.6567,0
0,97.6667,0
0,97.6768,0
0,97.6869,0
0,97.697,0
0,97.707,0
0,97.7171,0
0,97.7272,0
0,97.7373,0
0,97.7474,0
0,97.7574,0
0,97.7675,0
0,97.7776,0
0,97.7877,0
0,97.7978,0
0,97.8079,0
0,97.8179,0
0,97.828,0
0,97.8381,0
0,97.8482,0
0,97.8582,0
0,97.8683,0
0,97.8791,1
0,97.8892,1
0,97.9004,1
0,97.9144,0
0,97.9271,0
0,97.9372,0
0,97.9476,0
0,97.9581,0
0,97.9683,0
0,97.9784,0
0,97.9885,0
0,97.9987,0
0,98.0104,0
0,98.0206,0
0,98.0307,0
0,98.0408,0
0,98.0508,0
0,98.0609,0
0,98.071,0
0,98.0811,0
0,98.0912,0
0,98.1013,0
0,98.1113,0
0,98.1214,0
0,98.1315,0
0,98.1416,0
0,98.1517,0
0,98.1617,0
0,98.1718,0
0,98.1819,0
0,98.192,0
0,98.2021,0
0,98.2121,0
0,98.2222,0
0,98.2323,0
0,98.2424,0
0,98.2525,0
0,98.2626,0
0,98.2726,0
0,98.2827,0
0,98.2928,0
0,98.3029,0
0,98.313,0
0,98.3231,0
0,98.3332,0
0,98.3433,0
0,98.3534,0
0,98.3635,0
0,98.3735,0
0,98.3861,1
0,98.3972,1
0,98.408,1
0,98.4277,0
0,98.4385,0
0,98.4486,0
0,98.4587,0
0,98.4688,0
0,98.479,0
0,98.4891,0
0,98.4992,0
0,98.5093,0
0,98.5194,0
0,98.5295,0
0,98.5396,0
0,98.5496,0
0,98.5597,0
0,98.5698,0
0,98.5799,0
0,98.59,0
0,98.6,0
0,98.6101,0
0,98.6202,0
0,98.6303,0
0,98.6404,0
0,98.6504,0
0,98.6605,0
0,98.6706,0
0,98.6807,0
0,98.6908,0
0,98.7008,0
0,98.7109,0
0,98.721,0
0,98.7311,0
0,98.7411,0
0,98.7512,0
0,98.7613,0
0,98.7714,0
0,98.7815,0
0,98.7915,0
0,98.8016,0
0,98.8117,0
0,98.8218,0
0,98.8319,0
0,98.8419,0
0,98.852,0
0,98.8621,0
0,98.8722,0
0,98.8823,0
0,98.895,1
0,98.9051,1
0,98.9172,0
0,98.9273,0
0,98.9374,0
0,98.9475,0
0,98.9586,0
0,98.9695,0
0,98.9796,0
0,98.9897,0
0,98.9998,0
0,99.0099,0
0,99.02,0
0,99.0301,0
0,99.0402,0
0,99.0503,0
0,99.0604,0
0,99.0705,0
0,99.0805,0
0,99.0906,0
0,99.1007,0
0,99.1108,0
0,99.1209,0
0,99.1309,0
0,99.141,0
0,99.1511,0
0,99.1612,0
0,99.1713,0
0,99.1813,0
0,99.1914,0
0,99.2015,0
0,99.2116,0
0,99.2216,0
0,99.2317,0
0,99.2418,0
0,99.2519,0
0,99.262,0
0,99.2721,0
0,99.2821,0
0,99.2922,0
0,99.3023,0
0,99.3127,0
0,99.3228,0
0,99.3328,0
0,99.3429,0
0,99.3531,0
0,99.3632,0
0,99.3733,0
0,99.3834,0
0,99.3935,1
0,99.4055,1
0,99.4162,1
0,99.4269,0
0,99.437,0
0,99.4483,0
0,99.4603,0
0,99.4704,0
0,99.4806,0
0,99.4909,0
0,99.5012,0
0,99.5113,0
0,99.5215,0
0,99.5328,0
0,99.5429,0
0,99.553,0
0,99.5631,0
0,99.5731,0
0,99.5832,0
0,99.5933,0
0,99.6034,0
0,99.6135,0
0,99.6236,0
0,99.6336,0
0,99.6437,0
0,99.6538,0
0,99.6639,0
0,99.674,0
0,99.684,0
0,99.6941,0
0,99.7042,0
0,99.7143,0
0,99.7243,0
0,99.7344,0
0,99.7445,0
0,99.7546,0
0,99.7646,0
0,99.7747,0
0,99.7848,0
0,99.7949,0
0,99.805,0
0,99.8151,0
0,99.8251,0
0,99.8352,0
0,99.8453,0
0,99.8554,0
0,99.8654,0
0,99.8755,0
0,99.8856,0
0,99.8976,1
0,99.9105,1
0,99.922,0
0,99.9322,0
0,99.9424,0
0,99.9527,0
0,99.9628,0
0,99.973,0
0,99.9838,0
0,99.9939,0
0,100.0041,0
0,100.0143,0
0,100.0244,0
0,100.0345,0
0,100.0446,0
0,100.0547,0
0,100.0647,0
0,100.0748,0
0,100.0849,0
0,100.095,0
0,100.1051,0
0,100.1152,0
0,100.1253,0
0,100.1353,0
0,100.1454,0
0,100.1555,0
0,100.1656,0
0,100.1756,0
0,100.1857,0
0,100.1958,0
0,100.2059,0
0,100.216,0
0,100.226,0
0,100.2361,0
0,100.2462,0
0,100.2563,0
0,100.2663,0
0,100.2764,0
0,100.2865,0
0,100.2966,0
0,100.3067,0
0,100.3185,0
0,100.3286,0
0,100.3387,0
0,100.3487,0
0,100.3588,0
0,100.3689,0
0,100.379,0
0,100.389,0
0,100.4003,1
0,100.4126,1
0,100.4227,1
0,100.4352,0
0,100.4454,0
0,100.4555,0
0,100.4667,0
0,100.4768,0
0,100.4871,0
0,100.4972,0
0,100.5074,0
0,100.5175,0
0,100.5276,0
0,100.5377,0
0,100.5478,0
0,100.5578,0
0,100.568,0
0,100.5781,0
0,100.5882,0
0,100.5982,0
0,100.6083,0
0,100.6184,0
0,100.6285,0
0,100.6385,0
0,100.6486,0
0,100.6587,0
0,100.6688,0
0,100.6789,0
0,100.6889,0
0,100.699,0
0,100.7091,0
0,100.7192,0
0,100.7293,0
0,100.7394,0
0,100.7495,0
0,100.7595,0
0,100.7696,0
0,100.7797,0
0,100.7898,0
0,100.7999,0
0,100.8099,0
0,100.8201,0
0,100.8301,0
0,100.8402,0
0,100.8503,0
0,100.8604,0
0,100.8705,0
0,100.8806,0
0,100.8906,0
0,100.9011,1
0,100.9113,1
0,100.9214,1
0,100.9315,0
0,100.9416,0
0,100.9517,0
0,100.9618,0
0,100.9719,0
0,100.9821,0
0,100.9922,0
0,101.0023,0
0,101.0124,0
0,101.0225,0
0,101.0326,0
0,101.0427,0
0,101.0528,0
0,101.0629,0
0,101.073,0
0,101.0831,0
0,101.0932,0
0,101.1033,0
0,101.1133,0
0,101.1234,0
0,101.1335,0
0,101.1436,0
0,101.1537,0
0,101.1637,0
0,101.1738,0
0,101.1839,0
0,101.194,0
0,101.204,0
0,101.2141,0
0,101.2242,0
0,101.2343,0
0,101.2444,0
0,101.2545,0
0,101.2645,0
0,101.2746,0
0,101.2847,0
0,101.2948,0
0,101.3048,0
0,101.3149,0
0,101.3251,0
0,101.3351,0
0,101.3452,0
0,101.3553,0
0,101.3654,0
0,101.3754,0
0,101.3855,0
0,101.3956,0
0,101.4062,1
0,101.4182,1
0,101.4283,1
0,101.4396,1
0,101.4497,0
0,101.4598,0
0,101.4699,0
0,101.48,0
0,101.4902,0
0,101.5004,0
0,101.5106,0
0,101.5212,0
0,101.5313,0
0,101.5414,0
0,101.5515,0
0,101.5616,0
0,101.5717,0
0,101.5818,0
0,101.5918,0
0,101.6019,0
0,101.612,0
0,101.6221,0
0,101.6322,0
0,101.6423,0
0,101.6523,0
0,101.6624,0
0,101.6725,0
0,101.6826,0
0,101.6927,0
0,101.7027,0
0,101.7128,0
0,101.7229,0
0,101.733,0
0,101.743,0
0,101.7531,0
0,101.7632,0
0,101.7733,0
0,101.7834,0
0,101.7934,0
0,101.8035,0
0,101.8136,0
0,101.8237,0
0,101.8338,0
0,101.8439,0
0,101.854,0
0,101.864,0
0,101.8741,0
0,101.8842,0
0,101.8943,0
0,101.9071,1
0,101.9176,1
0,101.9277,1
0,101.9429,1
0,101.9531,0
0,101.9632,0
0,101.9733,0
0,101.9834,0
0,101.9936,0
0,102.0037,0
0,102.0138,0
0,102.0239,0
0,102.034,0
0,102.0441,0
0,102.0541,0
0,102.0642,0
0,102.0744,0
0,102.0845,0
0,102.0945,0
0,102.1046,0
0,102.1147,0
0,102.1248,0
0,102.1348,0
0,102.1449,0
0,102.155,0
0,102.1651,0
0,102.1752,0
0,102.1852,0
0,102.1953,0
0,102.2054,0
0,102.2155,0
0,102.2256,0
0,102.2356,0
0,102.2457,0
0,102.2558,0
0,102.266,0
0,102.2761,0
0,102.2862,0
0,102.2963,0
0,102.3064,0
0,102.3164,0
0,102.3265,0
0,102.3366,0
0,102.3467,0
0,102.3568,0
0,102.3669,0
0,102.3769,0
0,102.387,0
0,102.3971,0
0,102.4072,1
0,102.419,1
0,102.4293,1
0,102.4399,0
0,102.45,0
0,102.4601,0
0,102.4702,0
0,102.4803,0
0,102.4933,0
0,102.5034,0
0,102.5135,0
0,102.5237,0
0,102.5338,0
0,102.5438,0
0,102.5539,0
0,102.5641,0
0,102.5742,0
0,102.5843,0
0,102.5944,0
0,102.6045,0
0,102.6146,0
0,102.6247,0
0,102.6348,0
0,102.6449,0
0,102.6549,0
0,102.6651,0
0,102.6752,0
0,102.6853,0
0,102.6954,0
0,102.7055,0
0,102.7156,0
0,102.7257,0
0,102.7358,0
0,102.7459,0
0,102.7559,0
0,102.7661,0
0,102.7762,0
0,102.7863,0
0,102.7964,0
0,102.8065,0
0,102.8165,0
0,102.8266,0
0,102.8367,0
0,102.8468,0
0,102.8569,0
0,102.867,0
0,102.8771,0
0,102.8872,0
0,102.8973,0
0,102.9074,0
0,102.9192,1
0,102.931,1
0,102.9414,1
0,102.9553,1
0,102.9662,1
0,102.9771,0
0,102.9872,0
0,102.9973,0
0,103.0074,0
0,103.0176,0
0,103.0312,0
0,103.0414,0
0,103.0515,0
0,103.0616,0
0,103.0717,0
0,103.0818,0
0,103.0924,0
0,103.1025,0
0,103.1126,0
0,103.1227,0
0,103.1327,0
0,103.1428,0
0,103.1529,0
0,103.163,0
0,103.1731,0
0,103.1831,0
0,103.1932,0
0,103.2033,0
0,103.2134,0
0,103.2236,0
0,103.2337,0
0,103.2437,0
0,103.2538,0
0,103.2639,0
0,103.274,0
0,103.2841,0
0,103.2941,0
0,103.3042,0
0,103.3143,0
0,103.3244,0
0,103.3344,0
0,103.3446,0
0,103.3546,0
0,103.3647,0
0,103.3748,0
0,103.3849,0
0,103.395,0
0,103.405,0
0,103.4154,0
0,103.4259,1
0,103.4362,1
0,103.4471,1
0,103.4572,1
0,103.4673,0
0,103.4774,0
0,103.4875,0
0,103.4977,0
0,103.5078,0
0,103.5179,0
0,103.528,0
0,103.5381,0
0,103.5482,0
0,103.5583,0
0,103.5684,0
0,103.5785,0
0,103.5886,0
0,103.5987,0
0,103.6087,0
0,103.6188,0
0,103.6289,0
0,103.639,0
0,103.649,0
0,103.6591,0
0,103.6692,0
0,103.6793,0
0,103.6894,0
0,103.6995,0
0,103.7095,0
0,103.7196,0
0,103.7297,0
0,103.7398,0
0,103.7499,0
0,103.76,0
0,103.77,0
0,103.7801,0
0,103.7902,0
0,103.8003,0
0,103.8104,0
0,103.8204,0
0,103.8305,0
0,103.8406,0
0,103.8507,0
0,103.8608,0
0,103.8709,0
0,103.8809,0
0,103.891,0
0,103.9011,0
0,103.9112,0
0,103.9231,1
0,103.9332,1
0,103.9435,1
0,103.9555,0
0,103.9656,0
0,103.9757,0
0,103.9858,0
0,103.9963,0
0,104.0064,0
0,104.0165,0
0,104.0267,0
0,104.0368,0
0,104.0469,0
0,104.0569,0
0,104.067,0
0,104.0771,0
0,104.0872,0
0,104.0973,0
0,104.1074,0
0,104.1175,0
0,104.1276,0
0,104.1376,0
0,104.1477,0
0,104.1578,0
0,104.1679,0
0,104.1779,0
0,104.188,0
0,104.1981,0
0,104.2082,0
0,104.2183,0
0,104.2284,0
0,104.2384,0
0,104.2485,0
0,104.2586,0
0,104.2687,0
0,104.2787,0
0,104.2888,0
0,104.2989,0
0,104.309,0
0,104.3191,0
0,104.3292,0
0,104.3393,0
0,104.3494,0
0,104.3596,0
0,104.3696,0
0,104.3798,0
0,104.3899,0
0,104.4,0
0,104.4101,0
0,104.4203,0
0,104.4304,1
0,104.4404,1
0,104.4505,1
0,104.463,0
0,104.474,0
0,104.4841,0
0,104.4941,0
0,104.5043,0
0,104.5144,0
0,104.5246,0
0,104.5347,0
0,104.5448,0
0,104.5549,0
0,104.565,0
0,104.5751,0
0,104.5852,0
0,104.5953,0
0,104.6053,0
0,104.6154,0
0,104.6255,0
0,104.6356,0
0,104.6457,0
0,104.6558,0
0,104.6658,0
0,104.6759,0
0,104.686,0
0,104.6961,0
0,104.7061,0
0,104.7162,0
0,104.7263,0
0,104.7364,0
0,104.7465,0
0,104.7566,0
0,104.7666,0
0,104.7767,0
0,104.7868,0
0,104.7969,0
0,104.807,0
0,104.817,0
0,104.8271,0
0,104.8372,0
0,104.8473,0
0,104.8574,0
0,104.8675,0
0,104.8775,0
0,104.8876,0
0,104.8977,0
0,104.9078,0
0,104.9179,0
0,104.928,0
0,104.9381,1
0,104.9488,1
0,104.9589,1
0,104.9712,0
0,104.9813,0
0,104.9914,0
0,105.0015,0
0,105.0116,0
0,105.0227,0
0,105.0351,0
0,105.0452,0
0,105.0553,0
0,105.0654,0
0,105.0755,0
0,105.0856,0
0,105.0957,0
0,105.1057,0
0,105.1158,0
0,105.126,0
0,105.1361,0
0,105.1461,0
0,105.1562,0
0,105.1663,0
0,105.1764,0
0,105.1865,0
0,105.1965,0
0,105.2066,0
0,105.2167,0
0,105.2268,0
0,105.2369,0
0,105.247,0
0,105.257,0
0,105.2671,0
0,105.2772,0
0,105.2873,0
0,105.2974,0
0,105.3074,0
0,105.3175,0
0,105.3276,0
0,105.3377,0
0,105.3478,0
0,105.3579,0
0,105.368,0
0,105.378,0
0,105.3881,0
0,105.3982,0
0,105.4083,0
0,105.4184,0
0,105.4285,0
0,105.443,1
0,105.4531,1
0,105.4632,1
0,105.475,0
0,105.4851,0
0,105.4954,0
0,105.5055,0
0,105.5156,0
0,105.5258,0
0,105.5359,0
0,105.546,0
0,105.5562,0
0,105.5663,0
0,105.5764,0
0,105.5865,0
0,105.5966,0
0,105.6066,0
0,105.6167,0
0,105.6268,0
0,105.6369,0
0,105.647,0
0,105.6571,0
0,105.6671,0
0,105.6772,0
0,105.6873,0
0,105.6974,0
0,105.7075,0
0,105.7175,0
0,105.7276,0
0,105.7377,0
0,105.7478,0
0,105.7579,0
0,105.7679,0
0,105.778,0
0,105.7881,0
0,105.7982,0
0,105.8083,0
0,105.8183,0
0,105.8284,0
0,105.8385,0
0,105.8486,0
0,105.8587,0
0,105.8688,0
0,105.8788,0
0,105.8889,0
0,105.899,0
0,105.9091,0
0,105.9192,0
0,105.9293,0
0,105.9442,1
0,105.9562,1
0,105.9662,1
0,105.9763,0
0,105.9864,0
0,105.9965,0
0,106.0066,0
0,106.0167,0
0,106.0269,0
0,106.0371,0
0,106.0472,0
0,106.0573,0
0,106.0674,0
0,106.0775,0
0,106.0876,0
0,106.0977,0
0,106.1078,0
0,106.1179,0
0,106.128,0
0,106.1381,0
0,106.1482,0
0,106.1583,0
0,106.1684,0
0,106.1784,0
0,106.1885,0
0,106.1986,0
0,106.2087,0
0,106.2187,0
0,106.2288,0
0,106.2389,0
0,106.249,0
0,106.2591,0
0,106.2691,0
0,106.2792,0
0,106.2893,0
0,106.2994,0
0,106.3095,0
0,106.3195,0
0,106.3296,0
0,106.3397,0
0,106.3498,0
0,106.3599,0
0,106.3702,0
0,106.3803,0
0,106.3906,0
0,106.4007,0
0,106.4107,0
0,106.4208,0
0,106.4309,0
0,106.441,1
0,106.451,1
0,106.4611,1
0,106.4713,1
0,106.4863,0
0,106.4964,0
0,106.5065,0
0,106.5166,0
0,106.5268,0
0,106.5369,0
0,106.547,0
0,106.5571,0
0,106.5672,0
0,106.5773,0
0,106.5874,0
0,106.5974,0
0,106.6075,0
0,106.6176,0
0,106.6277,0
0,106.6378,0
0,106.6478,0
0,106.6579,0
0,106.668,0
0,106.6781,0
0,106.6882,0
0,106.6982,0
0,106.7083,0
0,106.7185,0
0,106.7286,0
0,106.7386,0
0,106.7487,0
0,106.7588,0
0,106.7689,0
0,106.779,0
0,106.7891,0
0,106.7991,0
0,106.8092,0
0,106.8193,0
0,106.8294,0
0,106.8395,0
0,106.8496,0
0,106.8596,0
0,106.8697,0
0,106.8798,0
0,106.8899,0
0,106.9,0
0,106.9101,0
0,106.9202,0
0,106.9302,0
0,106.9403,0
0,106.9511,1
0,106.9614,1
0,106.9716,1
0,106.9818,1
0,106.9919,0
0,107.002,0
0,107.0121,0
0,107.0222,0
0,107.0348,0
0,107.0467,0
0,107.0569,0
0,107.067,0
0,107.0771,0
0,107.0872,0
0,107.0973,0
0,107.1074,0
0,107.1175,0
0,107.1275,0
0,107.1376,0
0,107.1477,0
0,107.1578,0
0,107.1679,0
0,107.178,0
0,107.188,0
0,107.1981,0
0,107.2082,0
0,107.2183,0
0,107.2284,0
0,107.2385,0
0,107.2501,0
0,107.2602,0
0,107.2703,0
0,107.2804,0
0,107.2904,0
0,107.3005,0
0,107.3106,0
0,107.3207,0
0,107.3308,0
0,107.3409,0
0,107.351,0
0,107.361,0
0,107.3711,0
0,107.3812,0
0,107.3913,0
0,107.4014,0
0,107.4114,0
0,107.4215,0
0,107.4316,0
0,107.4417,0
0,107.4535,1
0,107.4638,1
0,107.4747,1
0,107.4851,1
0,107.4952,1
0,107.5089,0
0,107.519,0
0,107.5291,0
0,107.5393,0
0,107.5496,0
0,107.5597,0
0,107.5705,0
0,107.5806,0
0,107.5907,0
0,107.6007,0
0,107.6108,0
0,107.6209,0
0,107.631,0
0,107.6411,0
0,107.6512,0
0,107.6612,0
0,107.6713,0
0,107.6814,0
0,107.6915,0
0,107.7015,0
0,107.7116,0
0,107.7217,0
0,107.7318,0
0,107.7419,0
0,107.7519,0
0,107.762,0
0,107.7721,0
0,107.7822,0
0,107.7923,0
0,107.8023,0
0,107.8124,0
0,107.8225,0
0,107.8326,0
0,107.8427,0
0,107.8527,0
0,107.8628,0
0,107.8729,0
0,107.883,0
0,107.8931,0
0,107.9032,0
0,107.9133,0
0,107.9234,0
0,107.9335,0
0,107.9436,0
0,107.9537,1
0,107.9658,1
0,107.9797,1
0,107.9912,0
0,108.0051,0
0,108.0162,0
0,108.0278,0
0,108.0379,0
0,108.0481,0
0,108.0582,0
0,108.0684,0
0,108.0785,0
0,108.0886,0
0,108.0987,0
0,108.1111,0
0,108.1212,0
0,108.1313,0
0,108.1414,0
0,108.1514,0
0,108.1615,0
0,108.1716,0
0,108.1817,0
0,108.1918,0
0,108.2019,0
0,108.2119,0
0,108.222,0
0,108.2321,0
0,108.2422,0
0,108.2528,0
0,108.2629,0
0,108.273,0
0,108.2831,0
0,108.2932,0
0,108.3032,0
0,108.3133,0
0,108.3234,0
0,108.3335,0
0,108.3436,0
0,108.3536,0
0,108.3637,0
0,108.3738,0
0,108.3839,0
0,108.394,0
0,108.4041,0
0,108.4141,0
0,108.4242,0
0,108.4343,0
0,108.4444,0
0,108.4548,1
0,108.4649,1
0,108.476,1
0,108.4861,1
0,108.4984,0
0,108.5085,0
0,108.5186,0
0,108.5287,0
0,108.5394,0
0,108.5496,0
0,108.5597,0
0,108.5698,0
0,108.5799,0
0,108.59,0
0,108.6001,0
0,108.6102,0
0,108.6203,0
0,108.6304,0
0,108.6405,0
0,108.6505,0
0,108.6606,0
0,108.6707,0
0,108.6808,0
0,108.6909,0
0,108.701,0
0,108.7111,0
0,108.7212,0
0,108.7312,0
0,108.7413,0
0,108.7514,0
0,108.7615,0
0,108.7715,0
0,108.7816,0
0,108.7917,0
0,108.8018,0
0,108.8119,0
0,108.8219,0
0,108.832,0
0,108.8421,0
0,108.8522,0
0,108.8623,0
0,108.8723,0
0,108.8824,0
0,108.8929,0
0,108.903,0
0,108.9131,0
0,108.9232,0
0,108.9332,0
0,108.9433,0
0,108.9534,0
0,108.9637,1
0,108.9743,1
0,108.9844,1
0,108.9945,0
0,109.0046,0
0,109.0147,0
0,109.0248,0
0,109.0349,0
0,109.045,0
0,109.0572,0
0,109.0674,0
0,109.0776,0
0,109.0877,0
0,109.0978,0
0,109.1079,0
0,109.118,0
0,109.128,0
0,109.1381,0
0,109.1482,0
0,109.1583,0
0,109.1684,0
0,109.1784,0
0,109.1885,0
0,109.1986,0
0,109.2087,0
0,109.2188,0
0,109.2288,0
0,109.2389,0
0,109.249,0
0,109.2591,0
0,109.2692,0
0,109.2792,0
0,109.2893,0
0,109.2994,0
0,109.3095,0
0,109.3195,0
0,109.3296,0
0,109.3397,0
0,109.3498,0
0,109.36,0
0,109.3701,0
0,109.3802,0
0,109.3903,0
0,109.4009,0
0,109.4111,0
0,109.4212,0
0,109.4312,0
0,109.4413,0
0,109.4514,0
0,109.4615,1
0,109.4717,1
0,109.4838,1
0,109.4939,0
0,109.5045,0
0,109.5146,0
0,109.5248,0
0,109.5349,0
0,109.545,0
0,109.5551,0
0,109.5652,0
0,109.5755,0
0,109.5872,0
0,109.5973,0
0,109.6074,0
0,109.6175,0
0,109.6276,0
0,109.6377,0
0,109.6477,0
0,109.6586,0
0,109.6687,0
0,109.6788,0
0,109.6889,0
0,109.699,0
0,109.709,0
0,109.7192,0
0,109.7293,0
0,109.7393,0
0,109.7494,0
0,109.7595,0
0,109.7696,0
0,109.7797,0
0,109.7897,0
0,109.7998,0
0,109.8099,0
0,109.82,0
0,109.8301,0
0,109.8401,0
0,109.8502,0
0,109.8603,0
0,109.8704,0
0,109.8805,0
0,109.8906,0
0,109.9007,0
0,109.9107,0
0,109.9208,0
0,109.9309,0
0,109.941,0
0,109.9511,0
0,109.9623,1
0,109.9726,1
0,109.9826,1
0,109.9929,0
0,110.0029,0
0,110.0133,0
0,110.0234,0
0,110.0335,0
0,110.0436,0
0,110.0558,0
0,110.0659,0
0,110.0761,0
0,110.0876,0
0,110.0977,0
0,110.1078,0
0,110.1179,0
0,110.128,0
0,110.138,0
0,110.1481,0
0,110.1582,0
0,110.1683,0
0,110.1784,0
0,110.1885,0
0,110.1986,0
0,110.2087,0
0,110.2188,0
0,110.2289,0
0,110.2389,0
0,110.249,0
0,110.2602,0
0,110.2703,0
0,110.2804,0
0,110.2906,0
0,110.3007,0
0,110.3107,0
0,110.3208,0
0,110.3309,0
0,110.341,0
0,110.3511,0
0,110.3612,0
0,110.3712,0
0,110.3813,0
0,110.3914,0
0,110.4015,0
0,110.4116,0
0,110.4217,0
0,110.4318,0
0,110.4419,0
0,110.452,0
0,110.462,0
0,110.4725,1
0,110.4829,1
0,110.4993,0
0,110.5095,0
0,110.5195,0
0,110.5308,0
0,110.5409,0
0,110.5511,0
0,110.5612,0
0,110.5714,0
0,110.5815,0
0,110.5916,0
0,110.6017,0
0,110.6118,0
0,110.6219,0
0,110.632,0
0,110.6421,0
0,110.6521,0
0,110.6631,0
0,110.6732,0
0,110.6833,0
0,110.6933,0
0,110.7034,0
0,110.7135,0
0,110.7236,0
0,110.7337,0
0,110.7437,0
0,110.7538,0
0,110.7639,0
0,110.774,0
0,110.7841,0
0,110.7942,0
0,110.8042,0
0,110.8143,0
0,110.8244,0
0,110.8344,0
0,110.8445,0
0,110.8546,0
0,110.8647,0
0,110.8747,0
0,110.8848,0
0,110.8949,0
0,110.905,0
0,110.9151,0
0,110.9252,0
0,110.9353,0
0,110.9454,0
0,110.9555,0
0,110.9655,0
0,110.9757,1
0,110.9858,1
0,110.996,1
0,111.0086,0
0,111.0188,0
0,111.0289,0
0,111.039,0
0,111.0492,0
0,111.0593,0
0,111.0701,0
0,111.0804,0
0,111.0905,0
0,111.1006,0
0,111.1107,0
0,111.1208,0
0,111.1309,0
0,111.141,0
0,111.151,0
0,111.1611,0
0,111.1712,0
0,111.1813,0
0,111.1914,0
0,111.2015,0
0,111.2115,0
0,111.2216,0
0,111.2317,0
0,111.2418,0
0,111.2519,0
0,111.262,0
0,111.272,0
0,111.2821,0
0,111.2922,0
0,111.3023,0
0,111.3124,0
0,111.3224,0
0,111.3325,0
0,111.3426,0
0,111.3527,0
0,111.3628,0
0,111.3728,0
0,111.3829,0
0,111.393,0
0,111.4031,0
0,111.4137,0
0,111.4238,0
0,111.4338,0
0,111.4439,0
0,111.454,0
0,111.4641,0
0,111.475,1
0,111.4851,1
0,111.499,1
0,111.5097,0
0,111.5198,0
0,111.5311,0
0,111.5412,0
0,111.5513,0
0,111.5616,0
0,111.5717,0
0,111.5822,0
0,111.5923,0
0,111.6024,0
0,111.6125,0
0,111.6226,0
0,111.6327,0
0,111.6427,0
0,111.6528,0
0,111.6629,0
0,111.673,0
0,111.6831,0
0,111.6931,0
0,111.7032,0
0,111.7133,0
0,111.7234,0
0,111.7335,0
0,111.7435,0
0,111.7536,0
0,111.7637,0
0,111.7738,0
0,111.7839,0
0,111.7939,0
0,111.804,0
0,111.8141,0
0,111.8242,0
0,111.8343,0
0,111.8443,0
0,111.8544,0
0,111.8645,0
0,111.8746,0
0,111.8847,0
0,111.8948,0
0,111.9048,0
0,111.915,0
0,111.925,0
0,111.9351,0
0,111.9452,0
0,111.9553,0
0,111.9653,0
0,111.9785,1
0,111.9886,1
0,111.9987,1
0,112.0103,0
0,112.0204,0
0,112.0305,0
0,112.0406,0
0,112.0507,0
0,112.0609,0
0,112.072,0
0,112.0821,0
0,112.0922,0
0,112.1023,0
0,112.1124,0
0,112.1225,0
0,112.1326,0
0,112.1427,0
0,112.1528,0
0,112.1628,0
0,112.1729,0
0,112.183,0
0,112.1931,0
0,112.2032,0
0,112.2133,0
0,112.2233,0
0,112.2334,0
0,112.2435,0
0,112.2536,0
0,112.2637,0
0,112.2738,0
0,112.2838,0
0,112.2939,0
0,112.304,0
0,112.3141,0
0,112.3242,0
0,112.3343,0
0,112.3443,0
0,112.3544,0
0,112.3645,0
0,112.3746,0
0,112.3847,0
0,112.3947,0
0,112.4048,0
0,112.4149,0
0,112.425,0
0,112.4351,0
0,112.4452,0
0,112.4553,0
0,112.4654,0
0,112.4758,1
0,112.4862,1
0,112.4995,1
0,112.5099,0
0,112.52,0
0,112.5301,0
0,112.5408,0
0,112.5509,0
0,112.5611,0
0,112.5712,0
0,112.5813,0
0,112.5914,0
0,112.6023,0
0,112.6124,0
0,112.6225,0
0,112.6326,0
0,112.6426,0
0,112.6527,0
0,112.6628,0
0,112.6729,0
0,112.683,0
0,112.6931,0
0,112.7031,0
0,112.7132,0
0,112.7233,0
0,112.7334,0
0,112.7435,0
0,112.7536,0
0,112.7637,0
0,112.7737,0
0,112.7838,0
0,112.7939,0
0,112.804,0
0,112.8141,0
0,112.8242,0
0,112.8342,0
0,112.8443,0
0,112.8544,0
0,112.8645,0
0,112.8746,0
0,112.8847,0
0,112.8947,0
0,112.9048,0
0,112.9149,0
0,112.925,0
0,112.9356,0
0,112.9457,0
0,112.9558,0
0,112.9658,0
0,112.9764,0
0,112.9867,1
0,112.9969,1
0,113.007,1
0,113.0171,0
0,113.0271,0
0,113.0372,0
0,113.0473,0
0,113.0574,0
0,113.0676,0
0,113.0782,0
0,113.0883,0
0,113.0985,0
0,113.1086,0
0,113.1187,0
0,113.1289,0
0,113.139,0
0,113.1491,0
0,113.1592,0
0,113.1693,0
0,113.1794,0
0,113.1895,0
0,113.1996,0
0,113.2096,0
0,113.2197,0
0,113.2298,0
0,113.2399,0
0,113.25,0
0,113.2601,0
0,113.2702,0
0,113.2803,0
0,113.2903,0
0,113.3004,0
0,113.3105,0
0,113.3206,0
0,113.3307,0
0,113.3408,0
0,113.3508,0
0,113.3609,0
0,113.371,0
0,113.3811,0
0,113.3912,0
0,113.4012,0
0,113.4113,0
0,113.4214,0
0,113.4315,0
0,113.4416,0
0,113.4517,0
0,113.4618,0
0,113.4718,0
0,113.4865,1
0,113.497,1
0,113.5119,1
0,113.522,0
0,113.5321,0
0,113.5422,0
0,113.5523,0
0,113.5623,0
0,113.5726,0
0,113.5834,0
0,113.5936,0
0,113.6037,0
0,113.6138,0
0,113.6239,0
0,113.634,0
0,113.6441,0
0,113.6542,0
0,113.6643,0
0,113.6756,0
0,113.6856,0
0,113.6957,0
0,113.7058,0
0,113.7159,0
0,113.726,0
0,113.736,0
0,113.7461,0
0,113.7562,0
0,113.7663,0
0,113.7764,0
0,113.7865,0
0,113.7966,0
0,113.8067,0
0,113.8168,0
0,113.8269,0
0,113.8369,0
0,113.847,0
0,113.8571,0
0,113.8672,0
0,113.8773,0
0,113.8873,0
0,113.8974,0
0,113.9075,0
0,113.9176,0
0,113.9276,0
0,113.9377,0
0,113.9478,0
0,113.9579,0
0,113.968,0
0,113.9781,0
0,113.9883,1
0,113.9991,1
0,114.0091,1
0,114.0192,0
0,114.0293,0
0,114.0397,0
0,114.0498,0
0,114.0601,0
0,114.0702,0
0,114.0803,0
0,114.0904,0
0,114.1005,0
0,114.1106,0
0,114.1207,0
0,114.1308,0
0,114.1409,0
0,114.151,0
0,114.1611,0
0,114.1711,0
0,114.1812,0
0,114.1913,0
0,114.2014,0
0,114.2115,0
0,114.2216,0
0,114.2316,0
0,114.2417,0
0,114.2518,0
0,114.2619,0
0,114.272,0
0,114.2821,0
0,114.2922,0
0,114.3023,0
0,114.3123,0
0,114.3224,0
0,114.3325,0
0,114.3426,0
0,114.3527,0
0,114.3629,0
0,114.373,0
0,114.3831,0
0,114.3932,0
0,114.4033,0
0,114.4134,0
0,114.4235,0
0,114.4336,0
0,114.4437,0
0,114.4538,0
0,114.4639,0
0,114.474,0
0,114.484,1
0,114.4941,1
0,114.5042,1
0,114.5162,0
0,114.5263,0
0,114.5363,0
0,114.5465,0
0,114.5571,0
0,114.5687,0
0,114.5788,0
0,114.589,0
0,114.5991,0
0,114.6092,0
0,114.6193,0
0,114.6294,0
0,114.6395,0
0,114.6495,0
0,114.6596,0
0,114.6697,0
0,114.6798,0
0,114.6899,0
0,114.6999,0
0,114.71,0
0,114.7201,0
0,114.7302,0
0,114.7403,0
0,114.7504,0
0,114.7604,0
0,114.7705,0
0,114.7806,0
0,114.7907,0
0,114.8007,0
0,114.8108,0
0,114.8209,0
0,114.831,0
0,114.8411,0
0,114.8511,0
0,114.8612,0
0,114.8713,0
0,114.8814,0
0,114.8915,0
0,114.9015,0
0,114.9116,0
0,114.9217,0
0,114.9318,0
0,114.9419,0
0,114.9519,0
0,114.962,0
0,114.9721,0
0,114.9822,0
0,114.9923,1
0,115.0024,1
0,115.0125,1
0,115.0275,0
0,115.038,0
0,115.0481,0
0,115.0582,0
0,115.0683,0
0,115.0824,0
0,115.0925,0
0,115.1026,0
0,115.1127,0
0,115.1228,0
0,115.1329,0
0,115.143,0
0,115.1531,0
0,115.1632,0
0,115.1733,0
0,115.1834,0
0,115.1934,0
0,115.2035,0
0,115.2136,0
0,115.2237,0
0,115.2338,0
0,115.2439,0
0,115.2539,0
0,115.264,0
0,115.2741,0
0,115.2842,0
0,115.2943,0
0,115.3044,0
0,115.3145,0
0,115.3246,0
0,115.3347,0
0,115.3447,0
0,115.3548,0
0,115.3649,0
0,115.375,0
0,115.3851,0
0,115.3952,0
0,115.4053,0
0,115.4153,0
0,115.4255,0
0,115.4356,0
0,115.4457,0
0,115.4558,0
0,115.4659,0
0,115.476,0
0,115.4861,0
0,115.4965,1
0,115.5066,1
0,115.5166,1
0,115.5267,1
0,115.5386,0
0,115.5487,0
0,115.5589,0
0,115.5692,0
0,115.5793,0
0,115.5895,0
0,115.5996,0
0,115.6097,0
0,115.6198,0
0,115.6299,0
0,115.64,0
0,115.65,0
0,115.6601,0
0,115.6702,0
0,115.6812,0
0,115.6913,0
0,115.7014,0
0,115.7114,0
0,115.7216,0
0,115.7316,0
0,115.7417,0
0,115.7518,0
0,115.7619,0
0,115.772,0
0,115.782,0
0,115.7921,0
0,115.8022,0
0,115.8123,0
0,115.8224,0
0,115.8324,0
0,115.8425,0
0,115.8526,0
0,115.8627,0
0,115.8727,0
0,115.8828,0
0,115.8929,0
0,115.903,0
0,115.9131,0
0,115.9232,0
0,115.9332,0
0,115.9433,0
0,115.9535,0
0,115.9636,0
0,115.9737,0
0,115.9838,0
0,115.9939,1
0,116.006,1
0,116.0161,1
0,116.0274,0
0,116.0375,0
0,116.0476,0
0,116.0577,0
0,116.0678,0
0,116.078,0
0,116.0886,0
0,116.0987,0
0,116.1088,0
0,116.1189,0
0,116.1291,0
0,116.1391,0
0,116.1492,0
0,116.1593,0
0,116.1694,0
0,116.1795,0
0,116.1896,0
0,116.1996,0
0,116.2097,0
0,116.2198,0
0,116.2299,0
0,116.24,0
0,116.2501,0
0,116.2601,0
0,116.2702,0
0,116.2803,0
0,116.2904,0
0,116.3005,0
0,116.3106,0
0,116.3207,0
0,116.3308,0
0,116.3409,0
0,116.3509,0
0,116.361,0
0,116.3711,0
0,116.3812,0
0,116.3913,0
0,116.4013,0
0,116.4114,0
0,116.4215,0
0,116.4316,0
0,116.4417,0
0,116.4518,0
0,116.4619,0
0,116.4719,0
0,116.4821,0
0,116.4921,0
0,116.5053,1
0,116.5174,1
0,116.5275,1
0,116.5392,0
0,116.5493,0
0,116.5594,0
0,116.5695,0
0,116.5802,0
0,116.5904,0
0,116.6005,0
0,116.6106,0
0,116.6207,0
0,116.6308,0
0,116.6409,0
0,116.651,0
0,116.6611,0
0,116.6712,0
0,116.6813,0
0,116.6914,0
0,116.7014,0
0,116.7115,0
0,116.7216,0
0,116.7317,0
0,116.7418,0
0,116.7519,0
0,116.7619,0
0,116.772,0
0,116.7821,0
0,116.7922,0
0,116.8022,0
0,116.8123,0
0,116.8224,0
0,116.8325,0
0,116.8425,0
0,116.8526,0
0,116.8627,0
0,116.8728,0
0,116.8828,0
0,116.8929,0
0,116.903,0
0,116.9131,0
0,116.9232,0
0,116.9333,0
0,116.9433,0
0,116.9534,0
0,116.9635,0
0,116.9736,0
0,116.9837,0
0,116.9938,0
0,117.0039,1
0,117.014,1
0,117.0245,1
0,117.0347,1
0,117.0455,0
0,117.0556,0
0,117.0657,0
0,117.0759,0
0,117.0861,0
0,117.0963,0
0,117.1064,0
0,117.1191,0
0,117.1291,0
0,117.1392,0
0,117.1493,0
0,117.1594,0
0,117.1695,0
0,117.1796,0
0,117.1896,0
0,117.1997,0
0,117.2098,0
0,117.2199,0
0,117.23,0
0,117.2401,0
0,117.2501,0
0,117.2602,0
0,117.2703,0
0,117.2804,0
0,117.2905,0
0,117.3005,0
0,117.3106,0
0,117.3208,0
0,117.3308,0
0,117.3409,0
0,117.351,0
0,117.3611,0
0,117.3711,0
0,117.3812,0
0,117.3913,0
0,117.4014,0
0,117.4114,0
0,117.4215,0
0,117.4316,0
0,117.4417,0
0,117.4518,0
0,117.4618,0
0,117.4719,0
0,117.482,0
0,117.4921,0
0,117.5022,0
0,117.513,1
0,117.5231,1
0,117.5375,0
0,117.5476,0
0,117.5577,0
0,117.5678,0
0,117.578,0
0,117.588,0
0,117.5983,0
0,117.6087,0
0,117.6188,0
0,117.6289,0
0,117.639,0
0,117.6492,0
0,117.6592,0
0,117.6693,0
0,117.6794,0
0,117.6895,0
0,117.6996,0
0,117.7096,0
0,117.7197,0
0,117.7298,0
0,117.7399,0
0,117.75,0
0,117.7601,0
0,117.7701,0
0,117.7802,0
0,117.7903,0
0,117.8004,0
0,117.8105,0
0,117.8205,0
0,117.8306,0
0,117.8407,0
0,117.8508,0
0,117.8609,0
0,117.8709,0
0,117.881,0
0,117.8911,0
0,117.9012,0
0,117.9113,0
0,117.9214,0
0,117.9314,0
0,117.9415,0
0,117.9516,0
0,117.9617,0
0,117.9718,0
0,117.9818,0
0,117.992,0
0,118.0021,0
0,118.0122,1
0,118.0243,1
0,118.0346,1
0,118.046,0
0,118.0561,0
0,118.0662,0
0,118.0772,0
0,118.0874,0
0,118.0981,0
0,118.1082,0
0,118.1183,0
0,118.1285,0
0,118.1386,0
0,118.1487,0
0,118.1588,0
0,118.1688,0
0,118.1789,0
0,118.189,0
0,118.1991,0
0,118.2092,0
0,118.2193,0
0,118.2294,0
0,118.2395,0
0,118.2496,0
0,118.2597,0
0,118.2698,0
0,118.2799,0
0,118.29,0
0,118.3001,0
0,118.3102,0
0,118.3203,0
0,118.3304,0
0,118.3405,0
0,118.3506,0
0,118.3607,0
0,118.3708,0
0,118.3809,0
0,118.391,0
0,118.4011,0
0,118.4112,0
0,118.4213,0
0,118.4314,0
0,118.4415,0
0,118.4515,0
0,118.4616,0
0,118.4717,0
0,118.4818,0
0,118.4919,0
0,118.5021,0
0,118.5122,1
0,118.524,1
0,118.5341,1
0,118.5501,0
0,118.5602,0
0,118.5716,0
0,118.5817,0
0,118.5919,0
0,118.602,0
0,118.612,0
0,118.6222,0
0,118.6323,0
0,118.6424,0
0,118.6526,0
0,118.6627,0
0,118.6728,0
0,118.6829,0
0,118.693,0
0,118.7031,0
0,118.7131,0
0,118.7232,0
0,118.7333,0
0,118.7434,0
0,118.7535,0
0,118.7635,0
0,118.7736,0
0,118.7837,0
0,118.7938,0
0,118.8039,0
0,118.8139,0
0,118.824,0
0,118.8341,0
0,118.8442,0
0,118.8542,0
0,118.8643,0
0,118.8744,0
0,118.8845,0
0,118.8945,0
0,118.9046,0
0,118.9147,0
0,118.9248,0
0,118.9349,0
0,118.9449,0
0,118.955,0
0,118.9651,0
0,118.9752,0
0,118.9853,0
0,118.9953,0
0,119.0054,0
0,119.0193,1
0,119.0294,1
0,119.0407,1
0,119.0531,0
0,119.0632,0
0,119.0733,0
0,119.0834,0
0,119.0936,0
0,119.1056,0
0,119.1157,0
0,119.1259,0
0,119.136,0
0,119.1463,0
0,119.1564,0
0,119.1665,0
0,119.1766,0
0,119.1867,0
0,119.1967,0
0,119.2068,0
0,119.2169,0
0,119.227,0
0,119.2371,0
0,119.2471,0
0,119.2572,0
0,119.2673,0
0,119.2774,0
0,119.2875,0
0,119.2976,0
0,119.3076,0
0,119.3177,0
0,119.3278,0
0,119.3379,0
0,119.348,0
0,119.3591,0
0,119.3693,0
0,119.3794,0
0,119.3895,0
0,119.3996,0
0,119.4097,0
0,119.4198,0
0,119.4299,0
0,119.44,0
0,119.45,0
0,119.4601,0
0,119.4702,0
0,119.4803,0
0,119.4904,0
0,119.5004,0
0,119.5106,0
0,119.5231,1
0,119.5335,1
0,119.5446,1
0,119.5555,0
0,119.5656,0
0,119.5757,0
0,119.5859,0
0,119.5969,0
0,119.6083,0
0,119.6185,0
0,119.6286,0
0,119.6387,0
0,119.6488,0
0,119.6589,0
0,119.6689,0
0,119.679,0
0,119.6891,0
0,119.6992,0
0,119.7093,0
0,119.7194,0
0,119.7294,0
0,119.7395,0
0,119.7496,0
0,119.7597,0
0,119.7698,0
0,119.7799,0
0,119.7899,0
0,119.8,0
0,119.8101,0
0,119.8202,0
0,119.8302,0
0,119.8403,0
0,119.8504,0
0,119.8605,0
0,119.8705,0
0,119.8806,0
0,119.8907,0
0,119.9008,0
0,119.9109,0
0,119.921,0
0,119.931,0
0,119.9411,0
0,119.9512,0
0,119.9613,0
0,119.9714,0
0,119.9814,0
0,119.9915,0
0,120.0016,0
0,120.0117,0
0,120.0218,1
0,120.0331,1
0,120.0433,1
0,120.0546,0
0,120.0647,0
0,120.0748,0
0,120.0849,0
0,120.0949,0
0,120.106,0
0,120.1176,0
0,120.1277,0
0,120.1378,0
0,120.1479,0
0,120.1581,0
0,120.1682,0
0,120.1783,0
0,120.1883,0
0,120.1984,0
0,120.2085,0
0,120.2186,0
0,120.2287,0
0,120.2387,0
0,120.2488,0
0,120.2589,0
0,120.269,0
0,120.2791,0
0,120.2892,0
0,120.2993,0
0,120.3093,0
0,120.3194,0
0,120.3295,0
0,120.3396,0
0,120.3497,0
0,120.3598,0
0,120.3698,0
0,120.38,0
0,120.3901,0
0,120.4002,0
0,120.4103,0
0,120.4204,0
0,120.4305,0
0,120.4406,0
0,120.4506,0
0,120.4607,0
0,120.4708,0
0,120.4809,0
0,120.491,0
0,120.501,0
0,120.5111,0
0,120.5217,0
0,120.5324,1
0,120.5424,1
0,120.5527,1
0,120.5646,0
0,120.5747,0
0,120.5849,0
0,120.595,0
0,120.6051,0
0,120.6153,0
0,120.6255,0
0,120.6397,0
0,120.6498,0
0,120.6628,0
0,120.6751,0
0,120.6852,0
0,120.6954,0
0,120.7062,0
0,120.7218,0
0,120.7319,0
0,120.742,0
0,120.7522,0
0,120.7623,0
0,120.7751,0
0,120.7852,0
0,120.7953,0
0,120.8055,0
0,120.8192,0
0,120.8294,0
0,120.8395,0
0,120.8496,0
0,120.8604,0
0,120.8706,0
0,120.8807,0
0,120.891,0
0,120.9012,0
0,120.9123,0
0,120.9224,0
0,120.9325,0
0,120.9425,0
0,120.9526,0
0,120.9627,0
0,120.9728,0
0,120.9829,0
0,120.9929,0
0,121.003,0
0,121.0132,0
0,121.0232,0
0,121.0336,1
0,121.0437,1
0,121.0539,1
0,121.064,0
0,121.0741,0
0,121.0842,0
0,121.0943,0
0,121.1059,0
0,121.116,0
0,121.1261,0
0,121.1389,0
0,121.149,0
0,121.1591,0
0,121.1692,0
0,121.1794,0
0,121.1895,0
0,121.1995,0
0,121.2096,0
0,121.2197,0
0,121.2298,0
0,121.2399,0
0,121.2499,0
0,121.26,0
0,121.2701,0
0,121.2802,0
0,121.2903,0
0,121.3004,0
0,121.3105,0
0,121.3206,0
0,121.3307,0
0,121.3408,0
0,121.3508,0
0,121.3609,0
0,121.371,0
0,121.3811,0
0,121.3912,0
0,121.4013,0
0,121.4114,0
0,121.4215,0
0,121.4316,0
0,121.4416,0
0,121.4517,0
0,121.4618,0
0,121.4719,0
0,121.482,0
0,121.492,0
0,121.5021,0
0,121.5122,0
0,121.5226,0
0,121.5327,1
0,121.5429,1
0,121.5558,1
0,121.5671,0
0,121.5772,0
0,121.5873,0
0,121.5975,0
0,121.6076,0
0,121.6178,0
0,121.6279,0
0,121.638,0
0,121.6481,0
0,121.6583,0
0,121.6684,0
0,121.6785,0
0,121.6886,0
0,121.6986,0
0,121.7087,0
0,121.7189,0
0,121.729,0
0,121.7391,0
0,121.7492,0
0,121.7593,0
0,121.7693,0
0,121.7795,0
0,121.7895,0
0,121.7996,0
0,121.8097,0
0,121.8198,0
0,121.8299,0
0,121.8399,0
0,121.85,0
0,121.8601,0
0,121.8702,0
0,121.8803,0
0,121.8903,0
0,121.9004,0
0,121.9105,0
0,121.9206,0
0,121.9307,0
0,121.9408,0
0,121.9508,0
0,121.9609,0
0,121.971,0
0,121.9811,0
0,121.9912,0
0,122.0013,0
0,122.0113,0
0,122.0214,0
0,122.0324,0
0,122.0432,1
0,122.0554,1
0,122.0678,0
0,122.078,0
0,122.0902,0
0,122.1003,0
0,122.1104,0
0,122.1206,0
0,122.1307,0
0,122.1409,0
0,122.151,0
0,122.1611,0
0,122.1712,0
0,122.1813,0
0,122.1914,0
0,122.2015,0
0,122.2116,0
0,122.2216,0
0,122.2317,0
0,122.2418,0
0,122.2519,0
0,122.262,0
0,122.272,0
0,122.2821,0
0,122.2922,0
0,122.3023,0
0,122.3124,0
0,122.3225,0
0,122.3326,0
0,122.3426,0
0,122.3527,0
0,122.3628,0
0,122.3729,0
0,122.383,0
0,122.393,0
0,122.4031,0
0,122.4132,0
0,122.4233,0
0,122.4334,0
0,122.4435,0
0,122.4536,0
0,122.4636,0
0,122.4737,0
0,122.4838,0
0,122.4939,0
0,122.5039,0
0,122.514,0
0,122.5241,0
0,122.5342,0
0,122.547,1
0,122.5597,1
0,122.5709,0
0,122.581,0
0,122.5912,0
0,122.6013,0
0,122.6114,0
0,122.6215,0
0,122.6317,0
0,122.6418,0
0,122.6519,0
0,122.662,0
0,122.6721,0
0,122.6822,0
0,122.6923,0
0,122.7024,0
0,122.7125,0
0,122.7226,0
0,122.7327,0
0,122.7428,0
0,122.7528,0
0,122.7629,0
0,122.773,0
0,122.7831,0
0,122.7932,0
0,122.8033,0
0,122.8134,0
0,122.8234,0
0,122.8335,0
0,122.8436,0
0,122.8537,0
0,122.8638,0
0,122.8738,0
0,122.8839,0
0,122.894,0
0,122.9041,0
0,122.9142,0
0,122.9243,0
0,122.9343,0
0,122.9444,0
0,122.9545,0
0,122.9646,0
0,122.9747,0
0,122.9847,0
0,122.9948,0
0,123.0049,0
0,123.015,0
0,123.0251,0
0,123.0352,0
0,123.0453,1
0,123.0554,1
0,123.0655,1
0,123.082,0
0,123.0922,0
0,123.1023,0
0,123.1124,0
0,123.1239,0
0,123.134,0
0,123.1441,0
0,123.1542,0
0,123.1643,0
0,123.1744,0
0,123.1845,0
0,123.1946,0
0,123.2047,0
0,123.2147,0
0,123.2248,0
0,123.2349,0
0,123.245,0
0,123.2551,0
0,123.2651,0
0,123.2752,0
0,123.2853,0
0,123.2954,0
0,123.3055,0
0,123.3156,0
0,123.3256,0
0,123.3357,0
0,123.3458,0
0,123.3559,0
0,123.366,0
0,123.376,0
0,123.3861,0
0,123.3962,0
0,123.4063,0
0,123.4164,0
0,123.4265,0
0,123.4366,0
0,123.4467,0
0,123.4568,0
0,123.4668,0
0,123.4769,0
0,123.487,0
0,123.4971,0
0,123.5072,0
0,123.5172,0
0,123.5273,0
0,123.5375,0
0,123.5505,1
0,123.5626,1
0,123.5727,1
0,123.5931,0
0,123.6034,0
0,123.6135,0
0,123.6236,0
0,123.6336,0
0,123.6438,0
0,123.6539,0
0,123.6642,0
0,123.6743,0
0,123.6844,0
0,123.6945,0
0,123.7046,0
0,123.7147,0
0,123.7248,0
0,123.7349,0
0,123.745,0
0,123.7551,0
0,123.7651,0
0,123.7752,0
0,123.7853,0
0,123.7954,0
0,123.8055,0
0,123.8156,0
0,123.8256,0
0,123.8357,0
0,123.8458,0
0,123.8559,0
0,123.866,0
0,123.876,0
0,123.8861,0
0,123.8962,0
0,123.9063,0
0,123.9164,0
0,123.9265,0
0,123.9365,0
0,123.9466,0
0,123.9567,0
0,123.9668,0
0,123.9768,0
0,123.9869,0
0,123.997,0
0,124.0071,0
0,124.0171,0
0,124.0272,0
0,124.0373,0
0,124.0504,1
0,124.0605,1
0,124.0705,1
0,124.0809,0
0,124.091,0
0,124.1012,0
0,124.1124,0
0,124.1235,0
0,124.1374,0
0,124.1475,0
0,124.1578,0
0,124.1679,0
0,124.178,0
0,124.1881,0
0,124.1982,0
0,124.2083,0
0,124.2184,0
0,124.2285,0
0,124.2385,0
0,124.2486,0
0,124.2587,0
0,124.2688,0
0,124.2789,0
0,124.2889,0
0,124.299,0
0,124.3091,0
0,124.3192,0
0,124.3293,0
0,124.3394,0
0,124.3495,0
0,124.3596,0
0,124.3698,0
0,124.3799,0
0,124.39,0
0,124.4001,0
0,124.4102,0
0,124.4203,0
0,124.4304,0
0,124.4405,0
0,124.4506,0
0,124.4607,0
0,124.4708,0
0,124.4808,0
0,124.4909,0
0,124.501,0
0,124.5111,0
0,124.5212,0
0,124.5313,0
0,124.5413,0
0,124.5533,1
0,124.567,1
0,124.5771,1
0,124.5871,0
0,124.5972,0
0,124.6073,0
0,124.6174,0
0,124.6275,0
0,124.6378,0
0,124.6479,0
0,124.658,0
0,124.6682,0
0,124.6783,0
0,124.6884,0
0,124.6985,0
0,124.7085,0
0,124.7188,0
0,124.7288,0
0,124.7389,0
0,124.749,0
0,124.7591,0
0,124.7692,0
0,124.7792,0
0,124.7893,0
0,124.7994,0
0,124.8095,0
0,124.8196,0
0,124.8297,0
0,124.8398,0
0,124.8498,0
0,124.8599,0
0,124.87,0
0,124.8801,0
0,124.8902,0
0,124.9003,0
0,124.9103,0
0,124.9204,0
0,124.9305,0
0,124.9406,0
0,124.9507,0
0,124.9607,0
0,124.9708,0
0,124.9809,0
0,124.991,0
0,125.0011,0
0,125.0111,0
0,125.0212,0
0,125.0313,0
0,125.0414,0
0,125.055,1
0,125.0654,1
0,125.0756,1
0,125.0875,0
0,125.0976,0
0,125.1077,0
0,125.1178,0
0,125.1295,0
0,125.1408,0
0,125.1509,0
0,125.1611,0
0,125.1712,0
0,125.1814,0
0,125.1914,0
0,125.2016,0
0,125.2116,0
0,125.2217,0
0,125.2318,0
0,125.2419,0
0,125.252,0
0,125.262,0
0,125.2721,0
0,125.2822,0
0,125.2923,0
0,125.3023,0
0,125.3139,0
0,125.3258,0
0,125.3359,0
0,125.3459,0
0,125.356,0
0,125.3661,0
0,125.3762,0
0,125.3863,0
0,125.3963,0
0,125.4064,0
0,125.4165,0
0,125.4266,0
0,125.4367,0
0,125.4468,0
0,125.4569,0
0,125.467,0
0,125.4771,0
0,125.4871,0
0,125.4972,0
0,125.5073,0
0,125.5174,0
0,125.5275,0
0,125.5376,0
0,125.5476,0
0,125.5577,1
0,125.5684,1
0,125.5792,1
0,125.5898,0
0,125.5999,0
0,125.61,0
0,125.6201,0
0,125.6302,0
0,125.6403,0
0,125.6515,0
0,125.6617,0
0,125.6718,0
0,125.6819,0
0,125.692,0
0,125.7021,0
0,125.7122,0
0,125.7229,0
0,125.733,0
0,125.7431,0
0,125.7531,0
0,125.7632,0
0,125.7733,0
0,125.7834,0
0,125.7935,0
0,125.8035,0
0,125.8137,0
0,125.8237,0
0,125.8338,0
0,125.8439,0
0,125.854,0
0,125.8641,0
0,125.8741,0
0,125.8842,0
0,125.8943,0
0,125.9044,0
0,125.9145,0
0,125.9245,0
0,125.9346,0
0,125.9447,0
0,125.9548,0
0,125.9649,0
0,125.9749,0
0,125.985,0
0,125.9951,0
0,126.0052,0
0,126.0153,0
0,126.0253,0
0,126.0354,0
0,126.0455,0
0,126.0558,0
0,126.0659,1
0,126.0771,1
0,126.0872,1
0,126.0998,0
0,126.1099,0
0,126.1209,0
0,126.133,0
0,126.143,0
0,126.1536,0
0,126.1637,0
0,126.1738,0
0,126.1839,0
0,126.194,0
0,126.2041,0
0,126.2142,0
0,126.2243,0
0,126.2344,0
0,126.2445,0
0,126.2545,0
0,126.2646,0
0,126.2747,0
0,126.2848,0
0,126.2948,0
0,126.3049,0
0,126.315,0
0,126.3251,0
0,126.3352,0
0,126.3453,0
0,126.3554,0
0,126.3655,0
0,126.3755,0
0,126.3856,0
0,126.3957,0
0,126.4058,0
0,126.4158,0
0,126.4259,0
0,126.436,0
0,126.4461,0
0,126.4562,0
0,126.4663,0
0,126.4764,0
0,126.4865,0
0,126.4965,0
0,126.5066,0
0,126.5167,0
0,126.5268,0
0,126.5368,0
0,126.5469,0
0,126.557,0
0,126.5683,1
0,126.5805,1
0,126.592,1
0,126.6028,1
0,126.6134,0
0,126.6235,0
0,126.6336,0
0,126.6437,0
0,126.6539,0
0,126.6641,0
0,126.6742,0
0,126.6843,0
0,126.6944,0
0,126.7045,0
0,126.7146,0
0,126.7246,0
0,126.7347,0
0,126.7448,0
0,126.7549,0
0,126.765,0
0,126.775,0
0,126.7851,0
0,126.7952,0
0,126.8053,0
0,126.8154,0
0,126.8254,0
0,126.8355,0
0,126.8456,0
0,126.8557,0
0,126.8657,0
0,126.8758,0
0,126.8859,0
0,126.896,0
0,126.906,0
0,126.9161,0
0,126.9262,0
0,126.9363,0
0,126.9464,0
0,126.9564,0
0,126.9665,0
0,126.9766,0
0,126.9867,0
0,126.9968,0
0,127.0069,0
0,127.0169,0
0,127.027,0
0,127.0371,0
0,127.0472,0
0,127.0573,0
0,127.0674,0
0,127.0781,1
0,127.0884,1
0,127.1006,0
0,127.1107,0
0,127.1208,0
0,127.1309,0
0,127.141,0
0,127.1511,0
0,127.1613,0
0,127.1714,0
0,127.1815,0
0,127.1916,0
0,127.2017,0
0,127.2118,0
0,127.2218,0
0,127.2319,0
0,127.242,0
0,127.2521,0
0,127.2622,0
0,127.2722,0
0,127.2823,0
0,127.2924,0
0,127.3025,0
0,127.3126,0
0,127.3227,0
0,127.3328,0
0,127.3429,0
0,127.3529,0
0,127.363,0
0,127.3731,0
0,127.3832,0
0,127.3933,0
0,127.4033,0
0,127.4134,0
0,127.4235,0
0,127.4336,0
0,127.4437,0
0,127.4538,0
0,127.4638,0
0,127.4739,0
0,127.484,0
0,127.4941,0
0,127.5042,0
0,127.5143,0
0,127.5244,0
0,127.5345,0
0,127.5445,0
0,127.5546,0
0,127.5647,0
0,127.5748,1
0,127.5849,1
0,127.595,1
0,127.6051,1
0,127.6152,0
0,127.6254,0
0,127.6355,0
0,127.6456,0
0,127.6557,0
0,127.6658,0
0,127.6759,0
0,127.686,0
0,127.6961,0
0,127.7062,0
0,127.7163,0
0,127.7264,0
0,127.7385,0
0,127.7486,0
0,127.7587,0
0,127.7687,0
0,127.7788,0
0,127.7889,0
0,127.799,0
0,127.8091,0
0,127.8191,0
0,127.8292,0
0,127.8393,0
0,127.8494,0
0,127.8595,0
0,127.8695,0
0,127.8796,0
0,127.8897,0
0,127.8998,0
0,127.9099,0
0,127.9199,0
0,127.93,0
0,127.9401,0
0,127.9502,0
0,127.9602,0
0,127.9703,0
0,127.9804,0
0,127.9905,0
0,128.0006,0
0,128.0107,0
0,128.0207,0
0,128.0308,0
0,128.0409,0
0,128.051,0
0,128.061,0
0,128.0711,0
0,128.0812,1
0,128.0913,1
0,128.1018,1
0,128.1119,0
0,128.1229,0
0,128.1329,0
0,128.143,0
0,128.1531,0
0,128.1664,0
0,128.1765,0
0,128.1866,0
0,128.1967,0
0,128.2068,0
0,128.2169,0
0,128.2271,0
0,128.2371,0
0,128.2472,0
0,128.2573,0
0,128.2674,0
0,128.2774,0
0,128.2875,0
0,128.2976,0
0,128.3077,0
0,128.3178,0
0,128.3279,0
0,128.3392,0
0,128.3492,0
0,128.3593,0
0,128.3694,0
0,128.3796,0
0,128.3896,0
0,128.3997,0
0,128.4098,0
0,128.4199,0
0,128.4299,0
0,128.44,0
0,128.4501,0
0,128.4602,0
0,128.4703,0
0,128.4803,0
0,128.4904,0
0,128.5005,0
0,128.5106,0
0,128.5207,0
0,128.5309,0
0,128.541,0
0,128.5511,0
0,128.5611,0
0,128.5712,0
0,128.5856,1
0,128.5959,1
0,128.606,1
0,128.6197,0
0,128.6298,0
0,128.6399,0
0,128.65,0
0,128.66,0
0,128.6711,0
0,128.6813,0
0,128.6914,0
0,128.7016,0
0,128.7117,0
0,128.7218,0
0,128.7319,0
0,128.742,0
0,128.7521,0
0,128.7622,0
0,128.7723,0
0,128.7824,0
0,128.7925,0
0,128.8025,0
0,128.8126,0
0,128.8227,0
0,128.8328,0
0,128.8428,0
0,128.8529,0
0,128.863,0
0,128.8731,0
0,128.8832,0
0,128.8932,0
0,128.9033,0
0,128.9134,0
0,128.9235,0
0,128.9336,0
0,128.9437,0
0,128.9538,0
0,128.9639,0
0,128.9739,0
0,128.984,0
0,128.9941,0
0,129.0042,0
0,129.0143,0
0,129.0243,0
0,129.0344,0
0,129.0445,0
0,129.0546,0
0,129.0647,0
0,129.0747,0
0,129.087,1
0,129.0972,1
0,129.1075,1
0,129.1234,0
0,129.1335,0
0,129.1436,0
0,129.1537,0
0,129.1638,0
0,129.1751,0
0,129.1852,0
0,129.1954,0
0,129.2055,0
0,129.2156,0
0,129.2257,0
0,129.2359,0
0,129.2459,0
0,129.256,0
0,129.2661,0
0,129.2762,0
0,129.2863,0
0,129.2963,0
0,129.3064,0
0,129.3165,0
0,129.3266,0
0,129.3367,0
0,129.3471,0
0,129.3572,0
0,129.3673,0
0,129.3774,0
0,129.3875,0
0,129.3976,0
0,129.4077,0
0,129.4178,0
0,129.4279,0
0,129.4379,0
0,129.448,0
0,129.4581,0
0,129.4681,0
0,129.4782,0
0,129.4883,0
0,129.4984,0
0,129.5085,0
0,129.5187,0
0,129.5288,0
0,129.5389,0
0,129.549,0
0,129.5591,0
0,129.5692,0
0,129.5792,0
0,129.5898,1
0,129.5999,1
0,129.61,1
0,129.6215,0
0,129.6315,0
0,129.6437,0
0,129.6538,0
0,129.6639,0
0,129.674,0
0,129.6841,0
0,129.6943,0
0,129.7044,0
0,129.7144,0
0,129.7245,0
0,129.7346,0
0,129.7447,0
0,129.7548,0
0,129.7648,0
0,129.7749,0
0,129.785,0
0,129.7951,0
0,129.8052,0
0,129.8152,0
0,129.8253,0
0,129.8354,0
0,129.8455,0
0,129.8556,0
0,129.8656,0
0,129.8757,0
0,129.8858,0
0,129.8959,0
0,129.9059,0
0,129.916,0
0,129.9261,0
0,129.9362,0
0,129.9463,0
0,129.9564,0
0,129.9664,0
0,129.9765,0
0,129.9866,0
0,129.9967,0
0,130.0067,0
0,130.0168,0
0,130.0269,0
0,130.037,0
0,130.0471,0
0,130.0572,0
0,130.0672,0
0,130.0773,0
0,130.0906,1
0,130.1009,1
0,130.1152,0
0,130.1253,0
0,130.1355,0
0,130.1456,0
0,130.1557,0
0,130.1659,0
0,130.1766,0
0,130.1868,0
0,130.1969,0
0,130.207,0
0,130.2171,0
0,130.2272,0
0,130.2373,0
0,130.2474,0
0,130.2575,0
0,130.2676,0
0,130.2777,0
0,130.2877,0
0,130.2978,0
0,130.3079,0
0,130.318,0
0,130.3281,0
0,130.3382,0
0,130.3482,0
0,130.3583,0
0,130.3684,0
0,130.3785,0
0,130.3886,0
0,130.3988,0
0,130.4088,0
0,130.4189,0
0,130.429,0
0,130.4391,0
0,130.4492,0
0,130.4593,0
0,130.4694,0
0,130.4794,0
0,130.4895,0
0,130.4996,0
0,130.5097,0
0,130.5197,0
0,130.5298,0
0,130.5399,0
0,130.55,0
0,130.5601,0
0,130.5702,0
0,130.5803,0
0,130.5904,1
0,130.6018,1
0,130.6129,1
0,130.6265,0
0,130.6366,0
0,130.6467,0
0,130.6569,0
0,130.667,0
0,130.6771,0
0,130.6896,0
0,130.6997,0
0,130.7098,0
0,130.72,0
0,130.7301,0
0,130.7402,0
0,130.7502,0
0,130.7603,0
0,130.7704,0
0,130.7805,0
0,130.7905,0
0,130.8006,0
0,130.8107,0
0,130.8208,0
0,130.8309,0
0,130.8409,0
0,130.851,0
0,130.8611,0
0,130.8712,0
0,130.8813,0
0,130.8913,0
0,130.9014,0
0,130.9115,0
0,130.9216,0
0,130.9316,0
0,130.9417,0
0,130.9518,0
0,130.9619,0
0,130.972,0
0,130.9821,0
0,130.9921,0
0,131.0022,0
0,131.0123,0
0,131.0224,0
0,131.0325,0
0,131.0425,0
0,131.0526,0
0,131.0627,0
0,131.0728,0
0,131.0829,0
0,131.0951,1
0,131.1062,1
0,131.1162,1
0,131.1263,0
0,131.1364,0
0,131.1469,0
0,131.1585,0
0,131.1686,0
0,131.1789,0
0,131.1892,0
0,131.1993,0
0,131.2094,0
0,131.2195,0
0,131.2296,0
0,131.2397,0
0,131.2498,0
0,131.26,0
0,131.2701,0
0,131.2802,0
0,131.2903,0
0,131.3004,0
0,131.3105,0
0,131.3206,0
0,131.3306,0
0,131.3407,0
0,131.3508,0
0,131.3609,0
0,131.371,0
0,131.3811,0
0,131.3911,0
0,131.4012,0
0,131.4113,0
0,131.4214,0
0,131.4315,0
0,131.4415,0
0,131.4516,0
0,131.4617,0
0,131.4718,0
0,131.4819,0
0,131.492,0
0,131.502,0
0,131.5121,0
0,131.5222,0
0,131.5323,0
0,131.5424,0
0,131.5524,0
0,131.5626,0
0,131.5727,0
0,131.5827,0
0,131.593,0
0,131.6032,1
0,131.6134,1
0,131.6236,1
0,131.6337,0
0,131.6438,0
0,131.6538,0
0,131.6639,0
0,131.674,0
0,131.6841,0
0,131.6953,0
0,131.7054,0
0,131.7155,0
0,131.7256,0
0,131.7357,0
0,131.7464,0
0,131.7565,0
0,131.7666,0
0,131.7767,0
0,131.7867,0
0,131.7968,0
0,131.8069,0
0,131.817,0
0,131.8271,0
0,131.8371,0
0,131.8472,0
0,131.8573,0
0,131.8674,0
0,131.8775,0
0,131.8875,0
0,131.8976,0
0,131.9077,0
0,131.9179,0
0,131.9279,0
0,131.938,0
0,131.9484,0
0,131.9585,0
0,131.9686,0
0,131.9787,0
0,131.9887,0
0,131.9988,0
0,132.0089,0
0,132.019,0
0,132.0291,0
0,132.0391,0
0,132.0492,0
0,132.0593,0
0,132.0694,0
0,132.0794,0
0,132.0895,0
0,132.102,1
0,132.1125,1
0,132.1226,1
0,132.1334,0
0,132.1435,0
0,132.155,0
0,132.1651,0
0,132.1753,0
0,132.1855,0
0,132.1958,0
0,132.206,0
0,132.2161,0
0,132.2262,0
0,132.2363,0
0,132.2464,0
0,132.2564,0
0,132.2665,0
0,132.2766,0
0,132.2867,0
0,132.2968,0
0,132.3068,0
0,132.3169,0
0,132.327,0
0,132.3371,0
0,132.348,0
0,132.358,0
0,132.3681,0
0,132.3782,0
0,132.3883,0
0,132.3984,0
0,132.4084,0
0,132.4185,0
0,132.4286,0
0,132.4387,0
0,132.4488,0
0,132.4589,0
0,132.4689,0
0,132.479,0
0,132.4891,0
0,132.4992,0
0,132.5092,0
0,132.5197,0
0,132.5298,0
0,132.5399,0
0,132.5499,0
0,132.56,0
0,132.5701,0
0,132.5803,0
0,132.5904,0
0,132.6005,1
0,132.6106,1
0,132.6217,1
0,132.6322,1
0,132.6425,0
0,132.6526,0
0,132.6627,0
0,132.6728,0
0,132.6829,0
0,132.6933,0
0,132.7035,0
0,132.7136,0
0,132.7237,0
0,132.7338,0
0,132.7439,0
0,132.754,0
0,132.7641,0
0,132.7741,0
0,132.7842,0
0,132.7943,0
0,132.8044,0
0,132.8145,0
0,132.8246,0
0,132.8346,0
0,132.8447,0
0,132.8548,0
0,132.8649,0
0,132.875,0
0,132.885,0
0,132.8951,0
0,132.9052,0
0,132.9153,0
0,132.9254,0
0,132.9354,0
0,132.9455,0
0,132.9556,0
0,132.9657,0
0,132.9758,0
0,132.9858,0
0,132.9959,0
0,133.006,0
0,133.0161,0
0,133.0262,0
0,133.0363,0
0,133.0463,0
0,133.0564,0
0,133.0665,0
0,133.0766,0
0,133.0867,0
0,133.0967,0
0,133.107,1
0,133.117,1
0,133.1271,1
0,133.1394,0
0,133.1515,0
0,133.1616,0
0,133.1718,0
0,133.182,0
0,133.192,0
0,133.2021,0
0,133.2123,0
0,133.2224,0
0,133.2325,0
0,133.2426,0
0,133.2527,0
0,133.2627,0
0,133.2728,0
0,133.2829,0
0,133.293,0
0,133.303,0
0,133.3131,0
0,133.3232,0
0,133.3333,0
0,133.3434,0
0,133.3535,0
0,133.3635,0
0,133.3736,0
0,133.3837,0
0,133.3938,0
0,133.4039,0
0,133.4139,0
0,133.424,0
0,133.4341,0
0,133.4442,0
0,133.4543,0
0,133.4643,0
0,133.4744,0
0,133.4845,0
0,133.4946,0
0,133.5047,0
0,133.5148,0
0,133.5248,0
0,133.5349,0
0,133.545,0
0,133.5551,0
0,133.5652,0
0,133.5752,0
0,133.5853,0
0,133.5954,0
0,133.6056,1
0,133.6158,1
0,133.629,1
0,133.6391,0
0,133.6528,0
0,133.6629,0
0,133.673,0
0,133.6864,0
0,133.6965,0
0,133.7066,0
0,133.7167,0
0,133.7268,0
0,133.7369,0
0,133.747,0
0,133.7571,0
0,133.7672,0
0,133.7772,0
0,133.7873,0
0,133.7974,0
0,133.8075,0
0,133.8176,0
0,133.8277,0
0,133.8378,0
0,133.8479,0
0,133.858,0
0,133.8681,0
0,133.8782,0
0,133.8883,0
0,133.8984,0
0,133.9085,0
0,133.9185,0
0,133.9286,0
0,133.9387,0
0,133.9488,0
0,133.9589,0
0,133.969,0
0,133.9791,0
0,133.9892,0
0,133.9993,0
0,134.0094,0
0,134.0194,0
0,134.0295,0
0,134.0396,0
0,134.0497,0
0,134.0598,0
0,134.0699,0
0,134.08,0
0,134.0901,0
0,134.1002,0
0,134.1103,1
0,134.1211,1
0,134.1322,1
0,134.1476,0
0,134.158,0
0,134.1705,0
0,134.1806,0
0,134.1907,0
0,134.2008,0
0,134.2122,0
0,134.2223,0
0,134.2324,0
0,134.2425,0
0,134.2526,0
0,134.2627,0
0,134.2728,0
0,134.2829,0
0,134.293,0
0,134.303,0
0,134.3131,0
0,134.3232,0
0,134.3333,0
0,134.3434,0
0,134.3535,0
0,134.3636,0
0,134.3738,0
0,134.3839,0
0,134.394,0
0,134.4041,0
0,134.4142,0
0,134.4243,0
0,134.4344,0
0,134.4445,0
0,134.4545,0
0,134.4646,0
0,134.4747,0
0,134.4848,0
0,134.4948,0
0,134.5049,0
0,134.515,0
0,134.5251,0
0,134.5352,0
0,134.5452,0
0,134.5553,0
0,134.5654,0
0,134.5755,0
0,134.5856,0
0,134.5956,0
0,134.6058,0
0,134.6159,1
0,134.6282,1
0,134.6383,1
0,134.6484,1
0,134.6612,0
0,134.6713,0
0,134.6814,0
0,134.6916,0
0,134.7017,0
0,134.7119,0
0,134.722,0
0,134.7321,0
0,134.7422,0
0,134.7523,0
0,134.7624,0
0,134.7725,0
0,134.7826,0
0,134.7927,0
0,134.8028,0
0,134.8129,0
0,134.8229,0
0,134.833,0
0,134.8431,0
0,134.8532,0
0,134.8633,0
0,134.8733,0
0,134.8834,0
0,134.8935,0
0,134.9036,0
0,134.9137,0
0,134.9237,0
0,134.9338,0
0,134.9439,0
0,134.954,0
0,134.9641,0
0,134.9742,0
0,134.9842,0
0,134.9943,0
0,135.0044,0
0,135.0145,0
0,135.0246,0
0,135.0347,0
0,135.0447,0
0,135.0548,0
0,135.0649,0
0,135.075,0
0,135.0851,0
0,135.0951,0
0,135.1052,0
0,135.1153,1
0,135.1262,1
0,135.1363,1
0,135.1495,0
0,135.1596,0
0,135.1735,0
0,135.1836,0
0,135.1937,0
0,135.204,0
0,135.2141,0
0,135.2242,0
0,135.2344,0
0,135.2445,0
0,135.2546,0
0,135.2647,0
0,135.2747,0
0,135.2848,0
0,135.2949,0
0,135.305,0
0,135.3151,0
0,135.3252,0
0,135.3352,0
0,135.3453,0
0,135.3554,0
0,135.3655,0
0,135.3756,0
0,135.3856,0
0,135.3957,0
0,135.4058,0
0,135.4159,0
0,135.426,0
0,135.4361,0
0,135.4462,0
0,135.4562,0
0,135.4663,0
0,135.4764,0
0,135.4865,0
0,135.4966,0
0,135.5067,0
0,135.5167,0
0,135.5268,0
0,135.5369,0
0,135.547,0
0,135.5571,0
0,135.5671,0
0,135.5772,0
0,135.5873,0
0,135.5974,0
0,135.6075,0
0,135.6192,1
0,135.6305,1
0,135.6406,1
0,135.6512,1
0,135.6657,0
0,135.6762,0
0,135.6864,0
0,135.6966,0
0,135.7067,0
0,135.7168,0
0,135.7269,0
0,135.737,0
0,135.7475,0
0,135.7577,0
0,135.7678,0
0,135.7779,0
0,135.7879,0
0,135.798,0
0,135.8081,0
0,135.8182,0
0,135.8283,0
0,135.8383,0
0,135.8484,0
0,135.8585,0
0,135.8686,0
0,135.8787,0
0,135.8887,0
0,135.8988,0
0,135.9089,0
0,135.919,0
0,135.9291,0
0,135.9391,0
0,135.9492,0
0,135.9593,0
0,135.9694,0
0,135.9795,0
0,135.9896,0
0,135.9996,0
0,136.0097,0
0,136.0198,0
0,136.0299,0
0,136.04,0
0,136.05,0
0,136.0601,0
0,136.0702,0
0,136.0803,0
0,136.0904,0
0,136.1004,0
0,136.1105,0
0,136.1206,0
0,136.1324,1
0,136.1425,1
0,136.1526,1
0,136.1627,0
0,136.1728,0
0,136.1829,0
0,136.193,0
0,136.2031,0
0,136.2137,0
0,136.2238,0
0,136.234,0
0,136.2441,0
0,136.2542,0
0,136.2643,0
0,136.2744,0
0,136.2845,0
0,136.2946,0
0,136.3047,0
0,136.3147,0
0,136.3248,0
0,136.3349,0
0,136.345,0
0,136.3551,0
0,136.3653,0
0,136.3754,0
0,136.3854,0
0,136.3955,0
0,136.4056,0
0,136.4157,0
0,136.4258,0
0,136.4358,0
0,136.4459,0
0,136.456,0
0,136.4661,0
0,136.4762,0
0,136.4863,0
0,136.4963,0
0,136.5064,0
0,136.5165,0
0,136.5266,0
0,136.5367,0
0,136.5467,0
0,136.5568,0
0,136.5669,0
0,136.577,0
0,136.5871,0
0,136.5971,0
0,136.6072,0
0,136.6173,0
0,136.631,1
0,136.6413,1
0,136.6514,1
0,136.665,0
0,136.6752,0
0,136.6853,0
0,136.6954,0
0,136.7055,0
0,136.7156,0
0,136.7271,0
0,136.7373,0
0,136.7474,0
0,136.7576,0
0,136.7677,0
0,136.7778,0
0,136.7879,0
0,136.798,0
0,136.808,0
0,136.8181,0
0,136.8282,0
0,136.8383,0
0,136.8484,0
0,136.8584,0
0,136.8685,0
0,136.8786,0
0,136.8887,0
0,136.8988,0
0,136.9088,0
0,136.9189,0
0,136.929,0
0,136.9391,0
0,136.9491,0
0,136.9592,0
0,136.9693,0
0,136.9794,0
0,136.9895,0
0,136.9995,0
0,137.0096,0
0,137.0197,0
0,137.0298,0
0,137.0398,0
0,137.0499,0
0,137.06,0
0,137.0701,0
0,137.0802,0
0,137.0903,0
0,137.1003,0
0,137.1104,0
0,137.1205,0
0,137.1311,1
0,137.1415,1
0,137.1551,1
0,137.1658,0
0,137.176,0
0,137.1861,0
0,137.1962,0
0,137.2063,0
0,137.2191,0
0,137.2291,0
0,137.2393,0
0,137.2494,0
0,137.2595,0
0,137.2696,0
0,137.2797,0
0,137.2898,0
0,137.2999,0
0,137.3099,0
0,137.32,0
0,137.3301,0
0,137.3402,0
0,137.3503,0
0,137.3604,0
0,137.3704,0
0,137.3805,0
0,137.3906,0
0,137.4007,0
0,137.4108,0
0,137.4208,0
0,137.4309,0
0,137.441,0
0,137.4511,0
0,137.4611,0
0,137.4712,0
0,137.4813,0
0,137.4914,0
0,137.5015,0
0,137.5115,0
0,137.5216,0
0,137.5317,0
0,137.5418,0
0,137.5518,0
0,137.5619,0
0,137.572,0
0,137.5821,0
0,137.5922,0
0,137.6023,0
0,137.6123,0
0,137.6224,0
0,137.6326,1
0,137.6427,1
0,137.6528,1
0,137.6651,0
0,137.6751,0
0,137.6852,0
0,137.6953,0
0,137.7055,0
0,137.7156,0
0,137.7258,0
0,137.7359,0
0,137.746,0
0,137.7566,0
0,137.7667,0
0,137.7768,0
0,137.7869,0
0,137.797,0
0,137.8071,0
0,137.8172,0
0,137.8273,0
0,137.8373,0
0,137.8474,0
0,137.8575,0
0,137.8676,0
0,137.8777,0
0,137.8877,0
0,137.8978,0
0,137.9079,0
0,137.918,0
0,137.9281,0
0,137.9382,0
0,137.9483,0
0,137.9583,0
0,137.9684,0
0,137.9785,0
0,137.9886,0
0,137.9987,0
0,138.0088,0
0,138.0189,0
0,138.0289,0
0,138.039,0
0,138.0491,0
0,138.0592,0
0,138.0692,0
0,138.0793,0
0,138.0894,0
0,138.0995,0
0,138.1096,0
0,138.1196,0
0,138.1297,0
0,138.1417,1
0,138.1525,1
0,138.1656,0
0,138.1765,0
0,138.1874,0
0,138.1975,0
0,138.2075,0
0,138.2178,0
0,138.2279,0
0,138.2381,0
0,138.2483,0
0,138.2584,0
0,138.2685,0
0,138.2785,0
0,138.2886,0
0,138.2987,0
0,138.3088,0
0,138.3188,0
0,138.3289,0
0,138.339,0
0,138.3491,0
0,138.3592,0
0,138.3692,0
0,138.3793,0
0,138.3894,0
0,138.3995,0
0,138.4096,0
0,138.4197,0
0,138.4297,0
0,138.4398,0
0,138.4499,0
0,138.46,0
0,138.4701,0
0,138.4801,0
0,138.4902,0
0,138.5003,0
0,138.5104,0
0,138.5205,0
0,138.5306,0
0,138.5406,0
0,138.5507,0
0,138.5608,0
0,138.5709,0
0,138.581,0
0,138.591,0
0,138.6011,0
0,138.6112,0
0,138.6213,0
0,138.6313,0
0,138.6414,1
0,138.6522,1
0,138.6653,0
0,138.6753,0
0,138.6856,0
0,138.6957,0
0,138.7058,0
0,138.7161,0
0,138.7263,0
0,138.7386,0
0,138.7487,0
0,138.7589,0
0,138.769,0
0,138.7791,0
0,138.7892,0
0,138.7993,0
0,138.8093,0
0,138.8194,0
0,138.8295,0
0,138.8396,0
0,138.8496,0
0,138.8597,0
0,138.8698,0
0,138.8799,0
0,138.89,0
0,138.9,0
0,138.9101,0
0,138.9202,0
0,138.9303,0
0,138.9403,0
0,138.9504,0
0,138.9605,0
0,138.9706,0
0,138.9807,0
0,138.9908,0
0,139.0008,0
0,139.0109,0
0,139.021,0
0,139.0311,0
0,139.0412,0
0,139.0512,0
0,139.0613,0
0,139.0714,0
0,139.0815,0
0,139.0916,0
0,139.1016,0
0,139.1117,0
0,139.1218,0
0,139.1319,0
0,139.142,1
0,139.1522,1
0,139.1623,1
0,139.1778,0
0,139.1898,0
0,139.1999,0
0,139.21,0
0,139.2229,0
0,139.2352,0
0,139.2456,0
0,139.2557,0
0,139.2661,0
0,139.2764,0
0,139.2865,0
0,139.2966,0
0,139.3067,0
0,139.3168,0
0,139.327,0
0,139.337,0
0,139.3472,0
0,139.3573,0
0,139.3674,0
0,139.3775,0
0,139.3891,0
0,139.3992,0
0,139.4093,0
0,139.4195,0
0,139.4295,0
0,139.4396,0
0,139.4497,0
0,139.4597,0
0,139.4698,0
0,139.4799,0
0,139.49,0
0,139.5001,0
0,139.5101,0
0,139.5202,0
0,139.5303,0
0,139.5404,0
0,139.5504,0
0,139.5605,0
0,139.5706,0
0,139.5806,0
0,139.5907,0
0,139.6008,0
0,139.6109,0
0,139.621,0
0,139.6311,0
0,139.6431,1
0,139.6534,1
0,139.6635,1
0,139.6747,0
0,139.6848,0
0,139.6948,0
0,139.705,0
0,139.7151,0
0,139.7253,0
0,139.7354,0
0,139.7455,0
0,139.7556,0
0,139.7661,0
0,139.7762,0
0,139.7863,0
0,139.7964,0
0,139.8065,0
0,139.8166,0
0,139.8266,0
0,139.8367,0
0,139.8468,0
0,139.8569,0
0,139.867,0
0,139.877,0
0,139.8871,0
0,139.8972,0
0,139.9073,0
0,139.9174,0
0,139.9274,0
0,139.9375,0
0,139.9476,0
0,139.9577,0
0,139.9678,0
0,139.9778,0
0,139.9879,0
0,139.998,0
0,140.0081,0
0,140.0182,0
0,140.0282,0
0,140.0383,0
0,140.0484,0
0,140.0585,0
0,140.0686,0
0,140.0787,0
0,140.0887,0
0,140.0988,0
0,140.1089,0
0,140.119,0
0,140.1291,0
0,140.1391,0
0,140.1497,1
0,140.1671,1
0,140.1772,1
0,140.1872,1
0,140.1977,0
0,140.2078,0
0,140.2179,0
0,140.2281,0
0,140.2383,0
0,140.2485,0
0,140.2586,0
0,140.2687,0
0,140.2788,0
0,140.2889,0
0,140.299,0
0,140.3091,0
0,140.3195,0
0,140.3296,0
0,140.3397,0
0,140.3498,0
0,140.3598,0
0,140.3699,0
0,140.3801,0
0,140.3902,0
0,140.4002,0
0,140.4103,0
0,140.4204,0
0,140.4305,0
0,140.4406,0
0,140.4507,0
0,140.4608,0
0,140.4709,0
0,140.4809,0
0,140.491,0
0,140.5011,0
0,140.5112,0
0,140.5213,0
0,140.5313,0
0,140.5414,0
0,140.5515,0
0,140.5616,0
0,140.5717,0
0,140.5817,0
0,140.5918,0
0,140.6019,0
0,140.612,0
0,140.622,0
0,140.6321,0
0,140.6422,0
0,140.6524,1
0,140.6625,1
0,140.673,1
0,140.6831,0
0,140.6932,0
0,140.7033,0
0,140.7134,0
0,140.7236,0
0,140.7343,0
0,140.7444,0
0,140.7545,0
0,140.7646,0
0,140.7747,0
0,140.7848,0
0,140.7962,0
0,140.8063,0
0,140.8163,0
0,140.8264,0
0,140.8365,0
0,140.8466,0
0,140.8566,0
0,140.8667,0
0,140.8768,0
0,140.8869,0
0,140.8969,0
0,140.907,0
0,140.9171,0
0,140.9272,0
0,140.9372,0
0,140.9473,0
0,140.9574,0
0,140.9675,0
0,140.9776,0
0,140.9877,0
0,140.9977,0
0,141.0078,0
0,141.0179,0
0,141.028,0
0,141.0381,0
0,141.0481,0
0,141.0582,0
0,141.0683,0
0,141.0784,0
0,141.0885,0
0,141.0985,0
0,141.1086,0
0,141.1187,0
0,141.1288,0
0,141.1389,0
0,141.149,1
0,141.1612,1
0,141.1713,1
0,141.1814,1
0,141.1933,0
0,141.206,0
0,141.2161,0
0,141.2263,0
0,141.2365,0
0,141.2466,0
0,141.2567,0
0,141.2669,0
0,141.277,0
0,141.287,0
0,141.2971,0
0,141.3072,0
0,141.3173,0
0,141.3274,0
0,141.3374,0
0,141.3475,0
0,141.3576,0
0,141.3677,0
0,141.3777,0
0,141.3878,0
0,141.3979,0
0,141.408,0
0,141.4181,0
0,141.4281,0
0,141.4382,0
0,141.4483,0
0,141.4584,0
0,141.4685,0
0,141.4785,0
0,141.4886,0
0,141.4987,0
0,141.5088,0
0,141.519,0
0,141.529,0
0,141.5391,0
0,141.5492,0
0,141.5593,0
0,141.5694,0
0,141.5794,0
0,141.5895,0
0,141.5996,0
0,141.6097,0
0,141.6198,0
0,141.6298,0
0,141.6399,0
0,141.6503,1
0,141.663,1
0,141.6731,1
0,141.6841,0
0,141.6942,0
0,141.7043,0
0,141.7144,0
0,141.7245,0
0,141.7347,0
0,141.7449,0
0,141.7552,0
0,141.7659,0
0,141.776,0
0,141.7861,0
0,141.7962,0
0,141.8063,0
0,141.8164,0
0,141.8265,0
0,141.8365,0
0,141.8466,0
0,141.8567,0
0,141.8668,0
0,141.8769,0
0,141.8869,0
0,141.897,0
0,141.9071,0
0,141.9172,0
0,141.9273,0
0,141.9373,0
0,141.9474,0
0,141.9575,0
0,141.9676,0
0,141.9777,0
0,141.9877,0
0,141.9978,0
0,142.0079,0
0,142.018,0
0,142.0281,0
0,142.0381,0
0,142.0482,0
0,142.0583,0
0,142.0684,0
0,142.0785,0
0,142.0885,0
0,142.0986,0
0,142.1087,0
0,142.1192,0
0,142.1293,0
0,142.1394,0
0,142.1495,0
0,142.1627,1
0,142.1728,1
0,142.183,1
0,142.196,0
0,142.2061,0
0,142.2162,0
0,142.2263,0
0,142.2364,0
0,142.2469,0
0,142.2571,0
0,142.2672,0
0,142.2773,0
0,142.2874,0
0,142.2975,0
0,142.3076,0
0,142.3177,0
0,142.3278,0
0,142.3379,0
0,142.348,0
0,142.358,0
0,142.3681,0
0,142.3782,0
0,142.3883,0
0,142.3984,0
0,142.4084,0
0,142.4185,0
0,142.4286,0
0,142.4387,0
0,142.4488,0
0,142.4588,0
0,142.4689,0
0,142.479,0
0,142.4891,0
0,142.4992,0
0,142.5092,0
0,142.5193,0
0,142.5294,0
0,142.5395,0
0,142.5496,0
0,142.5596,0
0,142.5697,0
0,142.5798,0
0,142.5899,0
0,142.6,0
0,142.61,0
0,142.6201,0
0,142.6302,0
0,142.6403,0
0,142.6503,0
0,142.6604,1
0,142.6715,1
0,142.6819,1
0,142.692,1
0,142.7084,0
0,142.7184,0
0,142.7286,0
0,142.7388,0
0,142.749,0
0,142.7592,0
0,142.7693,0
0,142.7794,0
0,142.7895,0
0,142.7996,0
0,142.8097,0
0,142.8198,0
0,142.8299,0
0,142.84,0
0,142.8501,0
0,142.8602,0
0,142.8702,0
0,142.8805,0
0,142.8906,0
0,142.9007,0
0,142.9108,0
0,142.9208,0
0,142.9309,0
0,142.941,0
0,142.9511,0
0,142.9611,0
0,142.9712,0
0,142.9813,0
0,142.9914,0
0,143.0015,0
0,143.0116,0
0,143.0216,0
0,143.0317,0
0,143.0418,0
0,143.0519,0
0,143.062,0
0,143.072,0
0,143.0821,0
0,143.0922,0
0,143.1023,0
0,143.1124,0
0,143.1224,0
0,143.1325,0
0,143.1426,0
0,143.1527,0
0,143.1631,1
0,143.1751,1
0,143.1852,1
0,143.1968,1
0,143.2073,0
0,143.2174,0
0,143.2275,0
0,143.2376,0
0,143.2477,0
0,143.2578,0
0,143.2679,0
0,143.278,0
0,143.2881,0
0,143.2982,0
0,143.3083,0
0,143.3186,0
0,143.3286,0
0,143.3387,0
0,143.3488,0
0,143.3589,0
0,143.369,0
0,143.3791,0
0,143.3891,0
0,143.3992,0
0,143.4093,0
0,143.4194,0
0,143.4295,0
0,143.4395,0
0,143.4496,0
0,143.4597,0
0,143.4698,0
0,143.4799,0
0,143.4899,0
0,143.5001,0
0,143.5101,0
0,143.5202,0
0,143.5303,0
0,143.5404,0
0,143.5504,0
0,143.5605,0
0,143.5706,0
0,143.5807,0
0,143.5908,0
0,143.6009,0
0,143.6109,0
0,143.621,0
0,143.6311,0
0,143.6412,0
0,143.6513,0
0,143.6613,0
0,143.6736,1
0,143.6839,1
0,143.697,1
0,143.7071,0
0,143.7172,0
0,143.7273,0
0,143.7375,0
0,143.7476,0
0,143.7578,0
0,143.7679,0
0,143.7781,0
0,143.7882,0
0,143.7983,0
0,143.8084,0
0,143.8185,0
0,143.8285,0
0,143.8387,0
0,143.8487,0
0,143.8588,0
0,143.8689,0
0,143.879,0
0,143.8891,0
0,143.8991,0
0,143.9092,0
0,143.9193,0
0,143.9294,0
0,143.9395,0
0,143.9496,0
0,143.9597,0
0,143.9697,0
0,143.9798,0
0,143.9899,0
0,144.0,0
0,144.0101,0
0,144.0202,0
0,144.0303,0
0,144.0404,0
0,144.0504,0
0,144.0605,0
0,144.0706,0
0,144.0807,0
0,144.0908,0
0,144.1008,0
0,144.1109,0
0,144.121,0
0,144.1311,0
0,144.1412,0
0,144.1512,0
0,144.1613,0
0,144.1737,1
0,144.1838,1
0,144.194,1
0,144.2045,0
0,144.2147,0
0,144.2247,0
0,144.2348,0
0,144.245,0
0,144.2551,0
0,144.2652,0
0,144.2753,0
0,144.2854,0
0,144.2956,0
0,144.3057,0
0,144.3158,0
0,144.3259,0
0,144.336,0
0,144.3461,0
0,144.3562,0
0,144.3664,0
0,144.3765,0
0,144.3866,0
0,144.3967,0
0,144.4068,0
0,144.4169,0
0,144.427,0
0,144.4371,0
0,144.4472,0
0,144.4573,0
0,144.4674,0
0,144.4774,0
0,144.4875,0
0,144.4976,0
0,144.5077,0
0,144.5178,0
0,144.5279,0
0,144.5379,0
0,144.548,0
0,144.5581,0
0,144.5682,0
0,144.5782,0
0,144.5883,0
0,144.5984,0
0,144.6085,0
0,144.6186,0
0,144.6286,0
0,144.6387,0
0,144.6488,0
0,144.6589,0
0,144.669,0
0,144.6792,1
0,144.6898,1
0,144.7069,0
0,144.7173,0
0,144.7275,0
0,144.7376,0
0,144.7477,0
0,144.7579,0
0,144.768,0
0,144.7782,0
0,144.7884,0
0,144.7985,0
0,144.8086,0
0,144.8187,0
0,144.8287,0
0,144.8388,0
0,144.8489,0
0,144.8591,0
0,144.8691,0
0,144.8792,0
0,144.8893,0
0,144.8994,0
0,144.9094,0
0,144.9195,0
0,144.9296,0
0,144.9397,0
0,144.9498,0
0,144.9599,0
0,144.9699,0
0,144.98,0
0,144.9901,0
0,145.0002,0
0,145.0103,0
0,145.0203,0
0,145.0304,0
0,145.0405,0
0,145.0506,0
0,145.0607,0
0,145.0707,0
0,145.0808,0
0,145.0909,0
0,145.101,0
0,145.1111,0
0,145.1212,0
0,145.1313,0
0,145.1413,0
0,145.1514,0
0,145.1615,0
0,145.1716,0
0,145.1821,1
0,145.1954,1
0,145.2078,0
0,145.2179,0
0,145.228,0
0,145.238,0
0,145.2481,0
0,145.2613,0
0,145.2721,0
0,145.2822,0
0,145.2924,0
0,145.3025,0
0,145.3126,0
0,145.3227,0
0,145.3327,0
0,145.3428,0
0,145.3529,0
0,145.363,0
0,145.3731,0
0,145.3832,0
0,145.3933,0
0,145.4033,0
0,145.4134,0
0,145.4235,0
0,145.4336,0
0,145.4438,0
0,145.4539,0
0,145.464,0
0,145.474,0
0,145.4841,0
0,145.4942,0
0,145.5043,0
0,145.5144,0
0,145.5244,0
0,145.5346,0
0,145.5446,0
0,145.5547,0
0,145.5648,0
0,145.5749,0
0,145.585,0
0,145.595,0
0,145.6051,0
0,145.6152,0
0,145.6253,0
0,145.6354,0
0,145.6455,0
0,145.6555,0
0,145.6656,0
0,145.6757,0
0,145.6858,1
0,145.6959,1
0,145.7062,1
0,145.7184,0
0,145.7292,0
0,145.7393,0
0,145.7494,0
0,145.7595,0
0,145.7697,0
0,145.7798,0
0,145.7899,0
0,145.8002,0
0,145.8103,0
0,145.8204,0
0,145.8305,0
0,145.8406,0
0,145.8507,0
0,145.8607,0
0,145.8708,0
0,145.881,0
0,145.891,0
0,145.9011,0
0,145.9112,0
0,145.9213,0
0,145.9314,0
0,145.9414,0
0,145.9515,0
0,145.9616,0
0,145.9717,0
0,145.9818,0
0,145.9919,0
0,146.0019,0
0,146.012,0
0,146.0224,0
0,146.0325,0
0,146.0426,0
0,146.0527,0
0,146.0628,0
0,146.0728,0
0,146.0829,0
0,146.093,0
0,146.1031,0
0,146.1132,0
0,146.1232,0
0,146.1333,0
0,146.1434,0
0,146.1535,0
0,146.1636,0
0,146.1736,0
0,146.1838,1
0,146.1939,1
0,146.2057,1
0,146.2212,0
0,146.2313,0
0,146.2421,0
0,146.2522,0
0,146.2623,0
0,146.2747,0
0,146.2848,0
0,146.2951,0
0,146.3052,0
0,146.3154,0
0,146.3255,0
0,146.3356,0
0,146.3456,0
0,146.3557,0
0,146.3658,0
0,146.3759,0
0,146.386,0
0,146.3961,0
0,146.4061,0
0,146.4162,0
0,146.4263,0
0,146.4364,0
0,146.4471,0
0,146.4572,0
0,146.4672,0
0,146.4773,0
0,146.4874,0
0,146.4975,0
0,146.5076,0
0,146.5176,0
0,146.5277,0
0,146.5378,0
0,146.5479,0
0,146.558,0
0,146.568,0
0,146.5781,0
0,146.5882,0
0,146.5983,0
0,146.6084,0
0,146.6184,0
0,146.6289,0
0,146.6391,0
0,146.6492,0
0,146.6593,0
0,146.6693,0
0,146.6794,0
0,146.6896,1
0,146.6998,1
0,146.7099,1
0,146.7203,0
0,146.7304,0
0,146.7405,0
0,146.7506,0
0,146.7607,0
0,146.7713,0
0,146.7815,0
0,146.7917,0
0,146.8018,0
0,146.8119,0
0,146.822,0
0,146.8321,0
0,146.8422,0
0,146.8523,0
0,146.8623,0
0,146.8724,0
0,146.8825,0
0,146.8926,0
0,146.9027,0
0,146.9128,0
0,146.9229,0
0,146.933,0
0,146.943,0
0,146.9531,0
0,146.9632,0
0,146.9733,0
0,146.9833,0
0,146.9934,0
0,147.0035,0
0,147.0136,0
0,147.0237,0
0,147.0338,0
0,147.0438,0
0,147.0539,0
0,147.064,0
0,147.0741,0
0,147.0842,0
0,147.0942,0
0,147.1043,0
0,147.1144,0
0,147.1245,0
0,147.1345,0
0,147.1446,0
0,147.1547,0
0,147.1648,0
0,147.1749,0
0,147.1852,0
0,147.196,1
0,147.2061,1
0,147.2162,1
0,147.2263,0
0,147.2364,0
0,147.2466,0
0,147.2567,0
0,147.2668,0
0,147.2769,0
0,147.2871,0
0,147.2972,0
0,147.3073,0
0,147.3174,0
0,147.3275,0
0,147.3376,0
0,147.3477,0
0,147.3577,0
0,147.3678,0
0,147.3779,0
0,147.388,0
0,147.3981,0
0,147.4082,0
0,147.4182,0
0,147.4283,0
0,147.4384,0
0,147.4485,0
0,147.4585,0
0,147.4686,0
0,147.4787,0
0,147.4888,0
0,147.4989,0
0,147.509,0
0,147.5191,0
0,147.5292,0
0,147.5393,0
0,147.5493,0
0,147.5594,0
0,147.5695,0
0,147.5796,0
0,147.5897,0
0,147.5997,0
0,147.6098,0
0,147.6199,0
0,147.63,0
0,147.64,0
0,147.6501,0
0,147.6602,0
0,147.6703,0
0,147.6804,0
0,147.6917,1
0,147.7044,1
0,147.7149,1
0,147.725,0
0,147.7355,0
0,147.7462,0
0,147.7563,0
0,147.7664,0
0,147.7766,0
0,147.7868,0
0,147.7969,0
0,147.8071,0
0,147.8172,0
0,147.8273,0
0,147.8374,0
0,147.8474,0
0,147.8575,0
0,147.8676,0
0,147.8777,0
0,147.8877,0
0,147.8978,0
0,147.9079,0
0,147.9181,0
0,147.9281,0
0,147.9382,0
0,147.9483,0
0,147.9584,0
0,147.9685,0
0,147.9785,0
0,147.9886,0
0,147.9987,0
0,148.0088,0
0,148.0189,0
0,148.0289,0
0,148.0391,0
0,148.0491,0
0,148.0592,0
0,148.0693,0
0,148.0794,0
0,148.0895,0
0,148.0995,0
0,148.1096,0
0,148.12,0
0,148.1301,0
0,148.1401,0
0,148.1502,0
0,148.1603,0
0,148.1704,0
0,148.1804,0
0,148.1905,0
0,148.2018,1
0,148.212,1
0,148.2221,1
0,148.2363,0
0,148.2485,0
0,148.2586,0
0,148.2687,0
0,148.2789,0
0,148.289,0
0,148.2993,0
0,148.3094,0
0,148.3195,0
0,148.3296,0
0,148.3397,0
0,148.3498,0
0,148.3599,0
0,148.3699,0
0,148.38,0
0,148.3901,0
0,148.4002,0
0,148.4103,0
0,148.4203,0
0,148.4304,0
0,148.4405,0
0,148.4506,0
0,148.4606,0
0,148.4707,0
0,148.4808,0
0,148.4909,0
0,148.501,0
0,148.511,0
0,148.5211,0
0,148.5312,0
0,148.5413,0
0,148.5514,0
0,148.5614,0
0,148.5715,0
0,148.5816,0
0,148.5917,0
0,148.6017,0
0,148.6118,0
0,148.6219,0
0,148.632,0
0,148.6421,0
0,148.6521,0
0,148.6622,0
0,148.6723,0
0,148.6824,0
0,148.6925,0
0,148.7026,1
0,148.7143,1
0,148.7244,1
0,148.736,0
0,148.7461,0
0,148.7563,0
0,148.7665,0
0,148.777,0
0,148.787,0
0,148.7972,0
0,148.8074,0
0,148.8175,0
0,148.8276,0
0,148.8384,0
0,148.8485,0
0,148.8586,0
0,148.8687,0
0,148.8788,0
0,148.8888,0
0,148.8989,0
0,148.909,0
0,148.9191,0
0,148.9292,0
0,148.9393,0
0,148.9494,0
0,148.9594,0
0,148.9695,0
0,148.9796,0
0,148.9897,0
0,148.9998,0
0,149.0098,0
0,149.0199,0
0,149.03,0
0,149.0413,0
0,149.0513,0
0,149.0614,0
0,149.0715,0
0,149.0816,0
0,149.0916,0
0,149.1017,0
0,149.112,0
0,149.1221,0
0,149.1322,0
0,149.1423,0
0,149.1523,0
0,149.1624,0
0,149.1725,0
0,149.1826,0
0,149.1926,0
0,149.2057,1
0,149.2162,1
0,149.2263,1
0,149.2377,0
0,149.2487,0
0,149.2588,0
0,149.2689,0
0,149.2795,0
0,149.2896,0
0,149.2997,0
0,149.3098,0
0,149.3199,0
0,149.33,0
0,149.3401,0
0,149.3503,0
0,149.3604,0
0,149.3705,0
0,149.3806,0
0,149.3907,0
0,149.4008,0
0,149.411,0
0,149.4211,0
0,149.4313,0
0,149.4417,0
0,149.4518,0
0,149.4619,0
0,149.472,0
0,149.4821,0
0,149.4922,0
0,149.5023,0
0,149.5124,0
0,149.5224,0
0,149.5325,0
0,149.5426,0
0,149.5527,0
0,149.5628,0
0,149.5728,0
0,149.5829,0
0,149.593,0
0,149.6031,0
0,149.6132,0
0,149.6232,0
0,149.6333,0
0,149.6434,0
0,149.6535,0
0,149.6636,0
0,149.6737,0
0,149.6837,0
0,149.6938,0
0,149.7074,1
0,149.7176,1
0,149.7277,1
0,149.7378,0
0,149.7479,0
0,149.758,0
0,149.7681,0
0,149.7787,0
0,149.7902,0
0,149.8003,0
0,149.8104,0
0,149.8205,0
0,149.8306,0
0,149.8407,0
0,149.8508,0
0,149.8609,0
0,149.871,0
0,149.881,0
0,149.8911,0
0,149.9012,0
0,149.9113,0
0,149.9214,0
0,149.9315,0
0,149.9417,0
0,149.9518,0
0,149.9618,0
0,149.9719,0
0,149.982,0
0,149.9921,0
0,150.0022,0
0,150.0123,0
0,150.0223,0
0,150.0324,0
0,150.0425,0
0,150.0526,0
0,150.0627,0
0,150.0728,0
0,150.0828,0
0,150.0929,0
0,150.103,0
0,150.1131,0
0,150.1232,0
0,150.1333,0
0,150.1433,0
0,150.1534,0
0,150.1635,0
0,150.1736,0
0,150.1837,0
0,150.1937,0
0,150.2038,1
0,150.2159,1
0,150.2261,1
0,150.2373,0
0,150.2484,0
0,150.2585,0
0,150.2686,0
0,150.2788,0
0,150.2889,0
0,150.2991,0
0,150.3093,0
0,150.3195,0
0,150.3296,0
0,150.3397,0
0,150.3497,0
0,150.3598,0
0,150.3699,0
0,150.38,0
0,150.3901,0
0,150.4001,0
0,150.4102,0
0,150.4203,0
0,150.4304,0
0,150.4405,0
0,150.4505,0
0,150.4606,0
0,150.4707,0
0,150.4808,0
0,150.4909,0
0,150.5009,0
0,150.511,0
0,150.5211,0
0,150.5312,0
0,150.5413,0
0,150.5513,0
0,150.5614,0
0,150.5715,0
0,150.5816,0
0,150.5917,0
0,150.6018,0
0,150.6118,0
0,150.6219,0
0,150.632,0
0,150.6421,0
0,150.6522,0
0,150.6622,0
0,150.6723,0
0,150.6824,0
0,150.6925,0
0,150.7025,0
0,150.7145,1
0,150.7248,1
0,150.7349,1
0,150.7474,0
0,150.7586,0
0,150.7689,0
0,150.779,0
0,150.7892,0
0,150.7993,0
0,150.8094,0
0,150.8195,0
0,150.8296,0
0,150.8397,0
0,150.8498,0
0,150.8599,0
0,150.87,0
0,150.8801,0
0,150.8901,0
0,150.9002,0
0,150.9103,0
0,150.9204,0
0,150.9305,0
0,150.9405,0
0,150.9506,0
0,150.9607,0
0,150.9708,0
0,150.9809,0
0,150.991,0
0,151.0011,0
0,151.0111,0
0,151.0212,0
0,151.0313,0
0,151.0414,0
0,151.0515,0
0,151.0615,0
0,151.0716,0
0,151.0817,0
0,151.0918,0
0,151.1019,0
0,151.112,0
0,151.1221,0
0,151.1321,0
0,151.1422,0
0,151.1523,0
0,151.1624,0
0,151.1725,0
0,151.1825,0
0,151.1926,0
0,151.2027,0
0,151.2151,1
0,151.2252,1
0,151.2354,1
0,151.2531,0
0,151.2672,0
0,151.2773,0
0,151.2878,0
0,151.2979,0
0,151.308,0
0,151.3181,0
0,151.3301,0
0,151.3407,0
0,151.3508,0
0,151.3613,0
0,151.3732,0
0,151.3833,0
0,151.3964,0
0,151.4066,0
0,151.4167,0
0,151.4269,0
0,151.4371,0
0,151.4511,0
0,151.4614,0
0,151.4715,0
0,151.4816,0
0,151.4937,0
0,151.5049,0
0,151.515,0
0,151.5252,0
0,151.5354,0
0,151.5455,0
0,151.5556,0
0,151.5658,0
0,151.5776,0
0,151.5892,0
0,151.5993,0
0,151.6094,0
0,151.6195,0
0,151.6296,0
0,151.6396,0
0,151.6497,0
0,151.6599,0
0,151.6699,0
0,151.68,0
0,151.6901,0
0,151.7002,0
0,151.7102,0
0,151.7216,1
0,151.7323,1
0,151.7424,1
0,151.7532,0
0,151.7633,0
0,151.7734,0
0,151.7835,0
0,151.7935,0
0,151.8037,0
0,151.8138,0
0,151.8239,0
0,151.834,0
0,151.8441,0
0,151.8542,0
0,151.8643,0
0,151.8743,0
0,151.8844,0
0,151.8945,0
0,151.9046,0
0,151.9146,0
0,151.9247,0
0,151.9348,0
0,151.9449,0
0,151.955,0
0,151.965,0
0,151.9765,0
0,151.9866,0
0,151.9967,0
0,152.0067,0
0,152.0168,0
0,152.0269,0
0,152.037,0
0,152.0471,0
0,152.0571,0
0,152.0672,0
0,152.0773,0
0,152.0874,0
0,152.0975,0
0,152.1075,0
0,152.1176,0
0,152.1277,0
0,152.1378,0
0,152.1478,0
0,152.1579,0
0,152.168,0
0,152.1781,0
0,152.1882,0
0,152.1983,0
0,152.2083,0
0,152.2191,1
0,152.2292,1
0,152.2406,1
0,152.2514,0
0,152.2618,0
0,152.2719,0
0,152.282,0
0,152.2921,0
0,152.3022,0
0,152.3123,0
0,152.3225,0
0,152.3327,0
0,152.3428,0
0,152.3529,0
0,152.3631,0
0,152.3732,0
0,152.3832,0
0,152.3933,0
0,152.4034,0
0,152.4135,0
0,152.4236,0
0,152.4337,0
0,152.4437,0
0,152.4538,0
0,152.4646,0
0,152.4747,0
0,152.4848,0
0,152.4949,0
0,152.5049,0
0,152.515,0
0,152.5251,0
0,152.5352,0
0,152.5452,0
0,152.5553,0
0,152.5654,0
0,152.5755,0
0,152.5866,0
0,152.5967,0
0,152.6068,0
0,152.6169,0
0,152.627,0
0,152.637,0
0,152.6471,0
0,152.6572,0
0,152.6673,0
0,152.6774,0
0,152.6874,0
0,152.6975,0
0,152.7076,0
0,152.7177,0
0,152.7278,1
0,152.738,1
0,152.7483,1
0,152.7584,0
0,152.7685,0
0,152.7786,0
0,152.7887,0
0,152.7992,0
0,152.8093,0
0,152.8195,0
0,152.8297,0
0,152.8398,0
0,152.85,0
0,152.8601,0
0,152.8702,0
0,152.8802,0
0,152.8903,0
0,152.9004,0
0,152.9105,0
0,152.9206,0
0,152.9307,0
0,152.9408,0
0,152.9508,0
0,152.9609,0
0,152.971,0
0,152.9811,0
0,152.9912,0
0,153.0013,0
0,153.0114,0
0,153.0215,0
0,153.0315,0
0,153.0416,0
0,153.0517,0
0,153.0618,0
0,153.0719,0
0,153.082,0
0,153.0921,0
0,153.1021,0
0,153.1122,0
0,153.1223,0
0,153.1324,0
0,153.1425,0
0,153.1525,0
0,153.1626,0
0,153.1727,0
0,153.1828,0
0,153.1929,0
0,153.2029,0
0,153.213,0
0,153.2231,0
0,153.2332,1
0,153.245,1
0,153.255,1
0,153.266,0
0,153.2832,0
0,153.2933,0
0,153.3034,0
0,153.3147,0
0,153.3248,0
0,153.3349,0
0,153.3452,0
0,153.3553,0
0,153.3654,0
0,153.3755,0
0,153.3856,0
0,153.3957,0
0,153.4057,0
0,153.4158,0
0,153.4259,0
0,153.436,0
0,153.4461,0
0,153.4561,0
0,153.4669,0
0,153.477,0
0,153.487,0
0,153.4971,0
0,153.5072,0
0,153.5173,0
0,153.5273,0
0,153.5374,0
0,153.5475,0
0,153.5576,0
0,153.5677,0
0,153.5777,0
0,153.5878,0
0,153.5979,0
0,153.608,0
0,153.6181,0
0,153.6282,0
0,153.6383,0
0,153.6483,0
0,153.6584,0
0,153.6685,0
0,153.6786,0
0,153.6887,0
0,153.6988,0
0,153.7089,0
0,153.7189,0
0,153.729,0
0,153.7417,1
0,153.7519,1
0,153.7621,1
0,153.7726,0
0,153.7828,0
0,153.7929,0
0,153.803,0
0,153.8152,0
0,153.8254,0
0,153.8355,0
0,153.8456,0
0,153.8557,0
0,153.8681,0
0,153.8782,0
0,153.8882,0
0,153.8983,0
0,153.9084,0
0,153.9185,0
0,153.9286,0
0,153.9386,0
0,153.9487,0
0,153.9588,0
0,153.9689,0
0,153.9789,0
0,153.989,0
0,153.9991,0
0,154.0092,0
0,154.0193,0
0,154.0294,0
0,154.0395,0
0,154.0495,0
0,154.0596,0
0,154.0697,0
0,154.0798,0
0,154.0899,0
0,154.1,0
0,154.11,0
0,154.1202,0
0,154.1302,0
0,154.1403,0
0,154.1504,0
0,154.1605,0
0,154.1706,0
0,154.1806,0
0,154.1907,0
0,154.2008,0
0,154.2109,0
0,154.221,0
0,154.231,0
0,154.2427,1
0,154.2598,1
0,154.2714,1
0,154.2824,0
0,154.2964,0
0,154.3085,0
0,154.3192,0
0,154.3294,0
0,154.3395,0
0,154.3496,0
0,154.3599,0
0,154.37,0
0,154.3802,0
0,154.3903,0
0,154.4004,0
0,154.4105,0
0,154.4206,0
0,154.4308,0
0,154.4409,0
0,154.4509,0
0,154.461,0
0,154.4711,0
0,154.4812,0
0,154.4913,0
0,154.5014,0
0,154.5115,0
0,154.5216,0
0,154.5317,0
0,154.5418,0
0,154.5519,0
0,154.562,0
0,154.5721,0
0,154.5822,0
0,154.5923,0
0,154.6024,0
0,154.6125,0
0,154.6226,0
0,154.6327,0
0,154.6428,0
0,154.6529,0
0,154.663,0
0,154.6731,0
0,154.6832,0
0,154.6933,0
0,154.7034,0
0,154.7135,0
0,154.7236,0
0,154.7337,0
0,154.7446,1
0,154.755,1
0,154.7672,1
0,154.7812,0
0,154.7913,0
0,154.8027,0
0,154.8128,0
0,154.8236,0
0,154.8339,0
0,154.844,0
0,154.8541,0
0,154.8642,0
0,154.8743,0
0,154.8844,0
0,154.8945,0
0,154.9046,0
0,154.9147,0
0,154.9248,0
0,154.9348,0
0,154.9449,0
0,154.955,0
0,154.9651,0
0,154.9752,0
0,154.9853,0
0,154.9953,0
0,155.0054,0
0,155.0155,0
0,155.0257,0
0,155.0358,0
0,155.0459,0
0,155.056,0
0,155.0661,0
0,155.0761,0
0,155.0862,0
0,155.0963,0
0,155.1064,0
0,155.1165,0
0,155.1265,0
0,155.1366,0
0,155.1467,0
0,155.1568,0
0,155.1669,0
0,155.177,0
0,155.187,0
0,155.1971,0
0,155.2072,0
0,155.2173,0
0,155.2274,0
0,155.2374,0
0,155.2475,1
0,155.2579,1
0,155.2708,1
0,155.2836,0
0,155.2937,0
0,155.3038,0
0,155.3139,0
0,155.3242,0
0,155.3343,0
0,155.3444,0
0,155.3551,0
0,155.3652,0
0,155.3753,0
0,155.3854,0
0,155.3955,0
0,155.4056,0
0,155.4156,0
0,155.4257,0
0,155.4358,0
0,155.4459,0
0,155.456,0
0,155.4661,0
0,155.4761,0
0,155.4862,0
0,155.4963,0
0,155.5064,0
0,155.5165,0
0,155.5265,0
0,155.5366,0
0,155.5467,0
0,155.5568,0
0,155.5669,0
0,155.5769,0
0,155.587,0
0,155.5971,0
0,155.6072,0
0,155.6173,0
0,155.6273,0
0,155.6374,0
0,155.6475,0
0,155.6576,0
0,155.6677,0
0,155.6778,0
0,155.6879,0
0,155.6979,0
0,155.708,0
0,155.7181,0
0,155.7282,0
0,155.7382,0
0,155.7486,1
0,155.7595,1
0,155.7695,1
0,155.7798,0
0,155.7899,0
0,155.8001,0
0,155.8102,0
0,155.8228,0
0,155.8329,0
0,155.843,0
0,155.8541,0
0,155.8642,0
0,155.8743,0
0,155.8843,0
0,155.8944,0
0,155.9045,0
0,155.9146,0
0,155.9247,0
0,155.9348,0
0,155.9449,0
0,155.9549,0
0,155.965,0
0,155.9751,0
0,155.9852,0
0,155.9952,0
0,156.0053,0
0,156.0154,0
0,156.0255,0
0,156.0356,0
0,156.0457,0
0,156.0558,0
0,156.0658,0
0,156.0759,0
0,156.086,0
0,156.0961,0
0,156.1062,0
0,156.1162,0
0,156.1263,0
0,156.1364,0
0,156.1465,0
0,156.1565,0
0,156.1666,0
0,156.1767,0
0,156.1868,0
0,156.1969,0
0,156.2069,0
0,156.217,0
0,156.2271,0
0,156.2372,0
0,156.2502,1
0,156.2608,1
0,156.2711,1
0,156.283,0
0,156.2931,0
0,156.3032,0
0,156.3133,0
0,156.3235,0
0,156.3336,0
0,156.3438,0
0,156.3539,0
0,156.364,0
0,156.3741,0
0,156.3842,0
0,156.3943,0
0,156.4043,0
0,156.4144,0
0,156.4245,0
0,156.4346,0
0,156.4447,0
0,156.4547,0
0,156.4648,0
0,156.4756,0
0,156.4857,0
0,156.4958,0
0,156.5058,0
0,156.5159,0
0,156.526,0
0,156.5361,0
0,156.5462,0
0,156.5562,0
0,156.5663,0
0,156.5764,0
0,156.5865,0
0,156.5966,0
0,156.6066,0
0,156.6167,0
0,156.6268,0
0,156.6369,0
0,156.647,0
0,156.6571,0
0,156.6671,0
0,156.6772,0
0,156.6873,0
0,156.6974,0
0,156.7074,0
0,156.7175,0
0,156.7276,0
0,156.7377,0
0,156.7518,1
0,156.763,1
0,156.7731,1
0,156.7832,0
0,156.7933,0
0,156.8035,0
0,156.8137,0
0,156.8245,0
0,156.8346,0
0,156.8447,0
0,156.8548,0
0,156.8649,0
0,156.8757,0
0,156.8858,0
0,156.8959,0
0,156.906,0
0,156.916,0
0,156.9261,0
0,156.9362,0
0,156.9463,0
0,156.9564,0
0,156.9664,0
0,156.9765,0
0,156.9866,0
0,156.9967,0
0,157.0068,0
0,157.0168,0
0,157.0269,0
0,157.037,0
0,157.0471,0
0,157.0572,0
0,157.0673,0
0,157.0774,0
0,157.0874,0
0,157.0975,0
0,157.1076,0
0,157.1177,0
0,157.1278,0
0,157.1378,0
0,157.1479,0
0,157.158,0
0,157.1681,0
0,157.1782,0
0,157.1883,0
0,157.1983,0
0,157.2084,0
0,157.2185,0
0,157.2286,0
0,157.2386,0
0,157.2487,1
0,157.2588,1
0,157.2701,1
0,157.2818,0
0,157.2919,0
0,157.302,0
0,157.3152,0
0,157.3273,0
0,157.3374,0
0,157.3476,0
0,157.3577,0
0,157.3679,0
0,157.378,0
0,157.3881,0
0,157.3982,0
0,157.4083,0
0,157.4183,0
0,157.4284,0
0,157.4385,0
0,157.4486,0
0,157.4587,0
0,157.4688,0
0,157.4788,0
0,157.4889,0
0,157.499,0
0,157.5091,0
0,157.5191,0
0,157.5292,0
0,157.5393,0
0,157.5494,0
0,157.5595,0
0,157.5695,0
0,157.5796,0
0,157.5897,0
0,157.5998,0
0,157.6099,0
0,157.6199,0
0,157.63,0
0,157.6401,0
0,157.6502,0
0,157.6603,0
0,157.6704,0
0,157.6804,0
0,157.6905,0
0,157.7006,0
0,157.7107,0
0,157.7208,0
0,157.7309,0
0,157.741,0
0,157.7511,1
0,157.7612,1
0,157.7713,1
0,157.783,0
0,157.7931,0
0,157.8054,0
0,157.8155,0
0,157.8269,0
0,157.837,0
0,157.8471,0
0,157.8572,0
0,157.8673,0
0,157.8793,0
0,157.8893,0
0,157.8994,0
0,157.9095,0
0,157.9196,0
0,157.9296,0
0,157.9397,0
0,157.9498,0
0,157.9599,0
0,157.97,0
0,157.98,0
0,157.9901,0
0,158.0002,0
0,158.0103,0
0,158.0203,0
0,158.0304,0
0,158.0405,0
0,158.0506,0
0,158.0607,0
0,158.0708,0
0,158.0809,0
0,158.091,0
0,158.1011,0
0,158.1111,0
0,158.1212,0
0,158.1313,0
0,158.1414,0
0,158.1515,0
0,158.1615,0
0,158.1716,0
0,158.1817,0
0,158.1918,0
0,158.2019,0
0,158.2119,0
0,158.222,0
0,158.2321,0
0,158.2422,0
0,158.2524,0
0,158.2625,1
0,158.2747,1
0,158.2847,1
0,158.2995,0
0,158.3096,0
0,158.3197,0
0,158.3298,0
0,158.3399,0
0,158.3502,0
0,158.3603,0
0,158.3711,0
0,158.3812,0
0,158.3912,0
0,158.4014,0
0,158.4115,0
0,158.4215,0
0,158.4316,0
0,158.4417,0
0,158.4518,0
0,158.4618,0
0,158.4719,0
0,158.4822,0
0,158.4922,0
0,158.5023,0
0,158.5124,0
0,158.5225,0
0,158.5325,0
0,158.5426,0
0,158.5527,0
0,158.5628,0
0,158.5729,0
0,158.583,0
0,158.593,0
0,158.6031,0
0,158.6132,0
0,158.6233,0
0,158.6333,0
0,158.6434,0
0,158.6535,0
0,158.6636,0
0,158.6737,0
0,158.6837,0
0,158.6938,0
0,158.7039,0
0,158.714,0
0,158.7241,0
0,158.7342,0
0,158.7442,0
0,158.7543,0
0,158.7655,1
0,158.7779,1
0,158.788,1
0,158.7993,0
0,158.8095,0
0,158.8196,0
0,158.8297,0
0,158.8398,0
0,158.8499,0
0,158.86,0
0,158.8701,0
0,158.8802,0
0,158.8904,0
0,158.9004,0
0,158.9105,0
0,158.9208,0
0,158.9308,0
0,158.9409,0
0,158.951,0
0,158.9611,0
0,158.9711,0
0,158.9812,0
0,158.9913,0
0,159.0014,0
0,159.0115,0
0,159.0215,0
0,159.0316,0
0,159.0417,0
0,159.0518,0
0,159.0619,0
0,159.072,0
0,159.0821,0
0,159.0922,0
0,159.1023,0
0,159.1123,0
0,159.1224,0
0,159.1325,0
0,159.1426,0
0,159.1526,0
0,159.1627,0
0,159.1728,0
0,159.1829,0
0,159.193,0
0,159.203,0
0,159.2131,0
0,159.2232,0
0,159.2333,0
0,159.2434,0
0,159.2534,0
0,159.2672,1
0,159.2803,1
0,159.2904,1
0,159.3039,0
0,159.314,0
0,159.3241,0
0,159.3342,0
0,159.3443,0
0,159.3545,0
0,159.3646,0
0,159.3755,0
0,159.3858,0
0,159.3959,0
0,159.4066,0
0,159.4167,0
0,159.4268,0
0,159.4369,0
0,159.447,0
0,159.4571,0
0,159.4671,0
0,159.4772,0
0,159.4881,0
0,159.4982,0
0,159.5083,0
0,159.5192,0
0,159.5293,0
0,159.5393,0
0,159.5494,0
0,159.5595,0
0,159.5696,0
0,159.5797,0
0,159.5897,0
0,159.5998,0
0,159.6099,0
0,159.62,0
0,159.63,0
0,159.6401,0
0,159.6502,0
0,159.6603,0
0,159.6704,0
0,159.6804,0
0,159.6905,0
0,159.7006,0
0,159.7107,0
0,159.7208,0
0,159.7308,0
0,159.7409,0
0,159.751,0
0,159.7611,0
0,159.7717,1
0,159.7834,1
0,159.7989,0
0,159.8094,0
0,159.8195,0
0,159.8326,0
0,159.8448,0
0,159.8587,0
0,159.8688,0
0,159.879,0
0,159.89,0
0,159.9001,0
0,159.9102,0
0,159.9204,0
0,159.9305,0
0,159.9406,0
0,159.9507,0
0,159.9608,0
0,159.9709,0
0,159.981,0
0,159.991,0
0,160.0011,0
0,160.0112,0
0,160.0213,0
0,160.0314,0
0,160.0414,0
0,160.0515,0
0,160.0616,0
0,160.0717,0
0,160.0818,0
0,160.0919,0
0,160.102,0
0,160.1121,0
0,160.1222,0
0,160.1322,0
0,160.1423,0
0,160.1524,0
0,160.1625,0
0,160.1726,0
0,160.1827,0
0,160.1928,0
0,160.2028,0
0,160.2129,0
0,160.223,0
0,160.2331,0
0,160.2432,0
0,160.2532,0
0,160.2633,0
0,160.2734,1
0,160.2835,1
0,160.2976,1
0,160.3077,0
0,160.3178,0
0,160.3279,0
0,160.3385,0
0,160.3509,0
0,160.361,0
0,160.3712,0
0,160.3813,0
0,160.3913,0
0,160.4014,0
0,160.4115,0
0,160.4216,0
0,160.4317,0
0,160.4418,0
0,160.4519,0
0,160.462,0
0,160.4721,0
0,160.4822,0
0,160.4922,0
0,160.5023,0
0,160.5124,0
0,160.5225,0
0,160.5326,0
0,160.5426,0
0,160.5527,0
0,160.5628,0
0,160.5729,0
0,160.583,0
0,160.593,0
0,160.6031,0
0,160.6132,0
0,160.6233,0
0,160.6334,0
0,160.6434,0
0,160.6535,0
0,160.6636,0
0,160.6737,0
0,160.6838,0
0,160.6938,0
0,160.7039,0
0,160.714,0
0,160.7241,0
0,160.7342,0
0,160.7443,0
0,160.7544,0
0,160.7644,0
0,160.779,1
0,160.7952,1
0,160.8053,0
0,160.8171,0
0,160.8272,0
0,160.8373,0
0,160.8475,0
0,160.8577,0
0,160.8678,0
0,160.8779,0
0,160.888,0
0,160.8981,0
0,160.9082,0
0,160.9182,0
0,160.9283,0
0,160.9384,0
0,160.9485,0
0,160.9586,0
0,160.9686,0
0,160.9787,0
0,160.9888,0
0,160.9989,0
0,161.0089,0
0,161.019,0
0,161.0291,0
0,161.0392,0
0,161.0493,0
0,161.0593,0
0,161.0694,0
0,161.0795,0
0,161.0896,0
0,161.0996,0
0,161.1097,0
0,161.1198,0
0,161.1299,0
0,161.14,0
0,161.1501,0
0,161.1602,0
0,161.1703,0
0,161.1803,0
0,161.1904,0
0,161.2005,0
0,161.2106,0
0,161.2207,0
0,161.2308,0
0,161.2408,0
0,161.2509,0
0,161.261,0
0,161.2711,0
0,161.2812,1
0,161.2916,1
0,161.3033,1
0,161.3161,0
0,161.3262,0
0,161.3363,0
0,161.3464,0
0,161.3565,0
0,161.3666,0
0,161.3768,0
0,161.3869,0
0,161.397,0
0,161.4071,0
0,161.4172,0
0,161.4273,0
0,161.4374,0
0,161.4474,0
0,161.4575,0
0,161.4676,0
0,161.4777,0
0,161.4878,0
0,161.4978,0
0,161.5079,0
0,161.518,0
0,161.5281,0
0,161.5381,0
0,161.5482,0
0,161.5583,0
0,161.5684,0
0,161.5785,0
0,161.5885,0
0,161.5986,0
0,161.6087,0
0,161.6188,0
0,161.6288,0
0,161.6389,0
0,161.649,0
0,161.6591,0
0,161.6692,0
0,161.6793,0
0,161.6893,0
0,161.6994,0
0,161.7095,0
0,161.7196,0
0,161.7297,0
0,161.7397,0
0,161.7498,0
0,161.7599,0
0,161.77,0
0,161.7831,1
0,161.7938,1
0,161.8039,1
0,161.8194,0
0,161.83,0
0,161.8401,0
0,161.8503,0
0,161.8621,0
0,161.8722,0
0,161.8823,0
0,161.8924,0
0,161.904,0
0,161.9141,0
0,161.9242,0
0,161.9343,0
0,161.9444,0
0,161.9545,0
0,161.9646,0
0,161.9747,0
0,161.9848,0
0,161.9949,0
0,162.0049,0
0,162.015,0
0,162.0251,0
0,162.0352,0
0,162.0453,0
0,162.0553,0
0,162.0654,0
0,162.0755,0
0,162.0856,0
0,162.0957,0
0,162.1057,0
0,162.1158,0
0,162.1259,0
0,162.136,0
0,162.1461,0
0,162.1562,0
0,162.1663,0
0,162.1764,0
0,162.1864,0
0,162.1965,0
0,162.2066,0
0,162.2167,0
0,162.2268,0
0,162.2369,0
0,162.2469,0
0,162.257,0
0,162.2671,0
0,162.2772,0
0,162.2884,1
0,162.2985,1
0,162.3086,1
0,162.3213,0
0,162.3314,0
0,162.3415,0
0,162.3516,0
0,162.3623,0
0,162.3724,0
0,162.3825,0
0,162.3943,0
0,162.4044,0
0,162.4145,0
0,162.4246,0
0,162.4347,0
0,162.4447,0
0,162.4549,0
0,162.4649,0
0,162.475,0
0,162.4851,0
0,162.4952,0
0,162.5053,0
0,162.5153,0
0,162.5254,0
0,162.5355,0
0,162.5456,0
0,162.5557,0
0,162.5658,0
0,162.5758,0
0,162.5859,0
0,162.596,0
0,162.6061,0
0,162.6162,0
0,162.6262,0
0,162.6363,0
0,162.6464,0
0,162.6565,0
0,162.6666,0
0,162.6766,0
0,162.6867,0
0,162.6968,0
0,162.7071,0
0,162.7171,0
0,162.7272,0
0,162.7373,0
0,162.7474,0
0,162.7575,0
0,162.7675,0
0,162.7776,0
0,162.7922,1
0,162.8027,1
0,162.816,1
0,162.8262,1
0,162.838,0
0,162.8481,0
0,162.8583,0
0,162.8698,0
0,162.8805,0
0,162.8907,0
0,162.9008,0
0,162.9109,0
0,162.921,0
0,162.9311,0
0,162.9412,0
0,162.9513,0
0,162.9613,0
0,162.9714,0
0,162.9815,0
0,162.9916,0
0,163.0016,0
0,163.0117,0
0,163.0218,0
0,163.0319,0
0,163.042,0
0,163.052,0
0,163.0621,0
0,163.0722,0
0,163.0823,0
0,163.0924,0
0,163.1024,0
0,163.1125,0
0,163.1226,0
0,163.1327,0
0,163.1428,0
0,163.1529,0
0,163.163,0
0,163.1731,0
0,163.1832,0
0,163.1933,0
0,163.2034,0
0,163.2138,0
0,163.2239,0
0,163.2339,0
0,163.244,0
0,163.2541,0
0,163.2642,0
0,163.2743,0
0,163.2843,0
0,163.2955,1
0,163.3071,1
0,163.3172,1
0,163.3288,0
0,163.34,0
0,163.3511,0
0,163.362,0
0,163.3721,0
0,163.3835,0
0,163.3951,0
0,163.4053,0
0,163.4154,0
0,163.4255,0
0,163.4355,0
0,163.4456,0
0,163.4557,0
0,163.4658,0
0,163.4759,0
0,163.4861,0
0,163.4962,0
0,163.5072,0
0,163.5173,0
0,163.5274,0
0,163.5375,0
0,163.5476,0
0,163.5577,0
0,163.5677,0
0,163.5778,0
0,163.5879,0
0,163.598,0
0,163.608,0
0,163.6181,0
0,163.6282,0
0,163.6383,0
0,163.6484,0
0,163.6584,0
0,163.6685,0
0,163.6786,0
0,163.6887,0
0,163.6987,0
0,163.7088,0
0,163.719,0
0,163.729,0
0,163.7391,0
0,163.7492,0
0,163.7593,0
0,163.7693,0
0,163.7794,0
0,163.7895,0
0,163.7996,1
0,163.81,1
0,163.8235,1
0,163.8372,0
0,163.8488,0
0,163.8589,0
0,163.871,0
0,163.8815,0
0,163.8916,0
0,163.9017,0
0,163.9119,0
0,163.922,0
0,163.9321,0
0,163.9422,0
0,163.9523,0
0,163.9623,0
0,163.9725,0
0,163.9825,0
0,163.9926,0
0,164.0027,0
0,164.0128,0
0,164.0228,0
0,164.0329,0
0,164.043,0
0,164.0531,0
0,164.0632,0
0,164.0732,0
0,164.0833,0
0,164.0934,0
0,164.1035,0
0,164.1136,0
0,164.1236,0
0,164.1337,0
0,164.1438,0
0,164.1539,0
0,164.164,0
0,164.1741,0
0,164.1842,0
0,164.1943,0
0,164.2043,0
0,164.2144,0
0,164.2249,0
0,164.2349,0
0,164.245,0
0,164.2551,0
0,164.2652,0
0,164.2753,0
0,164.2853,0
0,164.2954,0
0,164.3055,1
0,164.3172,1
0,164.3274,1
0,164.3392,0
0,164.3493,0
0,164.361,0
0,164.3713,0
0,164.3814,0
0,164.3918,0
0,164.4019,0
0,164.4122,0
0,164.4231,0
0,164.4332,0
0,164.4434,0
0,164.4536,0
0,164.4637,0
0,164.4738,0
0,164.4839,0
0,164.494,0
0,164.504,0
0,164.5141,0
0,164.5242,0
0,164.5343,0
0,164.5443,0
0,164.5544,0
0,164.5645,0
0,164.5746,0
0,164.5847,0
0,164.5947,0
0,164.6048,0
0,164.6149,0
0,164.625,0
0,164.635,0
0,164.6451,0
0,164.6552,0
0,164.6653,0
0,164.6754,0
0,164.6854,0
0,164.6955,0
0,164.7056,0
0,164.7157,0
0,164.7258,0
0,164.7359,0
0,164.7459,0
0,164.756,0
0,164.7661,0
0,164.7762,0
0,164.7863,0
0,164.7963,0
0,164.807,1
0,164.8171,1
0,164.8282,1
0,164.8444,0
0,164.8545,0
0,164.8645,0
0,164.8748,0
0,164.8849,0
0,164.895,0
0,164.9051,0
0,164.9173,0
0,164.9276,0
0,164.9378,0
0,164.9479,0
0,164.958,0
0,164.9681,0
0,164.9782,0
0,164.9883,0
0,164.9983,0
0,165.0084,0
0,165.0185,0
0,165.0286,0
0,165.0387,0
0,165.0487,0
0,165.0588,0
0,165.0689,0
0,165.079,0
0,165.0891,0
0,165.0991,0
0,165.1092,0
0,165.1193,0
0,165.1294,0
0,165.1395,0
0,165.1495,0
0,165.1596,0
0,165.1697,0
0,165.1798,0
0,165.1899,0
0,165.2,0
0,165.2101,0
0,165.2201,0
0,165.2302,0
0,165.2403,0
0,165.2504,0
0,165.2605,0
0,165.2706,0
0,165.2806,0
0,165.2907,0
0,165.3008,0
0,165.3111,1
0,165.3212,1
0,165.3331,1
0,165.3437,1
0,165.3543,0
0,165.3644,0
0,165.3745,0
0,165.3846,0
0,165.395,0
0,165.4053,0
0,165.4155,0
0,165.4256,0
0,165.4357,0
0,165.4458,0
0,165.4559,0
0,165.466,0
0,165.4761,0
0,165.4862,0
0,165.4963,0
0,165.5063,0
0,165.5164,0
0,165.5265,0
0,165.5366,0
0,165.5467,0
0,165.5567,0
0,165.5668,0
0,165.5769,0
0,165.587,0
0,165.5971,0
0,165.6071,0
0,165.6172,0
0,165.6273,0
0,165.6374,0
0,165.6475,0
0,165.6575,0
0,165.6676,0
0,165.6777,0
0,165.6878,0
0,165.6978,0
0,165.7079,0
0,165.718,0
0,165.7281,0
0,165.7382,0
0,165.7482,0
0,165.7583,0
0,165.7684,0
0,165.7785,0
0,165.7886,0
0,165.7986,0
0,165.8087,0
0,165.8189,1
0,165.8311,1
0,165.8415,1
0,165.8551,0
0,165.8652,0
0,165.8755,0
0,165.8857,0
0,165.8959,0
0,165.9059,0
0,165.916,0
0,165.9261,0
0,165.9362,0
0,165.9463,0
0,165.9564,0
0,165.9665,0
0,165.9766,0
0,165.9866,0
0,165.9967,0
0,166.0068,0
0,166.0169,0
0,166.027,0
0,166.037,0
0,166.0471,0
0,166.0572,0
0,166.0673,0
0,166.0773,0
0,166.0874,0
0,166.0975,0
0,166.1076,0
0,166.1177,0
0,166.1277,0
0,166.1378,0
0,166.1479,0
0,166.158,0
0,166.168,0
0,166.1781,0
0,166.1882,0
0,166.1983,0
0,166.2084,0
0,166.2185,0
0,166.2286,0
0,166.2387,0
0,166.2487,0
0,166.2588,0
0,166.2689,0
0,166.279,0
0,166.2891,0
0,166.2991,0
0,166.3092,0
0,166.3214,1
0,166.3316,1
0,166.3416,1
0,166.3525,0
0,166.364,0
0,166.3741,0
0,166.3842,0
0,166.3977,0
0,166.4078,0
0,166.4179,0
0,166.428,0
0,166.4381,0
0,166.4483,0
0,166.4584,0
0,166.4684,0
0,166.4785,0
0,166.4886,0
0,166.4987,0
0,166.5088,0
0,166.5189,0
0,166.5289,0
0,166.539,0
0,166.5491,0
0,166.5592,0
0,166.5692,0
0,166.5793,0
0,166.5894,0
0,166.5995,0
0,166.6096,0
0,166.6196,0
0,166.6297,0
0,166.6398,0
0,166.6499,0
0,166.6599,0
0,166.67,0
0,166.6801,0
0,166.6902,0
0,166.7003,0
0,166.7103,0
0,166.7204,0
0,166.7305,0
0,166.7406,0
0,166.7507,0
0,166.7608,0
0,166.7708,0
0,166.7809,0
0,166.791,0
0,166.8011,0
0,166.8111,0
0,166.8213,1
0,166.8329,1
0,166.8432,1
0,166.8548,0
0,166.8649,0
0,166.875,0
0,166.8851,0
0,166.8953,0
0,166.9054,0
0,166.9155,0
0,166.9272,0
0,166.9373,0
0,166.9474,0
0,166.9575,0
0,166.9676,0
0,166.9776,0
0,166.9877,0
0,166.9978,0
0,167.0079,0
0,167.018,0
0,167.0281,0
0,167.0381,0
0,167.0482,0
0,167.0583,0
0,167.0684,0
0,167.0785,0
0,167.0886,0
0,167.0986,0
0,167.1087,0
0,167.1188,0
0,167.1289,0
0,167.139,0
0,167.149,0
0,167.1591,0
0,167.1692,0
0,167.1793,0
0,167.1894,0
0,167.1994,0
0,167.2095,0
0,167.2196,0
0,167.2297,0
0,167.2398,0
0,167.2499,0
0,167.26,0
0,167.27,0
0,167.2801,0
0,167.2902,0
0,167.3003,0
0,167.3104,0
0,167.3205,0
0,167.3306,1
0,167.344,1
0,167.3541,1
0,167.3651,0
0,167.3752,0
0,167.3853,0
0,167.3954,0
0,167.4055,0
0,167.4156,0
0,167.4257,0
0,167.4359,0
0,167.446,0
0,167.4561,0
0,167.4662,0
0,167.4763,0
0,167.4863,0
0,167.4964,0
0,167.5065,0
0,167.5166,0
0,167.5269,0
0,167.537,0
0,167.547,0
0,167.5571,0
0,167.5672,0
0,167.5773,0
0,167.5874,0
0,167.5974,0
0,167.6075,0
0,167.6176,0
0,167.6277,0
0,167.6377,0
0,167.6478,0
0,167.6579,0
0,167.668,0
0,167.6781,0
0,167.6881,0
0,167.6982,0
0,167.7083,0
0,167.7184,0
0,167.7284,0
0,167.7385,0
0,167.7486,0
0,167.7587,0
0,167.7688,0
0,167.7788,0
0,167.7889,0
0,167.799,0
0,167.8091,0
0,167.8192,0
0,167.8293,1
0,167.8401,1
0,167.8527,1
0,167.864,0
0,167.8741,0
0,167.8842,0
0,167.8943,0
0,167.9062,0
0,167.9163,0
0,167.9265,0
0,167.9367,0
0,167.9468,0
0,167.9569,0
0,167.9669,0
0,167.977,0
0,167.9871,0
0,167.9972,0
0,168.0072,0
0,168.0173,0
0,168.0274,0
0,168.0375,0
0,168.0476,0
0,168.0576,0
0,168.0677,0
0,168.0778,0
0,168.0879,0
0,168.098,0
0,168.108,0
0,168.1181,0
0,168.1282,0
0,168.1383,0
0,168.1484,0
0,168.1584,0
0,168.1685,0
0,168.1786,0
0,168.1887,0
0,168.1988,0
0,168.2088,0
0,168.2189,0
0,168.229,0
0,168.2391,0
0,168.2492,0
0,168.2593,0
0,168.2694,0
0,168.2795,0
0,168.2896,0
0,168.2996,0
0,168.3097,0
0,168.3198,0
0,168.3299,1
0,168.3406,1
0,168.3511,1
0,168.3612,1
0,168.3715,1
0,168.3816,0
0,168.3919,0
0,168.402,0
0,168.4121,0
0,168.4222,0
0,168.4323,0
0,168.4431,0
0,168.4532,0
0,168.4633,0
0,168.4734,0
0,168.4835,0
0,168.4936,0
0,168.5037,0
0,168.5138,0
0,168.5239,0
0,168.5347,0
0,168.5448,0
0,168.5549,0
0,168.5649,0
0,168.575,0
0,168.5851,0
0,168.5952,0
0,168.6053,0
0,168.6153,0
0,168.6254,0
0,168.6355,0
0,168.6456,0
0,168.6557,0
0,168.6657,0
0,168.6758,0
0,168.6859,0
0,168.696,0
0,168.7061,0
0,168.7161,0
0,168.7262,0
0,168.7363,0
0,168.7464,0
0,168.7565,0
0,168.7665,0
0,168.7766,0
0,168.7867,0
0,168.7968,0
0,168.8069,0
0,168.817,0
0,168.827,0
0,168.839,1
0,168.8493,1
0,168.8594,1
0,168.8716,0
0,168.8821,0
0,168.8922,0
0,168.9023,0
0,168.9131,0
0,168.9232,0
0,168.9334,0
0,168.9436,0
0,168.9537,0
0,168.9638,0
0,168.9739,0
0,168.984,0
0,168.9941,0
0,169.0042,0
0,169.0143,0
0,169.0244,0
0,169.0344,0
0,169.0445,0
0,169.0546,0
0,169.0647,0
0,169.0748,0
0,169.0848,0
0,169.0949,0
0,169.105,0
0,169.1151,0
0,169.1252,0
0,169.1352,0
0,169.1453,0
0,169.1554,0
0,169.1655,0
0,169.1756,0
0,169.1856,0
0,169.1957,0
0,169.2058,0
0,169.2159,0
0,169.226,0
0,169.236,0
0,169.2462,0
0,169.2564,0
0,169.2664,0
0,169.2765,0
0,169.2866,0
0,169.2967,0
0,169.3067,0
0,169.3168,0
0,169.3269,0
0,169.3393,1
0,169.3498,1
0,169.3638,1
0,169.3739,1
0,169.3839,0
0,169.3973,0
0,169.4075,0
0,169.4176,0
0,169.4277,0
0,169.4378,0
0,169.448,0
0,169.4582,0
0,169.4695,0
0,169.4797,0
0,169.4898,0
0,169.4999,0
0,169.51,0
0,169.5201,0
0,169.5302,0
0,169.5403,0
0,169.5504,0
0,169.5604,0
0,169.5705,0
0,169.5806,0
0,169.5907,0
0,169.6008,0
0,169.6109,0
0,169.6209,0
0,169.631,0
0,169.6411,0
0,169.6512,0
0,169.6613,0
0,169.6713,0
0,169.6814,0
0,169.6915,0
0,169.7016,0
0,169.7117,0
0,169.7218,0
0,169.7318,0
0,169.7419,0
0,169.752,0
0,169.7621,0
0,169.7722,0
0,169.7823,0
0,169.7924,0
0,169.8024,0
0,169.8125,0
0,169.8226,0
0,169.8327,0
0,169.8428,1
0,169.8534,1
0,169.8635,1
0,169.8776,0
0,169.8877,0
0,169.8978,0
0,169.9079,0
0,169.918,0
0,169.9288,0
0,169.9389,0
0,169.949,0
0,169.9591,0
0,169.9692,0
0,169.9793,0
0,169.9894,0
0,169.9995,0
0,170.0096,0
0,170.0197,0
0,170.0298,0
0,170.0399,0
0,170.05,0
0,170.0601,0
0,170.0702,0
0,170.0803,0
0,170.0904,0
0,170.1005,0
0,170.1105,0
0,170.1206,0
0,170.1307,0
0,170.1408,0
0,170.1509,0
0,170.161,0
0,170.1711,0
0,170.1812,0
0,170.1912,0
0,170.2013,0
0,170.2114,0
0,170.2215,0
0,170.2316,0
0,170.2417,0
0,170.2518,0
0,170.2619,0
0,170.272,0
0,170.2822,0
0,170.2923,0
0,170.3023,0
0,170.3124,0
0,170.3225,0
0,170.3326,0
0,170.3427,1
0,170.3542,1
0,170.3668,1
0,170.3771,0
0,170.3871,0
0,170.3974,0
0,170.4075,0
0,170.4176,0
0,170.4279,0
0,170.438,0
0,170.4481,0
0,170.4584,0
0,170.4685,0
0,170.4786,0
0,170.4887,0
0,170.4988,0
0,170.5089,0
0,170.5189,0
0,170.529,0
0,170.5399,0
0,170.5499,0
0,170.56,0
0,170.5701,0
0,170.5802,0
0,170.5902,0
0,170.6003,0
0,170.6104,0
0,170.6205,0
0,170.6306,0
0,170.6406,0
0,170.6507,0
0,170.6608,0
0,170.6709,0
0,170.6809,0
0,170.691,0
0,170.7011,0
0,170.7112,0
0,170.7212,0
0,170.7313,0
0,170.7415,0
0,170.7516,0
0,170.7617,0
0,170.7718,0
0,170.7819,0
0,170.7919,0
0,170.802,0
0,170.8121,0
0,170.8222,0
0,170.8323,0
0,170.8424,1
0,170.8527,1
0,170.8631,1
0,170.8733,1
0,170.8837,0
0,170.8939,0
0,170.904,0
0,170.9141,0
0,170.9242,0
0,170.9344,0
0,170.9461,0
0,170.9562,0
0,170.9663,0
0,170.9764,0
0,170.9864,0
0,170.9965,0
0,171.0066,0
0,171.0167,0
0,171.0268,0
0,171.0369,0
0,171.047,0
0,171.0571,0
0,171.0671,0
0,171.0772,0
0,171.0873,0
0,171.0974,0
0,171.1075,0
0,171.1175,0
0,171.1276,0
0,171.1377,0
0,171.1478,0
0,171.1578,0
0,171.1679,0
0,171.178,0
0,171.1881,0
0,171.1982,0
0,171.2082,0
0,171.2183,0
0,171.2284,0
0,171.2385,0
0,171.2486,0
0,171.2586,0
0,171.2687,0
0,171.2788,0
0,171.2889,0
0,171.299,0
0,171.3092,0
0,171.3192,0
0,171.3293,0
0,171.3394,0
0,171.3523,1
0,171.3625,1
0,171.3725,1
0,171.3826,0
0,171.3927,0
0,171.4028,0
0,171.413,0
0,171.4232,0
0,171.4333,0
0,171.4435,0
0,171.4536,0
0,171.4637,0
0,171.4738,0
0,171.4839,0
0,171.494,0
0,171.5041,0
0,171.5142,0
0,171.5243,0
0,171.5344,0
0,171.5447,0
0,171.5548,0
0,171.5649,0
0,171.575,0
0,171.5851,0
0,171.5951,0
0,171.6052,0
0,171.6153,0
0,171.6254,0
0,171.6354,0
0,171.6455,0
0,171.6556,0
0,171.6657,0
0,171.6758,0
0,171.6858,0
0,171.6959,0
0,171.706,0
0,171.7161,0
0,171.7262,0
0,171.7362,0
0,171.7463,0
0,171.7564,0
0,171.7665,0
0,171.7765,0
0,171.7866,0
0,171.7967,0
0,171.8068,0
0,171.8169,0
0,171.8269,0
0,171.837,0
0,171.8472,1
0,171.8573,1
0,171.8674,1
0,171.8837,0
0,171.8938,0
0,171.9039,0
0,171.914,0
0,171.9242,0
0,171.9347,0
0,171.9467,0
0,171.9568,0
0,171.9669,0
0,171.977,0
0,171.9871,0
0,171.9972,0
0,172.0073,0
0,172.0174,0
0,172.0274,0
0,172.0375,0
0,172.0476,0
0,172.0577,0
0,172.0678,0
0,172.0779,0
0,172.0879,0
0,172.098,0
0,172.1081,0
0,172.1182,0
0,172.1283,0
0,172.1384,0
0,172.1484,0
0,172.1585,0
0,172.1686,0
0,172.1787,0
0,172.1887,0
0,172.1988,0
0,172.2089,0
0,172.2189,0
0,172.229,0
0,172.2391,0
0,172.2492,0
0,172.2593,0
0,172.2693,0
0,172.2794,0
0,172.2895,0
0,172.2996,0
0,172.3097,0
0,172.3198,0
0,172.3299,0
0,172.3399,0
0,172.35,0
0,172.363,1
0,172.3733,1
0,172.3834,1
0,172.3945,0
0,172.4053,0
0,172.4154,0
0,172.4255,0
0,172.4356,0
0,172.4457,0
0,172.4559,0
0,172.466,0
0,172.4761,0
0,172.4862,0
0,172.4963,0
0,172.5063,0
0,172.5164,0
0,172.5265,0
0,172.5366,0
0,172.5473,0
0,172.5574,0
0,172.5675,0
0,172.5776,0
0,172.5876,0
0,172.5977,0
0,172.6078,0
0,172.6179,0
0,172.628,0
0,172.638,0
0,172.6481,0
0,172.6582,0
0,172.6683,0
0,172.6783,0
0,172.6884,0
0,172.6985,0
0,172.7086,0
0,172.7188,0
0,172.7289,0
0,172.7389,0
0,172.749,0
0,172.7591,0
0,172.7692,0
0,172.7793,0
0,172.7893,0
0,172.7994,0
0,172.8095,0
0,172.8196,0
0,172.8297,0
0,172.8397,0
0,172.8498,0
0,172.8626,1
0,172.8752,1
0,172.8853,1
0,172.9,0
0,172.9101,0
0,172.9202,0
0,172.9304,0
0,172.9407,0
0,172.9529,0
0,172.9632,0
0,172.9733,0
0,172.9834,0
0,172.9935,0
0,173.0036,0
0,173.0137,0
0,173.0238,0
0,173.0338,0
0,173.0439,0
0,173.054,0
0,173.0641,0
0,173.0742,0
0,173.0843,0
0,173.0944,0
0,173.1044,0
0,173.1145,0
0,173.1246,0
0,173.1347,0
0,173.1448,0
0,173.1548,0
0,173.1649,0
0,173.175,0
0,173.1851,0
0,173.1952,0
0,173.2052,0
0,173.2153,0
0,173.2254,0
0,173.2355,0
0,173.2456,0
0,173.2556,0
0,173.2657,0
0,173.2758,0
0,173.2859,0
0,173.2959,0
0,173.306,0
0,173.3161,0
0,173.3262,0
0,173.3363,0
0,173.3464,0
0,173.3565,0
0,173.3667,1
0,173.3786,1
0,173.3887,1
0,173.3988,1
0,173.4118,0
0,173.4219,0
0,173.4351,0
0,173.4452,0
0,173.4553,0
0,173.4654,0
0,173.4755,0
0,173.4856,0
0,173.4957,0
0,173.5058,0
0,173.5159,0
0,173.526,0
0,173.536,0
0,173.5461,0
0,173.5565,0
0,173.5666,0
0,173.5767,0
0,173.5868,0
0,173.5968,0
0,173.6069,0
0,173.617,0
0,173.6271,0
0,173.6372,0
0,173.6472,0
0,173.6573,0
0,173.6674,0
0,173.6775,0
0,173.6876,0
0,173.6976,0
0,173.7077,0
0,173.7178,0
0,173.7279,0
0,173.738,0
0,173.748,0
0,173.7581,0
0,173.7682,0
0,173.7783,0
0,173.7883,0
0,173.7984,0
0,173.8085,0
0,173.8186,0
0,173.8287,0
0,173.8388,0
0,173.8488,0
0,173.8589,0
0,173.8691,1
0,173.8814,1
0,173.8914,1
0,173.9015,0
0,173.9116,0
0,173.9218,0
0,173.9319,0
0,173.9432,0
0,173.9534,0
0,173.9635,0
0,173.9737,0
0,173.9838,0
0,173.9939,0
0,174.004,0
0,174.014,0
0,174.0241,0
0,174.0342,0
0,174.0443,0
0,174.0543,0
0,174.0644,0
0,174.0746,0
0,174.0846,0
0,174.0947,0
0,174.1048,0
0,174.1149,0
0,174.125,0
0,174.135,0
0,174.1451,0
0,174.1552,0
0,174.1653,0
0,174.1754,0
0,174.1854,0
0,174.1955,0
0,174.2056,0
0,174.2157,0
0,174.2258,0
0,174.2358,0
0,174.2459,0
0,174.256,0
0,174.2661,0
0,174.2762,0
0,174.2862,0
0,174.2963,0
0,174.3064,0
0,174.3165,0
0,174.3266,0
0,174.3367,0
0,174.3468,0
0,174.357,0
0,174.3676,0
0,174.3793,1
0,174.3954,1
0,174.4055,1
0,174.4156,1
0,174.4267,0
0,174.4369,0
0,174.447,0
0,174.4579,0
0,174.4693,0
0,174.4816,0
0,174.4917,0
0,174.5019,0
0,174.512,0
0,174.5221,0
0,174.5322,0
0,174.5423,0
0,174.5523,0
0,174.5624,0
0,174.5725,0
0,174.5826,0
0,174.5927,0
0,174.6027,0
0,174.6128,0
0,174.6229,0
0,174.633,0
0,174.643,0
0,174.6531,0
0,174.6632,0
0,174.6733,0
0,174.6834,0
0,174.6934,0
0,174.7035,0
0,174.7136,0
0,174.7237,0
0,174.7337,0
0,174.7438,0
0,174.7539,0
0,174.764,0
0,174.7741,0
0,174.7841,0
0,174.7942,0
0,174.8043,0
0,174.8144,0
0,174.8245,0
0,174.8345,0
0,174.8446,0
0,174.8547,0
0,174.8648,0
0,174.8749,0
0,174.885,1
0,174.899,1
0,174.9104,0
0,174.9205,0
0,174.9306,0
0,174.9407,0
0,174.9508,0
0,174.9644,0
0,174.9745,0
0,174.9847,0
0,174.9948,0
0,175.0049,0
0,175.015,0
0,175.0251,0
0,175.0352,0
0,175.0452,0
0,175.0553,0
0,175.0654,0
0,175.0755,0
0,175.0856,0
0,175.0957,0
0,175.1058,0
0,175.1159,0
0,175.126,0
0,175.136,0
0,175.1461,0
0,175.1562,0
0,175.1663,0
0,175.1764,0
0,175.1864,0
0,175.1965,0
0,175.2066,0
0,175.2167,0
0,175.2268,0
0,175.2368,0
0,175.2469,0
0,175.257,0
0,175.2671,0
0,175.2771,0
0,175.2872,0
0,175.2973,0
0,175.3074,0
0,175.3175,0
0,175.3275,0
0,175.338,0
0,175.3481,0
0,175.3582,0
0,175.3683,0
0,175.3783,0
0,175.3912,1
0,175.4037,1
0,175.4149,1
0,175.4345,0
0,175.4499,0
0,175.4603,0
0,175.4704,0
0,175.4805,0
0,175.4926,0
0,175.5028,0
0,175.5129,0
0,175.5231,0
0,175.5333,0
0,175.5434,0
0,175.5535,0
0,175.5647,0
0,175.5747,0
0,175.5848,0
0,175.5949,0
0,175.605,0
0,175.6151,0
0,175.6251,0
0,175.6352,0
0,175.6453,0
0,175.6554,0
0,175.6655,0
0,175.6755,0
0,175.6856,0
0,175.6957,0
0,175.7058,0
0,175.7158,0
0,175.7259,0
0,175.736,0
0,175.7461,0
0,175.7562,0
0,175.7663,0
0,175.7763,0
0,175.7864,0
0,175.7965,0
0,175.8066,0
0,175.8167,0
0,175.8268,0
0,175.8368,0
0,175.8469,0
0,175.857,0
0,175.8671,0
0,175.8772,0
0,175.8912,1
0,175.9013,1
0,175.9129,1
0,175.9244,0
0,175.9345,0
0,175.9446,0
0,175.9547,0
0,175.9697,0
0,175.9798,0
0,175.9899,0
0,176.0003,0
0,176.0106,0
0,176.0207,0
0,176.0307,0
0,176.0408,0
0,176.0509,0
0,176.061,0
0,176.071,0
0,176.0811,0
0,176.0912,0
0,176.1013,0
0,176.1114,0
0,176.1215,0
0,176.1315,0
0,176.1416,0
0,176.1517,0
0,176.1618,0
0,176.1725,0
0,176.1826,0
0,176.1927,0
0,176.2028,0
0,176.2129,0
0,176.2229,0
0,176.233,0
0,176.2431,0
0,176.2532,0
0,176.2632,0
0,176.2733,0
0,176.2834,0
0,176.2935,0
0,176.3036,0
0,176.3136,0
0,176.3237,0
0,176.3338,0
0,176.3439,0
0,176.354,0
0,176.3641,0
0,176.3742,0
0,176.3843,0
0,176.3944,1
0,176.4045,1
0,176.415,1
0,176.426,0
0,176.4374,0
0,176.4475,0
0,176.4576,0
0,176.4678,0
0,176.4792,0
0,176.4893,0
0,176.5004,0
0,176.5105,0
0,176.5206,0
0,176.5307,0
0,176.5408,0
0,176.5508,0
0,176.5609,0
0,176.571,0
0,176.5811,0
0,176.5912,0
0,176.6012,0
0,176.6113,0
0,176.6214,0
0,176.6315,0
0,176.6416,0
0,176.6516,0
0,176.6617,0
0,176.6718,0
0,176.6819,0
0,176.6919,0
0,176.702,0
0,176.7121,0
0,176.7222,0
0,176.7323,0
0,176.7423,0
0,176.7524,0
0,176.7625,0
0,176.7725,0
0,176.7826,0
0,176.7927,0
0,176.8028,0
0,176.8128,0
0,176.8229,0
0,176.833,0
0,176.8431,0
0,176.8531,0
0,176.8632,0
0,176.8733,0
0,176.8834,0
0,176.8952,1
0,176.9054,1
0,176.9177,1
0,176.9278,0
0,176.9379,0
0,176.951,0
0,176.9611,0
0,176.9712,0
0,176.9814,0
0,176.9915,0
0,177.0016,0
0,177.0117,0
0,177.0218,0
0,177.0319,0
0,177.0419,0
0,177.052,0
0,177.0621,0
0,177.0722,0
0,177.0822,0
0,177.0923,0
0,177.1028,0
0,177.1129,0
0,177.1229,0
0,177.133,0
0,177.1431,0
0,177.1532,0
0,177.1632,0
0,177.1733,0
0,177.1834,0
0,177.1935,0
0,177.2036,0
0,177.2136,0
0,177.2237,0
0,177.2338,0
0,177.2439,0
0,177.254,0
0,177.264,0
0,177.2741,0
0,177.2842,0
0,177.2943,0
0,177.3043,0
0,177.3144,0
0,177.3245,0
0,177.3346,0
0,177.3447,0
0,177.3547,0
0,177.3649,0
0,177.3749,0
0,177.385,0
0,177.3952,0
0,177.4053,1
0,177.4168,1
0,177.427,1
0,177.44,1
0,177.4501,0
0,177.4602,0
0,177.4703,0
0,177.4804,0
0,177.4905,0
0,177.5008,0
0,177.5109,0
0,177.521,0
0,177.5311,0
0,177.5412,0
0,177.5513,0
0,177.5614,0
0,177.5715,0
0,177.5816,0
0,177.5917,0
0,177.6017,0
0,177.6119,0
0,177.6219,0
0,177.632,0
0,177.6421,0
0,177.6522,0
0,177.6622,0
0,177.6723,0
0,177.6824,0
0,177.6925,0
0,177.7026,0
0,177.7126,0
0,177.7227,0
0,177.7328,0
0,177.7429,0
0,177.753,0
0,177.763,0
0,177.7731,0
0,177.7832,0
0,177.7933,0
0,177.8034,0
0,177.8135,0
0,177.8235,0
0,177.8336,0
0,177.8437,0
0,177.8538,0
0,177.8639,0
0,177.8739,0
0,177.884,0
0,177.8941,0
0,177.9054,1
0,177.9157,1
0,177.9258,1
0,177.9359,0
0,177.946,0
0,177.9561,0
0,177.9683,0
0,177.9785,0
0,177.9886,0
0,177.9987,0
0,178.0088,0
0,178.0189,0
0,178.0291,0
0,178.0391,0
0,178.0492,0
0,178.0593,0
0,178.0694,0
0,178.0795,0
0,178.0895,0
0,178.0996,0
0,178.1097,0
0,178.1198,0
0,178.1299,0
0,178.14,0
0,178.1501,0
0,178.1601,0
0,178.1702,0
0,178.1803,0
0,178.1904,0
0,178.2005,0
0,178.2105,0
0,178.2206,0
0,178.2307,0
0,178.2408,0
0,178.2508,0
0,178.2609,0
0,178.271,0
0,178.2811,0
0,178.2912,0
0,178.3013,0
0,178.3113,0
0,178.3215,0
0,178.3316,0
0,178.3416,0
0,178.3517,0
0,178.3618,0
0,178.3719,0
0,178.3819,0
0,178.392,0
0,178.403,1
0,178.4132,1
0,178.4233,1
0,178.4337,1
0,178.4438,0
0,178.4559,0
0,178.466,0
0,178.4761,0
0,178.4862,0
0,178.4963,0
0,178.5064,0
0,178.5165,0
0,178.5266,0
0,178.5367,0
0,178.5468,0
0,178.5569,0
0,178.5669,0
0,178.577,0
0,178.5871,0
0,178.5972,0
0,178.6073,0
0,178.6174,0
0,178.6277,0
0,178.6378,0
0,178.6479,0
0,178.658,0
0,178.668,0
0,178.6781,0
0,178.6882,0
0,178.6983,0
0,178.7083,0
0,178.7187,0
0,178.7288,0
0,178.7389,0
0,178.749,0
0,178.759,0
0,178.7691,0
0,178.7792,0
0,178.7893,0
0,178.7993,0
0,178.8094,0
0,178.8195,0
0,178.8296,0
0,178.8397,0
0,178.8497,0
0,178.8601,0
0,178.8751,0
0,178.8853,0
0,178.8954,0
0,178.9055,0
0,178.9206,1
0,178.9326,1
0,178.945,1
0,178.9551,1
0,178.9653,1
0,178.9772,1
0,178.9885,0
0,178.9993,0
0,179.0095,0
0,179.0196,0
0,179.0297,0
0,179.0406,0
0,179.0574,0
0,179.0694,0
0,179.0913,0
0,179.1111,0
0,179.1231,0
0,179.1351,0
0,179.148,0
0,179.1581,0
0,179.1683,0
0,179.1786,0
0,179.1889,0
0,179.1991,0
0,179.2093,0
0,179.2286,0
0,179.2387,0
0,179.2491,0
0,179.2592,0
0,179.2693,0
0,179.2794,0
0,179.2895,0
0,179.2995,0
0,179.3097,0
0,179.3198,0
0,179.3298,0
0,179.3399,0
0,179.3501,0
0,179.3602,0
0,179.3703,0
0,179.3804,0
0,179.3905,0
0,179.4033,0
0,179.4151,1
0,179.4252,1
0,179.4354,1
0,179.449,0
0,179.4591,0
0,179.4692,0
0,179.4794,0
0,179.4895,0
0,179.4996,0
0,179.51,0
0,179.5202,0
0,179.5303,0
0,179.5404,0
0,179.5505,0
0,179.5606,0
0,179.5707,0
0,179.5808,0
0,179.5909,0
0,179.6009,0
0,179.611,0
0,179.6211,0
0,179.6312,0
0,179.6413,0
0,179.6514,0
0,179.6615,0
0,179.6716,0
0,179.6819,0
0,179.692,0
0,179.7021,0
0,179.7122,0
0,179.7222,0
0,179.7323,0
0,179.7424,0
0,179.7525,0
0,179.7626,0
0,179.7726,0
0,179.7827,0
0,179.7928,0
0,179.8029,0
0,179.813,0
0,179.823,0
0,179.8331,0
0,179.8432,0
0,179.8533,0
0,179.8634,0
0,179.8734,0
0,179.8835,0
0,179.8947,0
0,179.9048,0
0,179.9149,1
0,179.9256,1
0,179.9357,1
0,179.9514,0
0,179.9615,0
0,179.9716,0
0,179.9818,0
0,179.994,0
0,180.0043,0
0,180.0144,0
0,180.0245,0
0,180.0346,0
0,180.0447,0
0,180.0548,0
0,180.0649,0
0,180.0749,0
0,180.085,0
0,180.0951,0
0,180.1052,0
0,180.1153,0
0,180.1253,0
0,180.1354,0
0,180.1455,0
0,180.1556,0
0,180.1657,0
0,180.1758,0
0,180.1859,0
0,180.1959,0
0,180.206,0
0,180.2161,0
0,180.2262,0
0,180.2363,0
0,180.2463,0
0,180.2564,0
0,180.2665,0
0,180.2766,0
0,180.2867,0
0,180.2967,0
0,180.3068,0
0,180.3169,0
0,180.327,0
0,180.3371,0
0,180.3471,0
0,180.3572,0
0,180.3673,0
0,180.3774,0
0,180.3875,0
0,180.3976,0
0,180.4076,0
0,180.4177,0
0,180.4279,1
0,180.4386,1
0,180.4487,1
0,180.4625,1
0,180.4762,0
0,180.4863,0
0,180.5026,0
0,180.5149,0
0,180.5249,0
0,180.5355,0
0,180.5456,0
0,180.5558,0
0,180.5659,0
0,180.5768,0
0,180.5869,0
0,180.597,0
0,180.6096,0
0,180.6196,0
0,180.6297,0
0,180.6398,0
0,180.6499,0
0,180.66,0
0,180.6701,0
0,180.6801,0
0,180.6902,0
0,180.7003,0
0,180.7104,0
0,180.7204,0
0,180.7305,0
0,180.7406,0
0,180.7507,0
0,180.7608,0
0,180.7708,0
0,180.7809,0
0,180.791,0
0,180.8011,0
0,180.8111,0
0,180.8212,0
0,180.8313,0
0,180.8414,0
0,180.8515,0
0,180.8615,0
0,180.8716,0
0,180.8817,0
0,180.8918,0
0,180.9019,0
0,180.9119,0
0,180.922,0
0,180.9323,1
0,180.9429,1
0,180.953,1
0,180.9664,0
0,180.9765,0
0,180.9865,0
0,180.9973,0
0,181.0075,0
0,181.0176,0
0,181.0277,0
0,181.0378,0
0,181.048,0
0,181.0581,0
0,181.0682,0
0,181.0782,0
0,181.0883,0
0,181.0984,0
0,181.1085,0
0,181.1192,0
0,181.1293,0
0,181.1394,0
0,181.1495,0
0,181.16,0
0,181.17,0
0,181.1801,0
0,181.1902,0
0,181.2003,0
0,181.2104,0
0,181.2204,0
0,181.2305,0
0,181.2406,0
0,181.2507,0
0,181.2608,0
0,181.2708,0
0,181.2809,0
0,181.291,0
0,181.3011,0
0,181.3112,0
0,181.3212,0
0,181.3313,0
0,181.3414,0
0,181.3515,0
0,181.3616,0
0,181.3716,0
0,181.3817,0
0,181.3918,0
0,181.4019,0
0,181.412,0
0,181.4221,0
0,181.4333,1
0,181.4446,1
0,181.4569,1
0,181.4671,0
0,181.4773,0
0,181.4874,0
0,181.4976,0
0,181.5077,0
0,181.5178,0
0,181.528,0
0,181.5381,0
0,181.5482,0
0,181.5582,0
0,181.5683,0
0,181.5784,0
0,181.5885,0
0,181.5986,0
0,181.6086,0
0,181.6187,0
0,181.6288,0
0,181.6389,0
0,181.6489,0
0,181.6591,0
0,181.6691,0
0,181.6792,0
0,181.6893,0
0,181.6994,0
0,181.7095,0
0,181.7196,0
0,181.7297,0
0,181.7398,0
0,181.7498,0
0,181.7599,0
0,181.77,0
0,181.7801,0
0,181.7902,0
0,181.8002,0
0,181.8103,0
0,181.8204,0
0,181.8305,0
0,181.8406,0
0,181.8507,0
0,181.8607,0
0,181.8708,0
0,181.8809,0
0,181.891,0
0,181.9011,0
0,181.9112,0
0,181.9212,0
0,181.9335,1
0,181.9451,1
0,181.9557,1
0,181.9665,1
0,181.9779,0
0,181.9881,0
0,181.9982,0
0,182.0083,0
0,182.0184,0
0,182.0286,0
0,182.0388,0
0,182.0489,0
0,182.059,0
0,182.0691,0
0,182.0792,0
0,182.0893,0
0,182.0994,0
0,182.1094,0
0,182.1195,0
0,182.1296,0
0,182.1397,0
0,182.1497,0
0,182.1601,0
0,182.1702,0
0,182.1802,0
0,182.1903,0
0,182.2004,0
0,182.2105,0
0,182.2206,0
0,182.2306,0
0,182.2407,0
0,182.2508,0
0,182.2609,0
0,182.2709,0
0,182.281,0
0,182.2911,0
0,182.3012,0
0,182.3112,0
0,182.3214,0
0,182.3314,0
0,182.3415,0
0,182.3516,0
0,182.3617,0
0,182.3718,0
0,182.3818,0
0,182.3919,0
0,182.402,0
0,182.4124,0
0,182.4224,0
0,182.433,1
0,182.4456,1
0,182.4556,1
0,182.4674,0
0,182.4798,0
0,182.4898,0
0,182.503,0
0,182.5132,0
0,182.5233,0
0,182.5336,0
0,182.5437,0
0,182.5538,0
0,182.5639,0
0,182.574,0
0,182.5841,0
0,182.5941,0
0,182.6042,0
0,182.6143,0
0,182.6244,0
0,182.6344,0
0,182.6445,0
0,182.6546,0
0,182.6648,0
0,182.6748,0
0,182.6849,0
0,182.695,0
0,182.7051,0
0,182.7152,0
0,182.7252,0
0,182.7353,0
0,182.7454,0
0,182.7555,0
0,182.7656,0
0,182.7756,0
0,182.7857,0
0,182.7958,0
0,182.8059,0
0,182.8159,0
0,182.826,0
0,182.8361,0
0,182.8462,0
0,182.8563,0
0,182.8664,0
0,182.8764,0
0,182.8865,0
0,182.8966,0
0,182.9067,0
0,182.9173,0
0,182.9274,0
0,182.9375,1
0,182.9481,1
0,182.9582,1
0,182.971,0
0,182.9811,0
0,182.9912,0
0,183.0013,0
0,183.0153,0
0,183.0254,0
0,183.0357,0
0,183.0458,0
0,183.0559,0
0,183.066,0
0,183.0761,0
0,183.0862,0
0,183.0963,0
0,183.1064,0
0,183.1164,0
0,183.1265,0
0,183.1366,0
0,183.1467,0
0,183.1567,0
0,183.1669,0
0,183.177,0
0,183.187,0
0,183.1971,0
0,183.2072,0
0,183.2173,0
0,183.2274,0
0,183.2374,0
0,183.2475,0
0,183.2576,0
0,183.2677,0
0,183.2778,0
0,183.2878,0
0,183.2979,0
0,183.308,0
0,183.3181,0
0,183.3282,0
0,183.3382,0
0,183.3483,0
0,183.3584,0
0,183.3685,0
0,183.3786,0
0,183.3886,0
0,183.3987,0
0,183.4088,0
0,183.4189,0
0,183.429,0
0,183.442,1
0,183.452,1
0,183.4638,1
0,183.4767,0
0,183.4868,0
0,183.4969,0
0,183.5071,0
0,183.5172,0
0,183.5273,0
0,183.5374,0
0,183.5475,0
0,183.5576,0
0,183.5677,0
0,183.5779,0
0,183.588,0
0,183.5981,0
0,183.6081,0
0,183.6182,0
0,183.6283,0
0,183.6384,0
0,183.6485,0
0,183.6586,0
0,183.6687,0
0,183.6788,0
0,183.689,0
0,183.699,0
0,183.7091,0
0,183.7192,0
0,183.7293,0
0,183.7393,0
0,183.7494,0
0,183.7595,0
0,183.7706,0
0,183.7807,0
0,183.7911,0
0,183.8015,0
0,183.8137,0
0,183.8237,0
0,183.8338,0
0,183.8439,0
0,183.854,0
0,183.864,0
0,183.8742,0
0,183.8843,0
0,183.8944,0
0,183.9045,0
0,183.9146,0
0,183.9247,0
0,183.9347,0
0,183.946,1
0,183.9576,1
0,183.9677,1
0,183.9782,0
0,183.9907,0
0,184.0008,0
0,184.011,0
0,184.0237,0
0,184.0338,0
0,184.0439,0
0,184.054,0
0,184.0641,0
0,184.0742,0
0,184.0843,0
0,184.0944,0
0,184.1045,0
0,184.1145,0
0,184.1246,0
0,184.1347,0
0,184.1448,0
0,184.1549,0
0,184.165,0
0,184.1751,0
0,184.1851,0
0,184.1952,0
0,184.2053,0
0,184.2157,0
0,184.2258,0
0,184.2359,0
0,184.246,0
0,184.2561,0
0,184.2661,0
0,184.2762,0
0,184.2863,0
0,184.2964,0
0,184.3065,0
0,184.3165,0
0,184.3266,0
0,184.3367,0
0,184.3468,0
0,184.3569,0
0,184.3671,0
0,184.3772,0
0,184.3873,0
0,184.3974,0
0,184.4094,0
0,184.4208,0
0,184.4309,0
0,184.4412,0
0,184.4584,1
0,184.4712,1
0,184.4813,1
0,184.4945,0
0,184.5054,0
0,184.5184,0
0,184.5298,0
0,184.54,0
0,184.5501,0
0,184.5603,0
0,184.5705,0
0,184.5806,0
0,184.5907,0
0,184.601,0
0,184.6129,0
0,184.623,0
0,184.6331,0
0,184.6432,0
0,184.6535,0
0,184.6636,0
0,184.6737,0
0,184.6838,0
0,184.6939,0
0,184.704,0
0,184.7141,0
0,184.7242,0
0,184.7344,0
0,184.7445,0
0,184.7546,0
0,184.7647,0
0,184.7748,0
0,184.7849,0
0,184.795,0
0,184.8053,0
0,184.8154,0
0,184.8255,0
0,184.8356,0
0,184.8457,0
0,184.8558,0
0,184.8659,0
0,184.876,0
0,184.8861,0
0,184.8962,0
0,184.9063,0
0,184.9164,0
0,184.9266,0
0,184.9367,0
0,184.9512,1
0,184.9613,1
0,184.9723,1
0,184.984,1
0,184.9941,0
0,185.0053,0
0,185.0209,0
0,185.0347,0
0,185.0449,0
0,185.055,0
0,185.0651,0
0,185.0752,0
0,185.0853,0
0,185.0954,0
0,185.1055,0
0,185.1156,0
0,185.1256,0
0,185.1357,0
0,185.1458,0
0,185.1559,0
0,185.166,0
0,185.176,0
0,185.1861,0
0,185.1963,0
0,185.2064,0
0,185.2164,0
0,185.2265,0
0,185.2366,0
0,185.2467,0
0,185.2568,0
0,185.2668,0
0,185.2769,0
0,185.287,0
0,185.2971,0
0,185.3072,0
0,185.3172,0
0,185.3273,0
0,185.3374,0
0,185.3475,0
0,185.3576,0
0,185.3677,0
0,185.3777,0
0,185.3878,0
0,185.3979,0
0,185.408,0
0,185.4181,0
0,185.4281,0
0,185.4382,0
0,185.4497,1
0,185.4598,1
0,185.4699,1
0,185.48,1
0,185.4907,1
0,185.5008,0
0,185.5109,0
0,185.521,0
0,185.5311,0
0,185.5412,0
0,185.5513,0
0,185.5614,0
0,185.5715,0
0,185.5816,0
0,185.5917,0
0,185.6018,0
0,185.6119,0
0,185.6234,0
0,185.6335,0
0,185.6436,0
0,185.6537,0
0,185.6638,0
0,185.6739,0
0,185.684,0
0,185.6941,0
0,185.7043,0
0,185.7144,0
0,185.7245,0
0,185.7346,0
0,185.7447,0
0,185.7548,0
0,185.7649,0
0,185.775,0
0,185.7851,0
0,185.7952,0
0,185.8053,0
0,185.8154,0
0,185.8255,0
0,185.8356,0
0,185.8457,0
0,185.8558,0
0,185.8659,0
0,185.876,0
0,185.8861,0
0,185.8962,0
0,185.9063,0
0,185.9164,0
0,185.9265,0
0,185.9366,0
0,185.9467,0
0,185.9582,1
0,185.9683,1
0,185.9834,1
0,185.9935,0
0,186.007,0
0,186.0171,0
0,186.0274,0
0,186.0376,0
0,186.0477,0
0,186.0579,0
0,186.068,0
0,186.0781,0
0,186.0882,0
0,186.0983,0
0,186.1083,0
0,186.1184,0
0,186.1285,0
0,186.1386,0
0,186.1486,0
0,186.1587,0
0,186.1688,0
0,186.1789,0
0,186.189,0
0,186.1991,0
0,186.2092,0
0,186.2193,0
0,186.2295,0
0,186.2396,0
0,186.2497,0
0,186.2598,0
0,186.2699,0
0,186.2801,0
0,186.2902,0
0,186.3003,0
0,186.3104,0
0,186.3208,0
0,186.3311,0
0,186.3417,0
0,186.3518,0
0,186.362,0
0,186.3721,0
0,186.3823,0
0,186.3924,0
0,186.4031,0
0,186.4132,0
0,186.4234,0
0,186.4345,0
0,186.4447,0
0,186.4549,0
0,186.4651,1
0,186.483,1
0,186.4931,1
0,186.5053,0
0,186.5155,0
0,186.5261,0
0,186.5362,0
0,186.5475,0
0,186.5633,0
0,186.5744,0
0,186.5846,0
0,186.5947,0
0,186.6051,0
0,186.6152,0
0,186.6278,0
0,186.6432,0
0,186.6605,0
0,186.6712,0
0,186.6813,0
0,186.6914,0
0,186.7015,0
0,186.7116,0
0,186.7218,0
0,186.7319,0
0,186.742,0
0,186.7522,0
0,186.7623,0
0,186.7725,0
0,186.7827,0
0,186.7953,0
0,186.8073,0
0,186.8206,0
0,186.8366,0
0,186.8501,0
0,186.8699,0
0,186.8811,0
0,186.8946,0
0,186.9048,0
0,186.9155,0
0,186.9258,0
0,186.9359,0
0,186.9461,0
0,186.9563,0
0,186.9669,0
0,186.9786,0
0,186.9938,1
0,187.0158,1
0,187.031,1
0,187.0553,0
0,187.0688,0
0,187.0819,0
0,187.101,0
0,187.1135,0
0,187.1312,0
0,187.1468,0
0,187.1596,0
0,187.1705,0
0,187.1816,0
0,187.1917,0
0,187.2018,0
0,187.2119,0
0,187.2221,0
0,187.2322,0
0,187.2423,0
0,187.2524,0
0,187.2625,0
0,187.2726,0
0,187.2827,0
0,187.2928,0
0,187.3029,0
0,187.313,0
0,187.3231,0
0,187.3332,0
0,187.3433,0
0,187.3535,0
0,187.3636,0
0,187.3737,0
0,187.3838,0
0,187.3939,0
0,187.4042,0
0,187.4144,0
0,187.4253,0
0,187.4361,0
0,187.4462,0
0,187.4563,0
0,187.4793,0
0,187.4921,0
0,187.5038,1
0,187.516,1
0,187.5263,1
0,187.5368,1
0,187.5495,0
0,187.5632,0
0,187.5803,0
0,187.5909,0
0,187.6044,0
0,187.6146,0
0,187.6288,0
0,187.639,0
0,187.6491,0
0,187.6592,0
0,187.6693,0
0,187.6795,0
0,187.6899,0
0,187.7,0
0,187.7102,0
0,187.7203,0
0,187.7304,0
0,187.7405,0
0,187.7506,0
0,187.7607,0
0,187.7708,0
0,187.7809,0
0,187.791,0
0,187.8011,0
0,187.8113,0
0,187.8231,0
0,187.8333,0
0,187.8434,0
0,187.8536,0
0,187.8652,0
0,187.8771,0
0,187.8913,0
0,187.9048,0
0,187.9168,0
0,187.928,0
0,187.9381,0
0,187.9482,0
0,187.9583,0
0,187.9684,0
0,187.9786,0
0,187.9886,0
0,187.9987,0
0,188.0089,1
0,188.0191,1
0,188.0292,1
0,188.0394,1
0,188.0504,1
0,188.0605,0
0,188.0706,0
0,188.0807,0
0,188.0908,0
0,188.1009,0
0,188.111,0
0,188.1211,0
0,188.1327,0
0,188.1453,0
0,188.1564,0
0,188.1698,0
0,188.1915,0
0,188.202,0
0,188.2123,0
0,188.2225,0
0,188.2327,0
0,188.2428,0
0,188.2529,0
0,188.2632,0
0,188.2733,0
0,188.2834,0
0,188.2935,0
0,188.3035,0
0,188.3136,0
0,188.3238,0
0,188.3339,0
0,188.344,0
0,188.3541,0
0,188.3642,0
0,188.3743,0
0,188.3844,0
0,188.3945,0
0,188.4047,0
0,188.4148,0
0,188.4249,0
0,188.4351,0
0,188.4453,0
0,188.4569,0
0,188.4671,0
0,188.4772,0
0,188.4873,0
0,188.4975,0
0,188.5091,0
0,188.5194,1
0,188.5358,1
0,188.5459,1
0,188.556,1
0,188.5673,0
0,188.5774,0
0,188.5875,0
0,188.5976,0
0,188.6077,0
0,188.6178,0
0,188.6279,0
0,188.639,0
