,time(sec),state
0,0.164,0
0,0.1801,0
0,0.1904,0
0,0.2006,1
0,0.2107,1
0,0.2208,1
0,0.2343,1
0,0.2447,1
0,0.2563,1
0,0.2672,0
0,0.2773,0
0,0.2875,0
0,0.2976,0
0,0.3078,0
0,0.3179,0
0,0.3281,0
0,0.3418,0
0,0.352,0
0,0.3701,0
0,0.3807,0
0,0.3913,0
0,0.4014,0
0,0.4118,0
0,0.4256,0
0,0.4358,0
0,0.4459,0
0,0.456,0
0,0.4661,0
0,0.4762,0
0,0.4863,0
0,0.4964,0
0,0.5065,0
0,0.5166,0
0,0.5267,0
0,0.5368,0
0,0.5469,0
0,0.557,0
0,0.5671,0
0,0.5772,0
0,0.5873,0
0,0.5973,0
0,0.6074,0
0,0.6175,0
0,0.6277,0
0,0.6377,0
0,0.6478,0
0,0.6579,0
0,0.668,0
0,0.6781,0
0,0.6881,0
0,0.6983,1
0,0.7084,1
0,0.7186,1
0,0.7287,1
0,0.7412,1
0,0.753,0
0,0.7631,0
0,0.7732,0
0,0.7833,0
0,0.7935,0
0,0.8044,0
0,0.8165,0
0,0.8266,0
0,0.8367,0
0,0.8469,0
0,0.857,0
0,0.8672,0
0,0.8776,0
0,0.8877,0
0,0.8978,0
0,0.9079,0
0,0.918,0
0,0.9282,0
0,0.9383,0
0,0.9484,0
0,0.9585,0
0,0.9698,0
0,0.98,0
0,0.9905,0
0,1.0006,0
0,1.0107,0
0,1.0208,0
0,1.0309,0
0,1.041,0
0,1.0511,0
0,1.0612,0
0,1.0713,0
0,1.0814,0
0,1.0915,0
0,1.1016,0
0,1.1117,0
0,1.1218,0
0,1.1318,0
0,1.1419,0
0,1.152,0
0,1.1626,0
0,1.1726,0
0,1.1827,0
0,1.1928,0
0,1.2029,1
0,1.213,1
0,1.2278,1
0,1.2379,0
0,1.2481,0
0,1.2583,0
0,1.2684,0
0,1.2785,0
0,1.2886,0
0,1.2988,0
0,1.309,0
0,1.3191,0
0,1.3292,0
0,1.3393,0
0,1.3494,0
0,1.3595,0
0,1.3696,0
0,1.3796,0
0,1.3898,0
0,1.3999,0
0,1.4099,0
0,1.42,0
0,1.4301,0
0,1.4402,0
0,1.4503,0
0,1.4605,0
0,1.4706,0
0,1.4807,0
0,1.4909,0
0,1.501,0
0,1.5111,0
0,1.5211,0
0,1.5312,0
0,1.5414,0
0,1.5514,0
0,1.5615,0
0,1.5716,0
0,1.5817,0
0,1.5918,0
0,1.6019,0
0,1.612,0
0,1.6221,0
0,1.6322,0
0,1.6423,0
0,1.6524,0
0,1.6625,0
0,1.6726,0
0,1.6827,0
0,1.6928,0
0,1.7112,1
0,1.7213,1
0,1.7314,1
0,1.7416,0
0,1.7534,0
0,1.767,0
0,1.7773,0
0,1.7874,0
0,1.7975,0
0,1.8076,0
0,1.8178,0
0,1.828,0
0,1.8381,0
0,1.8483,0
0,1.8584,0
0,1.8685,0
0,1.88,0
0,1.8937,0
0,1.9217,0
0,1.9469,0
0,1.9793,0
0,1.9895,0
0,1.9997,0
0,2.0138,0
0,2.0246,0
0,2.0365,0
0,2.0479,0
0,2.0592,0
0,2.0745,0
0,2.0901,0
0,2.1126,0
0,2.1266,0
0,2.1406,0
0,2.161,0
0,2.1715,0
0,2.2038,0
0,2.217,0
0,2.2364,1
0,2.2686,1
0,2.285,0
0,2.298,0
0,2.319,0
0,2.33,0
0,2.343,0
0,2.3552,0
0,2.3653,0
0,2.3755,0
0,2.3856,0
0,2.3963,0
0,2.4064,0
0,2.4165,0
0,2.4311,0
0,2.4412,0
0,2.4513,0
0,2.4614,0
0,2.4715,0
0,2.4816,0
0,2.4938,0
0,2.5077,0
0,2.5178,0
0,2.528,0
0,2.5391,0
0,2.5499,0
0,2.5602,0
0,2.5705,0
0,2.5808,0
0,2.591,0
0,2.6027,0
0,2.6156,0
0,2.6257,0
0,2.6358,0
0,2.6459,0
0,2.6561,0
0,2.6662,0
0,2.6763,0
0,2.6874,0
0,2.6977,0
0,2.7078,0
0,2.7179,0
0,2.7289,0
0,2.7396,1
0,2.7571,1
0,2.7672,1
0,2.7805,0
0,2.791,0
0,2.802,0
0,2.8121,0
0,2.8222,0
0,2.8324,0
0,2.8426,0
0,2.8527,0
0,2.8644,0
0,2.8748,0
0,2.8928,0
0,2.9096,0
0,2.9197,0
0,2.9306,0
0,2.9461,0
0,2.9588,0
0,2.969,0
0,2.9791,0
0,2.9898,0
0,2.9999,0
0,3.01,0
0,3.0201,0
0,3.0302,0
0,3.0403,0
0,3.0505,0
0,3.0606,0
0,3.0707,0
0,3.0808,0
0,3.0909,0
0,3.101,0
0,3.1111,0
0,3.1212,0
0,3.1314,0
0,3.1415,0
0,3.1516,0
0,3.1617,0
0,3.1718,0
0,3.182,0
0,3.1921,0
0,3.2023,0
0,3.2125,0
0,3.2226,0
0,3.2327,0
0,3.2429,1
0,3.2544,1
0,3.2646,1
0,3.2752,1
0,3.2853,1
0,3.2954,1
0,3.3055,0
0,3.3156,0
0,3.3256,0
0,3.3357,0
0,3.3458,0
0,3.3563,0
0,3.3665,0
0,3.3777,0
0,3.3878,0
0,3.3996,0
0,3.4115,0
0,3.4229,0
0,3.433,0
0,3.4431,0
0,3.4565,0
0,3.4669,0
0,3.477,0
0,3.4872,0
0,3.4973,0
0,3.5074,0
0,3.518,0
0,3.5282,0
0,3.5383,0
0,3.5484,0
0,3.5584,0
0,3.5685,0
0,3.5786,0
0,3.5888,0
0,3.5989,0
0,3.609,0
0,3.6191,0
0,3.6292,0
0,3.6393,0
0,3.6494,0
0,3.6595,0
0,3.6696,0
0,3.6797,0
0,3.6898,0
0,3.6999,0
0,3.71,0
0,3.7201,0
0,3.7302,0
0,3.7403,0
0,3.7566,1
0,3.7679,1
0,3.7819,1
0,3.7944,0
0,3.8087,0
0,3.8188,0
0,3.829,0
0,3.8401,0
0,3.8502,0
0,3.8612,0
0,3.8713,0
0,3.8849,0
0,3.895,0
0,3.9052,0
0,3.9153,0
0,3.9255,0
0,3.9357,0
0,3.9459,0
0,3.9561,0
0,3.9662,0
0,3.9766,0
0,3.9867,0
0,3.9969,0
0,4.0108,0
0,4.021,0
0,4.0315,0
0,4.0417,0
0,4.0518,0
0,4.062,0
0,4.0721,0
0,4.0822,0
0,4.0925,0
0,4.1026,0
0,4.1128,0
0,4.123,0
0,4.1331,0
0,4.1434,0
0,4.1535,0
0,4.1638,0
0,4.174,0
0,4.1842,0
0,4.1946,0
0,4.2047,0
0,4.2149,0
0,4.225,0
0,4.2351,0
0,4.2452,0
0,4.2566,1
0,4.2685,1
0,4.2855,1
0,4.2956,1
0,4.3057,1
0,4.3173,0
0,4.3274,0
0,4.3376,0
0,4.3516,0
0,4.3628,0
0,4.373,0
0,4.3831,0
0,4.3932,0
0,4.406,0
0,4.4174,0
0,4.4277,0
0,4.4378,0
0,4.4479,0
0,4.458,0
0,4.4681,0
0,4.4782,0
0,4.4882,0
0,4.4983,0
0,4.5084,0
0,4.5186,0
0,4.5287,0
0,4.5389,0
0,4.549,0
0,4.5591,0
0,4.5693,0
0,4.5794,0
0,4.5895,0
0,4.5996,0
0,4.6099,0
0,4.62,0
0,4.6301,0
0,4.6402,0
0,4.6503,0
0,4.6604,0
0,4.6705,0
0,4.6806,0
0,4.6907,0
0,4.7008,0
0,4.7109,0
0,4.721,0
0,4.7311,0
0,4.7413,0
0,4.7513,0
0,4.7645,1
0,4.7746,1
0,4.7849,1
0,4.7949,1
0,4.8053,1
0,4.8221,0
0,4.8323,0
0,4.8425,0
0,4.8528,0
0,4.8629,0
0,4.8732,0
0,4.8833,0
0,4.8934,0
0,4.9039,0
0,4.9167,0
0,4.9268,0
0,4.937,0
0,4.9472,0
0,4.9573,0
0,4.9674,0
0,4.9775,0
0,4.9875,0
0,4.9976,0
0,5.0078,0
0,5.0181,0
0,5.0282,0
0,5.0384,0
0,5.0485,0
0,5.0586,0
0,5.0686,0
0,5.0787,0
0,5.0889,0
0,5.099,0
0,5.1091,0
0,5.1192,0
0,5.1293,0
0,5.1394,0
0,5.1494,0
0,5.1595,0
0,5.1697,0
0,5.1798,0
0,5.1898,0
0,5.1999,0
0,5.21,0
0,5.2201,0
0,5.2302,0
0,5.2403,0
0,5.2504,0
0,5.2606,0
0,5.2725,1
0,5.2844,1
0,5.2953,1
0,5.3053,1
0,5.3154,1
0,5.3283,0
0,5.34,0
0,5.3501,0
0,5.3602,0
0,5.3704,0
0,5.3804,0
0,5.3907,0
0,5.4008,0
0,5.411,0
0,5.4215,0
0,5.4317,0
0,5.4438,0
0,5.4539,0
0,5.464,0
0,5.4742,0
0,5.4844,0
0,5.4945,0
0,5.5046,0
0,5.5148,0
0,5.5254,0
0,5.5355,0
0,5.5456,0
0,5.5557,0
0,5.5658,0
0,5.5758,0
0,5.5859,0
0,5.596,0
0,5.6061,0
0,5.6161,0
0,5.6262,0
0,5.6363,0
0,5.6464,0
0,5.6565,0
0,5.6665,0
0,5.6766,0
0,5.6867,0
0,5.6968,0
0,5.7069,0
0,5.7169,0
0,5.727,0
0,5.7371,0
0,5.7472,0
0,5.7573,0
0,5.7674,0
0,5.7775,1
0,5.7876,1
0,5.7976,1
0,5.8077,1
0,5.8192,0
0,5.8293,0
0,5.8394,0
0,5.8495,0
0,5.8596,0
0,5.8697,0
0,5.88,0
0,5.8905,0
0,5.9006,0
0,5.9107,0
0,5.9208,0
0,5.9309,0
0,5.941,0
0,5.9511,0
0,5.9611,0
0,5.9712,0
0,5.9813,0
0,5.9914,0
0,6.0016,0
0,6.0117,0
0,6.0217,0
0,6.0318,0
0,6.0419,0
0,6.052,0
0,6.0621,0
0,6.0722,0
0,6.0822,0
0,6.0923,0
0,6.1024,0
0,6.1125,0
0,6.1226,0
0,6.1326,0
0,6.1427,0
0,6.1528,0
0,6.1629,0
0,6.173,0
0,6.183,0
0,6.1931,0
0,6.2032,0
0,6.2133,0
0,6.2234,0
0,6.2334,0
0,6.2435,0
0,6.2536,0
0,6.2637,0
0,6.274,0
0,6.2845,1
0,6.2946,1
0,6.3059,1
0,6.3167,1
0,6.3279,0
0,6.3381,0
0,6.3482,0
0,6.3583,0
0,6.3685,0
0,6.3787,0
0,6.3888,0
0,6.3989,0
0,6.409,0
0,6.4198,0
0,6.4302,0
0,6.4402,0
0,6.4503,0
0,6.4604,0
0,6.4705,0
0,6.4806,0
0,6.4906,0
0,6.5007,0
0,6.5108,0
0,6.5209,0
0,6.5309,0
0,6.5411,0
0,6.5511,0
0,6.5612,0
0,6.5713,0
0,6.5814,0
0,6.5914,0
0,6.6017,0
0,6.6117,0
0,6.6218,0
0,6.6319,0
0,6.642,0
0,6.652,0
0,6.6621,0
0,6.6722,0
0,6.6823,0
0,6.6924,0
0,6.7024,0
0,6.7125,0
0,6.7226,0
0,6.7327,0
0,6.7428,0
0,6.7529,0
0,6.7629,0
0,6.773,0
0,6.7833,1
0,6.7946,1
0,6.8051,1
0,6.8159,0
0,6.826,0
0,6.8366,0
0,6.8484,0
0,6.8586,0
0,6.8701,0
0,6.8803,0
0,6.8904,0
0,6.9005,0
0,6.9106,0
0,6.9207,0
0,6.9307,0
0,6.9408,0
0,6.9509,0
0,6.9609,0
0,6.971,0
0,6.9811,0
0,6.9912,0
0,7.0013,0
0,7.0113,0
0,7.0217,0
0,7.0318,0
0,7.0418,0
0,7.0519,0
0,7.062,0
0,7.0721,0
0,7.0821,0
0,7.0922,0
0,7.1023,0
0,7.1124,0
0,7.1225,0
0,7.1325,0
0,7.1426,0
0,7.1527,0
0,7.1628,0
0,7.1728,0
0,7.1829,0
0,7.193,0
0,7.2031,0
0,7.2132,0
0,7.2233,0
0,7.2333,0
0,7.2434,0
0,7.2535,0
0,7.2636,0
0,7.2736,0
0,7.2838,1
0,7.2938,1
0,7.3044,1
0,7.3159,0
0,7.3261,0
0,7.3361,0
0,7.3462,0
0,7.3563,0
0,7.3664,0
0,7.3766,0
0,7.3867,0
0,7.3993,0
0,7.4094,0
0,7.4195,0
0,7.4296,0
0,7.4397,0
0,7.4498,0
0,7.4598,0
0,7.4699,0
0,7.48,0
0,7.4901,0
0,7.5001,0
0,7.5102,0
0,7.5203,0
0,7.5304,0
0,7.5405,0
0,7.5506,0
0,7.5607,0
0,7.5707,0
0,7.5808,0
0,7.5909,0
0,7.601,0
0,7.6111,0
0,7.6212,0
0,7.6312,0
0,7.6413,0
0,7.6514,0
0,7.6615,0
0,7.6716,0
0,7.6818,0
0,7.6919,0
0,7.702,0
0,7.7121,0
0,7.7222,0
0,7.7324,0
0,7.7437,0
0,7.7538,0
0,7.7639,0
0,7.774,0
0,7.7847,1
0,7.795,1
0,7.8051,1
0,7.8151,0
0,7.8284,0
0,7.8386,0
0,7.8487,0
0,7.8588,0
0,7.8711,0
0,7.8812,0
0,7.8913,0
0,7.9033,0
0,7.9134,0
0,7.9235,0
0,7.9336,0
0,7.9437,0
0,7.9538,0
0,7.9639,0
0,7.9739,0
0,7.984,0
0,7.9941,0
0,8.0042,0
0,8.0143,0
0,8.0243,0
0,8.0344,0
0,8.0445,0
0,8.0546,0
0,8.0646,0
0,8.0747,0
0,8.0848,0
0,8.0949,0
0,8.1049,0
0,8.115,0
0,8.1251,0
0,8.1352,0
0,8.1453,0
0,8.1553,0
0,8.1654,0
0,8.1755,0
0,8.1856,0
0,8.1956,0
0,8.2057,0
0,8.2158,0
0,8.2259,0
0,8.2359,0
0,8.246,0
0,8.2561,0
0,8.2662,0
0,8.2763,0
0,8.2864,1
0,8.2977,1
0,8.3079,1
0,8.3217,1
0,8.3318,0
0,8.342,0
0,8.3521,0
0,8.3622,0
0,8.3734,0
0,8.3842,0
0,8.3944,0
0,8.4045,0
0,8.4146,0
0,8.4247,0
0,8.4349,0
0,8.445,0
0,8.4551,0
0,8.4651,0
0,8.4752,0
0,8.4853,0
0,8.4954,0
0,8.5055,0
0,8.5155,0
0,8.5256,0
0,8.5357,0
0,8.5458,0
0,8.5558,0
0,8.5659,0
0,8.576,0
0,8.5861,0
0,8.5962,0
0,8.6062,0
0,8.6163,0
0,8.6264,0
0,8.6365,0
0,8.6466,0
0,8.6567,0
0,8.6667,0
0,8.6768,0
0,8.6869,0
0,8.697,0
0,8.7071,0
0,8.7172,0
0,8.7272,0
0,8.7373,0
0,8.7474,0
0,8.7575,0
0,8.7676,0
0,8.7777,0
0,8.7948,1
0,8.805,1
0,8.8151,1
0,8.8252,0
0,8.8353,0
0,8.8459,0
0,8.8561,0
0,8.8662,0
0,8.8763,0
0,8.8864,0
0,8.8965,0
0,8.9067,0
0,8.9168,0
0,8.9269,0
0,8.937,0
0,8.9471,0
0,8.9572,0
0,8.9672,0
0,8.9773,0
0,8.9874,0
0,8.9975,0
0,9.0076,0
0,9.0177,0
0,9.0277,0
0,9.0378,0
0,9.0479,0
0,9.058,0
0,9.068,0
0,9.0781,0
0,9.0882,0
0,9.0983,0
0,9.1084,0
0,9.1184,0
0,9.1285,0
0,9.1386,0
0,9.1487,0
0,9.1587,0
0,9.1688,0
0,9.1789,0
0,9.189,0
0,9.199,0
0,9.2091,0
0,9.2192,0
0,9.2293,0
0,9.2394,0
0,9.2495,0
0,9.2595,0
0,9.2696,0
0,9.2797,0
0,9.2926,1
0,9.3027,1
0,9.3128,1
0,9.3241,0
0,9.3342,0
0,9.3454,0
0,9.3556,0
0,9.3657,0
0,9.3758,0
0,9.3864,0
0,9.3965,0
0,9.4066,0
0,9.4167,0
0,9.4268,0
0,9.4371,0
0,9.4472,0
0,9.4573,0
0,9.4674,0
0,9.4775,0
0,9.4876,0
0,9.4977,0
0,9.5077,0
0,9.5178,0
0,9.5279,0
0,9.538,0
0,9.5481,0
0,9.5581,0
0,9.5682,0
0,9.5783,0
0,9.5884,0
0,9.5985,0
0,9.6086,0
0,9.6187,0
0,9.6287,0
0,9.6388,0
0,9.6489,0
0,9.659,0
0,9.6691,0
0,9.6791,0
0,9.6892,0
0,9.6993,0
0,9.7094,0
0,9.7197,0
0,9.7298,0
0,9.7399,0
0,9.75,0
0,9.76,0
0,9.7701,0
0,9.7802,0
0,9.7904,0
0,9.8051,1
0,9.8154,1
0,9.827,0
0,9.841,0
0,9.8511,0
0,9.8612,0
0,9.8713,0
0,9.8814,0
0,9.8914,0
0,9.9046,0
0,9.9147,0
0,9.9248,0
0,9.9349,0
0,9.945,0
0,9.9552,0
0,9.9652,0
0,9.9753,0
0,9.9854,0
0,9.9955,0
0,10.0055,0
0,10.0156,0
0,10.0257,0
0,10.0358,0
0,10.0459,0
0,10.0559,0
0,10.066,0
0,10.0761,0
0,10.0862,0
0,10.0963,0
0,10.1063,0
0,10.1164,0
0,10.1265,0
0,10.1366,0
0,10.1466,0
0,10.1568,0
0,10.1668,0
0,10.1769,0
0,10.187,0
0,10.1971,0
0,10.2072,0
0,10.2173,0
0,10.2273,0
0,10.2374,0
0,10.2475,0
0,10.2576,0
0,10.2676,0
0,10.2777,0
0,10.2878,0
0,10.2982,0
0,10.3087,1
0,10.3209,1
0,10.3311,1
0,10.3425,0
0,10.3526,0
0,10.3627,0
0,10.3728,0
0,10.3829,0
0,10.3931,0
0,10.4033,0
0,10.4135,0
0,10.4236,0
0,10.4337,0
0,10.4438,0
0,10.4538,0
0,10.4639,0
0,10.474,0
0,10.4841,0
0,10.4941,0
0,10.5042,0
0,10.5143,0
0,10.5244,0
0,10.5345,0
0,10.5445,0
0,10.5546,0
0,10.5647,0
0,10.5748,0
0,10.5849,0
0,10.595,0
0,10.605,0
0,10.6151,0
0,10.6252,0
0,10.6353,0
0,10.6454,0
0,10.6554,0
0,10.6655,0
0,10.6756,0
0,10.6857,0
0,10.6958,0
0,10.7058,0
0,10.7159,0
0,10.726,0
0,10.7361,0
0,10.7461,0
0,10.7562,0
0,10.7663,0
0,10.7764,0
0,10.7865,0
0,10.7965,0
0,10.8124,1
0,10.8225,1
0,10.8326,1
0,10.8493,1
0,10.8594,0
0,10.8695,0
0,10.8796,0
0,10.8897,0
0,10.8998,0
0,10.91,0
0,10.9202,0
0,10.9303,0
0,10.9404,0
0,10.9505,0
0,10.9606,0
0,10.9707,0
0,10.9808,0
0,10.9909,0
0,11.001,0
0,11.011,0
0,11.0211,0
0,11.0312,0
0,11.0418,0
0,11.0519,0
0,11.0619,0
0,11.072,0
0,11.0821,0
0,11.0922,0
0,11.1023,0
0,11.1123,0
0,11.1224,0
0,11.1325,0
0,11.1426,0
0,11.1526,0
0,11.1627,0
0,11.1728,0
0,11.1829,0
0,11.193,0
0,11.2031,0
0,11.2131,0
0,11.2232,0
0,11.2333,0
0,11.2434,0
0,11.2535,0
0,11.2636,0
0,11.2737,0
0,11.2837,0
0,11.2938,0
0,11.3039,0
0,11.3146,1
0,11.3257,1
0,11.3367,1
0,11.3488,0
0,11.3589,0
0,11.369,0
0,11.3791,0
0,11.3892,0
0,11.4006,0
0,11.4109,0
0,11.421,0
0,11.4311,0
0,11.4415,0
0,11.4516,0
0,11.4617,0
0,11.4718,0
0,11.4819,0
0,11.4919,0
0,11.502,0
0,11.5121,0
0,11.5222,0
0,11.5323,0
0,11.5423,0
0,11.5524,0
0,11.5625,0
0,11.5726,0
0,11.5826,0
0,11.5927,0
0,11.6028,0
0,11.6129,0
0,11.6229,0
0,11.633,0
0,11.6431,0
0,11.6532,0
0,11.6633,0
0,11.6734,0
0,11.6835,0
0,11.6936,0
0,11.7037,0
0,11.7137,0
0,11.7238,0
0,11.7341,0
0,11.7442,0
0,11.7543,0
0,11.7643,0
0,11.7744,0
0,11.7845,0
0,11.7946,0
0,11.8046,0
0,11.8148,1
0,11.825,1
0,11.8353,1
0,11.8557,0
0,11.8687,0
0,11.8808,0
0,11.8909,0
0,11.901,0
0,11.911,0
0,11.9213,0
0,11.9315,0
0,11.9416,0
0,11.9517,0
0,11.9618,0
0,11.9719,0
0,11.982,0
0,11.992,0
0,12.0022,0
0,12.0123,0
0,12.0223,0
0,12.0324,0
0,12.0425,0
0,12.0526,0
0,12.0627,0
0,12.0727,0
0,12.0828,0
0,12.0929,0
0,12.103,0
0,12.1131,0
0,12.1232,0
0,12.1332,0
0,12.1433,0
0,12.1534,0
0,12.1635,0
0,12.1736,0
0,12.1837,0
0,12.1937,0
0,12.2038,0
0,12.2139,0
0,12.224,0
0,12.2341,0
0,12.2441,0
0,12.2542,0
0,12.2643,0
0,12.2744,0
0,12.2845,0
0,12.2945,0
0,12.3046,0
0,12.3165,1
0,12.3268,1
0,12.3374,1
0,12.3475,0
0,12.3576,0
0,12.3678,0
0,12.3797,0
0,12.3898,0
0,12.4,0
0,12.4106,0
0,12.4207,0
0,12.4325,0
0,12.4427,0
0,12.4598,0
0,12.4705,0
0,12.4806,0
0,12.4907,0
0,12.5008,0
0,12.511,0
0,12.5211,0
0,12.5313,0
0,12.5445,0
0,12.5546,0
0,12.566,0
0,12.5762,0
0,12.5863,0
0,12.5964,0
0,12.6084,0
0,12.6186,0
0,12.6289,0
0,12.639,0
0,12.6504,0
0,12.6606,0
0,12.6707,0
0,12.6809,0
0,12.6925,0
0,12.7027,0
0,12.7165,0
0,12.7314,0
0,12.7415,0
0,12.7516,0
0,12.7617,0
0,12.7718,0
0,12.7819,0
0,12.792,0
0,12.8021,0
0,12.8122,0
0,12.8232,1
0,12.8333,1
0,12.8446,1
0,12.8551,0
0,12.8686,0
0,12.8805,0
0,12.8926,0
0,12.9027,0
0,12.914,0
0,12.9242,0
0,12.9343,0
0,12.9443,0
0,12.9544,0
0,12.9645,0
0,12.9746,0
0,12.9847,0
0,12.9948,0
0,13.0048,0
0,13.0149,0
0,13.025,0
0,13.0351,0
0,13.0451,0
0,13.056,0
0,13.0661,0
0,13.0762,0
0,13.0862,0
0,13.0963,0
0,13.1064,0
0,13.1165,0
0,13.1266,0
0,13.1366,0
0,13.1467,0
0,13.1568,0
0,13.1669,0
0,13.177,0
0,13.1871,0
0,13.1971,0
0,13.2072,0
0,13.2173,0
0,13.2274,0
0,13.2375,0
0,13.2476,0
0,13.2576,0
0,13.2677,0
0,13.2778,0
0,13.2879,0
0,13.2979,0
0,13.308,0
0,13.3185,0
0,13.3291,1
0,13.3407,1
0,13.3509,0
0,13.3611,0
0,13.3712,0
0,13.3814,0
0,13.3915,0
0,13.4016,0
0,13.4126,0
0,13.4227,0
0,13.4328,0
0,13.443,0
0,13.4531,0
0,13.4632,0
0,13.4733,0
0,13.4834,0
0,13.4935,0
0,13.5035,0
0,13.5136,0
0,13.5237,0
0,13.5338,0
0,13.5438,0
0,13.5539,0
0,13.564,0
0,13.5741,0
0,13.5842,0
0,13.5942,0
0,13.6043,0
0,13.6144,0
0,13.6245,0
0,13.6346,0
0,13.6446,0
0,13.6547,0
0,13.6648,0
0,13.6749,0
0,13.685,0
0,13.695,0
0,13.7051,0
0,13.7152,0
0,13.7253,0
0,13.7353,0
0,13.7454,0
0,13.7555,0
0,13.7656,0
0,13.7757,0
0,13.7857,0
0,13.7959,0
0,13.806,0
0,13.8161,0
0,13.8262,1
0,13.8364,1
0,13.8485,1
0,13.8586,1
0,13.877,0
0,13.8871,0
0,13.8972,0
0,13.9074,0
0,13.9198,0
0,13.9307,0
0,13.9409,0
0,13.9514,0
0,13.9615,0
0,13.9716,0
0,13.9817,0
0,13.9918,0
0,14.0019,0
0,14.012,0
0,14.0221,0
0,14.0321,0
0,14.0422,0
0,14.0523,0
0,14.0624,0
0,14.0724,0
0,14.0825,0
0,14.0926,0
0,14.1027,0
0,14.1128,0
0,14.1228,0
0,14.1329,0
0,14.143,0
0,14.1531,0
0,14.1632,0
0,14.1732,0
0,14.1833,0
0,14.1934,0
0,14.2035,0
0,14.2136,0
0,14.2237,0
0,14.2338,0
0,14.2439,0
0,14.2539,0
0,14.264,0
0,14.2741,0
0,14.2842,0
0,14.2942,0
0,14.3043,0
0,14.3144,0
0,14.3245,0
0,14.3347,1
0,14.3448,1
0,14.3549,1
0,14.365,0
0,14.3751,0
0,14.3852,0
0,14.3954,0
0,14.4055,0
0,14.4157,0
0,14.4285,0
0,14.4387,0
0,14.4493,0
0,14.4601,0
0,14.4703,0
0,14.4804,0
0,14.4905,0
0,14.5005,0
0,14.5106,0
0,14.5207,0
0,14.5308,0
0,14.5409,0
0,14.551,0
0,14.5611,0
0,14.5712,0
0,14.5812,0
0,14.5913,0
0,14.6014,0
0,14.6115,0
0,14.6216,0
0,14.6317,0
0,14.6418,0
0,14.6519,0
0,14.662,0
0,14.6721,0
0,14.6822,0
0,14.6923,0
0,14.7024,0
0,14.7125,0
0,14.7226,0
0,14.7326,0
0,14.7427,0
0,14.7528,0
0,14.7629,0
0,14.773,0
0,14.7832,0
0,14.7933,0
0,14.8034,0
0,14.8135,0
0,14.8236,0
0,14.8365,1
0,14.8486,1
0,14.8604,1
0,14.8712,1
0,14.8842,0
0,14.8949,0
0,14.9062,0
0,14.9163,0
0,14.9264,0
0,14.9365,0
0,14.9467,0
0,14.9568,0
0,14.967,0
0,14.9771,0
0,14.9873,0
0,14.9974,0
0,15.0075,0
0,15.0176,0
0,15.0277,0
0,15.0378,0
0,15.0478,0
0,15.0579,0
0,15.068,0
0,15.0781,0
0,15.0881,0
0,15.0982,0
0,15.1083,0
0,15.1184,0
0,15.1285,0
0,15.1386,0
0,15.1486,0
0,15.1587,0
0,15.1688,0
0,15.1789,0
0,15.1889,0
0,15.199,0
0,15.2091,0
0,15.2192,0
0,15.2293,0
0,15.2393,0
0,15.2494,0
0,15.2595,0
0,15.2696,0
0,15.2797,0
0,15.2897,0
0,15.2998,0
0,15.3099,0
0,15.32,0
0,15.33,0
0,15.3402,1
0,15.3524,1
0,15.3625,1
0,15.3739,0
0,15.3841,0
0,15.3942,0
0,15.4043,0
0,15.4145,0
0,15.4247,0
0,15.4356,0
0,15.4458,0
0,15.4559,0
0,15.466,0
0,15.4761,0
0,15.4862,0
0,15.4962,0
0,15.5063,0
0,15.5164,0
0,15.5265,0
0,15.5366,0
0,15.5466,0
0,15.5567,0
0,15.5668,0
0,15.5769,0
0,15.5869,0
0,15.597,0
0,15.6071,0
0,15.6172,0
0,15.6273,0
0,15.6373,0
0,15.6474,0
0,15.6575,0
0,15.6676,0
0,15.6777,0
0,15.6879,0
0,15.698,0
0,15.7081,0
0,15.7182,0
0,15.7283,0
0,15.7383,0
0,15.7484,0
0,15.7585,0
0,15.7686,0
0,15.7787,0
0,15.7887,0
0,15.7988,0
0,15.8089,0
0,15.819,0
0,15.829,0
0,15.8405,1
0,15.8509,1
0,15.8611,1
0,15.8754,0
0,15.89,0
0,15.9001,0
0,15.9102,0
0,15.9203,0
0,15.9321,0
0,15.9424,0
0,15.9525,0
0,15.9626,0
0,15.9728,0
0,15.9829,0
0,15.993,0
0,16.0031,0
0,16.0132,0
0,16.0233,0
0,16.0333,0
0,16.0434,0
0,16.0535,0
0,16.0635,0
0,16.0736,0
0,16.0837,0
0,16.0938,0
0,16.1038,0
0,16.1139,0
0,16.124,0
0,16.1341,0
0,16.1442,0
0,16.1542,0
0,16.1643,0
0,16.1744,0
0,16.1845,0
0,16.1946,0
0,16.2047,0
0,16.2148,0
0,16.2248,0
0,16.2349,0
0,16.245,0
0,16.2551,0
0,16.2652,0
0,16.2752,0
0,16.2853,0
0,16.2954,0
0,16.3055,0
0,16.3155,0
0,16.3256,0
0,16.3357,0
0,16.3458,1
0,16.3564,1
0,16.3666,1
0,16.3802,0
0,16.3903,0
0,16.4004,0
0,16.4105,0
0,16.4233,0
0,16.4335,0
0,16.4437,0
0,16.4538,0
0,16.4639,0
0,16.474,0
0,16.4841,0
0,16.4942,0
0,16.5043,0
0,16.5144,0
0,16.5245,0
0,16.5345,0
0,16.5446,0
0,16.5547,0
0,16.5648,0
0,16.5749,0
0,16.5849,0
0,16.595,0
0,16.6051,0
0,16.6152,0
0,16.6252,0
0,16.6353,0
0,16.6454,0
0,16.6555,0
0,16.6655,0
0,16.6756,0
0,16.6857,0
0,16.6958,0
0,16.7059,0
0,16.7159,0
0,16.726,0
0,16.7361,0
0,16.7462,0
0,16.7563,0
0,16.7663,0
0,16.7764,0
0,16.7865,0
0,16.7966,0
0,16.8066,0
0,16.8167,0
0,16.8268,0
0,16.8369,0
0,16.847,1
0,16.8596,1
0,16.8704,1
0,16.8882,0
0,16.8983,0
0,16.9084,0
0,16.9185,0
0,16.929,0
0,16.9391,0
0,16.9492,0
0,16.9594,0
0,16.9695,0
0,16.9796,0
0,16.9897,0
0,16.9998,0
0,17.0099,0
0,17.02,0
0,17.0301,0
0,17.0402,0
0,17.0502,0
0,17.0603,0
0,17.0704,0
0,17.0805,0
0,17.0906,0
0,17.1006,0
0,17.1107,0
0,17.1208,0
0,17.1309,0
0,17.141,0
0,17.151,0
0,17.1611,0
0,17.1712,0
0,17.1813,0
0,17.1914,0
0,17.2014,0
0,17.2115,0
0,17.2216,0
0,17.2317,0
0,17.2418,0
0,17.2518,0
0,17.2619,0
0,17.272,0
0,17.2821,0
0,17.2921,0
0,17.3022,0
0,17.3123,0
0,17.3224,0
0,17.3324,0
0,17.3425,0
0,17.3559,1
0,17.3688,1
0,17.3799,0
0,17.39,0
0,17.4,0
0,17.4124,0
0,17.4225,0
0,17.4327,0
0,17.4439,0
0,17.4541,0
0,17.4642,0
0,17.4743,0
0,17.4849,0
0,17.495,0
0,17.5051,0
0,17.5152,0
0,17.5253,0
0,17.5353,0
0,17.5454,0
0,17.5555,0
0,17.5656,0
0,17.5757,0
0,17.5857,0
0,17.5958,0
0,17.6059,0
0,17.616,0
0,17.6261,0
0,17.6361,0
0,17.6462,0
0,17.6563,0
0,17.6664,0
0,17.6765,0
0,17.6866,0
0,17.6967,0
0,17.7068,0
0,17.7169,0
0,17.727,0
0,17.7371,0
0,17.7472,0
0,17.7573,0
0,17.7674,0
0,17.7775,0
0,17.7876,0
0,17.7976,0
0,17.8077,0
0,17.8178,0
0,17.8279,0
0,17.838,0
0,17.8489,1
0,17.8592,1
0,17.8731,1
0,17.8832,0
0,17.8956,0
0,17.9057,0
0,17.9158,0
0,17.9259,0
0,17.936,0
0,17.9475,0
0,17.9576,0
0,17.9677,0
0,17.9779,0
0,17.988,0
0,17.9981,0
0,18.0083,0
0,18.0184,0
0,18.0285,0
0,18.0386,0
0,18.0486,0
0,18.0587,0
0,18.0688,0
0,18.0789,0
0,18.0889,0
0,18.099,0
0,18.1091,0
0,18.1192,0
0,18.1293,0
0,18.1393,0
0,18.1494,0
0,18.1595,0
0,18.1696,0
0,18.1796,0
0,18.1898,0
0,18.1998,0
0,18.2099,0
0,18.22,0
0,18.2301,0
0,18.2402,0
0,18.2502,0
0,18.2603,0
0,18.2704,0
0,18.2805,0
0,18.2906,0
0,18.3006,0
0,18.3107,0
0,18.3208,0
0,18.3308,0
0,18.3409,0
0,18.3524,1
0,18.3626,1
0,18.3726,1
0,18.3836,0
0,18.3943,0
0,18.4044,0
0,18.4145,0
0,18.4246,0
0,18.435,0
0,18.4451,0
0,18.4552,0
0,18.4653,0
0,18.4755,0
0,18.4856,0
0,18.4957,0
0,18.5058,0
0,18.5158,0
0,18.5259,0
0,18.536,0
0,18.5461,0
0,18.5562,0
0,18.5662,0
0,18.5763,0
0,18.5864,0
0,18.5965,0
0,18.6066,0
0,18.6167,0
0,18.6267,0
0,18.6368,0
0,18.6469,0
0,18.657,0
0,18.6671,0
0,18.6771,0
0,18.6872,0
0,18.6976,0
0,18.7077,0
0,18.7178,0
0,18.7279,0
0,18.7379,0
0,18.748,0
0,18.7581,0
0,18.7682,0
0,18.7783,0
0,18.7884,0
0,18.7985,0
0,18.8086,0
0,18.8186,0
0,18.8287,0
0,18.8388,0
0,18.8489,0
0,18.8592,1
0,18.8694,1
0,18.8795,1
0,18.8914,0
0,18.9014,0
0,18.9115,0
0,18.9216,0
0,18.9318,0
0,18.9445,0
0,18.9546,0
0,18.9647,0
0,18.975,0
0,18.9851,0
0,18.9951,0
0,19.0052,0
0,19.0153,0
0,19.0254,0
0,19.0355,0
0,19.0456,0
0,19.0557,0
0,19.0657,0
0,19.0758,0
0,19.0859,0
0,19.0965,0
0,19.1065,0
0,19.1166,0
0,19.1267,0
0,19.1368,0
0,19.1468,0
0,19.1569,0
0,19.167,0
0,19.1771,0
0,19.1872,0
0,19.1973,0
0,19.2074,0
0,19.2175,0
0,19.2275,0
0,19.2376,0
0,19.2477,0
0,19.2578,0
0,19.2679,0
0,19.2779,0
0,19.288,0
0,19.2981,0
0,19.3082,0
0,19.3183,0
0,19.3284,0
0,19.3384,0
0,19.3485,0
0,19.3586,1
0,19.3689,1
0,19.3789,1
0,19.389,0
0,19.3991,0
0,19.4092,0
0,19.4193,0
0,19.4295,0
0,19.4396,0
0,19.4497,0
0,19.4605,0
0,19.4706,0
0,19.4807,0
0,19.4908,0
0,19.5009,0
0,19.511,0
0,19.5211,0
0,19.5312,0
0,19.5413,0
0,19.5514,0
0,19.5614,0
0,19.5715,0
0,19.5816,0
0,19.5917,0
0,19.6018,0
0,19.6118,0
0,19.6219,0
0,19.632,0
0,19.6421,0
0,19.6522,0
0,19.6622,0
0,19.6723,0
0,19.6824,0
0,19.6925,0
0,19.7031,0
0,19.7131,0
0,19.7232,0
0,19.7333,0
0,19.7434,0
0,19.7535,0
0,19.7635,0
0,19.7736,0
0,19.7837,0
0,19.7938,0
0,19.8039,0
0,19.814,0
0,19.824,0
0,19.8341,0
0,19.8442,0
0,19.8543,0
0,19.8644,1
0,19.8754,1
0,19.8929,0
0,19.9037,0
0,19.9147,0
0,19.9248,0
0,19.9377,0
0,19.9478,0
0,19.9579,0
0,19.968,0
0,19.9781,0
0,19.9885,0
0,19.9987,0
0,20.0088,0
0,20.0189,0
0,20.029,0
0,20.0391,0
0,20.0492,0
0,20.0593,0
0,20.0694,0
0,20.0794,0
0,20.0895,0
0,20.0996,0
0,20.1097,0
0,20.1197,0
0,20.1298,0
0,20.1399,0
0,20.15,0
0,20.16,0
0,20.1701,0
0,20.1802,0
0,20.1903,0
0,20.2004,0
0,20.2104,0
0,20.2205,0
0,20.2306,0
0,20.2407,0
0,20.2508,0
0,20.2608,0
0,20.2709,0
0,20.281,0
0,20.2911,0
0,20.3012,0
0,20.3112,0
0,20.3213,0
0,20.3314,0
0,20.3415,0
0,20.3516,0
0,20.3617,0
0,20.3718,1
0,20.3834,1
0,20.3935,1
0,20.4081,0
0,20.4182,0
0,20.4283,0
0,20.4384,0
0,20.4485,0
0,20.4586,0
0,20.469,0
0,20.4791,0
0,20.4892,0
0,20.4993,0
0,20.5094,0
0,20.5195,0
0,20.5296,0
0,20.5397,0
0,20.5497,0
0,20.5598,0
0,20.5699,0
0,20.58,0
0,20.5901,0
0,20.6001,0
0,20.6102,0
0,20.6203,0
0,20.6304,0
0,20.6405,0
0,20.6505,0
0,20.6606,0
0,20.6707,0
0,20.6808,0
0,20.6909,0
0,20.7009,0
0,20.711,0
0,20.7211,0
0,20.7312,0
0,20.7413,0
0,20.7514,0
0,20.7614,0
0,20.7715,0
0,20.7816,0
0,20.7917,0
0,20.8018,0
0,20.8119,0
0,20.8219,0
0,20.832,0
0,20.8421,0
0,20.8522,0
0,20.8622,0
0,20.8723,1
0,20.8846,1
0,20.8948,1
0,20.9121,0
0,20.9222,0
0,20.9323,0
0,20.9424,0
0,20.9525,0
0,20.9663,0
0,20.9764,0
0,20.9866,0
0,20.9967,0
0,21.0068,0
0,21.0169,0
0,21.0269,0
0,21.037,0
0,21.0471,0
0,21.0573,0
0,21.0675,0
0,21.0775,0
0,21.0876,0
0,21.0977,0
0,21.1078,0
0,21.1178,0
0,21.1279,0
0,21.138,0
0,21.1481,0
0,21.1582,0
0,21.1683,0
0,21.1783,0
0,21.1884,0
0,21.1985,0
0,21.2086,0
0,21.2187,0
0,21.2288,0
0,21.2388,0
0,21.2489,0
0,21.259,0
0,21.2691,0
0,21.2792,0
0,21.2892,0
0,21.2993,0
0,21.3094,0
0,21.3195,0
0,21.3296,0
0,21.3397,0
0,21.3498,0
0,21.3598,0
0,21.3699,0
0,21.3801,1
0,21.3904,1
0,21.4016,1
0,21.4175,0
0,21.4277,0
0,21.4378,0
0,21.4479,0
0,21.458,0
0,21.4682,0
0,21.4783,0
0,21.4884,0
0,21.4985,0
0,21.5094,0
0,21.5195,0
0,21.5296,0
0,21.5397,0
0,21.5497,0
0,21.5598,0
0,21.5699,0
0,21.58,0
0,21.5901,0
0,21.6001,0
0,21.6102,0
0,21.6203,0
0,21.6304,0
0,21.6405,0
0,21.6506,0
0,21.6606,0
0,21.6707,0
0,21.6808,0
0,21.6909,0
0,21.701,0
0,21.7111,0
0,21.7211,0
0,21.7312,0
0,21.7413,0
0,21.7514,0
0,21.7614,0
0,21.7715,0
0,21.7816,0
0,21.7917,0
0,21.8018,0
0,21.8118,0
0,21.8219,0
0,21.832,0
0,21.8421,0
0,21.8522,0
0,21.8623,0
0,21.8723,0
0,21.8845,1
0,21.8947,1
0,21.9061,1
0,21.9162,0
0,21.9263,0
0,21.9364,0
0,21.9465,0
0,21.9578,0
0,21.968,0
0,21.9782,0
0,21.9883,0
0,21.9984,0
0,22.0085,0
0,22.0186,0
0,22.0287,0
0,22.0388,0
0,22.0489,0
0,22.059,0
0,22.0691,0
0,22.0792,0
0,22.0893,0
0,22.0993,0
0,22.1108,0
0,22.1209,0
0,22.131,0
0,22.1411,0
0,22.1512,0
0,22.1612,0
0,22.1713,0
0,22.1814,0
0,22.1915,0
0,22.2017,0
0,22.2118,0
0,22.2219,0
0,22.232,0
0,22.242,0
0,22.2521,0
0,22.2622,0
0,22.2722,0
0,22.2823,0
0,22.2924,0
0,22.3025,0
0,22.3126,0
0,22.3226,0
0,22.3327,0
0,22.3428,0
0,22.3529,0
0,22.363,0
0,22.373,0
0,22.3835,0
0,22.3964,1
0,22.4072,1
0,22.4185,0
0,22.4286,0
0,22.4388,0
0,22.4491,0
0,22.4593,0
0,22.4695,0
0,22.4797,0
0,22.4898,0
0,22.5,0
0,22.5109,0
0,22.521,0
0,22.5311,0
0,22.5412,0
0,22.5513,0
0,22.5614,0
0,22.5716,0
0,22.5816,0
0,22.5918,0
0,22.6018,0
0,22.6119,0
0,22.622,0
0,22.6321,0
0,22.6422,0
0,22.6522,0
0,22.6623,0
0,22.6724,0
0,22.6826,0
0,22.6927,0
0,22.7029,0
0,22.713,0
0,22.7231,0
0,22.7332,0
0,22.7433,0
0,22.7534,0
0,22.7635,0
0,22.7736,0
0,22.7837,0
0,22.7937,0
0,22.8038,0
0,22.8139,0
0,22.824,0
0,22.8341,0
0,22.8442,0
0,22.8543,0
0,22.8643,0
0,22.8744,0
0,22.8845,0
0,22.8946,1
0,22.9079,1
0,22.9188,1
0,22.9329,0
0,22.9451,0
0,22.9552,0
0,22.9653,0
0,22.9754,0
0,22.9855,0
0,22.9956,0
0,23.0057,0
0,23.0158,0
0,23.0259,0
0,23.036,0
0,23.0461,0
0,23.0562,0
0,23.0663,0
0,23.0764,0
0,23.0864,0
0,23.0965,0
0,23.1067,0
0,23.1167,0
0,23.1268,0
0,23.1369,0
0,23.147,0
0,23.1571,0
0,23.1672,0
0,23.1772,0
0,23.1873,0
0,23.1974,0
0,23.2075,0
0,23.2176,0
0,23.2276,0
0,23.2377,0
0,23.2478,0
0,23.2579,0
0,23.2679,0
0,23.278,0
0,23.2881,0
0,23.2982,0
0,23.3083,0
0,23.3183,0
0,23.3284,0
0,23.3385,0
0,23.3486,0
0,23.3586,0
0,23.3687,0
0,23.3788,0
0,23.3889,0
0,23.4027,1
0,23.4129,1
0,23.423,1
0,23.433,0
0,23.4431,0
0,23.4533,0
0,23.4634,0
0,23.4735,0
0,23.4844,0
0,23.4947,0
0,23.5048,0
0,23.516,0
0,23.5262,0
0,23.5362,0
0,23.5463,0
0,23.5564,0
0,23.5665,0
0,23.5766,0
0,23.5867,0
0,23.5968,0
0,23.6068,0
0,23.6169,0
0,23.627,0
0,23.6371,0
0,23.6471,0
0,23.6572,0
0,23.6673,0
0,23.6774,0
0,23.6874,0
0,23.6975,0
0,23.7076,0
0,23.7177,0
0,23.7278,0
0,23.7379,0
0,23.748,0
0,23.7581,0
0,23.7682,0
0,23.7782,0
0,23.7883,0
0,23.7984,0
0,23.8085,0
0,23.8186,0
0,23.8286,0
0,23.8387,0
0,23.8488,0
0,23.8589,0
0,23.8689,0
0,23.879,0
0,23.8891,0
0,23.8992,1
0,23.9105,1
0,23.923,1
0,23.9349,0
0,23.946,0
0,23.9561,0
0,23.9661,0
0,23.9762,0
0,23.9865,0
0,23.9969,0
0,24.007,0
0,24.0172,0
0,24.0273,0
0,24.0374,0
0,24.0475,0
0,24.0576,0
0,24.0677,0
0,24.0777,0
0,24.0878,0
0,24.0979,0
0,24.108,0
0,24.1187,0
0,24.1287,0
0,24.1388,0
0,24.1489,0
0,24.159,0
0,24.1691,0
0,24.1791,0
0,24.1892,0
0,24.1993,0
0,24.2094,0
0,24.2195,0
0,24.2295,0
0,24.2396,0
0,24.2497,0
0,24.2598,0
0,24.2699,0
0,24.28,0
0,24.29,0
0,24.3001,0
0,24.3102,0
0,24.3203,0
0,24.3303,0
0,24.3404,0
0,24.3505,0
0,24.3606,0
0,24.3707,0
0,24.3808,0
0,24.3908,0
0,24.4044,1
0,24.4164,1
0,24.4265,1
0,24.4382,0
0,24.4483,0
0,24.4584,0
0,24.4725,0
0,24.4826,0
0,24.4927,0
0,24.5028,0
0,24.5129,0
0,24.523,0
0,24.5331,0
0,24.5432,0
0,24.5532,0
0,24.5633,0
0,24.5734,0
0,24.5835,0
0,24.5936,0
0,24.6037,0
0,24.6138,0
0,24.6239,0
0,24.634,0
0,24.644,0
0,24.6541,0
0,24.6642,0
0,24.6743,0
0,24.6844,0
0,24.6944,0
0,24.7045,0
0,24.7146,0
0,24.7254,0
0,24.7355,0
0,24.7456,0
0,24.7557,0
0,24.7658,0
0,24.7758,0
0,24.7859,0
0,24.796,0
0,24.8061,0
0,24.8161,0
0,24.8262,0
0,24.8363,0
0,24.8464,0
0,24.8565,0
0,24.8665,0
0,24.8766,0
0,24.8867,0
0,24.8968,0
0,24.9069,1
0,24.9172,1
0,24.9294,1
0,24.9417,1
0,24.9525,0
0,24.9627,0
0,24.9728,0
0,24.9829,0
0,24.9931,0
0,25.0032,0
0,25.0134,0
0,25.0235,0
0,25.0336,0
0,25.0438,0
0,25.0539,0
0,25.064,0
0,25.0741,0
0,25.0843,0
0,25.0943,0
0,25.1044,0
0,25.1145,0
0,25.1246,0
0,25.1347,0
0,25.1448,0
0,25.1549,0
0,25.165,0
0,25.175,0
0,25.1851,0
0,25.1952,0
0,25.2053,0
0,25.2154,0
0,25.2255,0
0,25.2355,0
0,25.2456,0
0,25.2557,0
0,25.2658,0
0,25.2759,0
0,25.286,0
0,25.296,0
0,25.3061,0
0,25.3162,0
0,25.3263,0
0,25.3364,0
0,25.3464,0
0,25.3565,0
0,25.3666,0
0,25.3767,0
0,25.3868,0
0,25.3968,0
0,25.4084,1
0,25.4185,1
0,25.4287,1
0,25.4422,0
0,25.4523,0
0,25.4623,0
0,25.4748,0
0,25.4861,0
0,25.4964,0
0,25.5066,0
0,25.5167,0
0,25.5278,0
0,25.5379,0
0,25.548,0
0,25.5581,0
0,25.5681,0
0,25.5782,0
0,25.5883,0
0,25.5984,0
0,25.6085,0
0,25.6185,0
0,25.6286,0
0,25.6387,0
0,25.6488,0
0,25.6589,0
0,25.669,0
0,25.679,0
0,25.6891,0
0,25.6992,0
0,25.7092,0
0,25.7193,0
0,25.7294,0
0,25.7395,0
0,25.7496,0
0,25.7597,0
0,25.7698,0
0,25.7798,0
0,25.7899,0
0,25.8,0
0,25.8101,0
0,25.8202,0
0,25.8302,0
0,25.8403,0
0,25.8504,0
0,25.8605,0
0,25.8706,0
0,25.8806,0
0,25.8907,0
0,25.9008,0
0,25.9124,1
0,25.9225,1
0,25.9328,1
0,25.9456,0
0,25.9557,0
0,25.9658,0
0,25.9759,0
0,25.986,0
0,25.9963,0
0,26.0066,0
0,26.0168,0
0,26.0269,0
0,26.037,0
0,26.0471,0
0,26.0572,0
0,26.0672,0
0,26.0773,0
0,26.0874,0
0,26.0975,0
0,26.1076,0
0,26.1176,0
0,26.1278,0
0,26.1379,0
0,26.1481,0
0,26.1581,0
0,26.1682,0
0,26.1783,0
0,26.1884,0
0,26.1984,0
0,26.2085,0
0,26.2186,0
0,26.2287,0
0,26.2388,0
0,26.2489,0
0,26.2589,0
0,26.269,0
0,26.2791,0
0,26.2892,0
0,26.2992,0
0,26.3093,0
0,26.3194,0
0,26.3295,0
0,26.3396,0
0,26.3496,0
0,26.3597,0
0,26.3698,0
0,26.3799,0
0,26.39,0
0,26.4,0
0,26.4101,0
0,26.4203,1
0,26.4305,1
0,26.443,1
0,26.4531,0
0,26.4632,0
0,26.4732,0
0,26.4833,0
0,26.4935,0
0,26.5037,0
0,26.514,0
0,26.5266,0
0,26.5367,0
0,26.5468,0
0,26.5569,0
0,26.567,0
0,26.5771,0
0,26.5872,0
0,26.5973,0
0,26.6074,0
0,26.6174,0
0,26.6275,0
0,26.6376,0
0,26.6477,0
0,26.6577,0
0,26.6678,0
0,26.6779,0
0,26.688,0
0,26.6981,0
0,26.7081,0
0,26.7182,0
0,26.7283,0
0,26.7384,0
0,26.7484,0
0,26.7585,0
0,26.7686,0
0,26.7787,0
0,26.7888,0
0,26.7989,0
0,26.8089,0
0,26.819,0
0,26.8291,0
0,26.8392,0
0,26.8492,0
0,26.8593,0
0,26.8694,0
0,26.8795,0
0,26.8896,0
0,26.8997,0
0,26.9097,0
0,26.9199,1
0,26.93,1
0,26.9401,1
0,26.9502,1
0,26.9603,0
0,26.9704,0
0,26.9805,0
0,26.9906,0
0,27.0008,0
0,27.0111,0
0,27.0212,0
0,27.0314,0
0,27.0415,0
0,27.0516,0
0,27.0617,0
0,27.0718,0
0,27.0819,0
0,27.0919,0
0,27.102,0
0,27.1121,0
0,27.1222,0
0,27.1323,0
0,27.1423,0
0,27.1524,0
0,27.1626,0
0,27.1727,0
0,27.1827,0
0,27.1928,0
0,27.2029,0
0,27.213,0
0,27.223,0
0,27.2331,0
0,27.2432,0
0,27.2533,0
0,27.2634,0
0,27.2735,0
0,27.2836,0
0,27.2936,0
0,27.3037,0
0,27.3138,0
0,27.3239,0
0,27.3339,0
0,27.344,0
0,27.3541,0
0,27.3642,0
0,27.3743,0
0,27.3843,0
0,27.3944,0
0,27.4045,0
0,27.4146,0
0,27.427,1
0,27.4371,1
0,27.4475,1
0,27.4576,0
0,27.4676,0
0,27.4777,0
0,27.4878,0
0,27.4979,0
0,27.5082,0
0,27.5183,0
0,27.5285,0
0,27.5392,0
0,27.5524,0
0,27.5627,0
0,27.5728,0
0,27.5829,0
0,27.593,0
0,27.6031,0
0,27.6132,0
0,27.6233,0
0,27.6334,0
0,27.6434,0
0,27.6535,0
0,27.6636,0
0,27.6738,0
0,27.684,0
0,27.6941,0
0,27.7042,0
0,27.7143,0
0,27.7244,0
0,27.7345,0
0,27.7446,0
0,27.7547,0
0,27.7648,0
0,27.7749,0
0,27.785,0
0,27.7951,0
0,27.8051,0
0,27.8152,0
0,27.8253,0
0,27.8354,0
0,27.8455,0
0,27.8555,0
0,27.8656,0
0,27.8757,0
0,27.8858,0
0,27.8958,0
0,27.9059,0
0,27.916,0
0,27.9261,1
0,27.9362,1
0,27.9463,1
0,27.9565,0
0,27.9667,0
0,27.9773,0
0,27.9874,0
0,27.9976,0
0,28.0077,0
0,28.0208,0
0,28.031,0
0,28.0411,0
0,28.0512,0
0,28.0613,0
0,28.0714,0
0,28.0815,0
0,28.0916,0
0,28.1017,0
0,28.1117,0
0,28.1218,0
0,28.1319,0
0,28.142,0
0,28.1521,0
0,28.1622,0
0,28.1723,0
0,28.1824,0
0,28.1925,0
0,28.2026,0
0,28.2127,0
0,28.2228,0
0,28.2329,0
0,28.2429,0
0,28.253,0
0,28.2631,0
0,28.2743,0
0,28.2843,0
0,28.2944,0
0,28.3045,0
0,28.3146,0
0,28.3247,0
0,28.3347,0
0,28.3448,0
0,28.3549,0
0,28.365,0
0,28.3751,0
0,28.3852,0
0,28.3952,0
0,28.4053,0
0,28.4154,0
0,28.4255,1
0,28.4356,1
0,28.4457,1
0,28.4559,1
0,28.4677,0
0,28.4778,0
0,28.4879,0
0,28.498,0
0,28.5081,0
0,28.5183,0
0,28.5284,0
0,28.5385,0
0,28.5486,0
0,28.5587,0
0,28.5688,0
0,28.5789,0
0,28.5889,0
0,28.599,0
0,28.6091,0
0,28.6192,0
0,28.6293,0
0,28.6393,0
0,28.6494,0
0,28.6595,0
0,28.6696,0
0,28.6797,0
0,28.6897,0
0,28.6998,0
0,28.7099,0
0,28.72,0
0,28.7301,0
0,28.7402,0
0,28.7502,0
0,28.7604,0
0,28.7704,0
0,28.7805,0
0,28.7906,0
0,28.8021,0
0,28.8122,0
0,28.8222,0
0,28.8323,0
0,28.8424,0
0,28.8525,0
0,28.8626,0
0,28.8726,0
0,28.8827,0
0,28.8928,0
0,28.9029,0
0,28.913,0
0,28.923,0
0,28.9364,1
0,28.9467,1
0,28.9568,1
0,28.967,0
0,28.977,0
0,28.9872,0
0,28.9972,0
0,29.0074,0
0,29.0175,0
0,29.0279,0
0,29.038,0
0,29.0484,0
0,29.0586,0
0,29.0686,0
0,29.0788,0
0,29.0888,0
0,29.0989,0
0,29.109,0
0,29.1191,0
0,29.1292,0
0,29.1393,0
0,29.1493,0
0,29.1594,0
0,29.1695,0
0,29.1796,0
0,29.1903,0
0,29.2005,0
0,29.2105,0
0,29.2206,0
0,29.2307,0
0,29.2408,0
0,29.2508,0
0,29.2609,0
0,29.271,0
0,29.2811,0
0,29.2912,0
0,29.3012,0
0,29.3113,0
0,29.3214,0
0,29.3315,0
0,29.3416,0
0,29.3516,0
0,29.3617,0
0,29.3718,0
0,29.3819,0
0,29.392,0
0,29.4021,0
0,29.4122,0
0,29.4222,0
0,29.4341,1
0,29.4443,1
0,29.4564,1
0,29.4681,0
0,29.4782,0
0,29.4883,0
0,29.4984,0
0,29.5088,0
0,29.5189,0
0,29.5292,0
0,29.5405,0
0,29.5506,0
0,29.5606,0
0,29.5708,0
0,29.5809,0
0,29.5909,0
0,29.601,0
0,29.6111,0
0,29.6212,0
0,29.6313,0
0,29.6413,0
0,29.6514,0
0,29.6615,0
0,29.6716,0
0,29.6817,0
0,29.6917,0
0,29.7018,0
0,29.7119,0
0,29.722,0
0,29.7321,0
0,29.7422,0
0,29.7523,0
0,29.7624,0
0,29.7724,0
0,29.7825,0
0,29.7926,0
0,29.8027,0
0,29.8128,0
0,29.8228,0
0,29.8329,0
0,29.843,0
0,29.8531,0
0,29.8632,0
0,29.8733,0
0,29.8833,0
0,29.8934,0
0,29.9035,0
0,29.9136,0
0,29.9236,0
0,29.9338,0
0,29.9445,1
0,29.9549,1
0,29.9652,1
0,29.9812,0
0,29.9913,0
0,30.0014,0
0,30.0115,0
0,30.0216,0
0,30.0318,0
0,30.0419,0
0,30.0521,0
0,30.0622,0
0,30.0723,0
0,30.0824,0
0,30.0926,0
0,30.1027,0
0,30.1128,0
0,30.1228,0
0,30.1329,0
0,30.143,0
0,30.1531,0
0,30.1632,0
0,30.1733,0
0,30.1835,0
0,30.1936,0
0,30.2037,0
0,30.2138,0
0,30.2239,0
0,30.234,0
0,30.244,0
0,30.2541,0
0,30.2642,0
0,30.2743,0
0,30.2844,0
0,30.2945,0
0,30.3046,0
0,30.3147,0
0,30.3248,0
0,30.3349,0
0,30.345,0
0,30.3551,0
0,30.3652,0
0,30.3752,0
0,30.3854,0
0,30.3954,0
0,30.4055,0
0,30.4156,0
0,30.4257,0
0,30.4361,0
0,30.4463,1
0,30.4572,1
0,30.4674,1
0,30.4801,1
0,30.4902,1
0,30.5004,0
0,30.5105,0
0,30.5206,0
0,30.5307,0
0,30.5419,0
0,30.5543,0
0,30.5645,0
0,30.5746,0
0,30.5847,0
0,30.5948,0
0,30.6049,0
0,30.615,0
0,30.625,0
0,30.6351,0
0,30.6452,0
0,30.6553,0
0,30.6654,0
0,30.6754,0
0,30.6855,0
0,30.6956,0
0,30.7057,0
0,30.7158,0
0,30.7258,0
0,30.7359,0
0,30.746,0
0,30.7561,0
0,30.7662,0
0,30.7763,0
0,30.7863,0
0,30.7964,0
0,30.8065,0
0,30.8166,0
0,30.8267,0
0,30.8367,0
0,30.8468,0
0,30.8569,0
0,30.867,0
0,30.8771,0
0,30.8871,0
0,30.8972,0
0,30.9073,0
0,30.9174,0
0,30.9275,0
0,30.9375,0
0,30.9484,1
0,30.9585,1
0,30.9687,1
0,30.9805,0
0,30.9906,0
0,31.0007,0
0,31.0108,0
0,31.0209,0
0,31.031,0
0,31.0438,0
0,31.054,0
0,31.0645,0
0,31.0746,0
0,31.0847,0
0,31.0947,0
0,31.1048,0
0,31.1149,0
0,31.125,0
0,31.1351,0
0,31.1451,0
0,31.1552,0
0,31.1653,0
0,31.1754,0
0,31.1855,0
0,31.1955,0
0,31.2056,0
0,31.2157,0
0,31.2258,0
0,31.236,0
0,31.246,0
0,31.2561,0
0,31.2662,0
0,31.2763,0
0,31.2864,0
0,31.2964,0
0,31.3065,0
0,31.3166,0
0,31.3267,0
0,31.3368,0
0,31.3468,0
0,31.3569,0
0,31.367,0
0,31.3771,0
0,31.3872,0
0,31.3972,0
0,31.4073,0
0,31.4174,0
0,31.4276,0
0,31.4377,0
0,31.453,1
0,31.4631,1
0,31.4732,1
0,31.4847,1
0,31.4948,0
0,31.5049,0
0,31.515,0
0,31.525,0
0,31.5351,0
0,31.5453,0
0,31.5555,0
0,31.5659,0
0,31.576,0
0,31.5861,0
0,31.5962,0
0,31.6063,0
0,31.6164,0
0,31.6265,0
0,31.6366,0
0,31.6466,0
0,31.6567,0
0,31.6668,0
0,31.6769,0
0,31.687,0
0,31.697,0
0,31.7071,0
0,31.7172,0
0,31.7273,0
0,31.7374,0
0,31.7474,0
0,31.7575,0
0,31.7676,0
0,31.7777,0
0,31.7878,0
0,31.7978,0
0,31.8079,0
0,31.818,0
0,31.8281,0
0,31.8382,0
0,31.8483,0
0,31.8584,0
0,31.8685,0
0,31.8785,0
0,31.8886,0
0,31.8987,0
0,31.9088,0
0,31.9189,0
0,31.9289,0
0,31.939,0
0,31.9525,1
0,31.9645,1
0,31.9794,1
0,31.9905,0
0,32.0006,0
0,32.0107,0
0,32.0208,0
0,32.031,0
0,32.0411,0
0,32.0512,0
0,32.0613,0
0,32.0715,0
0,32.0816,0
0,32.0917,0
0,32.1017,0
0,32.1118,0
0,32.1219,0
0,32.132,0
0,32.1421,0
0,32.1522,0
0,32.1622,0
0,32.1723,0
0,32.1824,0
0,32.1925,0
0,32.2026,0
0,32.2126,0
0,32.2227,0
0,32.2328,0
0,32.2429,0
0,32.253,0
0,32.2631,0
0,32.2732,0
0,32.2833,0
0,32.2933,0
0,32.3034,0
0,32.3135,0
0,32.3236,0
0,32.3336,0
0,32.3437,0
0,32.3538,0
0,32.3639,0
0,32.374,0
0,32.384,0
0,32.3941,0
0,32.4042,0
0,32.4143,0
0,32.4244,0
0,32.4345,0
0,32.4446,0
0,32.4547,1
0,32.4648,1
0,32.4749,1
0,32.4873,1
0,32.4985,0
0,32.5086,0
0,32.5189,0
0,32.529,0
0,32.5391,0
0,32.5492,0
0,32.5593,0
0,32.5694,0
0,32.5795,0
0,32.5896,0
0,32.5997,0
0,32.6098,0
0,32.6199,0
0,32.6299,0
0,32.64,0
0,32.6501,0
0,32.6602,0
0,32.6703,0
0,32.6804,0
0,32.6906,0
0,32.7008,0
0,32.7109,0
0,32.721,0
0,32.7312,0
0,32.7413,0
0,32.7514,0
0,32.7614,0
0,32.7715,0
0,32.7816,0
0,32.7917,0
0,32.8017,0
0,32.8118,0
0,32.8219,0
0,32.832,0
0,32.842,0
0,32.8521,0
0,32.8622,0
0,32.8723,0
0,32.8823,0
0,32.8924,0
0,32.9025,0
0,32.9126,0
0,32.9227,0
0,32.9327,0
0,32.9428,0
0,32.9564,1
0,32.9665,1
0,32.9781,1
0,32.9895,1
0,32.9998,1
0,33.0099,0
0,33.02,0
0,33.0301,0
0,33.0403,0
0,33.0507,0
0,33.0608,0
0,33.0709,0
0,33.081,0
0,33.0911,0
0,33.1012,0
0,33.1113,0
0,33.1214,0
0,33.1315,0
0,33.1416,0
0,33.1516,0
0,33.1617,0
0,33.1718,0
0,33.1819,0
0,33.192,0
0,33.202,0
0,33.2121,0
0,33.2222,0
0,33.2323,0
0,33.2424,0
0,33.2524,0
0,33.2626,0
0,33.2727,0
0,33.2827,0
0,33.2928,0
0,33.3029,0
0,33.313,0
0,33.3241,0
0,33.3341,0
0,33.3442,0
0,33.3543,0
0,33.3644,0
0,33.3744,0
0,33.3845,0
0,33.3946,0
0,33.4047,0
0,33.4147,0
0,33.4248,0
0,33.4349,0
0,33.445,0
0,33.4551,1
0,33.4652,1
0,33.4786,1
0,33.4887,1
0,33.4988,0
0,33.5089,0
0,33.519,0
0,33.5291,0
0,33.5392,0
0,33.5495,0
0,33.5596,0
0,33.5697,0
0,33.58,0
0,33.5901,0
0,33.6002,0
0,33.6103,0
0,33.6204,0
0,33.6304,0
0,33.6405,0
0,33.6506,0
0,33.6607,0
0,33.6707,0
0,33.6808,0
0,33.6909,0
0,33.701,0
0,33.7111,0
0,33.7211,0
0,33.7312,0
0,33.7413,0
0,33.7514,0
0,33.7615,0
0,33.7716,0
0,33.7817,0
0,33.7917,0
0,33.8018,0
0,33.8119,0
0,33.8222,0
0,33.8323,0
0,33.8424,0
0,33.8524,0
0,33.8625,0
0,33.8726,0
0,33.8827,0
0,33.8927,0
0,33.9028,0
0,33.9129,0
0,33.923,0
0,33.9331,0
0,33.9432,0
0,33.9532,0
0,33.9633,1
0,33.9734,1
0,33.9847,1
0,33.9947,0
0,34.0048,0
0,34.0149,0
0,34.025,0
0,34.0351,0
0,34.0452,0
0,34.0553,0
0,34.0655,0
0,34.0759,0
0,34.086,0
0,34.0961,0
0,34.1062,0
0,34.1162,0
0,34.1263,0
0,34.1364,0
0,34.1465,0
0,34.1565,0
0,34.1666,0
0,34.1767,0
0,34.1868,0
0,34.1969,0
0,34.207,0
0,34.2171,0
0,34.2271,0
0,34.2372,0
0,34.2473,0
0,34.2574,0
0,34.2675,0
0,34.2776,0
0,34.2877,0
0,34.2978,0
0,34.3078,0
0,34.3179,0
0,34.328,0
0,34.3381,0
0,34.3481,0
0,34.3582,0
0,34.3683,0
0,34.3784,0
0,34.3885,0
0,34.3985,0
0,34.4086,0
0,34.4187,0
0,34.4288,0
0,34.4388,0
0,34.4489,0
0,34.459,0
0,34.4695,1
0,34.4818,1
0,34.4934,0
0,34.5035,0
0,34.5136,0
0,34.5245,0
0,34.5346,0
0,34.5447,0
0,34.5549,0
0,34.5663,0
0,34.5765,0
0,34.5868,0
0,34.5968,0
0,34.607,0
0,34.6171,0
0,34.6271,0
0,34.6372,0
0,34.6473,0
0,34.6574,0
0,34.6675,0
0,34.6775,0
0,34.6876,0
0,34.6977,0
0,34.7078,0
0,34.7179,0
0,34.728,0
0,34.738,0
0,34.7481,0
0,34.7582,0
0,34.7683,0
0,34.7784,0
0,34.7884,0
0,34.7985,0
0,34.8086,0
0,34.8187,0
0,34.8288,0
0,34.8389,0
0,34.849,0
0,34.859,0
0,34.8691,0
0,34.8792,0
0,34.8893,0
0,34.8993,0
0,34.9094,0
0,34.9195,0
0,34.9296,0
0,34.9397,0
0,34.9498,0
0,34.9598,0
0,34.9721,1
0,34.9822,1
0,34.9995,1
0,35.0096,0
0,35.0197,0
0,35.0298,0
0,35.0399,0
0,35.05,0
0,35.0601,0
0,35.0702,0
0,35.0803,0
0,35.0918,0
0,35.1019,0
0,35.112,0
0,35.1221,0
0,35.1322,0
0,35.1423,0
0,35.1523,0
0,35.1624,0
0,35.1725,0
0,35.1826,0
0,35.1931,0
0,35.2032,0
0,35.2133,0
0,35.2233,0
0,35.2334,0
0,35.2435,0
0,35.2536,0
0,35.2637,0
0,35.2737,0
0,35.2838,0
0,35.2943,0
0,35.3045,0
0,35.3145,0
0,35.3246,0
0,35.3347,0
0,35.3448,0
0,35.3549,0
0,35.3649,0
0,35.375,0
0,35.3851,0
0,35.3952,0
0,35.4053,0
0,35.4154,0
0,35.4255,0
0,35.4355,0
0,35.4456,0
0,35.4557,0
0,35.4658,1
0,35.4759,1
0,35.4884,1
0,35.4995,1
0,35.5101,0
0,35.5202,0
0,35.5302,0
0,35.5403,0
0,35.5504,0
0,35.5605,0
0,35.5706,0
0,35.5807,0
0,35.591,0
0,35.6024,0
0,35.6125,0
0,35.6237,0
0,35.6338,0
0,35.6439,0
0,35.654,0
0,35.664,0
0,35.6741,0
0,35.6842,0
0,35.6943,0
0,35.7043,0
0,35.7144,0
0,35.7245,0
0,35.7346,0
0,35.7447,0
0,35.7547,0
0,35.7648,0
0,35.7749,0
0,35.785,0
0,35.7951,0
0,35.8052,0
0,35.8152,0
0,35.8253,0
0,35.8354,0
0,35.8455,0
0,35.8556,0
0,35.8656,0
0,35.8757,0
0,35.8858,0
0,35.8959,0
0,35.906,0
0,35.916,0
0,35.9261,0
0,35.9362,0
0,35.9463,0
0,35.9563,0
0,35.9664,0
0,35.9804,1
0,35.9905,1
0,36.0006,1
0,36.0109,1
0,36.021,0
0,36.0311,0
0,36.0412,0
0,36.0513,0
0,36.0614,0
0,36.0716,0
0,36.0817,0
0,36.0918,0
0,36.1018,0
0,36.1119,0
0,36.122,0
0,36.1321,0
0,36.1422,0
0,36.1523,0
0,36.1624,0
0,36.1724,0
0,36.1825,0
0,36.1926,0
0,36.2027,0
0,36.2128,0
0,36.2228,0
0,36.2329,0
0,36.243,0
0,36.2531,0
0,36.2632,0
0,36.2733,0
0,36.2833,0
0,36.2934,0
0,36.3035,0
0,36.3136,0
0,36.3237,0
0,36.3338,0
0,36.3439,0
0,36.354,0
0,36.3641,0
0,36.3741,0
0,36.3842,0
0,36.3943,0
0,36.4044,0
0,36.4145,0
0,36.4245,0
0,36.4346,0
0,36.4447,0
0,36.4548,0
0,36.4648,0
0,36.4766,1
0,36.4882,1
0,36.4983,1
0,36.5096,1
0,36.5197,0
0,36.5298,0
0,36.5399,0
0,36.55,0
0,36.5601,0
0,36.5702,0
0,36.5804,0
0,36.5919,0
0,36.6023,0
0,36.6126,0
0,36.6227,0
0,36.6328,0
0,36.6428,0
0,36.6529,0
0,36.663,0
0,36.6731,0
0,36.6832,0
0,36.6933,0
0,36.7033,0
0,36.7134,0
0,36.7235,0
0,36.7336,0
0,36.7436,0
0,36.7537,0
0,36.7638,0
0,36.7739,0
0,36.784,0
0,36.7941,0
0,36.8041,0
0,36.8142,0
0,36.8243,0
0,36.8344,0
0,36.8444,0
0,36.8546,0
0,36.8646,0
0,36.8747,0
0,36.8848,0
0,36.8949,0
0,36.905,0
0,36.915,0
0,36.9251,0
0,36.9352,0
0,36.9453,0
0,36.9554,0
0,36.9654,0
0,36.9765,1
0,36.9866,1
0,36.997,1
0,37.0074,1
0,37.0174,0
0,37.0275,0
0,37.0376,0
0,37.0477,0
0,37.0578,0
0,37.0681,0
0,37.0782,0
0,37.0883,0
0,37.0985,0
0,37.1085,0
0,37.1186,0
0,37.1287,0
0,37.1388,0
0,37.1489,0
0,37.1589,0
0,37.169,0
0,37.1791,0
0,37.1892,0
0,37.1993,0
0,37.2093,0
0,37.2194,0
0,37.2295,0
0,37.2396,0
0,37.2497,0
0,37.2598,0
0,37.2698,0
0,37.2799,0
0,37.29,0
0,37.3001,0
0,37.3101,0
0,37.3203,0
0,37.3304,0
0,37.3405,0
0,37.3505,0
0,37.3606,0
0,37.3707,0
0,37.3808,0
0,37.3909,0
0,37.401,0
0,37.411,0
0,37.4211,0
0,37.4312,0
0,37.4413,0
0,37.4514,0
0,37.4614,0
0,37.4715,0
0,37.4823,1
0,37.4924,1
0,37.5032,1
0,37.5145,0
0,37.5259,0
0,37.5361,0
0,37.5462,0
0,37.5564,0
0,37.5665,0
0,37.5766,0
0,37.5868,0
0,37.5969,0
0,37.6078,0
0,37.6179,0
0,37.628,0
0,37.6381,0
0,37.6481,0
0,37.6582,0
0,37.6683,0
0,37.6785,0
0,37.6886,0
0,37.6987,0
0,37.7088,0
0,37.7189,0
0,37.729,0
0,37.7391,0
0,37.7492,0
0,37.7593,0
0,37.7694,0
0,37.7795,0
0,37.7895,0
0,37.7996,0
0,37.8097,0
0,37.8198,0
0,37.8299,0
0,37.8399,0
0,37.85,0
0,37.8601,0
0,37.8702,0
0,37.8803,0
0,37.8903,0
0,37.9004,0
0,37.9105,0
0,37.9206,0
0,37.9307,0
0,37.9407,0
0,37.9508,0
0,37.9609,0
0,37.971,0
0,37.9839,1
0,37.9959,1
0,38.0105,1
0,38.0214,0
0,38.0315,0
0,38.0416,0
0,38.0516,0
0,38.0617,0
0,38.0719,0
0,38.082,0
0,38.0921,0
0,38.1022,0
0,38.1123,0
0,38.1224,0
0,38.1325,0
0,38.1426,0
0,38.1527,0
0,38.1628,0
0,38.1728,0
0,38.1829,0
0,38.193,0
0,38.2031,0
0,38.2132,0
0,38.2232,0
0,38.2333,0
0,38.2434,0
0,38.2535,0
0,38.2636,0
0,38.2736,0
0,38.2837,0
0,38.2938,0
0,38.3039,0
0,38.3139,0
0,38.324,0
0,38.3341,0
0,38.3442,0
0,38.3543,0
0,38.3644,0
0,38.3745,0
0,38.3846,0
0,38.3946,0
0,38.4047,0
0,38.4148,0
0,38.4249,0
0,38.435,0
0,38.4451,0
0,38.4551,0
0,38.4652,0
0,38.4753,0
0,38.4861,1
0,38.4967,1
0,38.5068,1
0,38.5192,0
0,38.5294,0
0,38.5395,0
0,38.5496,0
0,38.5598,0
0,38.5699,0
0,38.5801,0
0,38.5902,0
0,38.6003,0
0,38.6104,0
0,38.6205,0
0,38.6306,0
0,38.6406,0
0,38.6507,0
0,38.6608,0
0,38.6709,0
0,38.681,0
0,38.691,0
0,38.7011,0
0,38.7112,0
0,38.7213,0
0,38.7314,0
0,38.7414,0
0,38.7516,0
0,38.7617,0
0,38.7717,0
0,38.7818,0
0,38.7919,0
0,38.802,0
0,38.8121,0
0,38.8221,0
0,38.8322,0
0,38.8423,0
0,38.8524,0
0,38.8625,0
0,38.8725,0
0,38.8826,0
0,38.8927,0
0,38.9028,0
0,38.9129,0
0,38.9229,0
0,38.933,0
0,38.9431,0
0,38.9532,0
0,38.9632,0
0,38.9733,0
0,38.9845,1
0,38.9946,1
0,39.0059,1
0,39.0179,0
0,39.028,0
0,39.0381,0
0,39.0482,0
0,39.0602,0
0,39.0712,0
0,39.0813,0
0,39.0916,0
0,39.1017,0
0,39.1118,0
0,39.1234,0
0,39.1335,0
0,39.1436,0
0,39.1537,0
0,39.1638,0
0,39.1739,0
0,39.184,0
0,39.194,0
0,39.2041,0
0,39.2142,0
0,39.2243,0
0,39.2344,0
0,39.2445,0
0,39.2545,0
0,39.2646,0
0,39.2747,0
0,39.2848,0
0,39.2948,0
0,39.3049,0
0,39.315,0
0,39.3251,0
0,39.3352,0
0,39.3452,0
0,39.3554,0
0,39.3655,0
0,39.3761,0
0,39.3861,0
0,39.3962,0
0,39.4063,0
0,39.4164,0
0,39.4264,0
0,39.4365,0
0,39.4466,0
0,39.4567,0
0,39.4667,0
0,39.4768,0
0,39.4885,1
0,39.4986,1
0,39.5087,1
0,39.5213,0
0,39.5314,0
0,39.5415,0
0,39.5516,0
0,39.562,0
0,39.5725,0
0,39.5826,0
0,39.5927,0
0,39.6028,0
0,39.6129,0
0,39.6234,0
0,39.6335,0
0,39.6435,0
0,39.6536,0
0,39.6637,0
0,39.6738,0
0,39.6838,0
0,39.6939,0
0,39.704,0
0,39.7141,0
0,39.7242,0
0,39.7343,0
0,39.7443,0
0,39.7544,0
0,39.7645,0
0,39.7746,0
0,39.7847,0
0,39.7947,0
0,39.8048,0
0,39.8149,0
0,39.825,0
0,39.8351,0
0,39.8451,0
0,39.8552,0
0,39.8653,0
0,39.8754,0
0,39.8854,0
0,39.8955,0
0,39.9056,0
0,39.9157,0
0,39.9258,0
0,39.9358,0
0,39.9459,0
0,39.956,0
0,39.9661,0
0,39.9762,0
0,39.9869,0
0,39.9983,1
0,40.0084,1
0,40.0192,1
0,40.0293,0
0,40.0406,0
0,40.0508,0
0,40.0609,0
0,40.071,0
0,40.0811,0
0,40.0914,0
0,40.1015,0
0,40.1116,0
0,40.1217,0
0,40.1318,0
0,40.1419,0
0,40.152,0
0,40.1621,0
0,40.1722,0
0,40.1823,0
0,40.1923,0
0,40.2025,0
0,40.2125,0
0,40.2226,0
0,40.2327,0
0,40.2428,0
0,40.2529,0
0,40.2629,0
0,40.273,0
0,40.2831,0
0,40.2932,0
0,40.3033,0
0,40.3133,0
0,40.3234,0
0,40.3335,0
0,40.3436,0
0,40.3536,0
0,40.3637,0
0,40.3738,0
0,40.3839,0
0,40.394,0
0,40.4041,0
0,40.4142,0
0,40.4243,0
0,40.4343,0
0,40.4444,0
0,40.4545,0
0,40.4646,0
0,40.4747,0
0,40.4847,0
0,40.4949,1
0,40.5053,1
0,40.5154,1
0,40.5288,1
0,40.539,0
0,40.5495,0
0,40.5596,0
0,40.5697,0
0,40.5799,0
0,40.59,0
0,40.6001,0
0,40.6102,0
0,40.621,0
0,40.6311,0
0,40.6412,0
0,40.6513,0
0,40.6615,0
0,40.6716,0
0,40.6817,0
0,40.6917,0
0,40.7018,0
0,40.7119,0
0,40.722,0
0,40.7321,0
0,40.7421,0
0,40.7522,0
0,40.7623,0
0,40.7724,0
0,40.7825,0
0,40.7926,0
0,40.8027,0
0,40.8128,0
0,40.8228,0
0,40.8329,0
0,40.843,0
0,40.8531,0
0,40.8632,0
0,40.8732,0
0,40.8833,0
0,40.8934,0
0,40.9035,0
0,40.9136,0
0,40.9237,0
0,40.9337,0
0,40.9438,0
0,40.9539,0
0,40.964,0
0,40.9741,0
0,40.9841,0
0,40.9942,0
0,41.0043,1
0,41.0156,1
0,41.0257,1
0,41.0359,0
0,41.046,0
0,41.0561,0
0,41.0662,0
0,41.0763,0
0,41.0864,0
0,41.0966,0
0,41.1067,0
0,41.1175,0
0,41.1277,0
0,41.1378,0
0,41.1479,0
0,41.158,0
0,41.1681,0
0,41.1781,0
0,41.1882,0
0,41.1983,0
0,41.2084,0
0,41.2184,0
0,41.2285,0
0,41.2386,0
0,41.2487,0
0,41.2588,0
0,41.2688,0
0,41.2789,0
0,41.289,0
0,41.2991,0
0,41.3092,0
0,41.3193,0
0,41.3293,0
0,41.3394,0
0,41.3495,0
0,41.3596,0
0,41.3697,0
0,41.3797,0
0,41.3898,0
0,41.3999,0
0,41.41,0
0,41.4201,0
0,41.4302,0
0,41.4403,0
0,41.4503,0
0,41.4604,0
0,41.4705,0
0,41.4806,0
0,41.4906,0
0,41.5011,0
0,41.5112,1
0,41.5213,1
0,41.5314,1
0,41.5431,1
0,41.5542,0
0,41.5642,0
0,41.5744,0
0,41.5845,0
0,41.5946,0
0,41.6047,0
0,41.6148,0
0,41.625,0
0,41.6351,0
0,41.6452,0
0,41.6553,0
0,41.6654,0
0,41.6755,0
0,41.6856,0
0,41.6956,0
0,41.7057,0
0,41.7158,0
0,41.7259,0
0,41.736,0
0,41.7461,0
0,41.7561,0
0,41.7662,0
0,41.7763,0
0,41.7864,0
0,41.7965,0
0,41.8065,0
0,41.8166,0
0,41.8267,0
0,41.8368,0
0,41.8469,0
0,41.8569,0
0,41.867,0
0,41.8771,0
0,41.8872,0
0,41.8973,0
0,41.9073,0
0,41.9174,0
0,41.9275,0
0,41.9376,0
0,41.9477,0
0,41.9578,0
0,41.9679,0
0,41.9779,0
0,41.988,0
0,41.9981,0
0,42.0126,1
0,42.0227,1
0,42.0347,1
0,42.0492,1
0,42.0593,0
0,42.0725,0
0,42.0827,0
0,42.0936,0
0,42.1037,0
0,42.1141,0
0,42.1242,0
0,42.1343,0
0,42.1444,0
0,42.1544,0
0,42.1645,0
0,42.1746,0
0,42.1847,0
0,42.1948,0
0,42.2049,0
0,42.2149,0
0,42.225,0
0,42.2351,0
0,42.2452,0
0,42.2552,0
0,42.2653,0
0,42.2754,0
0,42.2855,0
0,42.2956,0
0,42.3056,0
0,42.3157,0
0,42.3258,0
0,42.3359,0
0,42.346,0
0,42.356,0
0,42.3661,0
0,42.3762,0
0,42.3863,0
0,42.3964,0
0,42.4065,0
0,42.4166,0
0,42.4267,0
0,42.4367,0
0,42.4468,0
0,42.4569,0
0,42.467,0
0,42.477,0
0,42.4871,0
0,42.4972,0
0,42.5079,0
0,42.5185,1
0,42.5309,1
0,42.5414,0
0,42.5518,0
0,42.5619,0
0,42.5726,0
0,42.5827,0
0,42.5928,0
0,42.6029,0
0,42.6133,0
0,42.6238,0
0,42.6339,0
0,42.644,0
0,42.6541,0
0,42.6642,0
0,42.6743,0
0,42.6844,0
0,42.6945,0
0,42.7047,0
0,42.7148,0
0,42.7249,0
0,42.735,0
0,42.7451,0
0,42.7552,0
0,42.7653,0
0,42.7753,0
0,42.7854,0
0,42.7955,0
0,42.8056,0
0,42.8156,0
0,42.8257,0
0,42.8358,0
0,42.8459,0
0,42.856,0
0,42.8661,0
0,42.8761,0
0,42.8862,0
0,42.8963,0
0,42.9064,0
0,42.9164,0
0,42.9265,0
0,42.9366,0
0,42.9467,0
0,42.9568,0
0,42.9669,0
0,42.977,0
0,42.987,0
0,42.9971,0
0,43.0072,0
0,43.0174,1
0,43.0362,1
0,43.0629,0
0,43.0743,0
0,43.0845,0
0,43.0946,0
0,43.1047,0
0,43.1148,0
0,43.125,0
0,43.1352,0
0,43.1453,0
0,43.1554,0
0,43.1661,0
0,43.1826,0
0,43.1931,0
0,43.2033,0
0,43.2149,0
0,43.2334,0
0,43.2441,0
0,43.2553,0
0,43.2686,0
0,43.2807,0
0,43.2908,0
0,43.3023,0
0,43.3158,0
0,43.326,0
0,43.3362,0
0,43.3463,0
0,43.3565,0
0,43.3669,0
0,43.3797,0
0,43.3897,0
0,43.3998,0
0,43.4099,0
0,43.42,0
0,43.4303,0
0,43.4404,0
0,43.4508,0
0,43.4609,0
0,43.471,0
0,43.481,0
0,43.4911,0
0,43.5012,0
0,43.5113,0
0,43.5217,1
0,43.5322,1
0,43.5428,1
0,43.5529,1
0,43.5639,0
0,43.574,0
0,43.5841,0
0,43.5942,0
0,43.6045,0
0,43.6146,0
0,43.6247,0
0,43.6348,0
0,43.6449,0
0,43.655,0
0,43.6651,0
0,43.6752,0
0,43.6853,0
0,43.6954,0
0,43.7055,0
0,43.7155,0
0,43.7256,0
0,43.7357,0
0,43.7458,0
0,43.7559,0
0,43.766,0
0,43.7761,0
0,43.7861,0
0,43.7962,0
0,43.8063,0
0,43.8164,0
0,43.8265,0
0,43.8366,0
0,43.8467,0
0,43.8567,0
0,43.8668,0
0,43.8769,0
0,43.887,0
0,43.897,0
0,43.9071,0
0,43.9172,0
0,43.9273,0
0,43.9374,0
0,43.9474,0
0,43.9575,0
0,43.9676,0
0,43.9777,0
0,43.9878,0
0,43.9978,0
0,44.0079,0
0,44.018,0
0,44.0281,1
0,44.0385,1
0,44.0485,1
0,44.062,0
0,44.072,0
0,44.0821,0
0,44.0922,0
0,44.1024,0
0,44.1143,0
0,44.1244,0
0,44.1347,0
0,44.1448,0
0,44.1549,0
0,44.165,0
0,44.1751,0
0,44.1852,0
0,44.1953,0
0,44.2053,0
0,44.2154,0
0,44.2255,0
0,44.2356,0
0,44.2457,0
0,44.2557,0
0,44.2658,0
0,44.2759,0
0,44.286,0
0,44.296,0
0,44.3061,0
0,44.3162,0
0,44.3263,0
0,44.3364,0
0,44.3464,0
0,44.3565,0
0,44.3666,0
0,44.3767,0
0,44.3868,0
0,44.3968,0
0,44.4069,0
0,44.417,0
0,44.4271,0
0,44.4372,0
0,44.4474,0
0,44.4575,0
0,44.4676,0
0,44.4776,0
0,44.4877,0
0,44.4978,0
0,44.5079,0
0,44.518,0
0,44.5284,1
0,44.5385,1
0,44.5486,1
0,44.5587,1
0,44.5689,0
0,44.579,0
0,44.5891,0
0,44.5992,0
0,44.6094,0
0,44.6195,0
0,44.6296,0
0,44.6398,0
0,44.6499,0
0,44.66,0
0,44.6701,0
0,44.6802,0
0,44.6902,0
0,44.7003,0
0,44.7104,0
0,44.7205,0
0,44.7306,0
0,44.7407,0
0,44.7507,0
0,44.7608,0
0,44.7709,0
0,44.781,0
0,44.7911,0
0,44.8011,0
0,44.8112,0
0,44.8213,0
0,44.8314,0
0,44.8415,0
0,44.8515,0
0,44.8616,0
0,44.8717,0
0,44.8818,0
0,44.8919,0
0,44.902,0
0,44.912,0
0,44.9221,0
0,44.9322,0
0,44.9423,0
0,44.9523,0
0,44.9624,0
0,44.9725,0
0,44.9826,0
0,44.9927,0
0,45.0028,0
0,45.0128,0
0,45.0229,0
0,45.0336,1
0,45.0437,1
0,45.0556,1
0,45.0666,0
0,45.0767,0
0,45.0868,0
0,45.0969,0
0,45.107,0
0,45.1172,0
0,45.1274,0
0,45.1375,0
0,45.1476,0
0,45.1577,0
0,45.1677,0
0,45.1778,0
0,45.1879,0
0,45.198,0
0,45.2081,0
0,45.2182,0
0,45.2283,0
0,45.2383,0
0,45.2484,0
0,45.2585,0
0,45.2686,0
0,45.2787,0
0,45.2887,0
0,45.2988,0
0,45.3089,0
0,45.319,0
0,45.3291,0
0,45.3391,0
0,45.3492,0
0,45.3593,0
0,45.3694,0
0,45.3794,0
0,45.3895,0
0,45.3996,0
0,45.4097,0
0,45.4198,0
0,45.4298,0
0,45.4399,0
0,45.45,0
0,45.4605,0
0,45.4706,0
0,45.4806,0
0,45.4907,0
0,45.5008,0
0,45.5109,0
0,45.5209,0
0,45.5325,1
0,45.5431,1
0,45.5533,1
0,45.5651,0
0,45.5752,0
0,45.5857,0
0,45.5959,0
0,45.606,0
0,45.6165,0
0,45.6266,0
0,45.6368,0
0,45.6485,0
0,45.6586,0
0,45.6687,0
0,45.6788,0
0,45.6889,0
0,45.699,0
0,45.7091,0
0,45.7192,0
0,45.7293,0
0,45.7394,0
0,45.7495,0
0,45.7596,0
0,45.7697,0
0,45.7798,0
0,45.7899,0
0,45.8,0
0,45.8101,0
0,45.8202,0
0,45.8303,0
0,45.8404,0
0,45.8505,0
0,45.8606,0
0,45.8707,0
0,45.8807,0
0,45.8908,0
0,45.9009,0
0,45.911,0
0,45.9211,0
0,45.9312,0
0,45.9413,0
0,45.9514,0
0,45.9615,0
0,45.9715,0
0,45.9816,0
0,45.9917,0
0,46.0018,0
0,46.0119,0
0,46.022,0
0,46.0323,0
0,46.0605,1
0,46.0792,1
0,46.0957,1
0,46.1059,0
0,46.1162,0
0,46.1263,0
0,46.137,0
0,46.1484,0
0,46.1586,0
0,46.1687,0
0,46.1788,0
0,46.1889,0
0,46.199,0
0,46.2091,0
0,46.2192,0
0,46.2293,0
0,46.2394,0
0,46.2495,0
0,46.2596,0
0,46.2696,0
0,46.2797,0
0,46.2898,0
0,46.2999,0
0,46.31,0
0,46.32,0
0,46.3301,0
0,46.3402,0
0,46.3503,0
0,46.3604,0
0,46.3704,0
0,46.3805,0
0,46.3906,0
0,46.4007,0
0,46.4107,0
0,46.4208,0
0,46.4309,0
0,46.441,0
0,46.4511,0
0,46.4612,0
0,46.4713,0
0,46.4814,0
0,46.4915,0
0,46.5015,0
0,46.5116,0
0,46.5217,0
0,46.5318,0
0,46.5444,1
0,46.5548,1
0,46.5668,1
0,46.5769,0
0,46.587,0
0,46.5972,0
0,46.6073,0
0,46.6174,0
0,46.6275,0
0,46.6405,0
0,46.651,0
0,46.6612,0
0,46.6714,0
0,46.6815,0
0,46.6915,0
0,46.7016,0
0,46.7117,0
0,46.7218,0
0,46.7319,0
0,46.742,0
0,46.752,0
0,46.7621,0
0,46.7722,0
0,46.7823,0
0,46.7924,0
0,46.8025,0
0,46.8125,0
0,46.8226,0
0,46.8327,0
0,46.8428,0
0,46.8529,0
0,46.8629,0
0,46.873,0
0,46.8831,0
0,46.8932,0
0,46.9033,0
0,46.9133,0
0,46.9234,0
0,46.9335,0
0,46.9436,0
0,46.9537,0
0,46.9637,0
0,46.9738,0
0,46.9839,0
0,46.994,0
0,47.0041,0
0,47.0142,0
0,47.0242,0
0,47.0343,0
0,47.0445,1
0,47.0545,1
0,47.0646,1
0,47.0786,0
0,47.0888,0
0,47.0988,0
0,47.1095,0
0,47.1196,0
0,47.1316,0
0,47.1418,0
0,47.1519,0
0,47.162,0
0,47.1722,0
0,47.1823,0
0,47.1924,0
0,47.2024,0
0,47.2125,0
0,47.2226,0
0,47.2327,0
0,47.2428,0
0,47.2529,0
0,47.263,0
0,47.2731,0
0,47.2831,0
0,47.2932,0
0,47.3033,0
0,47.3134,0
0,47.3235,0
0,47.3335,0
0,47.3436,0
0,47.3537,0
0,47.3638,0
0,47.3739,0
0,47.3839,0
0,47.394,0
0,47.4041,0
0,47.4142,0
0,47.4243,0
0,47.4344,0
0,47.4444,0
0,47.4545,0
0,47.4646,0
0,47.4747,0
0,47.4848,0
0,47.495,0
0,47.5051,0
0,47.5152,0
0,47.5253,0
0,47.5354,0
0,47.5485,1
0,47.5585,1
0,47.5688,1
0,47.5792,0
0,47.5893,0
0,47.5994,0
0,47.6096,0
0,47.6197,0
0,47.6303,0
0,47.6405,0
0,47.6506,0
0,47.6607,0
0,47.6708,0
0,47.681,0
0,47.6911,0
0,47.7012,0
0,47.7113,0
0,47.7214,0
0,47.7317,0
0,47.7419,0
0,47.752,0
0,47.7621,0
0,47.7721,0
0,47.7822,0
0,47.7923,0
0,47.8024,0
0,47.8124,0
0,47.8225,0
0,47.8326,0
0,47.8427,0
0,47.8528,0
0,47.8628,0
0,47.8729,0
0,47.883,0
0,47.8931,0
0,47.9032,0
0,47.9133,0
0,47.9233,0
0,47.9334,0
0,47.9435,0
0,47.9536,0
0,47.9636,0
0,47.9737,0
0,47.9838,0
0,47.9939,0
0,48.004,0
0,48.0141,0
0,48.0242,0
0,48.0343,0
0,48.0443,0
0,48.0587,1
0,48.0708,1
0,48.0808,1
0,48.0937,1
0,48.104,0
0,48.1141,0
0,48.1242,0
0,48.1344,0
0,48.1446,0
0,48.1548,0
0,48.1649,0
0,48.175,0
0,48.1851,0
0,48.1952,0
0,48.2053,0
0,48.2153,0
0,48.2254,0
0,48.2357,0
0,48.2458,0
0,48.2569,0
0,48.267,0
0,48.2771,0
0,48.2871,0
0,48.2972,0
0,48.3073,0
0,48.3174,0
0,48.3275,0
0,48.3375,0
0,48.3476,0
0,48.3577,0
0,48.3678,0
0,48.3779,0
0,48.388,0
0,48.398,0
0,48.4081,0
0,48.4182,0
0,48.4283,0
0,48.4383,0
0,48.4484,0
0,48.4585,0
0,48.4686,0
0,48.4787,0
0,48.4888,0
0,48.4988,0
0,48.5089,0
0,48.5191,0
0,48.5291,0
0,48.5392,0
0,48.5493,0
0,48.5606,1
0,48.5716,1
0,48.5867,0
0,48.5968,0
0,48.6069,0
0,48.617,0
0,48.6272,0
0,48.6373,0
0,48.6474,0
0,48.6611,0
0,48.6712,0
0,48.6813,0
0,48.6914,0
0,48.7015,0
0,48.7115,0
0,48.7216,0
0,48.7317,0
0,48.7419,0
0,48.7519,0
0,48.7621,0
0,48.7722,0
0,48.7822,0
0,48.7923,0
0,48.8024,0
0,48.8125,0
0,48.8226,0
0,48.8326,0
0,48.8427,0
0,48.8528,0
0,48.8629,0
0,48.873,0
0,48.883,0
0,48.8931,0
0,48.9032,0
0,48.9133,0
0,48.9234,0
0,48.9334,0
0,48.9435,0
0,48.9536,0
0,48.9637,0
0,48.9738,0
0,48.9839,0
0,48.994,0
0,49.004,0
0,49.0141,0
0,49.0242,0
0,49.0343,0
0,49.0443,0
0,49.055,0
0,49.0684,1
0,49.0809,1
0,49.091,1
0,49.1021,1
0,49.1122,0
0,49.1245,0
0,49.1347,0
0,49.1448,0
0,49.155,0
0,49.1651,0
0,49.1752,0
0,49.1853,0
0,49.1954,0
0,49.2055,0
0,49.2155,0
0,49.2256,0
0,49.2357,0
0,49.2458,0
0,49.2559,0
0,49.266,0
0,49.276,0
0,49.2861,0
0,49.2962,0
0,49.3063,0
0,49.3163,0
0,49.3264,0
0,49.3365,0
0,49.3466,0
0,49.3567,0
0,49.3667,0
0,49.3768,0
0,49.3869,0
0,49.397,0
0,49.407,0
0,49.4171,0
0,49.4272,0
0,49.4373,0
0,49.4474,0
0,49.4574,0
0,49.4675,0
0,49.4776,0
0,49.4877,0
0,49.4978,0
0,49.5078,0
0,49.5179,0
0,49.528,0
0,49.5381,0
0,49.5482,0
0,49.5583,0
0,49.5685,1
0,49.5786,1
0,49.5887,1
0,49.599,1
0,49.6133,1
0,49.6234,0
0,49.6335,0
0,49.6436,0
0,49.6538,0
0,49.6654,0
0,49.6756,0
0,49.6857,0
0,49.6958,0
0,49.7059,0
0,49.716,0
0,49.7261,0
0,49.7362,0
0,49.7463,0
0,49.7563,0
0,49.7664,0
0,49.7765,0
0,49.7866,0
0,49.7966,0
0,49.8068,0
0,49.8168,0
0,49.8269,0
0,49.837,0
0,49.8471,0
0,49.8572,0
0,49.8672,0
0,49.8773,0
0,49.8874,0
0,49.8975,0
0,49.9076,0
0,49.9176,0
0,49.9277,0
0,49.9378,0
0,49.9479,0
0,49.958,0
0,49.968,0
0,49.9781,0
0,49.9882,0
0,49.9983,0
0,50.0084,0
0,50.0184,0
0,50.0285,0
0,50.0386,0
0,50.0487,0
0,50.0588,0
0,50.0704,1
0,50.0805,1
0,50.0924,1
0,50.1025,0
0,50.1126,0
0,50.1227,0
0,50.1328,0
0,50.1429,0
0,50.153,0
0,50.1631,0
0,50.1734,0
0,50.1845,0
0,50.1946,0
0,50.2047,0
0,50.2148,0
0,50.2249,0
0,50.235,0
0,50.2451,0
0,50.2552,0
0,50.2652,0
0,50.2753,0
0,50.2854,0
0,50.2955,0
0,50.3056,0
0,50.3156,0
0,50.3257,0
0,50.3358,0
0,50.3459,0
0,50.356,0
0,50.366,0
0,50.3761,0
0,50.3862,0
0,50.3963,0
0,50.4064,0
0,50.4164,0
0,50.4265,0
0,50.4366,0
0,50.4467,0
0,50.4568,0
0,50.4669,0
0,50.4769,0
0,50.487,0
0,50.4971,0
0,50.5072,0
0,50.5173,0
0,50.5273,0
0,50.5375,0
0,50.5477,0
0,50.5578,0
0,50.5718,1
0,50.5825,1
0,50.5931,1
0,50.6038,0
0,50.6139,0
0,50.6239,0
0,50.6354,0
0,50.6455,0
0,50.6556,0
0,50.6657,0
0,50.6759,0
0,50.686,0
0,50.6961,0
0,50.7062,0
0,50.7163,0
0,50.7264,0
0,50.7365,0
0,50.7466,0
0,50.7566,0
0,50.7667,0
0,50.7768,0
0,50.7869,0
0,50.797,0
0,50.8071,0
0,50.8171,0
0,50.8272,0
0,50.8373,0
0,50.8474,0
0,50.8575,0
0,50.8675,0
0,50.8776,0
0,50.8877,0
0,50.8978,0
0,50.9079,0
0,50.9179,0
0,50.928,0
0,50.9381,0
0,50.9482,0
0,50.9583,0
0,50.9683,0
0,50.9784,0
0,50.9885,0
0,50.9986,0
0,51.0087,0
0,51.0187,0
0,51.0288,0
0,51.0389,0
0,51.049,0
0,51.0591,0
0,51.0726,1
0,51.0827,1
0,51.0955,1
0,51.1061,1
0,51.1289,0
0,51.1437,0
0,51.1546,0
0,51.1647,0
0,51.1748,0
0,51.1856,0
0,51.1957,0
0,51.2059,0
0,51.216,0
0,51.2261,0
0,51.2362,0
0,51.2463,0
0,51.2563,0
0,51.2664,0
0,51.2765,0
0,51.2866,0
0,51.2966,0
0,51.3067,0
0,51.3168,0
0,51.3269,0
0,51.337,0
0,51.347,0
0,51.3571,0
0,51.3672,0
0,51.3773,0
0,51.3873,0
0,51.3974,0
0,51.4075,0
0,51.4176,0
0,51.4276,0
0,51.4377,0
0,51.4478,0
0,51.4579,0
0,51.468,0
0,51.478,0
0,51.4881,0
0,51.4982,0
0,51.5083,0
0,51.5183,0
0,51.5284,0
0,51.5385,0
0,51.5486,0
0,51.5587,0
0,51.5694,0
0,51.5844,1
0,51.5986,1
0,51.6087,1
0,51.6215,0
0,51.6316,0
0,51.6417,0
0,51.6522,0
0,51.6623,0
0,51.6725,0
0,51.6826,0
0,51.6927,0
0,51.7028,0
0,51.7129,0
0,51.723,0
0,51.733,0
0,51.7431,0
0,51.7532,0
0,51.7633,0
0,51.7734,0
0,51.7834,0
0,51.7935,0
0,51.8036,0
0,51.8137,0
0,51.8238,0
0,51.8338,0
0,51.8439,0
0,51.854,0
0,51.8641,0
0,51.8741,0
0,51.8842,0
0,51.8943,0
0,51.9044,0
0,51.9145,0
0,51.9246,0
0,51.9346,0
0,51.9447,0
0,51.9548,0
0,51.9649,0
0,51.9749,0
0,51.985,0
0,51.9951,0
0,52.0052,0
0,52.0153,0
0,52.0253,0
0,52.0354,0
0,52.0455,0
0,52.0556,0
0,52.0657,0
0,52.077,0
0,52.0884,1
0,52.0987,1
0,52.1088,1
0,52.1206,0
0,52.1309,0
0,52.141,0
0,52.1511,0
0,52.1612,0
0,52.1715,0
0,52.1838,0
0,52.194,0
0,52.2045,0
0,52.2146,0
0,52.2247,0
0,52.2348,0
0,52.2449,0
0,52.2549,0
0,52.265,0
0,52.2751,0
0,52.2852,0
0,52.2953,0
0,52.3054,0
0,52.3154,0
0,52.3255,0
0,52.3356,0
0,52.3457,0
0,52.3557,0
0,52.3658,0
0,52.3759,0
0,52.386,0
0,52.3961,0
0,52.4061,0
0,52.4162,0
0,52.4263,0
0,52.4364,0
0,52.4465,0
0,52.4565,0
0,52.4666,0
0,52.4767,0
0,52.4868,0
0,52.4968,0
0,52.5069,0
0,52.517,0
0,52.5271,0
0,52.5372,0
0,52.5472,0
0,52.5573,0
0,52.5674,0
0,52.5775,0
0,52.5877,1
0,52.5992,1
0,52.6099,1
0,52.6261,0
0,52.6362,0
0,52.6463,0
0,52.6564,0
0,52.6665,0
0,52.6767,0
0,52.6883,0
0,52.6984,0
0,52.7085,0
0,52.7186,0
0,52.7288,0
0,52.7389,0
0,52.749,0
0,52.7592,0
0,52.77,0
0,52.7801,0
0,52.7902,0
0,52.8005,0
0,52.8106,0
0,52.8207,0
0,52.8308,0
0,52.8408,0
0,52.8509,0
0,52.861,0
0,52.8711,0
0,52.8812,0
0,52.8913,0
0,52.9013,0
0,52.9114,0
0,52.9215,0
0,52.9316,0
0,52.9417,0
0,52.9517,0
0,52.9618,0
0,52.9719,0
0,52.982,0
0,52.9921,0
0,53.0021,0
0,53.0122,0
0,53.0223,0
0,53.0324,0
0,53.0425,0
0,53.0526,0
0,53.0627,0
0,53.0728,0
0,53.0828,0
0,53.0966,1
0,53.1081,1
0,53.1182,1
0,53.1286,1
0,53.139,1
0,53.1511,0
0,53.1612,0
0,53.1713,0
0,53.1814,0
0,53.1915,0
0,53.2016,0
0,53.2118,0
0,53.2219,0
0,53.232,0
0,53.2421,0
0,53.2521,0
0,53.2622,0
0,53.2723,0
0,53.2824,0
0,53.2925,0
0,53.3026,0
0,53.3126,0
0,53.3227,0
0,53.3328,0
0,53.3429,0
0,53.353,0
0,53.363,0
0,53.3731,0
0,53.3832,0
0,53.3933,0
0,53.4034,0
0,53.4135,0
0,53.4236,0
0,53.4336,0
0,53.4437,0
0,53.4538,0
0,53.4639,0
0,53.474,0
0,53.484,0
0,53.4941,0
0,53.5042,0
0,53.5143,0
0,53.5243,0
0,53.5344,0
0,53.5445,0
0,53.5546,0
0,53.5647,0
0,53.5748,0
0,53.5849,0
0,53.5964,1
0,53.6066,1
0,53.6167,1
0,53.6268,0
0,53.6369,0
0,53.647,0
0,53.6571,0
0,53.6672,0
0,53.6785,0
0,53.6887,0
0,53.6988,0
0,53.7089,0
0,53.719,0
0,53.7291,0
0,53.7392,0
0,53.7493,0
0,53.7594,0
0,53.7695,0
0,53.7797,0
0,53.7899,0
0,53.8,0
0,53.81,0
0,53.8201,0
0,53.8302,0
0,53.8403,0
0,53.8504,0
0,53.8604,0
0,53.8705,0
0,53.8806,0
0,53.8907,0
0,53.9007,0
0,53.9108,0
0,53.9209,0
0,53.931,0
0,53.9411,0
0,53.9511,0
0,53.9612,0
0,53.9713,0
0,53.9814,0
0,53.9915,0
0,54.0022,0
0,54.0123,0
0,54.0224,0
0,54.0325,0
0,54.0426,0
0,54.0526,0
0,54.0627,0
0,54.0732,0
0,54.0833,0
0,54.0934,1
0,54.1036,1
0,54.1137,1
0,54.1259,0
0,54.136,0
0,54.1461,0
0,54.1562,0
0,54.1663,0
0,54.1764,0
0,54.1876,0
0,54.1977,0
0,54.208,0
0,54.2181,0
0,54.2282,0
0,54.2383,0
0,54.2484,0
0,54.2584,0
0,54.2685,0
0,54.2786,0
0,54.2887,0
0,54.2988,0
0,54.3089,0
0,54.319,0
0,54.3291,0
0,54.3391,0
0,54.3492,0
0,54.3593,0
0,54.3694,0
0,54.3795,0
0,54.3895,0
0,54.3996,0
0,54.4097,0
0,54.4198,0
0,54.4299,0
0,54.4399,0
0,54.45,0
0,54.4601,0
0,54.4702,0
0,54.4803,0
0,54.4903,0
0,54.5004,0
0,54.5105,0
0,54.5206,0
0,54.5306,0
0,54.5407,0
0,54.5508,0
0,54.5609,0
0,54.571,0
0,54.581,0
0,54.5911,0
0,54.6012,1
0,54.614,1
0,54.628,0
0,54.6381,0
0,54.6482,0
0,54.6583,0
0,54.6684,0
0,54.6786,0
0,54.6889,0
0,54.6998,0
0,54.7099,0
0,54.7201,0
0,54.7302,0
0,54.7403,0
0,54.7503,0
0,54.7604,0
0,54.7705,0
0,54.7806,0
0,54.7907,0
0,54.8007,0
0,54.8108,0
0,54.8209,0
0,54.831,0
0,54.8411,0
0,54.8511,0
0,54.8612,0
0,54.8713,0
0,54.8814,0
0,54.8915,0
0,54.9015,0
0,54.9116,0
0,54.9217,0
0,54.9318,0
0,54.9419,0
0,54.9519,0
0,54.962,0
0,54.9721,0
0,54.9822,0
0,54.9923,0
0,55.0023,0
0,55.0124,0
0,55.0225,0
0,55.0326,0
0,55.0427,0
0,55.0528,0
0,55.0628,0
0,55.0729,0
0,55.083,0
0,55.0931,0
0,55.1032,1
0,55.1133,1
0,55.1245,1
0,55.1364,0
0,55.1469,0
0,55.157,0
0,55.1672,0
0,55.1773,0
0,55.1875,0
0,55.1986,0
0,55.2087,0
0,55.2198,0
0,55.2299,0
0,55.24,0
0,55.2501,0
0,55.2602,0
0,55.2703,0
0,55.2804,0
0,55.2905,0
0,55.3005,0
0,55.3106,0
0,55.3207,0
0,55.3308,0
0,55.3408,0
0,55.3509,0
0,55.361,0
0,55.3711,0
0,55.3812,0
0,55.3912,0
0,55.4013,0
0,55.4114,0
0,55.4215,0
0,55.4315,0
0,55.4416,0
0,55.4517,0
0,55.4618,0
0,55.4719,0
0,55.4819,0
0,55.492,0
0,55.5021,0
0,55.5122,0
0,55.5222,0
0,55.5323,0
0,55.5424,0
0,55.5525,0
0,55.5626,0
0,55.5727,0
0,55.5827,0
0,55.5928,0
0,55.6029,1
0,55.6137,1
0,55.6238,1
0,55.637,0
0,55.6472,0
0,55.6592,0
0,55.6693,0
0,55.68,0
0,55.6946,0
0,55.7047,0
0,55.7149,0
0,55.7261,0
0,55.7362,0
0,55.7463,0
0,55.7564,0
0,55.7665,0
0,55.7766,0
0,55.7866,0
0,55.7967,0
0,55.8068,0
0,55.8169,0
0,55.827,0
0,55.8371,0
0,55.8472,0
0,55.8572,0
0,55.8673,0
0,55.8774,0
0,55.8875,0
0,55.8976,0
0,55.9076,0
0,55.9177,0
0,55.9278,0
0,55.9379,0
0,55.948,0
0,55.958,0
0,55.9681,0
0,55.9782,0
0,55.9883,0
0,55.9983,0
0,56.0084,0
0,56.0185,0
0,56.0286,0
0,56.0387,0
0,56.0488,0
0,56.0588,0
0,56.0689,0
0,56.079,0
0,56.0891,0
0,56.0991,0
0,56.113,1
0,56.1231,1
0,56.1332,1
0,56.1469,0
0,56.1582,0
0,56.1682,0
0,56.1804,0
0,56.191,0
0,56.2019,0
0,56.2125,0
0,56.2228,0
0,56.2329,0
0,56.243,0
0,56.2531,0
0,56.2632,0
0,56.2733,0
0,56.2846,0
0,56.2947,0
0,56.3048,0
0,56.3148,0
0,56.3249,0
0,56.335,0
0,56.3451,0
0,56.3552,0
0,56.3652,0
0,56.3753,0
0,56.3854,0
0,56.3955,0
0,56.4056,0
0,56.4157,0
0,56.4257,0
0,56.4358,0
0,56.4459,0
0,56.456,0
0,56.4661,0
0,56.4762,0
0,56.4862,0
0,56.4963,0
0,56.5064,0
0,56.5165,0
0,56.5265,0
0,56.5366,0
0,56.5467,0
0,56.5568,0
0,56.5669,0
0,56.5769,0
0,56.587,0
0,56.5971,0
0,56.6072,0
0,56.6182,1
0,56.6312,1
0,56.6415,0
0,56.6545,0
0,56.6646,0
0,56.6747,0
0,56.686,0
0,56.6961,0
0,56.7062,0
0,56.7164,0
0,56.7282,0
0,56.7384,0
0,56.7485,0
0,56.7586,0
0,56.7687,0
0,56.7788,0
0,56.7888,0
0,56.7989,0
0,56.809,0
0,56.8191,0
0,56.8292,0
0,56.8393,0
0,56.8493,0
0,56.8594,0
0,56.8695,0
0,56.8796,0
0,56.8897,0
0,56.8997,0
0,56.9098,0
0,56.9199,0
0,56.93,0
0,56.9401,0
0,56.9501,0
0,56.9602,0
0,56.9703,0
0,56.9804,0
0,56.9905,0
0,57.0006,0
0,57.0107,0
0,57.0207,0
0,57.0308,0
0,57.0409,0
0,57.051,0
0,57.0611,0
0,57.0711,0
0,57.0812,0
0,57.0913,0
0,57.1014,0
0,57.1115,0
0,57.1233,1
0,57.135,1
0,57.1472,0
0,57.1573,0
0,57.1674,0
0,57.1775,0
0,57.1876,0
0,57.1977,0
0,57.2079,0
0,57.218,0
0,57.2282,0
0,57.2383,0
0,57.2484,0
0,57.2585,0
0,57.2686,0
0,57.2787,0
0,57.2887,0
0,57.2988,0
0,57.3089,0
0,57.319,0
0,57.3291,0
0,57.3392,0
0,57.3493,0
0,57.3593,0
0,57.3694,0
0,57.3795,0
0,57.3896,0
0,57.3996,0
0,57.4097,0
0,57.4198,0
0,57.4299,0
0,57.44,0
0,57.45,0
0,57.4601,0
0,57.4702,0
0,57.4803,0
0,57.4904,0
0,57.5004,0
0,57.5105,0
0,57.5206,0
0,57.5306,0
0,57.5407,0
0,57.5508,0
0,57.5609,0
0,57.571,0
0,57.581,0
0,57.5911,0
0,57.6013,0
0,57.6114,0
0,57.6218,0
0,57.6319,1
0,57.642,1
0,57.6522,1
0,57.6623,0
0,57.6726,0
0,57.686,0
0,57.698,0
0,57.7081,0
0,57.7182,0
0,57.7286,0
0,57.7401,0
0,57.7502,0
0,57.7604,0
0,57.7706,0
0,57.7807,0
0,57.7908,0
0,57.8009,0
0,57.811,0
0,57.8211,0
0,57.8312,0
0,57.8412,0
0,57.8513,0
0,57.8614,0
0,57.8715,0
0,57.8816,0
0,57.8916,0
0,57.9017,0
0,57.9118,0
0,57.9219,0
0,57.932,0
0,57.942,0
0,57.9521,0
0,57.9622,0
0,57.9723,0
0,57.9824,0
0,57.9924,0
0,58.0025,0
0,58.0126,0
0,58.0227,0
0,58.0328,0
0,58.0428,0
0,58.0529,0
0,58.063,0
0,58.0731,0
0,58.0832,0
0,58.0932,0
0,58.1033,0
0,58.1134,0
0,58.1235,0
0,58.1364,1
0,58.1465,1
0,58.1567,1
0,58.1668,0
0,58.1773,0
0,58.1874,0
0,58.1975,0
0,58.2076,0
0,58.2186,0
0,58.2287,0
0,58.2389,0
0,58.2491,0
0,58.2592,0
0,58.2693,0
0,58.2794,0
0,58.2894,0
0,58.2995,0
0,58.3096,0
0,58.3197,0
0,58.3298,0
0,58.3399,0
0,58.3499,0
0,58.36,0
0,58.3701,0
0,58.3802,0
0,58.3903,0
0,58.4003,0
0,58.4104,0
0,58.4205,0
0,58.4306,0
0,58.4407,0
0,58.4507,0
0,58.4608,0
0,58.4709,0
0,58.481,0
0,58.4911,0
0,58.5012,0
0,58.5113,0
0,58.5213,0
0,58.5314,0
0,58.5415,0
0,58.5516,0
0,58.5617,0
0,58.5717,0
0,58.5818,0
0,58.5919,0
0,58.602,0
0,58.6121,0
0,58.6221,0
0,58.6323,1
0,58.6426,1
0,58.6529,1
0,58.6645,1
0,58.6776,0
0,58.6877,0
0,58.6987,0
0,58.7088,0
0,58.7192,0
0,58.7295,0
0,58.7396,0
0,58.7497,0
0,58.7598,0
0,58.7699,0
0,58.7801,0
0,58.7901,0
0,58.8002,0
0,58.8103,0
0,58.8204,0
0,58.8307,0
0,58.8408,0
0,58.8509,0
0,58.861,0
0,58.8711,0
0,58.8811,0
0,58.8912,0
0,58.9013,0
0,58.9114,0
0,58.9214,0
0,58.9315,0
0,58.9416,0
0,58.9517,0
0,58.9618,0
0,58.9719,0
0,58.9819,0
0,58.992,0
0,59.0021,0
0,59.0122,0
0,59.0223,0
0,59.0323,0
0,59.0424,0
0,59.0525,0
0,59.0626,0
0,59.0727,0
0,59.0827,0
0,59.0928,0
0,59.1029,0
0,59.113,0
0,59.1231,0
0,59.1332,1
0,59.1433,1
0,59.1538,1
0,59.1671,0
0,59.1806,0
0,59.1907,0
0,59.202,0
0,59.2121,0
0,59.2222,0
0,59.2324,0
0,59.2425,0
0,59.2536,0
0,59.2637,0
0,59.2738,0
0,59.2839,0
0,59.294,0
0,59.304,0
0,59.3141,0
0,59.3242,0
0,59.3343,0
0,59.3444,0
0,59.3545,0
0,59.3646,0
0,59.3747,0
0,59.3847,0
0,59.3948,0
0,59.4049,0
0,59.415,0
0,59.4251,0
0,59.4352,0
0,59.4452,0
0,59.4553,0
0,59.4654,0
0,59.4755,0
0,59.4855,0
0,59.4956,0
0,59.5057,0
0,59.5158,0
0,59.5259,0
0,59.5359,0
0,59.546,0
0,59.5561,0
0,59.5662,0
0,59.5762,0
0,59.5863,0
0,59.5964,0
0,59.6065,0
0,59.6166,0
0,59.6266,0
0,59.6404,1
0,59.6504,1
0,59.6605,1
0,59.6706,1
0,59.6824,0
0,59.6925,0
0,59.7027,0
0,59.7129,0
0,59.7237,0
0,59.7338,0
0,59.7444,0
0,59.7545,0
0,59.7646,0
0,59.7747,0
0,59.7848,0
0,59.7949,0
0,59.805,0
0,59.8151,0
0,59.8252,0
0,59.8356,0
0,59.8457,0
0,59.8558,0
0,59.8658,0
0,59.8759,0
0,59.886,0
0,59.8961,0
0,59.9062,0
0,59.9162,0
0,59.9263,0
0,59.9364,0
0,59.9465,0
0,59.9566,0
0,59.9666,0
0,59.9767,0
0,59.9868,0
0,59.9969,0
0,60.007,0
0,60.017,0
0,60.0271,0
0,60.0372,0
0,60.0473,0
0,60.0574,0
0,60.0674,0
0,60.0775,0
0,60.0876,0
0,60.0977,0
0,60.1078,0
0,60.1179,0
0,60.1279,0
0,60.1404,1
0,60.1508,1
0,60.1611,1
0,60.1772,0
0,60.1873,0
0,60.1974,0
0,60.2085,0
0,60.2186,0
0,60.2287,0
0,60.2389,0
0,60.249,0
0,60.2591,0
0,60.2692,0
0,60.2793,0
0,60.2894,0
0,60.2995,0
0,60.3096,0
0,60.3197,0
0,60.3298,0
0,60.3398,0
0,60.35,0
0,60.36,0
0,60.3701,0
0,60.3802,0
0,60.3903,0
0,60.4004,0
0,60.4105,0
0,60.4206,0
0,60.4306,0
0,60.4407,0
0,60.4508,0
0,60.4609,0
0,60.471,0
0,60.481,0
0,60.4911,0
0,60.5012,0
0,60.5113,0
0,60.5213,0
0,60.5314,0
0,60.5415,0
0,60.5516,0
0,60.5617,0
0,60.5717,0
0,60.5818,0
0,60.5919,0
0,60.6021,0
0,60.6122,0
0,60.6223,0
0,60.6323,0
0,60.6424,0
0,60.6535,1
0,60.6653,1
0,60.6755,1
0,60.6856,0
0,60.6957,0
0,60.706,0
0,60.7164,0
0,60.7265,0
0,60.7367,0
0,60.7467,0
0,60.757,0
0,60.7685,0
0,60.7786,0
0,60.7887,0
0,60.7987,0
0,60.8093,0
0,60.8193,0
0,60.8294,0
0,60.8395,0
0,60.8496,0
0,60.8601,0
0,60.8702,0
0,60.8802,0
0,60.8903,0
0,60.9004,0
0,60.9105,0
0,60.9206,0
0,60.9306,0
0,60.9407,0
0,60.9508,0
0,60.9609,0
0,60.971,0
0,60.981,0
0,60.9911,0
0,61.0012,0
0,61.0113,0
0,61.0213,0
0,61.0314,0
0,61.0415,0
0,61.0516,0
0,61.0617,0
0,61.0717,0
0,61.0818,0
0,61.0919,0
0,61.102,0
0,61.1121,0
0,61.1222,0
0,61.1322,0
0,61.1423,0
0,61.1545,1
0,61.165,1
0,61.1758,1
0,61.1859,0
0,61.196,0
0,61.2062,0
0,61.2163,0
0,61.2264,0
0,61.2388,0
0,61.2525,0
0,61.2628,0
0,61.2729,0
0,61.2831,0
0,61.2932,0
0,61.3033,0
0,61.3134,0
0,61.3235,0
0,61.3335,0
0,61.3436,0
0,61.3537,0
0,61.3639,0
0,61.374,0
0,61.3841,0
0,61.3942,0
0,61.4043,0
0,61.4144,0
0,61.4245,0
0,61.4346,0
0,61.4447,0
0,61.4547,0
0,61.4649,0
0,61.475,0
0,61.485,0
0,61.4951,0
0,61.5052,0
0,61.5153,0
0,61.5254,0
0,61.5355,0
0,61.5456,0
0,61.5557,0
0,61.5658,0
0,61.5759,0
0,61.586,0
0,61.5961,0
0,61.6062,0
0,61.6163,0
0,61.6264,0
0,61.6365,0
0,61.6466,0
0,61.6567,1
0,61.6694,1
0,61.6816,1
0,61.6928,0
0,61.7029,0
0,61.713,0
0,61.7258,0
0,61.7364,0
0,61.7466,0
0,61.7578,0
0,61.768,0
0,61.7782,0
0,61.7883,0
0,61.7984,0
0,61.8085,0
0,61.8186,0
0,61.8287,0
0,61.8388,0
0,61.8488,0
0,61.8589,0
0,61.8691,0
0,61.8792,0
0,61.8892,0
0,61.8993,0
0,61.9097,0
0,61.9197,0
0,61.9298,0
0,61.9399,0
0,61.95,0
0,61.9601,0
0,61.9701,0
0,61.9804,0
0,61.9905,0
0,62.0006,0
0,62.0107,0
0,62.0207,0
0,62.0308,0
0,62.0409,0
0,62.051,0
0,62.0611,0
0,62.0711,0
0,62.0812,0
0,62.0913,0
0,62.1014,0
0,62.1115,0
0,62.1216,0
0,62.1316,0
0,62.1417,0
0,62.1518,0
0,62.1636,1
0,62.1737,1
0,62.1837,1
0,62.1952,0
0,62.2053,0
0,62.2154,0
0,62.2255,0
0,62.2356,0
0,62.2458,0
0,62.2565,0
0,62.2666,0
0,62.2767,0
0,62.2868,0
0,62.2969,0
0,62.3069,0
0,62.317,0
0,62.3271,0
0,62.3372,0
0,62.3473,0
0,62.3573,0
0,62.3674,0
0,62.3775,0
0,62.3876,0
0,62.3977,0
0,62.4078,0
0,62.4179,0
0,62.4279,0
0,62.438,0
0,62.4481,0
0,62.4582,0
0,62.4683,0
0,62.4783,0
0,62.4884,0
0,62.4985,0
0,62.5086,0
0,62.5187,0
0,62.5287,0
0,62.5388,0
0,62.5489,0
0,62.559,0
0,62.569,0
0,62.5791,0
0,62.5892,0
0,62.5993,0
0,62.6094,0
0,62.6194,0
0,62.6296,0
0,62.6397,0
0,62.6498,0
0,62.6599,1
0,62.67,1
0,62.6804,1
0,62.6966,0
0,62.7067,0
0,62.7168,0
0,62.7269,0
0,62.737,0
0,62.7471,0
0,62.7574,0
0,62.768,0
0,62.7782,0
0,62.7885,0
0,62.7986,0
0,62.8088,0
0,62.8189,0
0,62.829,0
0,62.8391,0
0,62.8492,0
0,62.8593,0
0,62.8693,0
0,62.8794,0
0,62.8895,0
0,62.8996,0
0,62.9097,0
0,62.9198,0
0,62.9298,0
0,62.9399,0
0,62.95,0
0,62.9601,0
0,62.9702,0
0,62.9802,0
0,62.9903,0
0,63.0005,0
0,63.0105,0
0,63.0206,0
0,63.0307,0
0,63.0408,0
0,63.0509,0
0,63.0609,0
0,63.071,0
0,63.0811,0
0,63.0912,0
0,63.1012,0
0,63.1113,0
0,63.1214,0
0,63.1315,0
0,63.1416,0
0,63.1517,0
0,63.1618,1
0,63.1719,1
0,63.182,1
0,63.1921,0
0,63.2022,0
0,63.2123,0
0,63.2242,0
0,63.2343,0
0,63.2448,0
0,63.255,0
0,63.2651,0
0,63.2752,0
0,63.2853,0
0,63.2954,0
0,63.3055,0
0,63.3156,0
0,63.3257,0
0,63.3358,0
0,63.3458,0
0,63.3559,0
0,63.366,0
0,63.3761,0
0,63.3862,0
0,63.3963,0
0,63.4064,0
0,63.4164,0
0,63.4265,0
0,63.4366,0
0,63.4467,0
0,63.4568,0
0,63.4668,0
0,63.4769,0
0,63.487,0
0,63.4971,0
0,63.5072,0
0,63.5172,0
0,63.5273,0
0,63.5374,0
0,63.5475,0
0,63.5576,0
0,63.5676,0
0,63.5777,0
0,63.5878,0
0,63.5979,0
0,63.608,0
0,63.6181,0
0,63.6281,0
0,63.6382,0
0,63.6483,0
0,63.6584,0
0,63.6704,1
0,63.6805,1
0,63.6945,0
0,63.7046,0
0,63.7157,0
0,63.7284,0
0,63.7386,0
0,63.7487,0
0,63.7588,0
0,63.7689,0
0,63.779,0
0,63.7891,0
0,63.7992,0
0,63.8093,0
0,63.8194,0
0,63.8295,0
0,63.8396,0
0,63.8497,0
0,63.8598,0
0,63.8699,0
0,63.8799,0
0,63.8901,0
0,63.9002,0
0,63.9102,0
0,63.9203,0
0,63.9304,0
0,63.9405,0
0,63.9505,0
0,63.9606,0
0,63.9707,0
0,63.9808,0
0,63.9908,0
0,64.0009,0
0,64.011,0
0,64.0211,0
0,64.0312,0
0,64.0412,0
0,64.0513,0
0,64.0614,0
0,64.0715,0
0,64.0816,0
0,64.0916,0
0,64.1017,0
0,64.1118,0
0,64.1219,0
0,64.132,0
0,64.1421,0
0,64.1522,0
0,64.1623,0
0,64.1724,1
0,64.1827,1
0,64.1928,1
0,64.2029,1
0,64.213,0
0,64.2231,0
0,64.2332,0
0,64.2433,0
0,64.2534,0
0,64.2636,0
0,64.2738,0
0,64.2839,0
0,64.294,0
0,64.3041,0
0,64.3142,0
0,64.3243,0
0,64.3344,0
0,64.3444,0
0,64.3545,0
0,64.3646,0
0,64.3747,0
0,64.3848,0
0,64.3949,0
0,64.405,0
0,64.415,0
0,64.4251,0
0,64.4352,0
0,64.4453,0
0,64.4553,0
0,64.4654,0
0,64.4755,0
0,64.4856,0
0,64.4957,0
0,64.5057,0
0,64.5158,0
0,64.5259,0
0,64.536,0
0,64.546,0
0,64.5561,0
0,64.5662,0
0,64.5763,0
0,64.5864,0
0,64.5964,0
0,64.6065,0
0,64.6166,0
0,64.6267,0
0,64.6368,0
0,64.6469,0
0,64.6569,0
0,64.667,0
0,64.6774,1
0,64.6899,1
0,64.7005,1
0,64.7119,1
0,64.7274,0
0,64.7404,0
0,64.7518,0
0,64.762,0
0,64.7721,0
0,64.7824,0
0,64.7925,0
0,64.8026,0
0,64.8127,0
0,64.8227,0
0,64.8331,0
0,64.8432,0
0,64.8533,0
0,64.8634,0
0,64.8739,0
0,64.884,0
0,64.8941,0
0,64.9042,0
0,64.9143,0
0,64.9243,0
0,64.9344,0
0,64.9445,0
0,64.9546,0
0,64.9646,0
0,64.9747,0
0,64.9848,0
0,64.9949,0
0,65.005,0
0,65.015,0
0,65.0251,0
0,65.0352,0
0,65.0453,0
0,65.0553,0
0,65.0654,0
0,65.0755,0
0,65.0856,0
0,65.0957,0
0,65.1057,0
0,65.1158,0
0,65.1259,0
0,65.136,0
0,65.1461,0
0,65.1562,0
0,65.1662,0
0,65.1764,1
0,65.1871,1
0,65.1976,1
0,65.2078,0
0,65.2182,0
0,65.2284,0
0,65.2385,0
0,65.2486,0
0,65.2588,0
0,65.2688,0
0,65.279,0
0,65.2891,0
0,65.2992,0
0,65.3093,0
0,65.3194,0
0,65.3295,0
0,65.3396,0
0,65.3496,0
0,65.3597,0
0,65.3698,0
0,65.3799,0
0,65.39,0
0,65.4001,0
0,65.4102,0
0,65.4202,0
0,65.4303,0
0,65.4404,0
0,65.4505,0
0,65.4606,0
0,65.4707,0
0,65.4807,0
0,65.4908,0
0,65.5009,0
0,65.511,0
0,65.5211,0
0,65.5311,0
0,65.5412,0
0,65.5513,0
0,65.5614,0
0,65.5715,0
0,65.5816,0
0,65.5917,0
0,65.6017,0
0,65.6118,0
0,65.6219,0
0,65.632,0
0,65.6421,0
0,65.6522,0
0,65.6623,0
0,65.6723,0
0,65.6832,1
0,65.6933,1
0,65.7034,1
0,65.7135,0
0,65.7252,0
0,65.7353,0
0,65.7454,0
0,65.7555,0
0,65.7657,0
0,65.7758,0
0,65.786,0
0,65.7961,0
0,65.8062,0
0,65.8163,0
0,65.8264,0
0,65.8364,0
0,65.8465,0
0,65.8566,0
0,65.8667,0
0,65.8768,0
0,65.8869,0
0,65.897,0
0,65.9071,0
0,65.9172,0
0,65.9272,0
0,65.9373,0
0,65.9474,0
0,65.9575,0
0,65.9676,0
0,65.9776,0
0,65.9877,0
0,65.9978,0
0,66.0079,0
0,66.018,0
0,66.0281,0
0,66.0382,0
0,66.0482,0
0,66.0583,0
0,66.0684,0
0,66.0785,0
0,66.0886,0
0,66.0986,0
0,66.1087,0
0,66.1188,0
0,66.1289,0
0,66.139,0
0,66.1491,0
0,66.1591,0
0,66.1693,0
0,66.1794,1
0,66.1896,1
0,66.1997,1
0,66.2104,0
0,66.2208,0
0,66.2309,0
0,66.241,0
0,66.2516,0
0,66.2634,0
0,66.2736,0
0,66.2837,0
0,66.2938,0
0,66.304,0
0,66.314,0
0,66.326,0
0,66.336,0
0,66.3461,0
0,66.3562,0
0,66.3663,0
0,66.3763,0
0,66.3864,0
0,66.3965,0
0,66.4066,0
0,66.4166,0
0,66.4268,0
0,66.4368,0
0,66.4469,0
0,66.457,0
0,66.4671,0
0,66.4772,0
0,66.4872,0
0,66.4973,0
0,66.5074,0
0,66.5175,0
0,66.5276,0
0,66.5376,0
0,66.5477,0
0,66.5578,0
0,66.5679,0
0,66.578,0
0,66.5881,0
0,66.5981,0
0,66.6082,0
0,66.6183,0
0,66.6284,0
0,66.6385,0
0,66.6486,0
0,66.6586,0
0,66.6687,0
0,66.6795,0
0,66.6907,1
0,66.701,1
0,66.7116,1
0,66.7244,1
0,66.7421,0
0,66.7523,0
0,66.7624,0
0,66.7728,0
0,66.7829,0
0,66.7931,0
0,66.8033,0
0,66.8134,0
0,66.8237,0
0,66.8338,0
0,66.8439,0
0,66.854,0
0,66.8641,0
0,66.8742,0
0,66.8843,0
0,66.8944,0
0,66.9045,0
0,66.9146,0
0,66.9247,0
0,66.9348,0
0,66.9449,0
0,66.9549,0
0,66.965,0
0,66.9751,0
0,66.9852,0
0,66.9953,0
0,67.0054,0
0,67.0154,0
0,67.0255,0
0,67.0356,0
0,67.0457,0
0,67.0558,0
0,67.0658,0
0,67.0759,0
0,67.086,0
0,67.0961,0
0,67.1062,0
0,67.1162,0
0,67.1263,0
0,67.1364,0
0,67.1465,0
0,67.1566,0
0,67.1666,0
0,67.1767,0
0,67.1876,0
0,67.1979,1
0,67.208,1
0,67.2181,1
0,67.2295,0
0,67.2396,0
0,67.2497,0
0,67.2598,0
0,67.27,0
0,67.2823,0
0,67.2924,0
0,67.3035,0
0,67.3136,0
0,67.3237,0
0,67.3347,0
0,67.3448,0
0,67.3549,0
0,67.365,0
0,67.3751,0
0,67.3852,0
0,67.3952,0
0,67.4053,0
0,67.4154,0
0,67.4255,0
0,67.4356,0
0,67.4457,0
0,67.4557,0
0,67.4658,0
0,67.4759,0
0,67.486,0
0,67.4961,0
0,67.5061,0
0,67.5162,0
0,67.5263,0
0,67.5364,0
0,67.5465,0
0,67.5566,0
0,67.5666,0
0,67.5767,0
0,67.5868,0
0,67.5969,0
0,67.607,0
0,67.617,0
0,67.6271,0
0,67.6372,0
0,67.6473,0
0,67.6574,0
0,67.6674,0
0,67.6776,0
0,67.6877,0
0,67.6978,1
0,67.7129,1
0,67.7245,1
0,67.735,1
0,67.7474,0
0,67.7575,0
0,67.7676,0
0,67.7778,0
0,67.7879,0
0,67.7981,0
0,67.8082,0
0,67.8183,0
0,67.8284,0
0,67.8387,0
0,67.8488,0
0,67.8589,0
0,67.869,0
0,67.8791,0
0,67.8892,0
0,67.8992,0
0,67.9093,0
0,67.9194,0
0,67.9295,0
0,67.9416,0
0,67.9517,0
0,67.9618,0
0,67.9719,0
0,67.982,0
0,67.992,0
0,68.0021,0
0,68.0122,0
0,68.0223,0
0,68.0324,0
0,68.0424,0
0,68.0525,0
0,68.0626,0
0,68.0727,0
0,68.0828,0
0,68.0928,0
0,68.1029,0
0,68.113,0
0,68.1231,0
0,68.1332,0
0,68.1432,0
0,68.1533,0
0,68.1634,0
0,68.1735,0
0,68.1835,0
0,68.1947,0
0,68.2051,1
0,68.2153,1
0,68.2254,1
0,68.2355,0
0,68.2456,0
0,68.2557,0
0,68.2658,0
0,68.2759,0
0,68.286,0
0,68.2962,0
0,68.3063,0
0,68.3164,0
0,68.3264,0
0,68.3365,0
0,68.3466,0
0,68.3567,0
0,68.3668,0
0,68.3769,0
0,68.3869,0
0,68.397,0
0,68.4071,0
0,68.4172,0
0,68.4273,0
0,68.4374,0
0,68.4486,0
0,68.4587,0
0,68.4688,0
0,68.4789,0
0,68.4889,0
0,68.499,0
0,68.5091,0
0,68.5192,0
0,68.5292,0
0,68.5393,0
0,68.5494,0
0,68.5595,0
0,68.5695,0
0,68.5796,0
0,68.5897,0
0,68.5998,0
0,68.6099,0
0,68.6199,0
0,68.63,0
0,68.6401,0
0,68.6502,0
0,68.6602,0
0,68.6703,0
0,68.6804,0
0,68.6905,0
0,68.7006,0
0,68.7108,1
0,68.7209,1
0,68.7309,1
0,68.7411,0
0,68.7549,0
0,68.765,0
0,68.7752,0
0,68.7854,0
0,68.7988,0
0,68.8101,0
0,68.8202,0
0,68.8304,0
0,68.8405,0
0,68.8506,0
0,68.8607,0
0,68.8708,0
0,68.8808,0
0,68.8909,0
0,68.901,0
0,68.9111,0
0,68.9212,0
0,68.9313,0
0,68.9414,0
0,68.9515,0
0,68.9616,0
0,68.9717,0
0,68.9817,0
0,68.9918,0
0,69.0019,0
0,69.012,0
0,69.0221,0
0,69.0322,0
0,69.0423,0
0,69.0523,0
0,69.0624,0
0,69.0725,0
0,69.0826,0
0,69.0927,0
0,69.1027,0
0,69.1128,0
0,69.1229,0
0,69.133,0
0,69.143,0
0,69.1531,0
0,69.1632,0
0,69.1733,0
0,69.1834,0
0,69.1934,0
0,69.2035,0
0,69.2136,1
0,69.2237,1
0,69.2339,1
0,69.2461,0
0,69.2562,0
0,69.2663,0
0,69.2764,0
0,69.2866,0
0,69.2981,0
0,69.3083,0
0,69.3184,0
0,69.3285,0
0,69.3387,0
0,69.3488,0
0,69.359,0
0,69.3691,0
0,69.3792,0
0,69.3893,0
0,69.3994,0
0,69.4094,0
0,69.4195,0
0,69.4296,0
0,69.4397,0
0,69.4498,0
0,69.4599,0
0,69.47,0
0,69.48,0
0,69.4901,0
0,69.5002,0
0,69.5103,0
0,69.5204,0
0,69.5304,0
0,69.5405,0
0,69.5506,0
0,69.5607,0
0,69.5707,0
0,69.5808,0
0,69.5909,0
0,69.601,0
0,69.6111,0
0,69.6212,0
0,69.6312,0
0,69.6413,0
0,69.6514,0
0,69.6615,0
0,69.6716,0
0,69.6817,0
0,69.6917,0
0,69.7018,0
0,69.7127,0
0,69.7228,1
0,69.733,1
0,69.7435,1
0,69.755,1
0,69.7657,0
0,69.7758,0
0,69.7859,0
0,69.796,0
0,69.8061,0
0,69.8164,0
0,69.8265,0
0,69.8366,0
0,69.8467,0
0,69.8568,0
0,69.8669,0
0,69.877,0
0,69.8871,0
0,69.8971,0
0,69.9072,0
0,69.9173,0
0,69.9274,0
0,69.9375,0
0,69.9476,0
0,69.9577,0
0,69.9678,0
0,69.9779,0
0,69.9879,0
0,69.998,0
0,70.0081,0
0,70.0182,0
0,70.0283,0
0,70.0383,0
0,70.0484,0
0,70.0585,0
0,70.0686,0
0,70.0786,0
0,70.0887,0
0,70.0988,0
0,70.1089,0
0,70.1189,0
0,70.129,0
0,70.1391,0
0,70.1492,0
0,70.1593,0
0,70.1693,0
0,70.1794,0
0,70.1895,0
0,70.1996,0
0,70.2096,0
0,70.2204,1
0,70.2305,1
0,70.2406,1
0,70.251,0
0,70.2619,0
0,70.2719,0
0,70.282,0
0,70.2925,0
0,70.3028,0
0,70.3129,0
0,70.3231,0
0,70.3332,0
0,70.3433,0
0,70.3535,0
0,70.3636,0
0,70.3737,0
0,70.3837,0
0,70.3938,0
0,70.4039,0
0,70.414,0
0,70.4241,0
0,70.4341,0
0,70.4442,0
0,70.4543,0
0,70.4644,0
0,70.4745,0
0,70.4846,0
0,70.4946,0
0,70.5047,0
0,70.5148,0
0,70.5249,0
0,70.535,0
0,70.545,0
0,70.5561,0
0,70.5662,0
0,70.5763,0
0,70.5864,0
0,70.5965,0
0,70.6065,0
0,70.6166,0
0,70.6267,0
0,70.6368,0
0,70.6468,0
0,70.6569,0
0,70.667,0
0,70.6771,0
0,70.6872,0
0,70.6972,0
0,70.7073,0
0,70.7185,0
0,70.7302,1
0,70.7403,1
0,70.7504,1
0,70.7649,1
0,70.775,1
0,70.7851,0
0,70.7952,0
0,70.8053,0
0,70.8154,0
0,70.8256,0
0,70.8357,0
0,70.8458,0
0,70.856,0
0,70.8661,0
0,70.8761,0
0,70.8862,0
0,70.8963,0
0,70.9064,0
0,70.9165,0
0,70.9266,0
0,70.9366,0
0,70.9467,0
0,70.9568,0
0,70.9669,0
0,70.9771,0
0,70.9871,0
0,70.9972,0
0,71.0073,0
0,71.0174,0
0,71.0274,0
0,71.0375,0
0,71.0476,0
0,71.0577,0
0,71.0678,0
0,71.0779,0
0,71.0879,0
0,71.098,0
0,71.1081,0
0,71.1182,0
0,71.1283,0
0,71.1383,0
0,71.1484,0
0,71.1585,0
0,71.1686,0
0,71.1787,0
0,71.1888,0
0,71.1989,0
0,71.209,0
0,71.219,0
0,71.2291,1
0,71.2392,1
0,71.2493,1
0,71.2595,1
0,71.2704,1
0,71.2805,0
0,71.2906,0
0,71.3008,0
0,71.3109,0
0,71.3212,0
0,71.3314,0
0,71.3415,0
0,71.3516,0
0,71.3617,0
0,71.3718,0
0,71.3818,0
0,71.3919,0
0,71.402,0
0,71.4121,0
0,71.4222,0
0,71.4322,0
0,71.4423,0
0,71.4524,0
0,71.4625,0
0,71.4726,0
0,71.4827,0
0,71.4928,0
0,71.5028,0
0,71.5129,0
0,71.523,0
0,71.5331,0
0,71.5432,0
0,71.5533,0
0,71.5633,0
0,71.5734,0
0,71.5835,0
0,71.5936,0
0,71.6037,0
0,71.6137,0
0,71.6238,0
0,71.6339,0
0,71.644,0
0,71.654,0
0,71.6641,0
0,71.6743,0
0,71.6843,0
0,71.6944,0
0,71.7045,0
0,71.7146,0
0,71.7249,0
0,71.7352,1
0,71.748,1
0,71.7646,1
0,71.7747,1
0,71.7849,0
0,71.795,0
0,71.8051,0
0,71.8153,0
0,71.826,0
0,71.8361,0
0,71.8463,0
0,71.8564,0
0,71.8666,0
0,71.8767,0
0,71.8868,0
0,71.897,0
0,71.9071,0
0,71.9171,0
0,71.9272,0
0,71.9373,0
0,71.9474,0
0,71.9577,0
0,71.9678,0
0,71.9779,0
0,71.988,0
0,71.9982,0
0,72.0083,0
0,72.0184,0
0,72.0284,0
0,72.0385,0
0,72.0486,0
0,72.0587,0
0,72.0688,0
0,72.0788,0
0,72.0889,0
0,72.099,0
0,72.1091,0
0,72.1192,0
0,72.1292,0
0,72.1393,0
0,72.1494,0
0,72.1595,0
0,72.1696,0
0,72.1796,0
0,72.1897,0
0,72.1998,0
0,72.2099,0
0,72.22,0
0,72.2301,1
0,72.2416,1
0,72.2525,1
0,72.2627,1
0,72.2768,0
0,72.2872,0
0,72.2973,0
0,72.3074,0
0,72.3175,0
0,72.3291,0
0,72.3392,0
0,72.3494,0
0,72.3596,0
0,72.3697,0
0,72.3798,0
0,72.3899,0
0,72.4,0
0,72.4101,0
0,72.4201,0
0,72.4302,0
0,72.4403,0
0,72.4504,0
0,72.4605,0
0,72.4705,0
0,72.4806,0
0,72.4907,0
0,72.5008,0
0,72.5109,0
0,72.521,0
0,72.531,0
0,72.5411,0
0,72.5512,0
0,72.5613,0
0,72.5714,0
0,72.5814,0
0,72.5915,0
0,72.6022,0
0,72.6123,0
0,72.6224,0
0,72.6324,0
0,72.6425,0
0,72.6526,0
0,72.6627,0
0,72.6728,0
0,72.6829,0
0,72.693,0
0,72.7034,0
0,72.7135,0
0,72.7236,0
0,72.7337,0
0,72.7454,1
0,72.76,1
0,72.7704,1
0,72.784,1
0,72.7942,1
0,72.8045,0
0,72.8146,0
0,72.8247,0
0,72.8349,0
0,72.845,0
0,72.8551,0
0,72.8652,0
0,72.8753,0
0,72.8855,0
0,72.8955,0
0,72.9056,0
0,72.9157,0
0,72.9258,0
0,72.9359,0
0,72.946,0
0,72.956,0
0,72.9664,0
0,72.9765,0
0,72.9866,0
0,72.9967,0
0,73.0068,0
0,73.0169,0
0,73.027,0
0,73.0371,0
0,73.0472,0
0,73.0572,0
0,73.0673,0
0,73.0774,0
0,73.0875,0
0,73.0975,0
0,73.1076,0
0,73.1177,0
0,73.1278,0
0,73.1379,0
0,73.1479,0
0,73.158,0
0,73.1681,0
0,73.1782,0
0,73.1883,0
0,73.1983,0
0,73.2084,0
0,73.2185,0
0,73.2286,0
0,73.2388,0
0,73.2509,1
0,73.2633,1
0,73.2734,1
0,73.2873,0
0,73.2974,0
0,73.3076,0
0,73.3179,0
0,73.3296,0
0,73.3397,0
0,73.3499,0
0,73.36,0
0,73.3701,0
0,73.3802,0
0,73.3903,0
0,73.4003,0
0,73.4104,0
0,73.4205,0
0,73.4306,0
0,73.4407,0
0,73.4507,0
0,73.4608,0
0,73.4709,0
0,73.481,0
0,73.4911,0
0,73.5014,0
0,73.5115,0
0,73.5216,0
0,73.5317,0
0,73.5417,0
0,73.5518,0
0,73.5619,0
0,73.572,0
0,73.5821,0
0,73.5921,0
0,73.6022,0
0,73.6123,0
0,73.6224,0
0,73.6325,0
0,73.6425,0
0,73.6526,0
0,73.6627,0
0,73.6728,0
0,73.6829,0
0,73.6929,0
0,73.703,0
0,73.7131,0
0,73.7232,0
0,73.7334,0
0,73.745,0
0,73.7581,1
0,73.7727,1
0,73.8106,1
0,73.8276,0
0,73.8391,0
0,73.8492,0
0,73.8593,0
0,73.8694,0
0,73.8795,0
0,73.8925,0
0,73.9089,0
0,73.9191,0
0,73.933,0
0,73.9431,0
0,73.9532,0
0,73.9634,0
0,73.9766,0
0,73.9868,0
0,73.9986,0
0,74.0087,0
0,74.0208,0
0,74.037,0
0,74.0471,0
0,74.0572,0
0,74.0685,0
0,74.0786,0
0,74.0887,0
0,74.0988,0
0,74.109,0
0,74.1191,0
0,74.1292,0
0,74.1393,0
0,74.1495,0
0,74.1597,0
0,74.1766,0
0,74.1872,0
0,74.1973,0
0,74.2074,0
0,74.2175,0
0,74.2275,0
0,74.2376,0
0,74.2477,0
0,74.2579,1
0,74.268,1
0,74.281,0
0,74.2911,0
0,74.3014,0
0,74.3115,0
0,74.3216,0
0,74.3317,0
0,74.3418,0
0,74.3519,0
0,74.3621,0
0,74.3722,0
0,74.3823,0
0,74.3924,0
0,74.4025,0
0,74.4126,0
0,74.4227,0
0,74.4328,0
0,74.4428,0
0,74.4529,0
0,74.463,0
0,74.4731,0
0,74.4832,0
0,74.4932,0
0,74.5033,0
0,74.5137,0
0,74.5238,0
0,74.5339,0
0,74.5439,0
0,74.554,0
0,74.5641,0
0,74.5742,0
0,74.5842,0
0,74.5943,0
0,74.6044,0
0,74.6145,0
0,74.6246,0
0,74.6346,0
0,74.6447,0
0,74.6548,0
0,74.6649,0
0,74.675,0
0,74.685,0
0,74.6951,0
0,74.7052,0
0,74.7153,0
0,74.7254,0
0,74.7354,0
0,74.7455,0
0,74.7557,1
0,74.767,1
0,74.7771,1
0,74.7883,0
0,74.7986,0
0,74.8087,0
0,74.8188,0
0,74.8292,0
0,74.8393,0
0,74.8496,0
0,74.8597,0
0,74.8699,0
0,74.88,0
0,74.8901,0
0,74.9002,0
0,74.9103,0
0,74.9203,0
0,74.9304,0
0,74.9405,0
0,74.9506,0
0,74.9607,0
0,74.9707,0
0,74.9808,0
0,74.9909,0
0,75.0011,0
0,75.0111,0
0,75.0213,0
0,75.0313,0
0,75.0414,0
0,75.0515,0
0,75.0616,0
0,75.0717,0
0,75.0818,0
0,75.0919,0
0,75.102,0
0,75.1121,0
0,75.1221,0
0,75.1322,0
0,75.1423,0
0,75.1524,0
0,75.1625,0
0,75.1725,0
0,75.1826,0
0,75.1927,0
0,75.2028,0
0,75.2128,0
0,75.2229,0
0,75.233,0
0,75.2431,0
0,75.2532,0
0,75.2638,1
0,75.2778,1
0,75.2879,1
0,75.298,0
0,75.3081,0
0,75.3182,0
0,75.3283,0
0,75.3385,0
0,75.3486,0
0,75.3587,0
0,75.3688,0
0,75.3789,0
0,75.389,0
0,75.3991,0
0,75.4092,0
0,75.4193,0
0,75.4293,0
0,75.4394,0
0,75.4495,0
0,75.4596,0
0,75.4697,0
0,75.4798,0
0,75.4898,0
0,75.4999,0
0,75.51,0
0,75.5201,0
0,75.5302,0
0,75.5403,0
0,75.5503,0
0,75.5604,0
0,75.5705,0
0,75.5806,0
0,75.5907,0
0,75.6008,0
0,75.6108,0
0,75.6209,0
0,75.631,0
0,75.6411,0
0,75.6512,0
0,75.6613,0
0,75.6713,0
0,75.6814,0
0,75.6915,0
0,75.7016,0
0,75.7117,0
0,75.7217,0
0,75.7318,0
0,75.7419,0
0,75.752,0
0,75.7645,1
0,75.7765,1
0,75.7874,1
0,75.7997,1
0,75.8098,0
0,75.8199,0
0,75.83,0
0,75.8401,0
0,75.8503,0
0,75.8604,0
0,75.8706,0
0,75.8807,0
0,75.8908,0
0,75.9009,0
0,75.911,0
0,75.921,0
0,75.9311,0
0,75.9412,0
0,75.9513,0
0,75.9614,0
0,75.9714,0
0,75.9815,0
0,75.9916,0
0,76.0017,0
0,76.0118,0
0,76.0218,0
0,76.0319,0
0,76.042,0
0,76.0521,0
0,76.0622,0
0,76.0723,0
0,76.0823,0
0,76.0925,0
0,76.1026,0
0,76.1126,0
0,76.1227,0
0,76.1328,0
0,76.1429,0
0,76.153,0
0,76.1631,0
0,76.1731,0
0,76.1832,0
0,76.1933,0
0,76.2034,0
0,76.2135,0
0,76.2235,0
0,76.2336,0
0,76.2437,0
0,76.2538,0
0,76.2644,1
0,76.2762,1
0,76.2871,1
0,76.3007,0
0,76.3108,0
0,76.3244,0
0,76.3345,0
0,76.3447,0
0,76.355,0
0,76.3651,0
0,76.3754,0
0,76.3856,0
0,76.3956,0
0,76.4057,0
0,76.4158,0
0,76.4259,0
0,76.436,0
0,76.446,0
0,76.4561,0
0,76.4662,0
0,76.4763,0
0,76.4864,0
0,76.4964,0
0,76.5065,0
0,76.5166,0
0,76.5267,0
0,76.5401,0
0,76.5502,0
0,76.5603,0
0,76.5704,0
0,76.5804,0
0,76.5905,0
0,76.6006,0
0,76.6106,0
0,76.6207,0
0,76.6308,0
0,76.6409,0
0,76.651,0
0,76.661,0
0,76.6711,0
0,76.6812,0
0,76.6913,0
0,76.7013,0
0,76.7114,0
0,76.7215,0
0,76.7316,0
0,76.7417,0
0,76.7517,0
0,76.7618,0
0,76.7719,1
0,76.7844,1
0,76.7945,1
0,76.8077,1
0,76.8188,0
0,76.8289,0
0,76.839,0
0,76.8492,0
0,76.8593,0
0,76.8694,0
0,76.8795,0
0,76.8896,0
0,76.8997,0
0,76.9098,0
0,76.92,0
0,76.93,0
0,76.9401,0
0,76.9502,0
0,76.9603,0
0,76.9704,0
0,76.9805,0
0,76.9906,0
0,77.0014,0
0,77.0115,0
0,77.0216,0
0,77.0317,0
0,77.0428,0
0,77.0529,0
0,77.063,0
0,77.0731,0
0,77.0832,0
0,77.0932,0
0,77.1033,0
0,77.1134,0
0,77.1236,0
0,77.1337,0
0,77.1437,0
0,77.1538,0
0,77.1639,0
0,77.174,0
0,77.1841,0
0,77.1942,0
0,77.2043,0
0,77.2144,0
0,77.2245,0
0,77.2346,0
0,77.2447,0
0,77.2547,0
0,77.2648,0
0,77.2765,1
0,77.2887,1
0,77.3014,1
0,77.3116,0
0,77.3218,0
0,77.3319,0
0,77.342,0
0,77.3521,0
0,77.3624,0
0,77.3725,0
0,77.3826,0
0,77.3927,0
0,77.4047,0
0,77.4148,0
0,77.4249,0
0,77.435,0
0,77.445,0
0,77.4551,0
0,77.4652,0
0,77.4753,0
0,77.4853,0
0,77.4954,0
0,77.5055,0
0,77.5156,0
0,77.5256,0
0,77.5357,0
0,77.5458,0
0,77.5559,0
0,77.566,0
0,77.5761,0
0,77.5861,0
0,77.5962,0
0,77.6063,0
0,77.6164,0
0,77.6265,0
0,77.6366,0
0,77.6466,0
0,77.6567,0
0,77.6668,0
0,77.6769,0
0,77.6871,0
0,77.6972,0
0,77.7089,0
0,77.7189,0
0,77.729,0
0,77.7392,0
0,77.7493,0
0,77.7594,0
0,77.7695,0
0,77.7797,1
0,77.7905,1
0,77.8007,1
0,77.8117,0
0,77.822,0
0,77.8322,0
0,77.8423,0
0,77.8525,0
0,77.8626,0
0,77.8727,0
0,77.8828,0
0,77.893,0
0,77.9031,0
0,77.9131,0
0,77.9232,0
0,77.9333,0
0,77.9434,0
0,77.9535,0
0,77.9636,0
0,77.9736,0
0,77.9837,0
0,77.9938,0
0,78.0039,0
0,78.014,0
0,78.0241,0
0,78.0342,0
0,78.0443,0
0,78.0544,0
0,78.0645,0
0,78.0745,0
0,78.0846,0
0,78.0947,0
0,78.1048,0
0,78.1149,0
0,78.1249,0
0,78.1351,0
0,78.1452,0
0,78.1552,0
0,78.1653,0
0,78.1754,0
0,78.1855,0
0,78.1956,0
0,78.2056,0
0,78.2157,0
0,78.2258,0
0,78.2359,0
0,78.2459,0
0,78.256,0
0,78.2661,0
0,78.2766,1
0,78.2896,1
0,78.2997,1
0,78.3126,0
0,78.3228,0
0,78.3329,0
0,78.343,0
0,78.3531,0
0,78.3633,0
0,78.3734,0
0,78.3835,0
0,78.3936,0
0,78.4037,0
0,78.4138,0
0,78.4239,0
0,78.434,0
0,78.444,0
0,78.4541,0
0,78.4642,0
0,78.4743,0
0,78.4843,0
0,78.4944,0
0,78.5045,0
0,78.5146,0
0,78.5247,0
0,78.5347,0
0,78.5448,0
0,78.555,0
0,78.565,0
0,78.5751,0
0,78.5852,0
0,78.5953,0
0,78.6054,0
0,78.6155,0
0,78.6255,0
0,78.6356,0
0,78.6457,0
0,78.6558,0
0,78.6659,0
0,78.676,0
0,78.6861,0
0,78.6961,0
0,78.7062,0
0,78.7163,0
0,78.7264,0
0,78.7365,0
0,78.7465,0
0,78.7567,0
0,78.7668,0
0,78.7769,0
0,78.7873,1
0,78.7975,1
0,78.8082,1
0,78.8213,0
0,78.8317,0
0,78.8418,0
0,78.8519,0
0,78.8624,0
0,78.8726,0
0,78.8828,0
0,78.8931,0
0,78.9032,0
0,78.9133,0
0,78.9234,0
0,78.9335,0
0,78.9435,0
0,78.9536,0
0,78.9637,0
0,78.9738,0
0,78.9838,0
0,78.9939,0
0,79.004,0
0,79.0141,0
0,79.0241,0
0,79.0342,0
0,79.0443,0
0,79.0544,0
0,79.0645,0
0,79.0746,0
0,79.0847,0
0,79.0947,0
0,79.1048,0
0,79.1149,0
0,79.125,0
0,79.1351,0
0,79.1452,0
0,79.1553,0
0,79.1654,0
0,79.1754,0
0,79.1855,0
0,79.1956,0
0,79.2057,0
0,79.2157,0
0,79.2258,0
0,79.2359,0
0,79.246,0
0,79.2561,0
0,79.2662,0
0,79.2762,0
0,79.288,1
0,79.2988,1
0,79.3089,1
0,79.319,0
0,79.3313,0
0,79.3417,0
0,79.3518,0
0,79.3619,0
0,79.372,0
0,79.3821,0
0,79.3922,0
0,79.4023,0
0,79.4125,0
0,79.4234,0
0,79.4335,0
0,79.4436,0
0,79.4537,0
0,79.4637,0
0,79.4738,0
0,79.4839,0
0,79.494,0
0,79.5041,0
0,79.5142,0
0,79.5242,0
0,79.5343,0
0,79.5444,0
0,79.5545,0
0,79.5646,0
0,79.5747,0
0,79.5848,0
0,79.5949,0
0,79.6049,0
0,79.615,0
0,79.6251,0
0,79.6352,0
0,79.6453,0
0,79.6553,0
0,79.6654,0
0,79.6755,0
0,79.6856,0
0,79.6957,0
0,79.7057,0
0,79.7158,0
0,79.7259,0
0,79.736,0
0,79.7461,0
0,79.7565,0
0,79.7686,0
0,79.7788,0
0,79.7932,1
0,79.8071,1
0,79.8518,0
0,79.8781,0
0,79.8998,0
0,79.9117,0
0,79.9266,0
0,79.9367,0
0,79.9524,0
0,79.9626,0
0,79.9727,0
0,79.9828,0
0,79.9929,0
0,80.003,0
0,80.0131,0
0,80.0286,0
0,80.0434,0
0,80.0536,0
0,80.0637,0
0,80.0737,0
0,80.0838,0
0,80.0939,0
0,80.104,0
0,80.1141,0
0,80.1241,0
0,80.1342,0
0,80.1443,0
0,80.1544,0
0,80.1645,0
0,80.1746,0
0,80.1847,0
0,80.1948,0
0,80.2049,0
0,80.2149,0
0,80.225,0
0,80.2351,0
0,80.2452,0
0,80.2553,0
0,80.2653,0
0,80.2754,0
0,80.2855,0
0,80.2956,1
0,80.3057,1
0,80.3174,1
0,80.3305,0
0,80.3406,0
0,80.351,0
0,80.3611,0
0,80.3717,0
0,80.3818,0
0,80.3919,0
0,80.402,0
0,80.4122,0
0,80.4222,0
0,80.4323,0
0,80.4424,0
0,80.4525,0
0,80.4626,0
0,80.4727,0
0,80.4827,0
0,80.4928,0
0,80.5029,0
0,80.513,0
0,80.5231,0
0,80.5332,0
0,80.5432,0
0,80.5533,0
0,80.5634,0
0,80.5735,0
0,80.5837,0
0,80.5937,0
0,80.6038,0
0,80.6139,0
0,80.624,0
0,80.634,0
0,80.6441,0
0,80.6542,0
0,80.6643,0
0,80.6744,0
0,80.6844,0
0,80.6945,0
0,80.7046,0
0,80.7147,0
0,80.7248,0
0,80.7348,0
0,80.7449,0
0,80.755,0
0,80.7651,0
0,80.7752,0
0,80.7852,0
0,80.7954,1
0,80.8055,1
0,80.8155,1
0,80.826,0
0,80.8361,0
0,80.8462,0
0,80.8562,0
0,80.8664,0
0,80.8764,0
0,80.8865,0
0,80.8967,0
0,80.9068,0
0,80.9169,0
0,80.927,0
0,80.9371,0
0,80.9472,0
0,80.9573,0
0,80.9674,0
0,80.9775,0
0,80.9876,0
0,80.9976,0
0,81.0077,0
0,81.0178,0
0,81.0279,0
0,81.038,0
0,81.048,0
0,81.0581,0
0,81.0682,0
0,81.0783,0
0,81.0884,0
0,81.0985,0
0,81.1086,0
0,81.1186,0
0,81.1287,0
0,81.1388,0
0,81.1489,0
0,81.159,0
0,81.169,0
0,81.1792,0
0,81.1893,0
0,81.1993,0
0,81.2094,0
0,81.2195,0
0,81.2296,0
0,81.2397,0
0,81.2497,0
0,81.2598,0
0,81.2699,0
0,81.28,0
0,81.2901,0
0,81.3003,1
0,81.3109,1
0,81.3213,1
0,81.335,0
0,81.3451,0
0,81.3552,0
0,81.3653,0
0,81.3754,0
0,81.3856,0
0,81.3957,0
0,81.4058,0
0,81.4159,0
0,81.4261,0
0,81.4362,0
0,81.4463,0
0,81.4564,0
0,81.4664,0
0,81.4765,0
0,81.4866,0
0,81.4967,0
0,81.5068,0
0,81.5168,0
0,81.5269,0
0,81.537,0
0,81.5471,0
0,81.5571,0
0,81.5672,0
0,81.5773,0
0,81.5874,0
0,81.5975,0
0,81.6076,0
0,81.6177,0
0,81.6278,0
0,81.6379,0
0,81.6479,0
0,81.658,0
0,81.6681,0
0,81.6782,0
0,81.6883,0
0,81.6984,0
0,81.7084,0
0,81.7185,0
0,81.7286,0
0,81.7387,0
0,81.7488,0
0,81.7589,0
0,81.769,0
0,81.779,0
0,81.7891,0
0,81.8004,1
0,81.8111,1
0,81.8215,1
0,81.8329,0
0,81.8445,0
0,81.8546,0
0,81.8647,0
0,81.8748,0
0,81.8849,0
0,81.8951,0
0,81.9052,0
0,81.9153,0
0,81.9254,0
0,81.9355,0
0,81.9456,0
0,81.9557,0
0,81.9658,0
0,81.9759,0
0,81.986,0
0,81.996,0
0,82.0061,0
0,82.0162,0
0,82.0263,0
0,82.0364,0
0,82.0464,0
0,82.0565,0
0,82.0666,0
0,82.0767,0
0,82.0868,0
0,82.0969,0
0,82.1072,0
0,82.1172,0
0,82.1273,0
0,82.1374,0
0,82.1475,0
0,82.1576,0
0,82.1676,0
0,82.1777,0
0,82.1878,0
0,82.1979,0
0,82.208,0
0,82.2181,0
0,82.2282,0
0,82.2383,0
0,82.2484,0
0,82.2585,0
0,82.2685,0
0,82.2786,0
0,82.2887,0
0,82.2988,0
0,82.3125,1
0,82.3249,1
0,82.3377,1
0,82.3547,0
0,82.3648,0
0,82.38,0
0,82.3941,0
0,82.4044,0
0,82.4145,0
0,82.4246,0
0,82.4348,0
0,82.4449,0
0,82.4551,0
0,82.4652,0
0,82.4753,0
0,82.4854,0
0,82.4956,0
0,82.5056,0
0,82.5157,0
0,82.5258,0
0,82.5359,0
0,82.546,0
0,82.5561,0
0,82.5661,0
0,82.5762,0
0,82.5863,0
0,82.5964,0
0,82.6064,0
0,82.6166,0
0,82.6266,0
0,82.6367,0
0,82.6468,0
0,82.6569,0
0,82.6669,0
0,82.6771,0
0,82.6872,0
0,82.6973,0
0,82.7074,0
0,82.7175,0
0,82.7276,0
0,82.7378,0
0,82.7479,0
0,82.758,0
0,82.768,0
0,82.7781,0
0,82.7882,0
0,82.7983,0
0,82.8085,1
0,82.8187,1
0,82.8296,1
0,82.8396,1
0,82.8553,0
0,82.8654,0
0,82.8765,0
0,82.8866,0
0,82.8967,0
0,82.9079,0
0,82.918,0
0,82.9281,0
0,82.9382,0
0,82.9483,0
0,82.9584,0
0,82.9685,0
0,82.9786,0
0,82.9887,0
0,82.9987,0
0,83.0088,0
0,83.0189,0
0,83.029,0
0,83.0391,0
0,83.0491,0
0,83.0592,0
0,83.0693,0
0,83.0794,0
0,83.0894,0
0,83.0995,0
0,83.1096,0
0,83.1197,0
0,83.1298,0
0,83.1399,0
0,83.15,0
0,83.16,0
0,83.1701,0
0,83.1802,0
0,83.1903,0
0,83.2004,0
0,83.2105,0
0,83.2206,0
0,83.2307,0
0,83.2408,0
0,83.2509,0
0,83.261,0
0,83.271,0
0,83.2811,0
0,83.2912,0
0,83.3013,0
0,83.3182,1
0,83.3283,1
0,83.3384,1
0,83.3502,0
0,83.3637,0
0,83.3738,0
0,83.3856,0
0,83.3957,0
0,83.4058,0
0,83.4159,0
0,83.4275,0
0,83.4376,0
0,83.4477,0
0,83.4578,0
0,83.4679,0
0,83.478,0
0,83.4881,0
0,83.4981,0
0,83.5082,0
0,83.5183,0
0,83.5284,0
0,83.5384,0
0,83.5485,0
0,83.5586,0
0,83.5687,0
0,83.5788,0
0,83.5888,0
0,83.5989,0
0,83.609,0
0,83.6191,0
0,83.6292,0
0,83.6393,0
0,83.6493,0
0,83.6594,0
0,83.6695,0
0,83.6797,0
0,83.6897,0
0,83.6998,0
0,83.7099,0
0,83.72,0
0,83.7301,0
0,83.7401,0
0,83.7502,0
0,83.7603,0
0,83.7704,0
0,83.7805,0
0,83.7906,0
0,83.8007,0
0,83.811,0
0,83.8245,1
0,83.8364,1
0,83.847,1
0,83.8593,1
0,83.8725,0
0,83.8827,0
0,83.8928,0
0,83.9029,0
0,83.9131,0
0,83.9232,0
0,83.9333,0
0,83.9434,0
0,83.9535,0
0,83.9636,0
0,83.9737,0
0,83.9837,0
0,83.9938,0
0,84.0039,0
0,84.014,0
0,84.0241,0
0,84.0342,0
0,84.0443,0
0,84.0544,0
0,84.0644,0
0,84.0745,0
0,84.0846,0
0,84.0947,0
0,84.1047,0
0,84.1148,0
0,84.1249,0
0,84.135,0
0,84.1451,0
0,84.1552,0
0,84.1652,0
0,84.1753,0
0,84.1854,0
0,84.1955,0
0,84.2056,0
0,84.2156,0
0,84.2257,0
0,84.2358,0
0,84.2459,0
0,84.256,0
0,84.2661,0
0,84.2762,0
0,84.2863,0
0,84.2963,0
0,84.3064,0
0,84.3165,0
0,84.3266,1
0,84.3367,1
0,84.3468,1
0,84.3569,0
0,84.3671,0
0,84.3804,0
0,84.3905,0
0,84.4006,0
0,84.4125,0
0,84.4226,0
0,84.4327,0
0,84.4428,0
0,84.4529,0
0,84.463,0
0,84.4731,0
0,84.4832,0
0,84.4933,0
0,84.5034,0
0,84.5134,0
0,84.5235,0
0,84.5336,0
0,84.5437,0
0,84.5538,0
0,84.5638,0
0,84.5739,0
0,84.584,0
0,84.5941,0
0,84.6042,0
0,84.6143,0
0,84.6243,0
0,84.6345,0
0,84.6446,0
0,84.6547,0
0,84.6648,0
0,84.6749,0
0,84.6851,0
0,84.6952,0
0,84.7053,0
0,84.7154,0
0,84.7255,0
0,84.7356,0
0,84.7458,0
0,84.756,0
0,84.7662,0
0,84.7763,0
0,84.7864,0
0,84.7976,0
0,84.8078,0
0,84.8179,0
0,84.8315,1
0,84.8416,1
0,84.8521,1
0,84.8622,1
0,84.8723,0
0,84.8824,0
0,84.8925,0
0,84.9026,0
0,84.9128,0
0,84.9267,0
0,84.9368,0
0,84.9471,0
0,84.9573,0
0,84.9674,0
0,84.9775,0
0,84.9876,0
0,84.9977,0
0,85.0085,0
0,85.0208,0
0,85.031,0
0,85.043,0
0,85.0556,0
0,85.0658,0
0,85.0759,0
0,85.086,0
0,85.0963,0
0,85.1064,0
0,85.1167,0
0,85.1268,0
0,85.137,0
0,85.1473,0
0,85.1574,0
0,85.1676,0
0,85.1777,0
0,85.1878,0
0,85.1979,0
0,85.208,0
0,85.2181,0
0,85.2282,0
0,85.2383,0
0,85.2484,0
0,85.2593,0
0,85.2694,0
0,85.2795,0
0,85.2896,0
0,85.2997,0
0,85.3098,0
0,85.3199,0
0,85.3325,1
0,85.3444,1
0,85.3545,1
0,85.375,0
0,85.3906,0
0,85.4056,0
0,85.4157,0
0,85.4258,0
0,85.4359,0
0,85.4461,0
0,85.4572,0
0,85.4699,0
0,85.4799,0
0,85.49,0
0,85.5003,0
0,85.5104,0
0,85.5204,0
0,85.5305,0
0,85.5406,0
0,85.5507,0
0,85.5608,0
0,85.571,0
0,85.5811,0
0,85.5914,0
0,85.6016,0
0,85.6118,0
0,85.6223,0
0,85.6324,0
0,85.6426,0
0,85.6527,0
0,85.6628,0
0,85.6729,0
0,85.6831,0
0,85.6932,0
0,85.7033,0
0,85.7133,0
0,85.7234,0
0,85.7335,0
0,85.7437,0
0,85.7538,0
0,85.7639,0
0,85.774,0
0,85.7841,0
0,85.7942,0
0,85.8045,0
0,85.8147,0
0,85.8249,0
0,85.835,1
0,85.8451,1
0,85.8552,1
0,85.8715,1
0,85.8816,1
0,85.8941,0
0,85.9042,0
0,85.9143,0
0,85.9244,0
0,85.9344,0
0,85.9445,0
0,85.9546,0
0,85.9647,0
0,85.9748,0
0,85.9849,0
0,85.995,0
0,86.0051,0
0,86.0153,0
0,86.0269,0
0,86.037,0
0,86.0473,0
0,86.0574,0
0,86.0675,0
0,86.0776,0
0,86.0877,0
0,86.0978,0
0,86.1079,0
0,86.1181,0
0,86.1282,0
0,86.1383,0
0,86.1484,0
0,86.1586,0
0,86.1686,0
0,86.1787,0
0,86.1888,0
0,86.1989,0
0,86.209,0
0,86.2191,0
0,86.2292,0
0,86.2393,0
0,86.2494,0
0,86.2595,0
0,86.2701,0
0,86.2802,0
0,86.2903,0
0,86.3004,0
0,86.3104,0
0,86.3205,0
0,86.3306,0
0,86.3444,1
0,86.3546,1
0,86.3646,1
0,86.3855,0
0,86.3956,0
0,86.4056,0
0,86.4157,0
0,86.4258,0
0,86.436,0
0,86.4461,0
0,86.4564,0
0,86.4665,0
0,86.4775,0
0,86.4877,0
0,86.4978,0
0,86.5079,0
0,86.518,0
0,86.5281,0
0,86.5382,0
0,86.5483,0
0,86.5584,0
0,86.5685,0
0,86.5786,0
0,86.5888,0
0,86.5989,0
0,86.6089,0
0,86.619,0
0,86.6291,0
0,86.6392,0
0,86.6493,0
0,86.6595,0
0,86.6697,0
0,86.6798,0
0,86.69,0
0,86.7,0
0,86.7101,0
0,86.7202,0
0,86.7303,0
0,86.7404,0
0,86.7505,0
0,86.7606,0
0,86.7707,0
0,86.781,0
0,86.7912,0
0,86.8013,0
0,86.8114,0
0,86.8216,0
0,86.8317,0
0,86.842,1
0,86.852,1
0,86.864,1
0,86.8741,1
0,86.8842,1
0,86.8943,0
0,86.9044,0
0,86.9145,0
0,86.9246,0
0,86.9365,0
0,86.9466,0
0,86.9568,0
0,86.9669,0
0,86.9771,0
0,86.9872,0
0,86.9973,0
0,87.0073,0
0,87.0174,0
0,87.0275,0
0,87.0376,0
0,87.0478,0
0,87.0579,0
0,87.0679,0
0,87.078,0
0,87.0881,0
0,87.0982,0
0,87.1083,0
0,87.1183,0
0,87.1284,0
0,87.1385,0
0,87.1486,0
0,87.1587,0
0,87.1689,0
0,87.1791,0
0,87.1892,0
0,87.1994,0
0,87.2095,0
0,87.2197,0
0,87.2298,0
0,87.2399,0
0,87.25,0
0,87.2601,0
0,87.2703,0
0,87.2806,0
0,87.3069,0
0,87.3187,0
0,87.3289,0
0,87.339,0
0,87.3502,0
0,87.3624,1
0,87.3725,1
0,87.3826,1
0,87.3928,1
0,87.403,0
0,87.4146,0
0,87.4247,0
0,87.4396,0
0,87.45,0
0,87.4602,0
0,87.4703,0
0,87.4805,0
0,87.4906,0
0,87.5017,0
0,87.5125,0
0,87.5226,0
0,87.5355,0
0,87.5458,0
0,87.5562,0
0,87.5711,0
0,87.5835,0
0,87.5947,0
0,87.6062,0
0,87.6163,0
0,87.6265,0
0,87.6367,0
0,87.647,0
0,87.6571,0
0,87.6673,0
0,87.681,0
0,87.6912,0
0,87.7035,0
0,87.7136,0
0,87.7237,0
0,87.7338,0
0,87.7439,0
0,87.754,0
0,87.7641,0
0,87.7742,0
0,87.7843,0
0,87.7944,0
0,87.8046,0
0,87.8147,0
0,87.8248,0
0,87.8349,0
0,87.845,0
0,87.8554,0
0,87.8655,1
0,87.8756,1
0,87.8857,1
0,87.896,1
0,87.9137,0
0,87.9238,0
0,87.9339,0
0,87.944,0
0,87.9541,0
0,87.9642,0
0,87.9742,0
0,87.9843,0
0,87.9944,0
0,88.0045,0
0,88.0147,0
0,88.0248,0
0,88.035,0
0,88.0451,0
0,88.0552,0
0,88.0653,0
0,88.0754,0
0,88.0855,0
0,88.0957,0
0,88.1058,0
0,88.1181,0
0,88.1284,0
0,88.1385,0
0,88.1563,0
0,88.1693,0
0,88.1805,0
0,88.1906,0
0,88.2007,0
0,88.2136,0
0,88.2269,0
0,88.2414,0
0,88.2522,0
0,88.2624,0
0,88.2725,0
0,88.2828,0
0,88.2929,0
0,88.303,0
0,88.3131,0
0,88.3232,0
0,88.3333,0
0,88.3435,0
0,88.3536,0
0,88.364,0
0,88.3765,1
0,88.3912,1
0,88.4013,1
0,88.4175,1
0,88.4299,1
