,time(sec),state
0,0.1394,0
0,0.1496,0
0,0.1598,1
0,0.1717,1
0,0.1847,1
0,0.1964,0
0,0.2065,0
0,0.2166,0
0,0.2268,0
0,0.2374,0
0,0.2476,0
0,0.2577,0
0,0.2678,0
0,0.278,0
0,0.2884,0
0,0.2986,0
0,0.3087,0
0,0.3189,0
0,0.329,0
0,0.3411,0
0,0.3512,0
0,0.3614,0
0,0.3715,0
0,0.3816,0
0,0.3917,0
0,0.4018,0
0,0.4119,0
0,0.422,0
0,0.4321,0
0,0.4421,0
0,0.4522,0
0,0.4623,0
0,0.4724,0
0,0.4825,0
0,0.4926,0
0,0.5027,0
0,0.5127,0
0,0.5228,0
0,0.5329,0
0,0.543,0
0,0.5531,0
0,0.5631,0
0,0.5732,0
0,0.5833,0
0,0.5934,0
0,0.6035,0
0,0.6136,0
0,0.6237,0
0,0.6337,0
0,0.6438,0
0,0.6539,0
0,0.664,1
0,0.6742,1
0,0.6843,1
0,0.6945,1
0,0.7046,0
0,0.7147,0
0,0.7251,0
0,0.7352,0
0,0.7454,0
0,0.7556,0
0,0.7657,0
0,0.7759,0
0,0.786,0
0,0.7962,0
0,0.8063,0
0,0.8169,0
0,0.827,0
0,0.8371,0
0,0.8473,0
0,0.8574,0
0,0.8675,0
0,0.8776,0
0,0.8877,0
0,0.8979,0
0,0.908,0
0,0.9182,0
0,0.9285,0
0,0.9386,0
0,0.9487,0
0,0.9591,0
0,0.9692,0
0,0.9793,0
0,0.9894,0
0,0.9995,0
0,1.0095,0
0,1.0197,0
0,1.0297,0
0,1.0398,0
0,1.0499,0
0,1.06,0
0,1.0701,0
0,1.0802,0
0,1.0902,0
0,1.1003,0
0,1.1104,0
0,1.1205,0
0,1.1306,0
0,1.1406,0
0,1.1507,0
0,1.1616,0
0,1.1726,1
0,1.1864,1
0,1.1965,1
0,1.2069,1
0,1.217,0
0,1.2271,0
0,1.2372,0
0,1.2473,0
0,1.2575,0
0,1.2676,0
0,1.2777,0
0,1.2878,0
0,1.2979,0
0,1.308,0
0,1.3181,0
0,1.3282,0
0,1.3383,0
0,1.3483,0
0,1.3584,0
0,1.3685,0
0,1.3786,0
0,1.3887,0
0,1.3987,0
0,1.4088,0
0,1.4189,0
0,1.429,0
0,1.4392,0
0,1.4493,0
0,1.4594,0
0,1.4695,0
0,1.4795,0
0,1.4896,0
0,1.4997,0
0,1.5098,0
0,1.5199,0
0,1.53,0
0,1.54,0
0,1.5502,0
0,1.5603,0
0,1.5704,0
0,1.5804,0
0,1.5906,0
0,1.6006,0
0,1.6107,0
0,1.6208,0
0,1.6309,0
0,1.641,0
0,1.6511,0
0,1.6611,0
0,1.6713,1
0,1.6827,1
0,1.6929,1
0,1.7074,0
0,1.7176,0
0,1.7276,0
0,1.7377,0
0,1.7486,0
0,1.7587,0
0,1.7688,0
0,1.779,0
0,1.7891,0
0,1.7992,0
0,1.8093,0
0,1.8194,0
0,1.8295,0
0,1.8396,0
0,1.8496,0
0,1.8597,0
0,1.8698,0
0,1.8799,0
0,1.89,0
0,1.9,0
0,1.9101,0
0,1.9202,0
0,1.9303,0
0,1.9404,0
0,1.9505,0
0,1.9605,0
0,1.9706,0
0,1.9807,0
0,1.9908,0
0,2.0009,0
0,2.011,0
0,2.0211,0
0,2.0312,0
0,2.0413,0
0,2.0513,0
0,2.0614,0
0,2.0715,0
0,2.0816,0
0,2.0917,0
0,2.1018,0
0,2.1119,0
0,2.1239,0
0,2.134,0
0,2.1448,0
0,2.1548,0
0,2.1649,0
0,2.1753,1
0,2.1854,1
0,2.1965,1
0,2.2095,0
0,2.2197,0
0,2.2298,0
0,2.2398,0
0,2.2499,0
0,2.2605,0
0,2.2707,0
0,2.2808,0
0,2.2909,0
0,2.301,0
0,2.3111,0
0,2.3212,0
0,2.3313,0
0,2.3414,0
0,2.3515,0
0,2.3615,0
0,2.3716,0
0,2.3817,0
0,2.3918,0
0,2.4019,0
0,2.412,0
0,2.422,0
0,2.4321,0
0,2.4422,0
0,2.4523,0
0,2.4624,0
0,2.4725,0
0,2.4825,0
0,2.4926,0
0,2.5027,0
0,2.5128,0
0,2.5233,0
0,2.5334,0
0,2.5435,0
0,2.5536,0
0,2.5637,0
0,2.5737,0
0,2.5838,0
0,2.5939,0
0,2.604,0
0,2.6141,0
0,2.6242,0
0,2.6343,0
0,2.6444,0
0,2.6545,0
0,2.6646,0
0,2.6746,0
0,2.6861,1
0,2.6962,1
0,2.7063,1
0,2.7168,1
0,2.7272,0
0,2.7373,0
0,2.7478,0
0,2.7579,0
0,2.768,0
0,2.7781,0
0,2.7883,0
0,2.7985,0
0,2.8086,0
0,2.8188,0
0,2.8289,0
0,2.8391,0
0,2.8492,0
0,2.8593,0
0,2.8694,0
0,2.8794,0
0,2.8895,0
0,2.8996,0
0,2.9097,0
0,2.9198,0
0,2.9298,0
0,2.9399,0
0,2.95,0
0,2.9601,0
0,2.9702,0
0,2.9803,0
0,2.9904,0
0,3.0004,0
0,3.0105,0
0,3.0206,0
0,3.0307,0
0,3.0408,0
0,3.0509,0
0,3.061,0
0,3.0711,0
0,3.0811,0
0,3.0912,0
0,3.1013,0
0,3.1114,0
0,3.1215,0
0,3.1316,0
0,3.1417,0
0,3.1518,0
0,3.1618,0
0,3.1719,0
0,3.1825,1
0,3.193,1
0,3.2048,1
0,3.2163,0
0,3.2266,0
0,3.238,0
0,3.2482,0
0,3.2583,0
0,3.2684,0
0,3.2787,0
0,3.2888,0
0,3.3006,0
0,3.3108,0
0,3.3209,0
0,3.331,0
0,3.341,0
0,3.3511,0
0,3.3612,0
0,3.3713,0
0,3.3814,0
0,3.3915,0
0,3.4015,0
0,3.4116,0
0,3.4217,0
0,3.4318,0
0,3.4419,0
0,3.4519,0
0,3.462,0
0,3.4721,0
0,3.4822,0
0,3.4923,0
0,3.5024,0
0,3.5124,0
0,3.5225,0
0,3.5326,0
0,3.5427,0
0,3.5528,0
0,3.5629,0
0,3.573,0
0,3.583,0
0,3.5931,0
0,3.6032,0
0,3.6133,0
0,3.6234,0
0,3.6335,0
0,3.6436,0
0,3.6537,0
0,3.6637,0
0,3.6738,0
0,3.6839,1
0,3.6941,1
0,3.7097,1
0,3.7202,0
0,3.7327,0
0,3.7428,0
0,3.7546,0
0,3.7646,0
0,3.775,0
0,3.7852,0
0,3.7953,0
0,3.8055,0
0,3.8156,0
0,3.8257,0
0,3.8358,0
0,3.8459,0
0,3.856,0
0,3.8661,0
0,3.8762,0
0,3.8862,0
0,3.8963,0
0,3.9064,0
0,3.9165,0
0,3.9266,0
0,3.9367,0
0,3.9467,0
0,3.9568,0
0,3.9669,0
0,3.977,0
0,3.9871,0
0,3.9971,0
0,4.0072,0
0,4.0173,0
0,4.0274,0
0,4.0375,0
0,4.0475,0
0,4.0576,0
0,4.0677,0
0,4.0778,0
0,4.0879,0
0,4.0979,0
0,4.108,0
0,4.1181,0
0,4.1282,0
0,4.1383,0
0,4.1483,0
0,4.1584,0
0,4.1685,0
0,4.1786,0
0,4.1932,1
0,4.2039,1
0,4.2139,1
0,4.2245,1
0,4.2371,0
0,4.2476,0
0,4.258,0
0,4.2681,0
0,4.2784,0
0,4.2885,0
0,4.2986,0
0,4.3087,0
0,4.3207,0
0,4.3309,0
0,4.341,0
0,4.3511,0
0,4.3612,0
0,4.3713,0
0,4.3813,0
0,4.3914,0
0,4.4015,0
0,4.4115,0
0,4.4216,0
0,4.4317,0
0,4.4418,0
0,4.4518,0
0,4.4619,0
0,4.472,0
0,4.4821,0
0,4.4922,0
0,4.5023,0
0,4.5123,0
0,4.5224,0
0,4.5325,0
0,4.5435,0
0,4.5536,0
0,4.5636,0
0,4.5737,0
0,4.5838,0
0,4.5939,0
0,4.6039,0
0,4.614,0
0,4.6241,0
0,4.6342,0
0,4.6446,0
0,4.6546,0
0,4.6647,0
0,4.6748,0
0,4.6849,0
0,4.6952,1
0,4.7054,1
0,4.7158,1
0,4.7259,0
0,4.736,0
0,4.7461,0
0,4.7578,0
0,4.768,0
0,4.7781,0
0,4.7912,0
0,4.8018,0
0,4.812,0
0,4.8222,0
0,4.8323,0
0,4.8424,0
0,4.8525,0
0,4.8626,0
0,4.8727,0
0,4.8828,0
0,4.8928,0
0,4.9029,0
0,4.913,0
0,4.9231,0
0,4.9332,0
0,4.9433,0
0,4.9534,0
0,4.9635,0
0,4.9735,0
0,4.9836,0
0,4.9937,0
0,5.0038,0
0,5.0139,0
0,5.024,0
0,5.034,0
0,5.0441,0
0,5.0543,0
0,5.0643,0
0,5.0744,0
0,5.0845,0
0,5.0946,0
0,5.1047,0
0,5.1148,0
0,5.1248,0
0,5.1349,0
0,5.145,0
0,5.1551,0
0,5.1652,0
0,5.1753,0
0,5.1853,0
0,5.1955,1
0,5.206,1
0,5.2161,1
0,5.2263,0
0,5.2364,0
0,5.2465,0
0,5.2567,0
0,5.2668,0
0,5.279,0
0,5.2893,0
0,5.2994,0
0,5.3095,0
0,5.3196,0
0,5.3297,0
0,5.3398,0
0,5.3499,0
0,5.36,0
0,5.3701,0
0,5.3802,0
0,5.3903,0
0,5.4004,0
0,5.4105,0
0,5.4205,0
0,5.4306,0
0,5.4407,0
0,5.4508,0
0,5.4609,0
0,5.471,0
0,5.481,0
0,5.4911,0
0,5.5012,0
0,5.5113,0
0,5.5214,0
0,5.5314,0
0,5.5415,0
0,5.5516,0
0,5.5617,0
0,5.5718,0
0,5.5819,0
0,5.5919,0
0,5.602,0
0,5.6121,0
0,5.6222,0
0,5.6323,0
0,5.6424,0
0,5.6525,0
0,5.6626,0
0,5.6726,0
0,5.6827,0
0,5.6932,0
0,5.7039,1
0,5.7141,1
0,5.7276,1
0,5.7381,0
0,5.7482,0
0,5.7628,0
0,5.773,0
0,5.7831,0
0,5.7932,0
0,5.8033,0
0,5.8134,0
0,5.8235,0
0,5.8336,0
0,5.8437,0
0,5.8538,0
0,5.8639,0
0,5.874,0
0,5.884,0
0,5.8941,0
0,5.9042,0
0,5.9143,0
0,5.9244,0
0,5.9344,0
0,5.9445,0
0,5.9546,0
0,5.9647,0
0,5.9748,0
0,5.9848,0
0,5.9949,0
0,6.005,0
0,6.0151,0
0,6.0252,0
0,6.0352,0
0,6.0453,0
0,6.0554,0
0,6.0655,0
0,6.0756,0
0,6.0857,0
0,6.0957,0
0,6.1058,0
0,6.1159,0
0,6.126,0
0,6.1361,0
0,6.1462,0
0,6.1563,0
0,6.1663,0
0,6.1764,0
0,6.1865,0
0,6.1966,0
0,6.2067,1
0,6.2172,1
0,6.2273,1
0,6.2374,0
0,6.2475,0
0,6.2576,0
0,6.2677,0
0,6.2778,0
0,6.2879,0
0,6.298,0
0,6.3081,0
0,6.3183,0
0,6.3284,0
0,6.3385,0
0,6.3486,0
0,6.3587,0
0,6.3687,0
0,6.3788,0
0,6.3889,0
0,6.399,0
0,6.4091,0
0,6.4191,0
0,6.4292,0
0,6.4393,0
0,6.4494,0
0,6.4595,0
0,6.4695,0
0,6.4798,0
0,6.4899,0
0,6.4999,0
0,6.51,0
0,6.5201,0
0,6.5302,0
0,6.5403,0
0,6.5504,0
0,6.5605,0
0,6.5705,0
0,6.5806,0
0,6.5907,0
0,6.6008,0
0,6.6109,0
0,6.621,0
0,6.631,0
0,6.6411,0
0,6.6512,0
0,6.6613,0
0,6.6714,0
0,6.6815,0
0,6.6916,0
0,6.7017,0
0,6.7118,1
0,6.7223,1
0,6.7326,1
0,6.7441,0
0,6.7542,0
0,6.7646,0
0,6.7747,0
0,6.7852,0
0,6.7954,0
0,6.8055,0
0,6.8156,0
0,6.8257,0
0,6.8358,0
0,6.8459,0
0,6.856,0
0,6.8661,0
0,6.8762,0
0,6.8863,0
0,6.8964,0
0,6.9064,0
0,6.9165,0
0,6.9266,0
0,6.9367,0
0,6.9468,0
0,6.9569,0
0,6.967,0
0,6.9771,0
0,6.9872,0
0,6.9973,0
0,7.0074,0
0,7.0175,0
0,7.0276,0
0,7.0377,0
0,7.0478,0
0,7.0579,0
0,7.068,0
0,7.0781,0
0,7.0882,0
0,7.0982,0
0,7.1083,0
0,7.1184,0
0,7.1285,0
0,7.1386,0
0,7.1487,0
0,7.1588,0
0,7.1689,0
0,7.179,0
0,7.1891,0
0,7.1992,0
0,7.2101,1
0,7.2202,1
0,7.2311,1
0,7.2412,1
0,7.2517,1
0,7.2654,0
0,7.2766,0
0,7.2867,0
0,7.2968,0
0,7.307,0
0,7.3171,0
0,7.3273,0
0,7.3374,0
0,7.3475,0
0,7.3576,0
0,7.3677,0
0,7.3778,0
0,7.3879,0
0,7.398,0
0,7.408,0
0,7.4181,0
0,7.4282,0
0,7.4383,0
0,7.4489,0
0,7.4589,0
0,7.469,0
0,7.4791,0
0,7.4892,0
0,7.4993,0
0,7.5094,0
0,7.5194,0
0,7.5295,0
0,7.5396,0
0,7.5497,0
0,7.5598,0
0,7.5699,0
0,7.58,0
0,7.5901,0
0,7.6002,0
0,7.6103,0
0,7.6203,0
0,7.6304,0
0,7.6405,0
0,7.6506,0
0,7.6607,0
0,7.6707,0
0,7.6808,0
0,7.6909,0
0,7.701,0
0,7.7111,0
0,7.7218,1
0,7.7319,1
0,7.7479,0
0,7.758,0
0,7.7684,0
0,7.7785,0
0,7.7913,0
0,7.8015,0
0,7.8117,0
0,7.8218,0
0,7.8319,0
0,7.842,0
0,7.8521,0
0,7.8622,0
0,7.8723,0
0,7.8824,0
0,7.8925,0
0,7.9026,0
0,7.9127,0
0,7.9228,0
0,7.9328,0
0,7.9429,0
0,7.953,0
0,7.9631,0
0,7.9732,0
0,7.9832,0
0,7.9933,0
0,8.0034,0
0,8.0135,0
0,8.0236,0
0,8.0337,0
0,8.0437,0
0,8.0538,0
0,8.0639,0
0,8.074,0
0,8.0841,0
0,8.0942,0
0,8.1043,0
0,8.1143,0
0,8.1244,0
0,8.1345,0
0,8.1446,0
0,8.1546,0
0,8.1647,0
0,8.1748,0
0,8.1849,0
0,8.195,0
0,8.205,0
0,8.2151,0
0,8.2281,1
0,8.2386,1
0,8.2487,1
0,8.2588,0
0,8.2705,0
0,8.2806,0
0,8.2907,0
0,8.3009,0
0,8.311,0
0,8.3213,0
0,8.3318,0
0,8.3419,0
0,8.3521,0
0,8.3621,0
0,8.3722,0
0,8.3823,0
0,8.3924,0
0,8.4025,0
0,8.4126,0
0,8.4226,0
0,8.4327,0
0,8.4428,0
0,8.4529,0
0,8.463,0
0,8.473,0
0,8.4831,0
0,8.4932,0
0,8.5033,0
0,8.5134,0
0,8.5234,0
0,8.5335,0
0,8.5436,0
0,8.5537,0
0,8.5638,0
0,8.5739,0
0,8.5839,0
0,8.594,0
0,8.6041,0
0,8.6142,0
0,8.6243,0
0,8.6343,0
0,8.6444,0
0,8.6545,0
0,8.6646,0
0,8.6747,0
0,8.6848,0
0,8.6948,0
0,8.7049,0
0,8.715,0
0,8.7252,1
0,8.7368,1
0,8.7477,1
0,8.758,0
0,8.7727,0
0,8.784,0
0,8.794,0
0,8.8048,0
0,8.8149,0
0,8.825,0
0,8.8352,0
0,8.8454,0
0,8.8555,0
0,8.8656,0
0,8.8757,0
0,8.8857,0
0,8.8958,0
0,8.9059,0
0,8.916,0
0,8.9261,0
0,8.9361,0
0,8.9462,0
0,8.9563,0
0,8.9664,0
0,8.9765,0
0,8.9865,0
0,8.9966,0
0,9.0067,0
0,9.0168,0
0,9.0269,0
0,9.0369,0
0,9.047,0
0,9.0571,0
0,9.0672,0
0,9.0773,0
0,9.0874,0
0,9.0974,0
0,9.1075,0
0,9.1176,0
0,9.1277,0
0,9.1377,0
0,9.1478,0
0,9.1579,0
0,9.168,0
0,9.1781,0
0,9.1882,0
0,9.1982,0
0,9.2083,0
0,9.2184,0
0,9.2286,1
0,9.2387,1
0,9.2489,1
0,9.2591,1
0,9.2692,0
0,9.2808,0
0,9.2909,0
0,9.301,0
0,9.3112,0
0,9.3214,0
0,9.333,0
0,9.3432,0
0,9.3533,0
0,9.3643,0
0,9.3744,0
0,9.3845,0
0,9.3946,0
0,9.4047,0
0,9.4148,0
0,9.4248,0
0,9.4349,0
0,9.445,0
0,9.4551,0
0,9.4652,0
0,9.4752,0
0,9.4853,0
0,9.4954,0
0,9.5055,0
0,9.5156,0
0,9.5256,0
0,9.5357,0
0,9.5458,0
0,9.5559,0
0,9.566,0
0,9.5761,0
0,9.5861,0
0,9.5962,0
0,9.6063,0
0,9.6164,0
0,9.6265,0
0,9.6366,0
0,9.6466,0
0,9.6567,0
0,9.6668,0
0,9.6769,0
0,9.687,0
0,9.6971,0
0,9.7071,0
0,9.7172,0
0,9.7274,0
0,9.7408,1
0,9.7509,1
0,9.7609,1
0,9.7744,0
0,9.7845,0
0,9.7946,0
0,9.8049,0
0,9.815,0
0,9.8251,0
0,9.8354,0
0,9.8457,0
0,9.8558,0
0,9.866,0
0,9.8761,0
0,9.8862,0
0,9.8962,0
0,9.9063,0
0,9.9164,0
0,9.9265,0
0,9.9366,0
0,9.9466,0
0,9.9567,0
0,9.9668,0
0,9.9769,0
0,9.987,0
0,9.997,0
0,10.0071,0
0,10.0172,0
0,10.0273,0
0,10.0374,0
0,10.0474,0
0,10.0575,0
0,10.0676,0
0,10.0777,0
0,10.0878,0
0,10.0978,0
0,10.108,0
0,10.118,0
0,10.1281,0
0,10.1382,0
0,10.1483,0
0,10.1584,0
0,10.1684,0
0,10.1785,0
0,10.1886,0
0,10.1987,0
0,10.2088,0
0,10.2188,0
0,10.2289,0
0,10.2395,1
0,10.2496,1
0,10.2601,1
0,10.2734,0
0,10.2836,0
0,10.2937,0
0,10.3038,0
0,10.3139,0
0,10.3252,0
0,10.3361,0
0,10.3462,0
0,10.3564,0
0,10.3665,0
0,10.3767,0
0,10.3874,0
0,10.3975,0
0,10.4076,0
0,10.4177,0
0,10.4277,0
0,10.4378,0
0,10.448,0
0,10.458,0
0,10.4681,0
0,10.4782,0
0,10.4883,0
0,10.4984,0
0,10.5084,0
0,10.5185,0
0,10.5286,0
0,10.5387,0
0,10.5488,0
0,10.5588,0
0,10.5689,0
0,10.579,0
0,10.5891,0
0,10.5992,0
0,10.6092,0
0,10.6193,0
0,10.6294,0
0,10.6395,0
0,10.6496,0
0,10.6597,0
0,10.6698,0
0,10.6798,0
0,10.6899,0
0,10.7,0
0,10.7101,0
0,10.7201,0
0,10.7302,0
0,10.7403,1
0,10.7518,1
0,10.7628,1
0,10.7764,0
0,10.7865,0
0,10.7966,0
0,10.8067,0
0,10.8183,0
0,10.8285,0
0,10.8386,0
0,10.8488,0
0,10.8589,0
0,10.8691,0
0,10.8792,0
0,10.8892,0
0,10.8993,0
0,10.9094,0
0,10.9195,0
0,10.9296,0
0,10.9396,0
0,10.9497,0
0,10.9598,0
0,10.9699,0
0,10.98,0
0,10.99,0
0,11.0001,0
0,11.0102,0
0,11.0203,0
0,11.0304,0
0,11.0404,0
0,11.0505,0
0,11.0606,0
0,11.0707,0
0,11.0808,0
0,11.0909,0
0,11.101,0
0,11.111,0
0,11.1211,0
0,11.1312,0
0,11.1413,0
0,11.1513,0
0,11.1614,0
0,11.1715,0
0,11.1816,0
0,11.1917,0
0,11.2018,0
0,11.2118,0
0,11.2219,0
0,11.232,0
0,11.2422,1
0,11.2541,1
0,11.2642,1
0,11.2743,0
0,11.2844,0
0,11.2945,0
0,11.3067,0
0,11.3168,0
0,11.3271,0
0,11.3372,0
0,11.3473,0
0,11.3577,0
0,11.3678,0
0,11.3786,0
0,11.3887,0
0,11.3988,0
0,11.4089,0
0,11.419,0
0,11.429,0
0,11.4391,0
0,11.4492,0
0,11.4593,0
0,11.4694,0
0,11.4794,0
0,11.4895,0
0,11.4996,0
0,11.5097,0
0,11.5198,0
0,11.5298,0
0,11.5399,0
0,11.55,0
0,11.5601,0
0,11.5702,0
0,11.5803,0
0,11.5903,0
0,11.6004,0
0,11.6105,0
0,11.6206,0
0,11.6307,0
0,11.6408,0
0,11.6508,0
0,11.6609,0
0,11.671,0
0,11.6811,0
0,11.6912,0
0,11.7013,0
0,11.7113,0
0,11.7214,0
0,11.7315,0
0,11.7416,0
0,11.7517,1
0,11.7647,1
0,11.7761,0
0,11.7864,0
0,11.7967,0
0,11.8068,0
0,11.8169,0
0,11.8272,0
0,11.8404,0
0,11.8505,0
0,11.8607,0
0,11.8708,0
0,11.881,0
0,11.8911,0
0,11.9012,0
0,11.9113,0
0,11.9214,0
0,11.9315,0
0,11.9415,0
0,11.9516,0
0,11.9617,0
0,11.9718,0
0,11.9819,0
0,11.9919,0
0,12.002,0
0,12.0121,0
0,12.0222,0
0,12.0323,0
0,12.0424,0
0,12.0524,0
0,12.0625,0
0,12.0726,0
0,12.0827,0
0,12.0928,0
0,12.1028,0
0,12.1129,0
0,12.123,0
0,12.1331,0
0,12.1432,0
0,12.1533,0
0,12.1633,0
0,12.1734,0
0,12.1835,0
0,12.1936,0
0,12.2037,0
0,12.2137,0
0,12.2238,0
0,12.2339,0
0,12.244,0
0,12.2541,1
0,12.269,1
0,12.2804,1
0,12.2905,1
0,12.3007,1
0,12.3193,0
0,12.3294,0
0,12.3395,0
0,12.3496,0
0,12.3599,0
0,12.3699,0
0,12.38,0
0,12.3901,0
0,12.4002,0
0,12.4104,0
0,12.4205,0
0,12.4306,0
0,12.4407,0
0,12.4508,0
0,12.4608,0
0,12.4709,0
0,12.481,0
0,12.4911,0
0,12.5012,0
0,12.5112,0
0,12.5213,0
0,12.5314,0
0,12.5415,0
0,12.5516,0
0,12.5616,0
0,12.5717,0
0,12.5818,0
0,12.5919,0
0,12.6019,0
0,12.612,0
0,12.6221,0
0,12.6322,0
0,12.6423,0
0,12.6524,0
0,12.6625,0
0,12.6725,0
0,12.6826,0
0,12.6927,0
0,12.7028,0
0,12.7129,0
0,12.723,0
0,12.733,0
0,12.7431,0
0,12.7569,1
0,12.7681,1
0,12.7782,1
0,12.79,0
0,12.8001,0
0,12.8102,0
0,12.8243,0
0,12.8355,0
0,12.8457,0
0,12.8558,0
0,12.8665,0
0,12.8766,0
0,12.8867,0
0,12.8968,0
0,12.907,0
0,12.9171,0
0,12.9271,0
0,12.9372,0
0,12.9473,0
0,12.9574,0
0,12.9675,0
0,12.9775,0
0,12.9876,0
0,12.9977,0
0,13.0078,0
0,13.0179,0
0,13.0279,0
0,13.038,0
0,13.0481,0
0,13.0582,0
0,13.0683,0
0,13.0784,0
0,13.0884,0
0,13.0985,0
0,13.1086,0
0,13.1187,0
0,13.1288,0
0,13.1388,0
0,13.1489,0
0,13.1591,0
0,13.1692,0
0,13.1793,0
0,13.1894,0
0,13.1995,0
0,13.2095,0
0,13.2196,0
0,13.2297,0
0,13.2398,0
0,13.2499,0
0,13.26,1
0,13.2712,1
0,13.2814,1
0,13.2942,0
0,13.3043,0
0,13.3144,0
0,13.3245,0
0,13.3346,0
0,13.3447,0
0,13.3548,0
0,13.3649,0
0,13.375,0
0,13.3851,0
0,13.3953,0
0,13.4054,0
0,13.4157,0
0,13.4258,0
0,13.4358,0
0,13.4459,0
0,13.456,0
0,13.4661,0
0,13.4761,0
0,13.4862,0
0,13.4963,0
0,13.5064,0
0,13.5165,0
0,13.5266,0
0,13.5366,0
0,13.5467,0
0,13.5568,0
0,13.5669,0
0,13.577,0
0,13.587,0
0,13.5971,0
0,13.6072,0
0,13.6173,0
0,13.6274,0
0,13.6374,0
0,13.6475,0
0,13.6576,0
0,13.6677,0
0,13.6778,0
0,13.6878,0
0,13.6979,0
0,13.708,0
0,13.7181,0
0,13.7282,0
0,13.7382,0
0,13.7483,0
0,13.7606,1
0,13.772,1
0,13.7828,1
0,13.7981,0
0,13.8082,0
0,13.8183,0
0,13.8285,0
0,13.8386,0
0,13.8493,0
0,13.8608,0
0,13.8711,0
0,13.8813,0
0,13.8914,0
0,13.9015,0
0,13.9118,0
0,13.9219,0
0,13.932,0
0,13.942,0
0,13.9521,0
0,13.9622,0
0,13.9723,0
0,13.9823,0
0,13.9924,0
0,14.0025,0
0,14.0126,0
0,14.0227,0
0,14.0328,0
0,14.0429,0
0,14.0531,0
0,14.0632,0
0,14.0733,0
0,14.0835,0
0,14.0937,0
0,14.1039,0
0,14.114,0
0,14.1241,0
0,14.1342,0
0,14.1443,0
0,14.1544,0
0,14.1646,0
0,14.1747,0
0,14.1848,0
0,14.1949,0
0,14.2053,0
0,14.2154,0
0,14.2255,0
0,14.2357,0
0,14.2484,0
0,14.2586,0
0,14.2704,1
0,14.2846,1
0,14.2947,1
0,14.309,1
0,14.3191,0
0,14.3315,0
0,14.3429,0
0,14.3542,0
0,14.3643,0
0,14.3744,0
0,14.3856,0
0,14.3957,0
0,14.4083,0
0,14.4189,0
0,14.429,0
0,14.4393,0
0,14.4516,0
0,14.4619,0
0,14.472,0
0,14.4821,0
0,14.4924,0
0,14.5059,0
0,14.516,0
0,14.527,0
0,14.5371,0
0,14.5494,0
0,14.5595,0
0,14.5697,0
0,14.5798,0
0,14.5915,0
0,14.6021,0
0,14.6157,0
0,14.635,0
0,14.6468,0
0,14.6583,0
0,14.6685,0
0,14.6786,0
0,14.6888,0
0,14.6989,0
0,14.709,0
0,14.7191,0
0,14.7292,0
0,14.7393,0
0,14.7495,0
0,14.7597,0
0,14.7698,0
0,14.7806,1
0,14.7911,1
0,14.8066,1
0,14.819,1
0,14.8293,0
0,14.8459,0
0,14.856,0
0,14.8662,0
0,14.8774,0
0,14.8875,0
0,14.8976,0
0,14.9077,0
0,14.9178,0
0,14.9279,0
0,14.938,0
0,14.9481,0
0,14.9582,0
0,14.9683,0
0,14.9785,0
0,14.9886,0
0,14.9987,0
0,15.0088,0
0,15.0189,0
0,15.029,0
0,15.0391,0
0,15.0492,0
0,15.0593,0
0,15.0694,0
0,15.0796,0
0,15.0899,0
0,15.1011,0
0,15.1114,0
0,15.1215,0
0,15.1316,0
0,15.1418,0
0,15.1521,0
0,15.1622,0
0,15.1724,0
0,15.1825,0
0,15.1926,0
0,15.2027,0
0,15.2138,0
0,15.2239,0
0,15.2341,0
0,15.2442,0
0,15.2543,0
0,15.2644,0
0,15.2747,0
0,15.285,1
0,15.2952,1
0,15.3052,1
0,15.3153,1
0,15.3257,1
0,15.3359,0
0,15.3486,0
0,15.3587,0
0,15.3689,0
0,15.379,0
0,15.3892,0
0,15.3993,0
0,15.4094,0
0,15.4265,0
0,15.4372,0
0,15.4473,0
0,15.4574,0
0,15.4675,0
0,15.4776,0
0,15.4877,0
0,15.4978,0
0,15.5079,0
0,15.5181,0
0,15.5282,0
0,15.5383,0
0,15.5484,0
0,15.5585,0
0,15.5686,0
0,15.5788,0
0,15.5888,0
0,15.599,0
0,15.6091,0
0,15.6202,0
0,15.6303,0
0,15.6404,0
0,15.6505,0
0,15.6606,0
0,15.6707,0
0,15.6808,0
0,15.6909,0
0,15.701,0
0,15.7113,0
0,15.7214,0
0,15.7315,0
0,15.7416,0
0,15.7517,0
0,15.7618,0
0,15.7719,0
0,15.7825,0
0,15.7942,1
0,15.8047,1
0,15.8148,1
0,15.8288,1
0,15.8446,0
0,15.8566,0
0,15.8667,0
0,15.8769,0
0,15.8871,0
0,15.8973,0
0,15.9075,0
0,15.9176,0
0,15.9277,0
0,15.9378,0
0,15.948,0
0,15.9581,0
0,15.9681,0
0,15.9782,0
0,15.9883,0
0,15.9984,0
0,16.0085,0
0,16.0186,0
0,16.0286,0
0,16.0387,0
0,16.0488,0
0,16.0589,0
0,16.069,0
0,16.079,0
0,16.0891,0
0,16.0992,0
0,16.1093,0
0,16.1194,0
0,16.1294,0
0,16.1395,0
0,16.1496,0
0,16.1597,0
0,16.1697,0
0,16.1798,0
0,16.1899,0
0,16.2,0
0,16.2101,0
0,16.2201,0
0,16.2302,0
0,16.2403,0
0,16.2504,0
0,16.2605,0
0,16.2705,0
0,16.2807,0
0,16.2908,1
0,16.3016,1
0,16.3128,1
0,16.323,0
0,16.3331,0
0,16.3432,0
0,16.3533,0
0,16.3635,0
0,16.3737,0
0,16.384,0
0,16.3942,0
0,16.4043,0
0,16.4145,0
0,16.4246,0
0,16.4347,0
0,16.4448,0
0,16.4549,0
0,16.465,0
0,16.4751,0
0,16.4851,0
0,16.4952,0
0,16.5053,0
0,16.5154,0
0,16.5255,0
0,16.5355,0
0,16.5456,0
0,16.5557,0
0,16.5658,0
0,16.5759,0
0,16.5859,0
0,16.596,0
0,16.6061,0
0,16.6162,0
0,16.6262,0
0,16.6363,0
0,16.6464,0
0,16.6565,0
0,16.6666,0
0,16.6766,0
0,16.6867,0
0,16.6968,0
0,16.7069,0
0,16.717,0
0,16.7271,0
0,16.7371,0
0,16.7472,0
0,16.7573,0
0,16.7674,0
0,16.7775,0
0,16.7875,0
0,16.7994,1
0,16.8096,1
0,16.8197,1
0,16.8331,1
0,16.845,0
0,16.8551,0
0,16.8652,0
0,16.8754,0
0,16.8868,0
0,16.897,0
0,16.9071,0
0,16.9172,0
0,16.9284,0
0,16.9387,0
0,16.9488,0
0,16.9589,0
0,16.969,0
0,16.9793,0
0,16.9894,0
0,16.9995,0
0,17.0096,0
0,17.0197,0
0,17.0297,0
0,17.0398,0
0,17.0499,0
0,17.06,0
0,17.0701,0
0,17.0801,0
0,17.0902,0
0,17.1003,0
0,17.1104,0
0,17.1205,0
0,17.1305,0
0,17.1406,0
0,17.1507,0
0,17.1608,0
0,17.1709,0
0,17.1809,0
0,17.191,0
0,17.2011,0
0,17.2112,0
0,17.2213,0
0,17.2314,0
0,17.2414,0
0,17.2515,0
0,17.2616,0
0,17.2717,0
0,17.2818,0
0,17.2919,0
0,17.3045,1
0,17.3206,1
0,17.3307,0
0,17.3408,0
0,17.3508,0
0,17.3609,0
0,17.3714,0
0,17.3815,0
0,17.3923,0
0,17.4024,0
0,17.4126,0
0,17.4227,0
0,17.4329,0
0,17.443,0
0,17.4531,0
0,17.4632,0
0,17.4733,0
0,17.4834,0
0,17.4934,0
0,17.5035,0
0,17.5136,0
0,17.5237,0
0,17.5338,0
0,17.544,0
0,17.5541,0
0,17.5641,0
0,17.5742,0
0,17.5843,0
0,17.5944,0
0,17.6045,0
0,17.6145,0
0,17.6246,0
0,17.6347,0
0,17.6448,0
0,17.6549,0
0,17.6649,0
0,17.675,0
0,17.6851,0
0,17.6952,0
0,17.7053,0
0,17.7154,0
0,17.7254,0
0,17.7355,0
0,17.7456,0
0,17.7557,0
0,17.7658,0
0,17.7758,0
0,17.7859,0
0,17.796,0
0,17.8062,1
0,17.8171,1
0,17.8278,1
0,17.84,0
0,17.8516,0
0,17.8628,0
0,17.8729,0
0,17.883,0
0,17.894,0
0,17.9041,0
0,17.9142,0
0,17.9244,0
0,17.9345,0
0,17.9447,0
0,17.9548,0
0,17.9649,0
0,17.975,0
0,17.985,0
0,17.9951,0
0,18.0052,0
0,18.0153,0
0,18.0254,0
0,18.0354,0
0,18.0455,0
0,18.0556,0
0,18.0657,0
0,18.0758,0
0,18.0858,0
0,18.0959,0
0,18.106,0
0,18.1161,0
0,18.1262,0
0,18.1363,0
0,18.1463,0
0,18.1564,0
0,18.1665,0
0,18.1766,0
0,18.1867,0
0,18.1967,0
0,18.2068,0
0,18.2169,0
0,18.227,0
0,18.2371,0
0,18.2472,0
0,18.2572,0
0,18.2673,0
0,18.2774,0
0,18.2875,0
0,18.2976,0
0,18.3077,1
0,18.3196,1
0,18.3313,1
0,18.3415,0
0,18.3516,0
0,18.3617,0
0,18.3718,0
0,18.3819,0
0,18.3921,0
0,18.4023,0
0,18.4124,0
0,18.4225,0
0,18.4326,0
0,18.4435,0
0,18.4536,0
0,18.4636,0
0,18.4737,0
0,18.4838,0
0,18.4939,0
0,18.504,0
0,18.5141,0
0,18.5242,0
0,18.5342,0
0,18.5443,0
0,18.5544,0
0,18.5645,0
0,18.5746,0
0,18.5846,0
0,18.5947,0
0,18.6048,0
0,18.6149,0
0,18.625,0
0,18.635,0
0,18.6451,0
0,18.6552,0
0,18.6653,0
0,18.6754,0
0,18.6855,0
0,18.6955,0
0,18.7056,0
0,18.7158,0
0,18.7258,0
0,18.7359,0
0,18.746,0
0,18.7561,0
0,18.7662,0
0,18.7762,0
0,18.7863,0
0,18.7964,0
0,18.8065,1
0,18.8167,1
0,18.8268,1
0,18.8402,0
0,18.8527,0
0,18.8628,0
0,18.8729,0
0,18.8835,0
0,18.8937,0
0,18.9038,0
0,18.9139,0
0,18.924,0
0,18.9341,0
0,18.9442,0
0,18.9543,0
0,18.9644,0
0,18.9746,0
0,18.9846,0
0,18.9947,0
0,19.0048,0
0,19.0149,0
0,19.025,0
0,19.0351,0
0,19.046,0
0,19.0561,0
0,19.0661,0
0,19.0762,0
0,19.0863,0
0,19.0964,0
0,19.1065,0
0,19.1165,0
0,19.1266,0
0,19.1367,0
0,19.1468,0
0,19.1569,0
0,19.1669,0
0,19.177,0
0,19.1871,0
0,19.1972,0
0,19.2073,0
0,19.2174,0
0,19.2274,0
0,19.2376,0
0,19.2477,0
0,19.2578,0
0,19.2679,0
0,19.278,0
0,19.2881,0
0,19.2982,0
0,19.3107,1
0,19.3209,1
0,19.3325,1
0,19.3426,0
0,19.3527,0
0,19.3628,0
0,19.3729,0
0,19.383,0
0,19.3932,0
0,19.4036,0
0,19.4138,0
0,19.4246,0
0,19.4347,0
0,19.4458,0
0,19.4559,0
0,19.466,0
0,19.4761,0
0,19.4862,0
0,19.4962,0
0,19.5063,0
0,19.5164,0
0,19.5265,0
0,19.5366,0
0,19.5466,0
0,19.5567,0
0,19.5668,0
0,19.5769,0
0,19.587,0
0,19.5971,0
0,19.6071,0
0,19.6172,0
0,19.6273,0
0,19.6374,0
0,19.6475,0
0,19.6575,0
0,19.6676,0
0,19.6777,0
0,19.6878,0
0,19.6979,0
0,19.7079,0
0,19.718,0
0,19.7281,0
0,19.7382,0
0,19.7483,0
0,19.7584,0
0,19.7684,0
0,19.7785,0
0,19.7886,0
0,19.7987,0
0,19.8127,1
0,19.8228,1
0,19.8329,1
0,19.8436,0
0,19.8616,0
0,19.8717,0
0,19.8818,0
0,19.892,0
0,19.9036,0
0,19.9139,0
0,19.9246,0
0,19.9347,0
0,19.9448,0
0,19.9549,0
0,19.965,0
0,19.9751,0
0,19.9853,0
0,19.9954,0
0,20.0055,0
0,20.0156,0
0,20.0256,0
0,20.0357,0
0,20.0458,0
0,20.0559,0
0,20.066,0
0,20.0761,0
0,20.0861,0
0,20.0962,0
0,20.1063,0
0,20.1164,0
0,20.1265,0
0,20.1366,0
0,20.1466,0
0,20.1567,0
0,20.1668,0
0,20.1769,0
0,20.187,0
0,20.197,0
0,20.2071,0
0,20.2172,0
0,20.2273,0
0,20.2374,0
0,20.2474,0
0,20.2577,0
0,20.2678,0
0,20.2779,0
0,20.288,0
0,20.298,0
0,20.3081,0
0,20.3204,1
0,20.3306,1
0,20.3419,1
0,20.3538,0
0,20.3642,0
0,20.3743,0
0,20.3844,0
0,20.3945,0
0,20.4046,0
0,20.4148,0
0,20.4249,0
0,20.4352,0
0,20.4454,0
0,20.4629,0
0,20.473,0
0,20.4832,0
0,20.4933,0
0,20.5035,0
0,20.5138,0
0,20.5239,0
0,20.5339,0
0,20.544,0
0,20.5541,0
0,20.5642,0
0,20.5743,0
0,20.5843,0
0,20.5944,0
0,20.6045,0
0,20.6146,0
0,20.6247,0
0,20.6347,0
0,20.6448,0
0,20.6556,0
0,20.6656,0
0,20.6757,0
0,20.6858,0
0,20.6959,0
0,20.706,0
0,20.7161,0
0,20.7261,0
0,20.7362,0
0,20.7463,0
0,20.7564,0
0,20.7665,0
0,20.7766,0
0,20.7867,0
0,20.7967,0
0,20.8068,0
0,20.8206,1
0,20.8307,1
0,20.8408,1
0,20.8509,1
0,20.8667,0
0,20.8768,0
0,20.8869,0
0,20.8971,0
0,20.9072,0
0,20.9173,0
0,20.9275,0
0,20.9376,0
0,20.9477,0
0,20.9578,0
0,20.9679,0
0,20.978,0
0,20.9881,0
0,20.9982,0
0,21.0083,0
0,21.0184,0
0,21.0285,0
0,21.0386,0
0,21.0487,0
0,21.0588,0
0,21.0689,0
0,21.0789,0
0,21.089,0
0,21.0991,0
0,21.1092,0
0,21.1193,0
0,21.1293,0
0,21.1394,0
0,21.1495,0
0,21.1596,0
0,21.1697,0
0,21.1798,0
0,21.1898,0
0,21.1999,0
0,21.21,0
0,21.2201,0
0,21.2302,0
0,21.2402,0
0,21.2503,0
0,21.2604,0
0,21.2705,0
0,21.2806,0
0,21.2906,0
0,21.3007,0
0,21.3108,0
0,21.321,1
0,21.3324,1
0,21.3425,1
0,21.3532,1
0,21.3667,0
0,21.3768,0
0,21.3869,0
0,21.397,0
0,21.4071,0
0,21.4172,0
0,21.4274,0
0,21.4375,0
0,21.4477,0
0,21.4581,0
0,21.4682,0
0,21.4783,0
0,21.4883,0
0,21.4984,0
0,21.5086,0
0,21.5187,0
0,21.5288,0
0,21.5389,0
0,21.5489,0
0,21.559,0
0,21.5691,0
0,21.5792,0
0,21.5893,0
0,21.5993,0
0,21.6094,0
0,21.6195,0
0,21.6296,0
0,21.6397,0
0,21.6498,0
0,21.6598,0
0,21.6699,0
0,21.68,0
0,21.6901,0
0,21.7002,0
0,21.7103,0
0,21.7204,0
0,21.7304,0
0,21.7405,0
0,21.7506,0
0,21.7607,0
0,21.7708,0
0,21.7809,0
0,21.7909,0
0,21.801,0
0,21.8111,0
0,21.8245,1
0,21.8352,1
0,21.8453,1
0,21.861,1
0,21.8727,0
0,21.8829,0
0,21.893,0
0,21.9031,0
0,21.9132,0
0,21.9234,0
0,21.9335,0
0,21.9436,0
0,21.9537,0
0,21.9638,0
0,21.9739,0
0,21.984,0
0,21.994,0
0,22.0041,0
0,22.0142,0
0,22.0244,0
0,22.0344,0
0,22.0447,0
0,22.0547,0
0,22.0648,0
0,22.0749,0
0,22.085,0
0,22.0951,0
0,22.1052,0
0,22.1152,0
0,22.1253,0
0,22.1354,0
0,22.1455,0
0,22.1555,0
0,22.1656,0
0,22.1757,0
0,22.1858,0
0,22.1959,0
0,22.206,0
0,22.216,0
0,22.2261,0
0,22.2362,0
0,22.2463,0
0,22.2564,0
0,22.2665,0
0,22.2766,0
0,22.2867,0
0,22.2968,0
0,22.3069,0
0,22.317,0
0,22.3294,1
0,22.34,1
0,22.3511,1
0,22.3612,0
0,22.3723,0
0,22.3824,0
0,22.3925,0
0,22.4026,0
0,22.4128,0
0,22.423,0
0,22.4332,0
0,22.4433,0
0,22.4534,0
0,22.4639,0
0,22.474,0
0,22.4841,0
0,22.4942,0
0,22.5043,0
0,22.5144,0
0,22.5245,0
0,22.5346,0
0,22.5447,0
0,22.5548,0
0,22.5649,0
0,22.575,0
0,22.5851,0
0,22.5951,0
0,22.6052,0
0,22.6153,0
0,22.6254,0
0,22.6355,0
0,22.6456,0
0,22.6558,0
0,22.6658,0
0,22.6759,0
0,22.6863,0
0,22.6964,0
0,22.7065,0
0,22.7166,0
0,22.7267,0
0,22.7367,0
0,22.7468,0
0,22.757,0
0,22.7671,0
0,22.7772,0
0,22.7873,0
0,22.7974,0
0,22.8075,0
0,22.8176,0
0,22.8286,1
0,22.8387,1
0,22.8489,1
0,22.8599,1
0,22.8733,0
0,22.8834,0
0,22.8935,0
0,22.9036,0
0,22.9137,0
0,22.9239,0
0,22.934,0
0,22.9441,0
0,22.9543,0
0,22.9644,0
0,22.9745,0
0,22.9846,0
0,22.9947,0
0,23.0048,0
0,23.0148,0
0,23.0249,0
0,23.0351,0
0,23.0452,0
0,23.0552,0
0,23.0653,0
0,23.0754,0
0,23.0855,0
0,23.0955,0
0,23.1056,0
0,23.1157,0
0,23.1258,0
0,23.1359,0
0,23.1459,0
0,23.156,0
0,23.1661,0
0,23.1762,0
0,23.1863,0
0,23.1963,0
0,23.2064,0
0,23.2165,0
0,23.2266,0
0,23.2366,0
0,23.2467,0
0,23.2568,0
0,23.2669,0
0,23.277,0
0,23.2871,0
0,23.2971,0
0,23.3072,0
0,23.3173,0
0,23.3274,1
0,23.3396,1
0,23.3497,1
0,23.3597,1
0,23.3727,1
0,23.3828,0
0,23.3929,0
0,23.403,0
0,23.4133,0
0,23.4234,0
0,23.4335,0
0,23.4436,0
0,23.4537,0
0,23.4638,0
0,23.4739,0
0,23.484,0
0,23.4941,0
0,23.5041,0
0,23.5142,0
0,23.5243,0
0,23.5344,0
0,23.5445,0
0,23.5546,0
0,23.5647,0
0,23.5747,0
0,23.5848,0
0,23.5949,0
0,23.605,0
0,23.6151,0
0,23.6251,0
0,23.6352,0
0,23.6453,0
0,23.6554,0
0,23.6655,0
0,23.6755,0
0,23.6856,0
0,23.6957,0
0,23.7058,0
0,23.7159,0
0,23.7259,0
0,23.736,0
0,23.7461,0
0,23.7562,0
0,23.7663,0
0,23.7763,0
0,23.7865,0
0,23.7966,0
0,23.8066,0
0,23.8167,0
0,23.8268,0
0,23.8409,1
0,23.8511,1
0,23.8612,1
0,23.8786,0
0,23.8888,0
0,23.899,0
0,23.909,0
0,23.9191,0
0,23.9293,0
0,23.9395,0
0,23.9497,0
0,23.9599,0
0,23.9702,0
0,23.985,0
0,23.996,0
0,24.0061,0
0,24.0163,0
0,24.0265,0
0,24.0366,0
0,24.0486,0
0,24.0588,0
0,24.0733,0
0,24.0835,0
0,24.0968,0
0,24.1069,0
0,24.117,0
0,24.1288,0
0,24.1389,0
0,24.149,0
0,24.1591,0
0,24.1693,0
0,24.1794,0
0,24.1896,0
0,24.1997,0
0,24.2126,0
0,24.2228,0
0,24.2329,0
0,24.25,0
0,24.2649,0
0,24.2753,0
0,24.2855,0
0,24.2956,0
0,24.3057,0
0,24.3158,0
0,24.3259,0
0,24.3413,1
0,24.3526,1
0,24.3627,1
0,24.3733,0
0,24.3847,0
0,24.3948,0
0,24.4049,0
0,24.415,0
0,24.4251,0
0,24.4354,0
0,24.4455,0
0,24.4556,0
0,24.4657,0
0,24.4767,0
0,24.4868,0
0,24.4969,0
0,24.507,0
0,24.5171,0
0,24.5271,0
0,24.5372,0
0,24.5473,0
0,24.5574,0
0,24.5675,0
0,24.5776,0
0,24.5876,0
0,24.5977,0
0,24.6078,0
0,24.6179,0
0,24.628,0
0,24.6381,0
0,24.6481,0
0,24.6582,0
0,24.6683,0
0,24.6784,0
0,24.6885,0
0,24.6985,0
0,24.7086,0
0,24.7187,0
0,24.7288,0
0,24.7389,0
0,24.749,0
0,24.759,0
0,24.7691,0
0,24.7792,0
0,24.7893,0
0,24.7994,0
0,24.8094,0
0,24.8195,0
0,24.8296,0
0,24.8406,1
0,24.851,1
0,24.8611,1
0,24.8731,0
0,24.8857,0
0,24.8986,0
0,24.9088,0
0,24.9189,0
0,24.93,0
0,24.9401,0
0,24.9522,0
0,24.9623,0
0,24.9724,0
0,24.9825,0
0,24.9926,0
0,25.0026,0
0,25.0127,0
0,25.0228,0
0,25.0329,0
0,25.043,0
0,25.0533,0
0,25.0634,0
0,25.0735,0
0,25.0836,0
0,25.0936,0
0,25.1037,0
0,25.1138,0
0,25.1239,0
0,25.134,0
0,25.1441,0
0,25.1542,0
0,25.1642,0
0,25.1743,0
0,25.1844,0
0,25.1945,0
0,25.2046,0
0,25.2147,0
0,25.2247,0
0,25.2348,0
0,25.2449,0
0,25.255,0
0,25.2651,0
0,25.2751,0
0,25.2852,0
0,25.2953,0
0,25.3054,0
0,25.3155,0
0,25.3256,0
0,25.3356,0
0,25.3468,1
0,25.3585,1
0,25.3743,0
0,25.3845,0
0,25.3946,0
0,25.4047,0
0,25.4147,0
0,25.4249,0
0,25.4351,0
0,25.4452,0
0,25.4553,0
0,25.4654,0
0,25.4755,0
0,25.4856,0
0,25.4957,0
0,25.5057,0
0,25.5159,0
0,25.5259,0
0,25.536,0
0,25.5461,0
0,25.5562,0
0,25.5663,0
0,25.5764,0
0,25.5865,0
0,25.5965,0
0,25.6066,0
0,25.6167,0
0,25.6268,0
0,25.6369,0
0,25.647,0
0,25.657,0
0,25.6671,0
0,25.6772,0
0,25.6873,0
0,25.6974,0
0,25.7075,0
0,25.7175,0
0,25.7276,0
0,25.7377,0
0,25.7478,0
0,25.7579,0
0,25.768,0
0,25.778,0
0,25.7881,0
0,25.7982,0
0,25.8083,0
0,25.8184,0
0,25.8285,0
0,25.8386,0
0,25.8519,1
0,25.8665,1
0,25.8769,1
0,25.8875,0
0,25.8976,0
0,25.9077,0
0,25.9178,0
0,25.9279,0
0,25.9381,0
0,25.9483,0
0,25.9585,0
0,25.9686,0
0,25.9787,0
0,25.9888,0
0,25.9989,0
0,26.009,0
0,26.0191,0
0,26.0292,0
0,26.0392,0
0,26.0493,0
0,26.0594,0
0,26.0695,0
0,26.0796,0
0,26.0897,0
0,26.0998,0
0,26.1098,0
0,26.1199,0
0,26.1301,0
0,26.1402,0
0,26.1502,0
0,26.1603,0
0,26.1704,0
0,26.1805,0
0,26.1906,0
0,26.2007,0
0,26.2107,0
0,26.2208,0
0,26.2309,0
0,26.241,0
0,26.2511,0
0,26.2611,0
0,26.2712,0
0,26.2813,0
0,26.2914,0
0,26.3015,0
0,26.3116,0
0,26.3217,0
0,26.3317,0
0,26.3418,0
0,26.3519,1
0,26.3625,1
0,26.3726,1
0,26.3847,0
0,26.3948,0
0,26.4049,0
0,26.4149,0
0,26.4256,0
0,26.4358,0
0,26.4459,0
0,26.456,0
0,26.4661,0
0,26.4763,0
0,26.4867,0
0,26.4968,0
0,26.5068,0
0,26.5169,0
0,26.527,0
0,26.5371,0
0,26.5472,0
0,26.5573,0
0,26.5674,0
0,26.5774,0
0,26.5875,0
0,26.5976,0
0,26.6077,0
0,26.6178,0
0,26.6278,0
0,26.6379,0
0,26.648,0
0,26.6581,0
0,26.6682,0
0,26.6783,0
0,26.6883,0
0,26.6984,0
0,26.7085,0
0,26.7186,0
0,26.7287,0
0,26.7387,0
0,26.7488,0
0,26.7589,0
0,26.769,0
0,26.779,0
0,26.7891,0
0,26.7992,0
0,26.8093,0
0,26.8194,0
0,26.8295,0
0,26.8395,0
0,26.8538,1
0,26.8639,1
0,26.8763,1
0,26.8921,0
0,26.9028,0
0,26.9161,0
0,26.9263,0
0,26.9365,0
0,26.9466,0
0,26.9567,0
0,26.9668,0
0,26.9769,0
0,26.987,0
0,26.9971,0
0,27.0072,0
0,27.0172,0
0,27.0273,0
0,27.0374,0
0,27.0475,0
0,27.0576,0
0,27.0677,0
0,27.0778,0
0,27.0879,0
0,27.098,0
0,27.108,0
0,27.1181,0
0,27.1282,0
0,27.1383,0
0,27.1484,0
0,27.1585,0
0,27.1686,0
0,27.1786,0
0,27.1887,0
0,27.1988,0
0,27.2089,0
0,27.219,0
0,27.229,0
0,27.2391,0
0,27.2492,0
0,27.2593,0
0,27.2694,0
0,27.2794,0
0,27.2895,0
0,27.2996,0
0,27.3097,0
0,27.3198,0
0,27.3299,0
0,27.3399,0
0,27.35,0
0,27.3601,1
0,27.3702,1
0,27.3806,1
0,27.3928,0
0,27.4029,0
0,27.4136,0
0,27.4237,0
0,27.4338,0
0,27.4439,0
0,27.4551,0
0,27.4653,0
0,27.4754,0
0,27.4855,0
0,27.4956,0
0,27.5057,0
0,27.5158,0
0,27.5259,0
0,27.536,0
0,27.546,0
0,27.5561,0
0,27.5662,0
0,27.5763,0
0,27.5864,0
0,27.5964,0
0,27.6065,0
0,27.6166,0
0,27.6267,0
0,27.6368,0
0,27.6469,0
0,27.657,0
0,27.667,0
0,27.6771,0
0,27.6872,0
0,27.6973,0
0,27.7074,0
0,27.7175,0
0,27.7276,0
0,27.7377,0
0,27.7477,0
0,27.7578,0
0,27.7679,0
0,27.778,0
0,27.7881,0
0,27.7981,0
0,27.8082,0
0,27.8183,0
0,27.8284,0
0,27.8385,0
0,27.8486,0
0,27.8606,1
0,27.8707,1
0,27.8862,1
0,27.8989,1
0,27.9193,0
0,27.9303,0
0,27.9404,0
0,27.9505,0
0,27.9606,0
0,27.9707,0
0,27.9809,0
0,27.991,0
0,28.0011,0
0,28.0113,0
0,28.0214,0
0,28.0315,0
0,28.0416,0
0,28.0516,0
0,28.0617,0
0,28.0718,0
0,28.0819,0
0,28.092,0
0,28.102,0
0,28.1121,0
0,28.1222,0
0,28.1323,0
0,28.1424,0
0,28.1525,0
0,28.1626,0
0,28.1727,0
0,28.1827,0
0,28.1928,0
0,28.2029,0
0,28.213,0
0,28.2231,0
0,28.2332,0
0,28.2432,0
0,28.2533,0
0,28.2634,0
0,28.2735,0
0,28.2836,0
0,28.2936,0
0,28.3037,0
0,28.3138,0
0,28.3239,0
0,28.334,0
0,28.3441,0
0,28.3541,0
0,28.3646,1
0,28.375,1
0,28.3856,1
0,28.4011,0
0,28.4117,0
0,28.4218,0
0,28.432,0
0,28.4423,0
0,28.4525,0
0,28.4626,0
0,28.4727,0
0,28.4828,0
0,28.4929,0
0,28.503,0
0,28.513,0
0,28.5231,0
0,28.5332,0
0,28.5433,0
0,28.5534,0
0,28.5634,0
0,28.5735,0
0,28.5836,0
0,28.5937,0
0,28.6038,0
0,28.6139,0
0,28.6239,0
0,28.634,0
0,28.6441,0
0,28.6542,0
0,28.6643,0
0,28.6743,0
0,28.6844,0
0,28.6945,0
0,28.7046,0
0,28.7147,0
0,28.7247,0
0,28.7348,0
0,28.7449,0
0,28.755,0
0,28.7651,0
0,28.7752,0
0,28.7852,0
0,28.7953,0
0,28.8054,0
0,28.8155,0
0,28.8256,0
0,28.8357,0
0,28.8458,0
0,28.8558,0
0,28.866,1
0,28.8761,1
0,28.8862,1
0,28.8971,0
0,28.9072,0
0,28.9173,0
0,28.9274,0
0,28.9377,0
0,28.9487,0
0,28.959,0
0,28.9691,0
0,28.9792,0
0,28.9893,0
0,28.9994,0
0,29.0095,0
0,29.0196,0
0,29.0296,0
0,29.0397,0
0,29.0498,0
0,29.0599,0
0,29.07,0
0,29.0801,0
0,29.0902,0
0,29.1006,0
0,29.1107,0
0,29.1208,0
0,29.1309,0
0,29.1409,0
0,29.151,0
0,29.1611,0
0,29.1712,0
0,29.1813,0
0,29.1914,0
0,29.2015,0
0,29.2115,0
0,29.2216,0
0,29.2317,0
0,29.2418,0
0,29.252,0
0,29.2621,0
0,29.2722,0
0,29.2823,0
0,29.2924,0
0,29.3025,0
0,29.3126,0
0,29.3227,0
0,29.3328,0
0,29.3429,0
0,29.353,0
0,29.3641,1
0,29.3747,1
0,29.3848,1
0,29.4003,0
0,29.4115,0
0,29.4216,0
0,29.4316,0
0,29.4417,0
0,29.452,0
0,29.4621,0
0,29.4722,0
0,29.4823,0
0,29.4924,0
0,29.5025,0
0,29.5127,0
0,29.5227,0
0,29.5328,0
0,29.5429,0
0,29.553,0
0,29.563,0
0,29.5731,0
0,29.5832,0
0,29.5933,0
0,29.6034,0
0,29.6135,0
0,29.6236,0
0,29.6336,0
0,29.6437,0
0,29.6538,0
0,29.6639,0
0,29.674,0
0,29.684,0
0,29.6941,0
0,29.7042,0
0,29.7143,0
0,29.7243,0
0,29.7344,0
0,29.7445,0
0,29.7546,0
0,29.7647,0
0,29.7747,0
0,29.7848,0
0,29.7949,0
0,29.805,0
0,29.8151,0
0,29.8251,0
0,29.8352,0
0,29.8453,0
0,29.8554,0
0,29.8657,1
0,29.8758,1
0,29.8858,1
0,29.8959,1
0,29.9122,0
0,29.9223,0
0,29.9324,0
0,29.9433,0
0,29.9534,0
0,29.9635,0
0,29.9736,0
0,29.9837,0
0,29.9938,0
0,30.0039,0
0,30.014,0
0,30.0241,0
0,30.0342,0
0,30.0442,0
0,30.0543,0
0,30.0644,0
0,30.0745,0
0,30.0846,0
0,30.0947,0
0,30.1048,0
0,30.1149,0
0,30.125,0
0,30.135,0
0,30.1451,0
0,30.1552,0
0,30.1653,0
0,30.1754,0
0,30.1854,0
0,30.1956,0
0,30.2057,0
0,30.2158,0
0,30.2258,0
0,30.2359,0
0,30.246,0
0,30.2561,0
0,30.2662,0
0,30.2762,0
0,30.2863,0
0,30.2964,0
0,30.3065,0
0,30.3166,0
0,30.3267,0
0,30.3368,0
0,30.3469,0
0,30.357,0
0,30.3672,1
0,30.38,1
0,30.3903,1
0,30.4004,1
0,30.4112,0
0,30.4221,0
0,30.4322,0
0,30.4423,0
0,30.4526,0
0,30.4627,0
0,30.4728,0
0,30.4836,0
0,30.4937,0
0,30.5041,0
0,30.5142,0
0,30.5243,0
0,30.5344,0
0,30.5445,0
0,30.5545,0
0,30.5646,0
0,30.5747,0
0,30.5848,0
0,30.5949,0
0,30.605,0
0,30.6151,0
0,30.6252,0
0,30.6352,0
0,30.6453,0
0,30.6554,0
0,30.6655,0
0,30.6756,0
0,30.6856,0
0,30.6957,0
0,30.7058,0
0,30.7159,0
0,30.726,0
0,30.736,0
0,30.7461,0
0,30.7562,0
0,30.7663,0
0,30.7764,0
0,30.7865,0
0,30.7965,0
0,30.8066,0
0,30.8167,0
0,30.8268,0
0,30.8369,0
0,30.847,0
0,30.857,0
0,30.8671,0
0,30.8822,1
0,30.8925,1
0,30.9028,1
0,30.9131,0
0,30.9232,0
0,30.9333,0
0,30.9434,0
0,30.9536,0
0,30.9638,0
0,30.9766,0
0,30.9867,0
0,30.9969,0
0,31.007,0
0,31.0171,0
0,31.0272,0
0,31.0372,0
0,31.0473,0
0,31.0574,0
0,31.0675,0
0,31.0775,0
0,31.0877,0
0,31.0978,0
0,31.1078,0
0,31.1179,0
0,31.128,0
0,31.1381,0
0,31.1482,0
0,31.1582,0
0,31.1683,0
0,31.1784,0
0,31.1885,0
0,31.1986,0
0,31.2087,0
0,31.2188,0
0,31.2288,0
0,31.2389,0
0,31.249,0
0,31.2591,0
0,31.2692,0
0,31.2792,0
0,31.2893,0
0,31.2994,0
0,31.3095,0
0,31.3196,0
0,31.3297,0
0,31.3398,0
0,31.3498,0
0,31.3599,0
0,31.37,0
0,31.3801,1
0,31.3902,1
0,31.4004,1
0,31.4105,0
0,31.4206,0
0,31.4307,0
0,31.4409,0
0,31.4512,0
0,31.4614,0
0,31.4716,0
0,31.4822,0
0,31.4923,0
0,31.5024,0
0,31.5125,0
0,31.5226,0
0,31.5326,0
0,31.5427,0
0,31.5528,0
0,31.5629,0
0,31.573,0
0,31.583,0
0,31.5931,0
0,31.6032,0
0,31.6133,0
0,31.6234,0
0,31.6335,0
0,31.6435,0
0,31.6536,0
0,31.6637,0
0,31.6738,0
0,31.6839,0
0,31.694,0
0,31.704,0
0,31.7141,0
0,31.7242,0
0,31.7343,0
0,31.7444,0
0,31.7544,0
0,31.7645,0
0,31.7746,0
0,31.7847,0
0,31.7948,0
0,31.8048,0
0,31.8149,0
0,31.825,0
0,31.8351,0
0,31.8452,0
0,31.8552,0
0,31.8653,0
0,31.8759,0
0,31.8861,1
0,31.9007,1
0,31.911,1
0,31.9225,0
0,31.9326,0
0,31.9427,0
0,31.953,0
0,31.9632,0
0,31.9735,0
0,31.9845,0
0,31.9946,0
0,32.0047,0
0,32.0148,0
0,32.0249,0
0,32.035,0
0,32.045,0
0,32.0551,0
0,32.0652,0
0,32.0753,0
0,32.0854,0
0,32.0958,0
0,32.1058,0
0,32.1159,0
0,32.126,0
0,32.1361,0
0,32.1462,0
0,32.1562,0
0,32.1663,0
0,32.1764,0
0,32.1865,0
0,32.1965,0
0,32.2066,0
0,32.2167,0
0,32.2268,0
0,32.2369,0
0,32.247,0
0,32.2571,0
0,32.2672,0
0,32.2773,0
0,32.2873,0
0,32.2974,0
0,32.3075,0
0,32.3176,0
0,32.3277,0
0,32.3377,0
0,32.348,0
0,32.3581,0
0,32.3682,0
0,32.3783,0
0,32.3926,1
0,32.403,1
0,32.4157,1
0,32.4261,0
0,32.4362,0
0,32.4463,0
0,32.4564,0
0,32.4666,0
0,32.4767,0
0,32.4868,0
0,32.4969,0
0,32.507,0
0,32.5171,0
0,32.5272,0
0,32.5373,0
0,32.5474,0
0,32.5575,0
0,32.5676,0
0,32.5776,0
0,32.5877,0
0,32.5978,0
0,32.6079,0
0,32.618,0
0,32.6281,0
0,32.6382,0
0,32.6483,0
0,32.6583,0
0,32.6684,0
0,32.6785,0
0,32.6886,0
0,32.6987,0
0,32.7087,0
0,32.7188,0
0,32.7289,0
0,32.739,0
0,32.7491,0
0,32.7591,0
0,32.7692,0
0,32.7793,0
0,32.7894,0
0,32.7995,0
0,32.8095,0
0,32.8196,0
0,32.8297,0
0,32.8398,0
0,32.8499,0
0,32.86,0
0,32.8701,0
0,32.8801,0
0,32.8912,1
0,32.9013,1
0,32.9144,1
0,32.9259,1
0,32.9426,0
0,32.9527,0
0,32.9628,0
0,32.9744,0
0,32.9846,0
0,32.9947,0
0,33.0051,0
0,33.0153,0
0,33.0254,0
0,33.0355,0
0,33.0456,0
0,33.0557,0
0,33.0658,0
0,33.0759,0
0,33.086,0
0,33.0961,0
0,33.1062,0
0,33.1163,0
0,33.1264,0
0,33.1365,0
0,33.1466,0
0,33.1567,0
0,33.1667,0
0,33.1768,0
0,33.1869,0
0,33.197,0
0,33.2071,0
0,33.2171,0
0,33.2272,0
0,33.2373,0
0,33.2474,0
0,33.2575,0
0,33.2676,0
0,33.2777,0
0,33.2877,0
0,33.2978,0
0,33.3079,0
0,33.318,0
0,33.3281,0
0,33.3381,0
0,33.3482,0
0,33.3583,0
0,33.3684,0
0,33.3785,0
0,33.3886,0
0,33.3991,1
0,33.4092,1
0,33.4194,1
0,33.4346,0
0,33.4451,0
0,33.4563,0
0,33.4664,0
0,33.4766,0
0,33.4867,0
0,33.4968,0
0,33.507,0
0,33.5172,0
0,33.5273,0
0,33.5374,0
0,33.5475,0
0,33.5576,0
0,33.5677,0
0,33.5777,0
0,33.5878,0
0,33.5979,0
0,33.608,0
0,33.6181,0
0,33.6282,0
0,33.6383,0
0,33.6483,0
0,33.6584,0
0,33.6685,0
0,33.6786,0
0,33.6887,0
0,33.6988,0
0,33.7088,0
0,33.7189,0
0,33.729,0
0,33.7391,0
0,33.7492,0
0,33.7592,0
0,33.7693,0
0,33.7794,0
0,33.7895,0
0,33.7996,0
0,33.8097,0
0,33.8197,0
0,33.8298,0
0,33.8399,0
0,33.85,0
0,33.8601,0
0,33.8702,0
0,33.8802,0
0,33.8903,0
0,33.9006,1
0,33.9113,1
0,33.9219,1
0,33.9382,0
0,33.949,0
0,33.9591,0
0,33.9692,0
0,33.9793,0
0,33.9898,0
0,33.9999,0
0,34.0101,0
0,34.0202,0
0,34.0303,0
0,34.0404,0
0,34.0505,0
0,34.0606,0
0,34.0706,0
0,34.0807,0
0,34.0908,0
0,34.1009,0
0,34.111,0
0,34.1211,0
0,34.1312,0
0,34.1413,0
0,34.1513,0
0,34.1614,0
0,34.1715,0
0,34.1816,0
0,34.1917,0
0,34.2017,0
0,34.2118,0
0,34.2219,0
0,34.232,0
0,34.2421,0
0,34.2522,0
0,34.2625,0
0,34.2726,0
0,34.2827,0
0,34.2928,0
0,34.3029,0
0,34.313,0
0,34.3231,0
0,34.3332,0
0,34.3432,0
0,34.3533,0
0,34.3634,0
0,34.3735,0
0,34.3836,0
0,34.3937,0
0,34.4038,1
0,34.4152,1
0,34.4265,1
0,34.4403,0
0,34.4504,0
0,34.4605,0
0,34.4707,0
0,34.4808,0
0,34.4911,0
0,34.5029,0
0,34.513,0
0,34.5231,0
0,34.5332,0
0,34.5432,0
0,34.5533,0
0,34.5634,0
0,34.5735,0
0,34.5836,0
0,34.5936,0
0,34.6037,0
0,34.6138,0
0,34.6239,0
0,34.634,0
0,34.6441,0
0,34.6541,0
0,34.6642,0
0,34.6743,0
0,34.6844,0
0,34.6945,0
0,34.7045,0
0,34.7146,0
0,34.7247,0
0,34.7348,0
0,34.7449,0
0,34.755,0
0,34.765,0
0,34.7751,0
0,34.7852,0
0,34.7953,0
0,34.8054,0
0,34.8154,0
0,34.8255,0
0,34.8356,0
0,34.8457,0
0,34.8558,0
0,34.8658,0
0,34.8759,0
0,34.886,0
0,34.8961,0
0,34.9086,1
0,34.9187,1
0,34.93,1
0,34.9533,0
0,34.9634,0
0,34.9735,0
0,34.9836,0
0,34.9938,0
0,35.0039,0
0,35.014,0
0,35.0242,0
0,35.0343,0
0,35.0444,0
0,35.0545,0
0,35.0646,0
0,35.0747,0
0,35.0847,0
0,35.0948,0
0,35.1049,0
0,35.115,0
0,35.1251,0
0,35.1352,0
0,35.1453,0
0,35.1553,0
0,35.1654,0
0,35.1755,0
0,35.1856,0
0,35.1957,0
0,35.2057,0
0,35.2158,0
0,35.2259,0
0,35.236,0
0,35.2461,0
0,35.2562,0
0,35.2662,0
0,35.2764,0
0,35.2865,0
0,35.2965,0
0,35.3066,0
0,35.3167,0
0,35.3268,0
0,35.3369,0
0,35.347,0
0,35.3571,0
0,35.3672,0
0,35.3773,0
0,35.3873,0
0,35.3974,0
0,35.4086,1
0,35.4187,1
0,35.429,1
0,35.4392,1
0,35.4513,0
0,35.4616,0
0,35.4717,0
0,35.4819,0
0,35.4928,0
0,35.503,0
0,35.5131,0
0,35.5233,0
0,35.5336,0
0,35.5437,0
0,35.5538,0
0,35.5639,0
0,35.574,0
0,35.5841,0
0,35.5942,0
0,35.6042,0
0,35.6143,0
0,35.6244,0
0,35.6345,0
0,35.6446,0
0,35.6547,0
0,35.6648,0
0,35.6749,0
0,35.6849,0
0,35.695,0
0,35.7051,0
0,35.7152,0
0,35.7253,0
0,35.7353,0
0,35.7454,0
0,35.7555,0
0,35.7656,0
0,35.7757,0
0,35.7857,0
0,35.7958,0
0,35.8059,0
0,35.816,0
0,35.8261,0
0,35.8361,0
0,35.8462,0
0,35.8563,0
0,35.8664,0
0,35.8765,0
0,35.8865,0
0,35.8966,0
0,35.9067,0
0,35.9172,1
0,35.9291,1
0,35.9412,1
0,35.9513,0
0,35.9614,0
0,35.9715,0
0,35.9816,0
0,35.9918,0
0,36.0019,0
0,36.0121,0
0,36.0222,0
0,36.0323,0
0,36.0424,0
0,36.0525,0
0,36.0626,0
0,36.0727,0
0,36.0827,0
0,36.0928,0
0,36.1029,0
0,36.113,0
0,36.1231,0
0,36.1333,0
0,36.1434,0
0,36.1535,0
0,36.1635,0
0,36.1736,0
0,36.1837,0
0,36.1938,0
0,36.2039,0
0,36.214,0
0,36.224,0
0,36.2341,0
0,36.2442,0
0,36.2543,0
0,36.2644,0
0,36.2744,0
0,36.2845,0
0,36.2946,0
0,36.3047,0
0,36.3148,0
0,36.3249,0
0,36.335,0
0,36.3451,0
0,36.3552,0
0,36.3652,0
0,36.3753,0
0,36.3854,0
0,36.3955,0
0,36.4056,0
0,36.4168,1
0,36.4273,1
0,36.4377,1
0,36.45,0
0,36.4601,0
0,36.4703,0
0,36.4803,0
0,36.4904,0
0,36.5006,0
0,36.5109,0
0,36.5211,0
0,36.5312,0
0,36.5413,0
0,36.5514,0
0,36.5615,0
0,36.5715,0
0,36.5816,0
0,36.5917,0
0,36.6018,0
0,36.6119,0
0,36.6219,0
0,36.632,0
0,36.6421,0
0,36.6522,0
0,36.6623,0
0,36.6724,0
0,36.6824,0
0,36.6925,0
0,36.7026,0
0,36.7127,0
0,36.7228,0
0,36.7329,0
0,36.743,0
0,36.7531,0
0,36.7631,0
0,36.7732,0
0,36.7833,0
0,36.7934,0
0,36.8035,0
0,36.8135,0
0,36.8236,0
0,36.8341,0
0,36.8442,0
0,36.8542,0
0,36.8643,0
0,36.8744,0
0,36.8845,0
0,36.8946,0
0,36.9047,0
0,36.9153,0
0,36.9265,1
0,36.9371,1
0,36.9472,1
0,36.9573,0
0,36.9674,0
0,36.9775,0
0,36.9875,0
0,37.0006,0
0,37.0107,0
0,37.0208,0
0,37.031,0
0,37.0411,0
0,37.0513,0
0,37.0614,0
0,37.0715,0
0,37.0816,0
0,37.0916,0
0,37.1017,0
0,37.1118,0
0,37.1219,0
0,37.1319,0
0,37.142,0
0,37.1521,0
0,37.1622,0
0,37.1723,0
0,37.1824,0
0,37.1924,0
0,37.2025,0
0,37.2126,0
0,37.2227,0
0,37.2328,0
0,37.2428,0
0,37.2529,0
0,37.263,0
0,37.2731,0
0,37.2832,0
0,37.2932,0
0,37.3034,0
0,37.3135,0
0,37.3236,0
0,37.3337,0
0,37.3437,0
0,37.3538,0
0,37.3639,0
0,37.374,0
0,37.384,0
0,37.3941,0
0,37.4045,0
0,37.4146,0
0,37.4272,1
0,37.4374,1
0,37.4475,1
0,37.4618,0
0,37.4722,0
0,37.4823,0
0,37.4924,0
0,37.5059,0
0,37.5166,0
0,37.5267,0
0,37.5368,0
0,37.5469,0
0,37.557,0
0,37.5671,0
0,37.5772,0
0,37.5873,0
0,37.5974,0
0,37.6075,0
0,37.6176,0
0,37.6276,0
0,37.6377,0
0,37.6478,0
0,37.6579,0
0,37.668,0
0,37.6781,0
0,37.6882,0
0,37.6982,0
0,37.7083,0
0,37.7184,0
0,37.7285,0
0,37.7385,0
0,37.7486,0
0,37.7587,0
0,37.7688,0
0,37.7789,0
0,37.789,0
0,37.799,0
0,37.8091,0
0,37.8192,0
0,37.8293,0
0,37.8394,0
0,37.8494,0
0,37.8595,0
0,37.8696,0
0,37.8797,0
0,37.8898,0
0,37.8998,0
0,37.9099,0
0,37.9201,0
0,37.9303,1
0,37.9403,1
0,37.9506,1
0,37.9652,1
0,37.9765,0
0,37.9866,0
0,37.9967,0
0,38.0069,0
0,38.017,0
0,38.0271,0
0,38.0372,0
0,38.0473,0
0,38.0574,0
0,38.0675,0
0,38.0776,0
0,38.0878,0
0,38.0978,0
0,38.1079,0
0,38.118,0
0,38.1281,0
0,38.1382,0
0,38.1483,0
0,38.1584,0
0,38.1686,0
0,38.1787,0
0,38.1887,0
0,38.1988,0
0,38.2089,0
0,38.219,0
0,38.2291,0
0,38.2392,0
0,38.2493,0
0,38.2594,0
0,38.2695,0
0,38.2796,0
0,38.2897,0
0,38.2998,0
0,38.3099,0
0,38.32,0
0,38.3301,0
0,38.3406,0
0,38.3507,0
0,38.3609,0
0,38.371,0
0,38.381,0
0,38.3911,0
0,38.4012,0
0,38.4113,0
0,38.4214,0
0,38.4316,1
0,38.4417,1
0,38.4545,1
0,38.4656,0
0,38.4757,0
0,38.4858,0
0,38.4959,0
0,38.506,0
0,38.5161,0
0,38.5263,0
0,38.5364,0
0,38.5471,0
0,38.5573,0
0,38.5674,0
0,38.5775,0
0,38.5875,0
0,38.5976,0
0,38.6077,0
0,38.6178,0
0,38.6279,0
0,38.638,0
0,38.648,0
0,38.6581,0
0,38.6682,0
0,38.6783,0
0,38.6884,0
0,38.6985,0
0,38.7086,0
0,38.7186,0
0,38.7287,0
0,38.7388,0
0,38.7489,0
0,38.759,0
0,38.7691,0
0,38.7791,0
0,38.7892,0
0,38.7993,0
0,38.8094,0
0,38.8195,0
0,38.8296,0
0,38.8397,0
0,38.8498,0
0,38.8599,0
0,38.87,0
0,38.8801,0
0,38.8901,0
0,38.9002,0
0,38.9103,0
0,38.9204,0
0,38.9305,1
0,38.9406,1
0,38.9509,1
0,38.9619,1
0,38.972,0
0,38.9821,0
0,38.9923,0
0,39.0024,0
0,39.0126,0
0,39.0227,0
0,39.0328,0
0,39.044,0
0,39.0541,0
0,39.0642,0
0,39.0743,0
0,39.0844,0
0,39.0944,0
0,39.1045,0
0,39.1146,0
0,39.1247,0
0,39.1348,0
0,39.1449,0
0,39.155,0
0,39.1651,0
0,39.1752,0
0,39.1852,0
0,39.1953,0
0,39.2054,0
0,39.2155,0
0,39.2256,0
0,39.2357,0
0,39.2458,0
0,39.256,0
0,39.2661,0
0,39.2762,0
0,39.2863,0
0,39.2964,0
0,39.3065,0
0,39.3166,0
0,39.3267,0
0,39.3368,0
0,39.3468,0
0,39.3569,0
0,39.367,0
0,39.3771,0
0,39.3872,0
0,39.3973,0
0,39.4074,0
0,39.4174,0
0,39.4275,0
0,39.4376,1
0,39.4482,1
0,39.4583,1
0,39.4684,0
0,39.4786,0
0,39.4887,0
0,39.4988,0
0,39.5089,0
0,39.519,0
0,39.5291,0
0,39.5392,0
0,39.5494,0
0,39.5595,0
0,39.5695,0
0,39.5796,0
0,39.5897,0
0,39.5998,0
0,39.6099,0
0,39.62,0
0,39.63,0
0,39.6401,0
0,39.6502,0
0,39.6603,0
0,39.6704,0
0,39.6806,0
0,39.6907,0
0,39.7008,0
0,39.711,0
0,39.7211,0
0,39.7312,0
0,39.7413,0
0,39.7514,0
0,39.7614,0
0,39.7715,0
0,39.7816,0
0,39.7917,0
0,39.8018,0
0,39.8119,0
0,39.822,0
0,39.832,0
0,39.8421,0
0,39.8522,0
0,39.8623,0
0,39.8724,0
0,39.8824,0
0,39.8925,0
0,39.9026,0
0,39.9127,0
0,39.9228,0
0,39.9342,0
0,39.9443,1
0,39.9576,1
0,39.9685,1
0,39.9786,0
0,39.9887,0
0,39.9988,0
0,40.0089,0
0,40.0191,0
0,40.0318,0
0,40.0419,0
0,40.052,0
0,40.0621,0
0,40.0722,0
0,40.0823,0
0,40.0924,0
0,40.1025,0
0,40.1126,0
0,40.1227,0
0,40.1327,0
0,40.1428,0
0,40.1529,0
0,40.163,0
0,40.1731,0
0,40.1832,0
0,40.1933,0
0,40.2034,0
0,40.2134,0
0,40.2235,0
0,40.2336,0
0,40.2437,0
0,40.2538,0
0,40.2638,0
0,40.2739,0
0,40.284,0
0,40.2941,0
0,40.3042,0
0,40.3143,0
0,40.3244,0
0,40.3345,0
0,40.3446,0
0,40.3547,0
0,40.3648,0
0,40.3749,0
0,40.385,0
0,40.3951,0
0,40.4052,0
0,40.4152,0
0,40.4253,0
0,40.4354,0
0,40.4455,1
0,40.4557,1
0,40.4657,1
0,40.477,0
0,40.4871,0
0,40.4972,0
0,40.5074,0
0,40.5176,0
0,40.5281,0
0,40.5382,0
0,40.5484,0
0,40.5607,0
0,40.5708,0
0,40.5809,0
0,40.591,0
0,40.6011,0
0,40.6111,0
0,40.6212,0
0,40.6313,0
0,40.6416,0
0,40.6517,0
0,40.6618,0
0,40.6719,0
0,40.6819,0
0,40.6921,0
0,40.7021,0
0,40.7122,0
0,40.7223,0
0,40.7324,0
0,40.7425,0
0,40.7526,0
0,40.7626,0
0,40.7727,0
0,40.7828,0
0,40.7929,0
0,40.803,0
0,40.813,0
0,40.8231,0
0,40.8332,0
0,40.8433,0
0,40.8534,0
0,40.8635,0
0,40.8735,0
0,40.8836,0
0,40.8937,0
0,40.9038,0
0,40.9139,0
0,40.924,0
0,40.934,0
0,40.9454,0
0,40.9566,1
0,40.9667,1
0,40.9796,1
0,40.9901,0
0,41.0002,0
0,41.0103,0
0,41.0204,0
0,41.0305,0
0,41.0406,0
0,41.0508,0
0,41.0609,0
0,41.071,0
0,41.0811,0
0,41.0912,0
0,41.1013,0
0,41.1114,0
0,41.1215,0
0,41.1316,0
0,41.1416,0
0,41.1517,0
0,41.1619,0
0,41.172,0
0,41.182,0
0,41.1922,0
0,41.2022,0
0,41.2123,0
0,41.2224,0
0,41.2325,0
0,41.2426,0
0,41.2526,0
0,41.2627,0
0,41.2728,0
0,41.2829,0
0,41.293,0
0,41.303,0
0,41.3131,0
0,41.3232,0
0,41.3333,0
0,41.3434,0
0,41.3534,0
0,41.3635,0
0,41.3736,0
0,41.3837,0
0,41.3938,0
0,41.4039,0
0,41.414,0
0,41.4241,0
0,41.4341,0
0,41.4442,0
0,41.4566,1
0,41.4681,1
0,41.4785,1
0,41.4922,0
0,41.5024,0
0,41.5125,0
0,41.5226,0
0,41.5327,0
0,41.5428,0
0,41.553,0
0,41.5634,0
0,41.5736,0
0,41.5837,0
0,41.5938,0
0,41.6039,0
0,41.614,0
0,41.6241,0
0,41.6342,0
0,41.6443,0
0,41.6543,0
0,41.6644,0
0,41.6745,0
0,41.6846,0
0,41.6947,0
0,41.7048,0
0,41.7149,0
0,41.7249,0
0,41.735,0
0,41.7451,0
0,41.7552,0
0,41.7653,0
0,41.7753,0
0,41.7854,0
0,41.7955,0
0,41.8056,0
0,41.8156,0
0,41.8257,0
0,41.8358,0
0,41.8459,0
0,41.856,0
0,41.8661,0
0,41.8761,0
0,41.8862,0
0,41.8963,0
0,41.9064,0
0,41.9165,0
0,41.9265,0
0,41.9366,0
0,41.9476,0
0,41.9577,1
0,41.9679,1
0,41.978,1
0,41.9881,1
0,42.0016,0
0,42.0117,0
0,42.0218,0
0,42.0319,0
0,42.0421,0
0,42.0522,0
0,42.0624,0
0,42.0724,0
0,42.0825,0
0,42.0926,0
0,42.1027,0
0,42.1128,0
0,42.1229,0
0,42.133,0
0,42.1431,0
0,42.1532,0
0,42.1632,0
0,42.1733,0
0,42.1834,0
0,42.1935,0
0,42.2036,0
0,42.2137,0
0,42.2238,0
0,42.2338,0
0,42.2439,0
0,42.254,0
0,42.2641,0
0,42.2741,0
0,42.2842,0
0,42.2943,0
0,42.3044,0
0,42.3145,0
0,42.3246,0
0,42.3347,0
0,42.3448,0
0,42.3549,0
0,42.3649,0
0,42.375,0
0,42.3851,0
0,42.3952,0
0,42.4053,0
0,42.4154,0
0,42.4255,0
0,42.4356,0
0,42.4456,0
0,42.4557,0
0,42.4659,1
0,42.4759,1
0,42.4867,1
0,42.4972,1
0,42.5073,0
0,42.5174,0
0,42.5294,0
0,42.5418,0
0,42.552,0
0,42.5622,0
0,42.5723,0
0,42.5824,0
0,42.5926,0
0,42.6027,0
0,42.6127,0
0,42.6228,0
0,42.6329,0
0,42.643,0
0,42.6531,0
0,42.6632,0
0,42.6732,0
0,42.6833,0
0,42.6934,0
0,42.7035,0
0,42.7136,0
0,42.7237,0
0,42.7338,0
0,42.7438,0
0,42.7539,0
0,42.764,0
0,42.7741,0
0,42.7842,0
0,42.7942,0
0,42.8043,0
0,42.8144,0
0,42.8245,0
0,42.8346,0
0,42.8446,0
0,42.8547,0
0,42.8648,0
0,42.8749,0
0,42.885,0
0,42.895,0
0,42.9051,0
0,42.9152,0
0,42.9253,0
0,42.9354,0
0,42.9454,0
0,42.956,0
0,42.9662,1
0,42.9762,1
0,42.9879,1
0,42.9987,1
0,43.0112,0
0,43.0213,0
0,43.0314,0
0,43.0415,0
0,43.0516,0
0,43.0618,0
0,43.0719,0
0,43.082,0
0,43.0922,0
0,43.1023,0
0,43.1124,0
0,43.1225,0
0,43.1326,0
0,43.1427,0
0,43.1528,0
0,43.1629,0
0,43.1736,0
0,43.1836,0
0,43.1937,0
0,43.2038,0
0,43.2139,0
0,43.224,0
0,43.2341,0
0,43.2441,0
0,43.2542,0
0,43.2643,0
0,43.2744,0
0,43.2845,0
0,43.2945,0
0,43.3046,0
0,43.3147,0
0,43.3248,0
0,43.3349,0
0,43.345,0
0,43.355,0
0,43.3651,0
0,43.3752,0
0,43.3853,0
0,43.3954,0
0,43.4054,0
0,43.4155,0
0,43.4257,0
0,43.4358,0
0,43.4458,0
0,43.4559,0
0,43.4661,1
0,43.478,1
0,43.4907,1
0,43.5065,0
0,43.5166,0
0,43.5315,0
0,43.5438,0
0,43.5546,0
0,43.5649,0
0,43.575,0
0,43.5852,0
0,43.5954,0
0,43.6056,0
0,43.6157,0
0,43.6258,0
0,43.6359,0
0,43.646,0
0,43.6561,0
0,43.6662,0
0,43.6763,0
0,43.6863,0
0,43.6964,0
0,43.7065,0
0,43.7166,0
0,43.7267,0
0,43.7368,0
0,43.7469,0
0,43.757,0
0,43.767,0
0,43.7771,0
0,43.7872,0
0,43.7973,0
0,43.8074,0
0,43.8174,0
0,43.8275,0
0,43.8376,0
0,43.8477,0
0,43.8577,0
0,43.8678,0
0,43.8779,0
0,43.888,0
0,43.8981,0
0,43.9081,0
0,43.9182,0
0,43.9283,0
0,43.9384,0
0,43.9485,0
0,43.9585,0
0,43.9722,1
0,43.9837,1
0,43.996,0
0,44.0061,0
0,44.0162,0
0,44.0263,0
0,44.0364,0
0,44.0472,0
0,44.0573,0
0,44.0674,0
0,44.0775,0
0,44.0876,0
0,44.0977,0
0,44.1078,0
0,44.1179,0
0,44.128,0
0,44.1381,0
0,44.1482,0
0,44.1582,0
0,44.1683,0
0,44.1784,0
0,44.1885,0
0,44.1986,0
0,44.2086,0
0,44.2187,0
0,44.2288,0
0,44.239,0
0,44.2491,0
0,44.2592,0
0,44.2693,0
0,44.2795,0
0,44.2896,0
0,44.2997,0
0,44.3098,0
0,44.3199,0
0,44.3299,0
0,44.34,0
0,44.3501,0
0,44.3602,0
0,44.3703,0
0,44.3803,0
0,44.3904,0
0,44.4005,0
0,44.4106,0
0,44.4206,0
0,44.4308,0
0,44.4419,0
0,44.4519,0
0,44.462,0
0,44.4722,1
0,44.4826,1
0,44.4927,1
0,44.5087,0
0,44.5188,0
0,44.529,0
0,44.5391,0
0,44.5492,0
0,44.5593,0
0,44.5694,0
0,44.5795,0
0,44.5896,0
0,44.5997,0
0,44.6098,0
0,44.6199,0
0,44.63,0
0,44.64,0
0,44.6501,0
0,44.6602,0
0,44.6703,0
0,44.6804,0
0,44.6905,0
0,44.7006,0
0,44.7106,0
0,44.7207,0
0,44.7308,0
0,44.7409,0
0,44.751,0
0,44.7611,0
0,44.7711,0
0,44.7812,0
0,44.7913,0
0,44.8014,0
0,44.8115,0
0,44.8215,0
0,44.8316,0
0,44.8417,0
0,44.8518,0
0,44.8619,0
0,44.872,0
0,44.882,0
0,44.8921,0
0,44.9022,0
0,44.9123,0
0,44.9224,0
0,44.9324,0
0,44.9425,0
0,44.9526,0
0,44.9627,0
0,44.9728,1
0,44.9829,1
0,44.9933,1
0,45.0071,0
0,45.0172,0
0,45.0273,0
0,45.0374,0
0,45.0475,0
0,45.0577,0
0,45.0691,0
0,45.0794,0
0,45.0896,0
0,45.0997,0
0,45.1098,0
0,45.1199,0
0,45.13,0
0,45.1401,0
0,45.1501,0
0,45.1602,0
0,45.1703,0
0,45.1804,0
0,45.1905,0
0,45.2005,0
0,45.2106,0
0,45.2207,0
0,45.2308,0
0,45.2409,0
0,45.251,0
0,45.2611,0
0,45.2712,0
0,45.2812,0
0,45.2913,0
0,45.3014,0
0,45.3115,0
0,45.3217,0
0,45.3318,0
0,45.3418,0
0,45.3519,0
0,45.362,0
0,45.3721,0
0,45.3821,0
0,45.3922,0
0,45.4023,0
0,45.4124,0
0,45.4225,0
0,45.4325,0
0,45.4426,0
0,45.4528,0
0,45.4629,0
0,45.4732,1
0,45.4833,1
0,45.4934,1
0,45.5035,1
0,45.5191,0
0,45.5294,0
0,45.542,0
0,45.5521,0
0,45.5623,0
0,45.5724,0
0,45.5825,0
0,45.5926,0
0,45.6028,0
0,45.6129,0
0,45.623,0
0,45.633,0
0,45.6431,0
0,45.6532,0
0,45.6633,0
0,45.6734,0
0,45.6835,0
0,45.6935,0
0,45.7036,0
0,45.7137,0
0,45.7238,0
0,45.7339,0
0,45.744,0
0,45.7541,0
0,45.7641,0
0,45.7742,0
0,45.7843,0
0,45.7944,0
0,45.8045,0
0,45.8145,0
0,45.8246,0
0,45.8347,0
0,45.8448,0
0,45.8549,0
0,45.8649,0
0,45.875,0
0,45.8851,0
0,45.8952,0
0,45.9053,0
0,45.9154,0
0,45.9254,0
0,45.9355,0
0,45.9456,0
0,45.9557,0
0,45.9658,0
0,45.9774,1
0,45.9876,1
0,45.9977,1
0,46.0079,1
0,46.018,0
0,46.0281,0
0,46.0382,0
0,46.0484,0
0,46.0586,0
0,46.0688,0
0,46.079,0
0,46.0891,0
0,46.0992,0
0,46.1093,0
0,46.1194,0
0,46.1295,0
0,46.1396,0
0,46.1496,0
0,46.1597,0
0,46.1698,0
0,46.1799,0
0,46.1907,0
0,46.2008,0
0,46.2108,0
0,46.2209,0
0,46.231,0
0,46.2411,0
0,46.2512,0
0,46.2613,0
0,46.2713,0
0,46.2814,0
0,46.2915,0
0,46.3016,0
0,46.3118,0
0,46.3219,0
0,46.3319,0
0,46.342,0
0,46.3521,0
0,46.3622,0
0,46.3723,0
0,46.3823,0
0,46.3924,0
0,46.4025,0
0,46.4126,0
0,46.4227,0
0,46.4327,0
0,46.4428,0
0,46.4529,0
0,46.463,0
0,46.4731,0
0,46.487,1
0,46.4983,1
0,46.5087,1
0,46.5196,1
0,46.5297,0
0,46.5411,0
0,46.5512,0
0,46.5615,0
0,46.5737,0
0,46.584,0
0,46.5941,0
0,46.6042,0
0,46.6143,0
0,46.6244,0
0,46.6345,0
0,46.6446,0
0,46.6546,0
0,46.6647,0
0,46.6748,0
0,46.6849,0
0,46.695,0
0,46.7051,0
0,46.7151,0
0,46.7252,0
0,46.7356,0
0,46.7457,0
0,46.7558,0
0,46.7658,0
0,46.7759,0
0,46.786,0
0,46.7961,0
0,46.8062,0
0,46.8162,0
0,46.8263,0
0,46.8364,0
0,46.8465,0
0,46.8566,0
0,46.8666,0
0,46.8767,0
0,46.8868,0
0,46.8969,0
0,46.907,0
0,46.9171,0
0,46.9271,0
0,46.9372,0
0,46.9473,0
0,46.9574,0
0,46.9675,0
0,46.9776,0
0,46.9877,1
0,46.9993,1
0,47.0105,1
0,47.0218,1
0,47.0331,0
0,47.0432,0
0,47.0533,0
0,47.0634,0
0,47.0737,0
0,47.0838,0
0,47.094,0
0,47.1041,0
0,47.1142,0
0,47.1243,0
0,47.1344,0
0,47.1446,0
0,47.1546,0
0,47.1647,0
0,47.1748,0
0,47.1849,0
0,47.1953,0
0,47.2053,0
0,47.2154,0
0,47.2255,0
0,47.2356,0
0,47.2457,0
0,47.2558,0
0,47.2658,0
0,47.2759,0
0,47.286,0
0,47.2961,0
0,47.3062,0
0,47.3162,0
0,47.3263,0
0,47.3364,0
0,47.3465,0
0,47.3566,0
0,47.3667,0
0,47.3767,0
0,47.3868,0
0,47.3969,0
0,47.407,0
0,47.4171,0
0,47.4271,0
0,47.4372,0
0,47.4473,0
0,47.4574,0
0,47.4675,0
0,47.4776,0
0,47.4877,1
0,47.4986,1
0,47.5088,1
0,47.5193,0
0,47.5294,0
0,47.5414,0
0,47.5515,0
0,47.5616,0
0,47.5717,0
0,47.5818,0
0,47.5919,0
0,47.602,0
0,47.6121,0
0,47.6222,0
0,47.6323,0
0,47.6424,0
0,47.6525,0
0,47.6626,0
0,47.6727,0
0,47.6828,0
0,47.6929,0
0,47.703,0
0,47.7131,0
0,47.7231,0
0,47.7332,0
0,47.7433,0
0,47.7534,0
0,47.7635,0
0,47.7736,0
0,47.7837,0
0,47.7938,0
0,47.8038,0
0,47.8139,0
0,47.824,0
0,47.8341,0
0,47.8442,0
0,47.8542,0
0,47.8643,0
0,47.8744,0
0,47.8845,0
0,47.8946,0
0,47.9047,0
0,47.9147,0
0,47.9248,0
0,47.9349,0
0,47.945,0
0,47.9551,0
0,47.9651,0
0,47.9752,0
0,47.9853,0
0,47.9954,1
0,48.006,1
0,48.0161,1
0,48.0264,1
0,48.0373,0
0,48.0474,0
0,48.0602,0
0,48.0703,0
0,48.0806,0
0,48.0909,0
0,48.1011,0
0,48.1112,0
0,48.1213,0
0,48.1314,0
0,48.1415,0
0,48.1517,0
0,48.1617,0
0,48.1718,0
0,48.1819,0
0,48.192,0
0,48.2022,0
0,48.2123,0
0,48.2223,0
0,48.2324,0
0,48.2425,0
0,48.2526,0
0,48.2627,0
0,48.2727,0
0,48.2828,0
0,48.2929,0
0,48.303,0
0,48.3131,0
0,48.3232,0
0,48.3334,0
0,48.3435,0
0,48.3536,0
0,48.3637,0
0,48.3737,0
0,48.3838,0
0,48.3939,0
0,48.404,0
0,48.4141,0
0,48.4242,0
0,48.4343,0
0,48.4443,0
0,48.4544,0
0,48.4645,0
0,48.4746,0
0,48.4847,0
0,48.4948,1
0,48.5067,1
0,48.5182,1
0,48.5314,1
0,48.5415,0
0,48.5516,0
0,48.5618,0
0,48.5719,0
0,48.5819,0
0,48.5924,0
0,48.604,0
0,48.6142,0
0,48.6243,0
0,48.6344,0
0,48.6445,0
0,48.6546,0
0,48.6647,0
0,48.6748,0
0,48.6849,0
0,48.695,0
0,48.7051,0
0,48.7152,0
0,48.7252,0
0,48.7353,0
0,48.7454,0
0,48.7555,0
0,48.7656,0
0,48.7757,0
0,48.7858,0
0,48.7959,0
0,48.8059,0
0,48.816,0
0,48.8261,0
0,48.8362,0
0,48.8463,0
0,48.8563,0
0,48.8664,0
0,48.8765,0
0,48.8866,0
0,48.8967,0
0,48.9067,0
0,48.9168,0
0,48.9269,0
0,48.937,0
0,48.9471,0
0,48.9571,0
0,48.9672,0
0,48.9773,0
0,48.9874,0
0,48.9975,1
0,49.0076,1
0,49.0177,1
0,49.0278,1
0,49.0379,0
0,49.0481,0
0,49.0582,0
0,49.0683,0
0,49.0784,0
0,49.0885,0
0,49.0986,0
0,49.1087,0
0,49.1188,0
0,49.1289,0
0,49.139,0
0,49.1491,0
0,49.1592,0
0,49.1693,0
0,49.1793,0
0,49.1894,0
0,49.1995,0
0,49.2096,0
0,49.2197,0
0,49.2297,0
0,49.2399,0
0,49.25,0
0,49.2606,0
0,49.2707,0
0,49.2808,0
0,49.2909,0
0,49.3011,0
0,49.3113,0
0,49.3214,0
0,49.3315,0
0,49.3415,0
0,49.3516,0
0,49.3617,0
0,49.3718,0
0,49.3819,0
0,49.3919,0
0,49.402,0
0,49.4121,0
0,49.4222,0
0,49.4323,0
0,49.4423,0
0,49.4524,0
0,49.4625,0
0,49.4726,0
0,49.4827,0
0,49.4927,0
0,49.5028,1
0,49.5129,1
0,49.5234,1
0,49.5346,1
0,49.5455,0
0,49.5566,0
0,49.5668,0
0,49.5772,0
0,49.5875,0
0,49.5976,0
0,49.6082,0
0,49.6184,0
0,49.6285,0
0,49.6386,0
0,49.6487,0
0,49.6588,0
0,49.6689,0
0,49.679,0
0,49.6891,0
0,49.6991,0
0,49.7092,0
0,49.7193,0
0,49.7294,0
0,49.7395,0
0,49.7496,0
0,49.7596,0
0,49.7697,0
0,49.7799,0
0,49.7899,0
0,49.8,0
0,49.8101,0
0,49.8202,0
0,49.8303,0
0,49.8404,0
0,49.8504,0
0,49.8605,0
0,49.8706,0
0,49.8807,0
0,49.8908,0
0,49.9008,0
0,49.9111,0
0,49.9211,0
0,49.9312,0
0,49.9413,0
0,49.9514,0
0,49.9615,0
0,49.9716,0
0,49.9817,0
0,49.9917,0
0,50.0019,1
0,50.0143,1
0,50.0246,1
0,50.0349,1
0,50.045,0
0,50.0551,0
0,50.0652,0
0,50.0753,0
0,50.0854,0
0,50.0955,0
0,50.1056,0
0,50.1158,0
0,50.1259,0
0,50.136,0
0,50.1461,0
0,50.1562,0
0,50.1663,0
0,50.1764,0
0,50.1865,0
0,50.1965,0
0,50.2066,0
0,50.2167,0
0,50.2268,0
0,50.2369,0
0,50.2469,0
0,50.257,0
0,50.2671,0
0,50.2772,0
0,50.2873,0
0,50.2974,0
0,50.3075,0
0,50.3176,0
0,50.328,0
0,50.3381,0
0,50.3481,0
0,50.3582,0
0,50.3683,0
0,50.3784,0
0,50.3884,0
0,50.3985,0
0,50.4086,0
0,50.4187,0
0,50.4288,0
0,50.4388,0
0,50.4489,0
0,50.459,0
0,50.4691,0
0,50.4792,0
0,50.4892,0
0,50.4993,0
0,50.5107,1
0,50.5212,1
0,50.5313,1
0,50.5435,0
0,50.5536,0
0,50.5637,0
0,50.5738,0
0,50.584,0
0,50.5942,0
0,50.6043,0
0,50.6158,0
0,50.6259,0
0,50.6361,0
0,50.6462,0
0,50.6563,0
0,50.6664,0
0,50.6765,0
0,50.6865,0
0,50.6966,0
0,50.7067,0
0,50.7168,0
0,50.7269,0
0,50.737,0
0,50.747,0
0,50.7571,0
0,50.7672,0
0,50.7773,0
0,50.7874,0
0,50.7975,0
0,50.8075,0
0,50.8176,0
0,50.8277,0
0,50.8378,0
0,50.8479,0
0,50.858,0
0,50.868,0
0,50.8781,0
0,50.8882,0
0,50.8983,0
0,50.9084,0
0,50.9185,0
0,50.9286,0
0,50.9386,0
0,50.9487,0
0,50.9588,0
0,50.9689,0
0,50.979,0
0,50.989,0
0,50.9991,0
0,51.0126,1
0,51.0227,1
0,51.0356,1
0,51.0458,1
0,51.0565,0
0,51.0666,0
0,51.0774,0
0,51.0875,0
0,51.0978,0
0,51.1079,0
0,51.118,0
0,51.1281,0
0,51.1382,0
0,51.1483,0
0,51.1584,0
0,51.1685,0
0,51.1786,0
0,51.1887,0
0,51.1987,0
0,51.2088,0
0,51.2189,0
0,51.229,0
0,51.2391,0
0,51.2491,0
0,51.2592,0
0,51.2693,0
0,51.2794,0
0,51.2895,0
0,51.2996,0
0,51.3096,0
0,51.3197,0
0,51.3298,0
0,51.3399,0
0,51.35,0
0,51.36,0
0,51.3701,0
0,51.3802,0
0,51.3903,0
0,51.4004,0
0,51.4104,0
0,51.4205,0
0,51.4306,0
0,51.4407,0
0,51.4508,0
0,51.4608,0
0,51.4709,0
0,51.481,0
0,51.4911,0
0,51.5012,0
0,51.5113,1
0,51.5219,1
0,51.5336,1
0,51.547,0
0,51.5577,0
0,51.5678,0
0,51.5804,0
0,51.5906,0
0,51.6007,0
0,51.6108,0
0,51.621,0
0,51.6312,0
0,51.6413,0
0,51.6514,0
0,51.6615,0
0,51.6715,0
0,51.6816,0
0,51.6917,0
0,51.7018,0
0,51.7119,0
0,51.722,0
0,51.7321,0
0,51.7421,0
0,51.7522,0
0,51.7623,0
0,51.7724,0
0,51.7824,0
0,51.7926,0
0,51.8027,0
0,51.8127,0
0,51.8228,0
0,51.8329,0
0,51.843,0
0,51.8531,0
0,51.8631,0
0,51.8732,0
0,51.8833,0
0,51.8934,0
0,51.9035,0
0,51.9135,0
0,51.9236,0
0,51.9337,0
0,51.9438,0
0,51.9539,0
0,51.9639,0
0,51.974,0
0,51.9841,0
0,51.9942,0
0,52.0043,0
0,52.0144,1
0,52.0257,1
0,52.0361,1
0,52.0492,0
0,52.0593,0
0,52.0694,0
0,52.0795,0
0,52.0921,0
0,52.1023,0
0,52.1124,0
0,52.1225,0
0,52.1326,0
0,52.1427,0
0,52.1528,0
0,52.1629,0
0,52.173,0
0,52.1831,0
0,52.1932,0
0,52.2033,0
0,52.2134,0
0,52.2241,0
0,52.2342,0
0,52.2442,0
0,52.2543,0
0,52.2644,0
0,52.2745,0
0,52.2846,0
0,52.2947,0
0,52.3047,0
0,52.3148,0
0,52.3249,0
0,52.335,0
0,52.3451,0
0,52.3552,0
0,52.3652,0
0,52.3753,0
0,52.3854,0
0,52.3955,0
0,52.4056,0
0,52.4156,0
0,52.4257,0
0,52.4358,0
0,52.4459,0
0,52.456,0
0,52.466,0
0,52.4761,0
0,52.4862,0
0,52.4963,0
0,52.5064,0
0,52.5165,1
0,52.528,1
0,52.5381,1
0,52.5483,0
0,52.5585,0
0,52.5702,0
0,52.5804,0
0,52.5905,0
0,52.6006,0
0,52.6107,0
0,52.6208,0
0,52.6321,0
0,52.6422,0
0,52.6523,0
0,52.6624,0
0,52.6725,0
0,52.6826,0
0,52.6927,0
0,52.7028,0
0,52.7128,0
0,52.7229,0
0,52.733,0
0,52.7431,0
0,52.7532,0
0,52.7632,0
0,52.7733,0
0,52.7834,0
0,52.7935,0
0,52.8039,0
0,52.814,0
0,52.8241,0
0,52.8341,0
0,52.8442,0
0,52.8543,0
0,52.8644,0
0,52.8744,0
0,52.8845,0
0,52.8946,0
0,52.9047,0
0,52.9148,0
0,52.9249,0
0,52.935,0
0,52.9451,0
0,52.9551,0
0,52.9652,0
0,52.9753,0
0,52.9854,0
0,52.9955,0
0,53.0055,0
0,53.016,1
0,53.0261,1
0,53.0384,1
0,53.0486,1
0,53.0603,0
0,53.0724,0
0,53.0825,0
0,53.0926,0
0,53.1028,0
0,53.113,0
0,53.1231,0
0,53.1332,0
0,53.1433,0
0,53.1534,0
0,53.1635,0
0,53.1735,0
0,53.1836,0
0,53.1937,0
0,53.2038,0
0,53.2139,0
0,53.224,0
0,53.234,0
0,53.2441,0
0,53.2542,0
0,53.2643,0
0,53.2744,0
0,53.2844,0
0,53.2945,0
0,53.3046,0
0,53.3147,0
0,53.3248,0
0,53.3349,0
0,53.345,0
0,53.355,0
0,53.3651,0
0,53.3752,0
0,53.3853,0
0,53.3953,0
0,53.4054,0
0,53.4155,0
0,53.4256,0
0,53.4357,0
0,53.4457,0
0,53.4558,0
0,53.4659,0
0,53.476,0
0,53.4861,0
0,53.4962,0
0,53.5062,0
0,53.5175,0
0,53.5286,1
0,53.5399,1
0,53.5517,0
0,53.5618,0
0,53.5726,0
0,53.5846,0
0,53.5947,0
0,53.6061,0
0,53.6165,0
0,53.6266,0
0,53.6367,0
0,53.6468,0
0,53.6569,0
0,53.667,0
0,53.6772,0
0,53.6873,0
0,53.6974,0
0,53.7075,0
0,53.7175,0
0,53.7276,0
0,53.7377,0
0,53.7478,0
0,53.7579,0
0,53.7681,0
0,53.7782,0
0,53.7883,0
0,53.7984,0
0,53.8085,0
0,53.8186,0
0,53.8287,0
0,53.8388,0
0,53.8489,0
0,53.859,0
0,53.8692,0
0,53.8793,0
0,53.8893,0
0,53.8994,0
0,53.9095,0
0,53.9196,0
0,53.9297,0
0,53.9397,0
0,53.9498,0
0,53.9599,0
0,53.97,0
0,53.9801,0
0,53.9901,0
0,54.0002,0
0,54.0103,0
0,54.0212,0
0,54.0313,1
0,54.0418,1
0,54.0539,0
0,54.064,0
0,54.0741,0
0,54.0844,0
0,54.0945,0
0,54.1046,0
0,54.1147,0
0,54.1248,0
0,54.1349,0
0,54.145,0
0,54.1551,0
0,54.1652,0
0,54.1753,0
0,54.1854,0
0,54.1954,0
0,54.2055,0
0,54.2156,0
0,54.2257,0
0,54.2358,0
0,54.2459,0
0,54.256,0
0,54.2661,0
0,54.2762,0
0,54.2863,0
0,54.2965,0
0,54.3066,0
0,54.3167,0
0,54.3267,0
0,54.3368,0
0,54.3469,0
0,54.357,0
0,54.3671,0
0,54.3772,0
0,54.3872,0
0,54.3973,0
0,54.4074,0
0,54.4175,0
0,54.4276,0
0,54.4376,0
0,54.4477,0
0,54.4578,0
0,54.4679,0
0,54.478,0
0,54.488,0
0,54.4981,0
0,54.5082,0
0,54.5183,0
0,54.5284,1
0,54.5387,1
0,54.5488,1
0,54.5589,0
0,54.569,0
0,54.5791,0
0,54.5892,0
0,54.5993,0
0,54.6095,0
0,54.6196,0
0,54.6298,0
0,54.6399,0
0,54.6522,0
0,54.6728,0
0,54.6836,0
0,54.6937,0
0,54.7054,0
0,54.717,0
0,54.7272,0
0,54.7407,0
0,54.7509,0
0,54.761,0
0,54.7711,0
0,54.7824,0
0,54.7966,0
0,54.8068,0
0,54.8169,0
0,54.827,0
0,54.8373,0
0,54.8474,0
0,54.8607,0
0,54.8726,0
0,54.8828,0
0,54.8929,0
0,54.9031,0
0,54.9134,0
0,54.9236,0
0,54.9337,0
0,54.9438,0
0,54.9539,0
0,54.964,0
0,54.974,0
0,54.9841,0
0,54.9942,0
0,55.0043,0
0,55.0144,0
0,55.0244,0
0,55.0349,1
0,55.045,1
0,55.0551,1
0,55.0712,0
0,55.0813,0
0,55.0914,0
0,55.1015,0
0,55.1131,0
0,55.1232,0
0,55.1334,0
0,55.1436,0
0,55.1537,0
0,55.1638,0
0,55.1739,0
0,55.184,0
0,55.1941,0
0,55.2042,0
0,55.2142,0
0,55.2243,0
0,55.2344,0
0,55.2445,0
0,55.2546,0
0,55.2647,0
0,55.2748,0
0,55.2849,0
0,55.2949,0
0,55.305,0
0,55.3151,0
0,55.3253,0
0,55.3353,0
0,55.3454,0
0,55.3555,0
0,55.3656,0
0,55.3757,0
0,55.3857,0
0,55.3958,0
0,55.4059,0
0,55.416,0
0,55.4261,0
0,55.4361,0
0,55.4462,0
0,55.4563,0
0,55.4664,0
0,55.4765,0
0,55.4866,0
0,55.4966,0
0,55.5067,0
0,55.5168,0
0,55.5269,0
0,55.537,1
0,55.5471,1
0,55.5573,1
0,55.5703,0
0,55.5806,0
0,55.5907,0
0,55.6008,0
0,55.6109,0
0,55.621,0
0,55.6311,0
0,55.6412,0
0,55.6556,0
0,55.6657,0
0,55.6758,0
0,55.6859,0
0,55.696,0
0,55.7061,0
0,55.7162,0
0,55.7262,0
0,55.7363,0
0,55.7464,0
0,55.7566,0
0,55.7666,0
0,55.7767,0
0,55.7868,0
0,55.7969,0
0,55.807,0
0,55.817,0
0,55.8272,0
0,55.8372,0
0,55.8473,0
0,55.8574,0
0,55.8675,0
0,55.8775,0
0,55.8876,0
0,55.8977,0
0,55.9078,0
0,55.9179,0
0,55.928,0
0,55.938,0
0,55.9481,0
0,55.9582,0
0,55.9683,0
0,55.9784,0
0,55.9884,0
0,55.9985,0
0,56.0086,0
0,56.0187,0
0,56.0288,0
0,56.0406,1
0,56.0507,1
0,56.0641,0
0,56.0784,0
0,56.0917,0
0,56.1018,0
0,56.1119,0
0,56.1221,0
0,56.1327,0
0,56.1428,0
0,56.1529,0
0,56.163,0
0,56.1731,0
0,56.1832,0
0,56.1933,0
0,56.2034,0
0,56.2135,0
0,56.2235,0
0,56.2336,0
0,56.2437,0
0,56.2538,0
0,56.2639,0
0,56.2739,0
0,56.284,0
0,56.2941,0
0,56.3042,0
0,56.3143,0
0,56.3244,0
0,56.3345,0
0,56.3446,0
0,56.3546,0
0,56.3647,0
0,56.3748,0
0,56.3849,0
0,56.3949,0
0,56.405,0
0,56.4151,0
0,56.4252,0
0,56.4353,0
0,56.4454,0
0,56.4554,0
0,56.4655,0
0,56.4757,0
0,56.4858,0
0,56.4958,0
0,56.5059,0
0,56.516,0
0,56.5261,0
0,56.5407,1
0,56.5508,1
0,56.5614,1
0,56.5727,0
0,56.5828,0
0,56.5966,0
0,56.6067,0
0,56.6169,0
0,56.6273,0
0,56.6376,0
0,56.6477,0
0,56.6578,0
0,56.6682,0
0,56.6783,0
0,56.6884,0
0,56.6985,0
0,56.7085,0
0,56.7186,0
0,56.7287,0
0,56.7388,0
0,56.7489,0
0,56.759,0
0,56.7691,0
0,56.7792,0
0,56.7893,0
0,56.7994,0
0,56.8094,0
0,56.8195,0
0,56.8296,0
0,56.8397,0
0,56.8498,0
0,56.8599,0
0,56.87,0
0,56.8801,0
0,56.8901,0
0,56.9002,0
0,56.9103,0
0,56.9204,0
0,56.9305,0
0,56.9406,0
0,56.9506,0
0,56.9607,0
0,56.9708,0
0,56.9809,0
0,56.991,0
0,57.0011,0
0,57.0111,0
0,57.0212,0
0,57.0313,0
0,57.0425,1
0,57.0526,1
0,57.0627,1
0,57.0728,0
0,57.0891,0
0,57.0992,0
0,57.1093,0
0,57.1196,0
0,57.1297,0
0,57.1398,0
0,57.1523,0
0,57.1624,0
0,57.1725,0
0,57.1826,0
0,57.1927,0
0,57.2028,0
0,57.2129,0
0,57.2229,0
0,57.233,0
0,57.2431,0
0,57.2532,0
0,57.2633,0
0,57.2751,0
0,57.2852,0
0,57.2953,0
0,57.3054,0
0,57.3155,0
0,57.3255,0
0,57.3356,0
0,57.3457,0
0,57.3558,0
0,57.3659,0
0,57.376,0
0,57.3861,0
0,57.3962,0
0,57.4062,0
0,57.4163,0
0,57.4264,0
0,57.4365,0
0,57.4466,0
0,57.4566,0
0,57.4687,0
0,57.4788,0
0,57.4889,0
0,57.499,0
0,57.509,0
0,57.5191,0
0,57.5292,0
0,57.5406,1
0,57.5507,1
0,57.5628,1
0,57.5732,0
0,57.5839,0
0,57.5943,0
0,57.6046,0
0,57.6148,0
0,57.625,0
0,57.6351,0
0,57.6453,0
0,57.6554,0
0,57.6655,0
0,57.6756,0
0,57.6857,0
0,57.6958,0
0,57.7058,0
0,57.7159,0
0,57.726,0
0,57.7361,0
0,57.7462,0
0,57.7562,0
0,57.7663,0
0,57.7764,0
0,57.7866,0
0,57.7966,0
0,57.8067,0
0,57.8168,0
0,57.8269,0
0,57.8369,0
0,57.8471,0
0,57.8571,0
0,57.8672,0
0,57.8773,0
0,57.8874,0
0,57.8975,0
0,57.9075,0
0,57.9176,0
0,57.9277,0
0,57.9378,0
0,57.9479,0
0,57.958,0
0,57.968,0
0,57.9781,0
0,57.9882,0
0,57.9983,0
0,58.0084,0
0,58.0184,0
0,58.0285,0
0,58.0386,0
0,58.0508,1
0,58.0634,1
0,58.0746,1
0,58.0847,0
0,58.0948,0
0,58.1049,0
0,58.115,0
0,58.1251,0
0,58.1353,0
0,58.1454,0
0,58.1555,0
0,58.1657,0
0,58.1758,0
0,58.1859,0
0,58.196,0
0,58.2061,0
0,58.2161,0
0,58.2262,0
0,58.2363,0
0,58.2464,0
0,58.2565,0
0,58.2666,0
0,58.2766,0
0,58.2867,0
0,58.2968,0
0,58.3069,0
0,58.317,0
0,58.327,0
0,58.3371,0
0,58.3475,0
0,58.3576,0
0,58.3676,0
0,58.3777,0
0,58.3878,0
0,58.3979,0
0,58.408,0
0,58.4181,0
0,58.4281,0
0,58.4382,0
0,58.4483,0
0,58.4584,0
0,58.4685,0
0,58.4785,0
0,58.4886,0
0,58.4987,0
0,58.5088,0
0,58.5189,0
0,58.5289,0
0,58.539,0
0,58.5504,1
0,58.5609,1
0,58.5733,0
0,58.5834,0
0,58.5942,0
0,58.6043,0
0,58.6144,0
0,58.6251,0
0,58.6353,0
0,58.6454,0
0,58.6555,0
0,58.6656,0
0,58.6757,0
0,58.6858,0
0,58.6959,0
0,58.7059,0
0,58.716,0
0,58.7261,0
0,58.7362,0
0,58.7463,0
0,58.7564,0
0,58.7664,0
0,58.7765,0
0,58.7866,0
0,58.7967,0
0,58.8068,0
0,58.8169,0
0,58.827,0
0,58.8371,0
0,58.8472,0
0,58.8573,0
0,58.8673,0
0,58.8774,0
0,58.8875,0
0,58.8976,0
0,58.9077,0
0,58.9178,0
0,58.9279,0
0,58.938,0
0,58.9481,0
0,58.9582,0
0,58.9683,0
0,58.9784,0
0,58.9885,0
0,58.9986,0
0,59.0087,0
0,59.0188,0
0,59.0289,0
0,59.039,0
0,59.0491,0
0,59.0592,1
0,59.0693,1
0,59.0813,1
0,59.0918,0
0,59.1024,0
0,59.1135,0
0,59.1237,0
0,59.1354,0
0,59.1461,0
0,59.1563,0
0,59.1664,0
0,59.1765,0
0,59.1866,0
0,59.1967,0
0,59.2068,0
0,59.2169,0
0,59.227,0
0,59.2372,0
0,59.2473,0
0,59.2574,0
0,59.2676,0
0,59.2778,0
0,59.288,0
0,59.2981,0
0,59.3085,0
0,59.3185,0
0,59.3286,0
0,59.3387,0
0,59.3488,0
0,59.3589,0
0,59.369,0
0,59.3791,0
0,59.3891,0
0,59.3992,0
0,59.4093,0
0,59.4194,0
0,59.4295,0
0,59.4395,0
0,59.4496,0
0,59.4597,0
0,59.4698,0
0,59.4799,0
0,59.49,0
0,59.5,0
0,59.5101,0
0,59.5202,0
0,59.5303,0
0,59.5404,0
0,59.5504,0
0,59.5606,1
0,59.5714,1
0,59.5815,1
0,59.5916,0
0,59.6016,0
0,59.6117,0
0,59.6218,0
0,59.6319,0
0,59.6421,0
0,59.6522,0
0,59.6625,0
0,59.6726,0
0,59.6827,0
0,59.6928,0
0,59.7029,0
0,59.713,0
0,59.7231,0
0,59.7332,0
0,59.7432,0
0,59.7533,0
0,59.7634,0
0,59.7735,0
0,59.7836,0
0,59.7936,0
0,59.8037,0
0,59.8138,0
0,59.8239,0
0,59.834,0
0,59.8441,0
0,59.8541,0
0,59.8642,0
0,59.8743,0
0,59.8844,0
0,59.8945,0
0,59.9046,0
0,59.9146,0
0,59.9247,0
0,59.9348,0
0,59.9449,0
0,59.955,0
0,59.965,0
0,59.9751,0
0,59.9852,0
0,59.9953,0
0,60.0054,0
0,60.0155,0
0,60.0255,0
0,60.0356,0
0,60.0457,0
0,60.0558,0
0,60.0679,1
0,60.078,1
0,60.096,0
0,60.1076,0
0,60.1206,0
0,60.1307,0
0,60.1409,0
0,60.1509,0
0,60.161,0
0,60.1713,0
0,60.1814,0
0,60.1916,0
0,60.2018,0
0,60.2119,0
0,60.222,0
0,60.2321,0
0,60.2422,0
0,60.2523,0
0,60.2624,0
0,60.2724,0
0,60.2825,0
0,60.2926,0
0,60.3027,0
0,60.3128,0
0,60.3229,0
0,60.333,0
0,60.3431,0
0,60.3531,0
0,60.3632,0
0,60.3733,0
0,60.3834,0
0,60.3934,0
0,60.4035,0
0,60.4136,0
0,60.4237,0
0,60.4338,0
0,60.4439,0
0,60.4539,0
0,60.464,0
0,60.4741,0
0,60.4842,0
0,60.4943,0
0,60.5043,0
0,60.5144,0
0,60.5245,0
0,60.5346,0
0,60.5447,0
0,60.5548,0
0,60.5683,1
0,60.5784,1
0,60.5885,1
0,60.6002,0
0,60.6106,0
0,60.6207,0
0,60.6308,0
0,60.6409,0
0,60.651,0
0,60.6611,0
0,60.6713,0
0,60.6814,0
0,60.6915,0
0,60.7015,0
0,60.7118,0
0,60.7219,0
0,60.732,0
0,60.7421,0
0,60.7521,0
0,60.7622,0
0,60.7723,0
0,60.7824,0
0,60.7925,0
0,60.8025,0
0,60.8126,0
0,60.8227,0
0,60.8328,0
0,60.8429,0
0,60.853,0
0,60.8631,0
0,60.8737,0
0,60.8838,0
0,60.8939,0
0,60.904,0
0,60.9141,0
0,60.9242,0
0,60.9343,0
0,60.9444,0
0,60.9544,0
0,60.9645,0
0,60.9746,0
0,60.9847,0
0,60.9947,0
0,61.0048,0
0,61.0149,0
0,61.025,0
0,61.0351,0
0,61.0452,0
0,61.0552,0
0,61.0653,1
0,61.0754,1
0,61.0868,1
0,61.1046,1
0,61.1169,0
0,61.127,0
0,61.1371,0
0,61.1473,0
0,61.1574,0
0,61.1675,0
0,61.1777,0
0,61.1878,0
0,61.1979,0
0,61.208,0
0,61.2181,0
0,61.2281,0
0,61.2382,0
0,61.2483,0
0,61.2584,0
0,61.2685,0
0,61.2786,0
0,61.2886,0
0,61.2987,0
0,61.3088,0
0,61.3189,0
0,61.329,0
0,61.3391,0
0,61.3492,0
0,61.3592,0
0,61.3693,0
0,61.3794,0
0,61.3895,0
0,61.3996,0
0,61.4097,0
0,61.4197,0
0,61.4298,0
0,61.4399,0
0,61.45,0
0,61.4601,0
0,61.4701,0
0,61.4802,0
0,61.4903,0
0,61.5004,0
0,61.5105,0
0,61.5206,0
0,61.5306,0
0,61.5407,0
0,61.5508,0
0,61.5609,0
0,61.571,1
0,61.5814,1
0,61.5916,1
0,61.6041,0
0,61.6142,0
0,61.6243,0
0,61.6345,0
0,61.6446,0
0,61.6548,0
0,61.6649,0
0,61.675,0
0,61.6851,0
0,61.696,0
0,61.7061,0
0,61.7162,0
0,61.7263,0
0,61.7363,0
0,61.7464,0
0,61.7565,0
0,61.7666,0
0,61.7767,0
0,61.7867,0
0,61.7968,0
0,61.8069,0
0,61.817,0
0,61.8271,0
0,61.8372,0
0,61.8473,0
0,61.8574,0
0,61.8675,0
0,61.8776,0
0,61.8877,0
0,61.8977,0
0,61.9078,0
0,61.9179,0
0,61.928,0
0,61.9381,0
0,61.9482,0
0,61.9582,0
0,61.9683,0
0,61.9784,0
0,61.9885,0
0,61.9986,0
0,62.0087,0
0,62.0187,0
0,62.0288,0
0,62.0389,0
0,62.049,0
0,62.0591,0
0,62.0692,0
0,62.0793,1
0,62.0901,1
0,62.1019,1
0,62.1121,0
0,62.1222,0
0,62.1323,0
0,62.1424,0
0,62.1525,0
0,62.1626,0
0,62.1727,0
0,62.1828,0
0,62.1929,0
0,62.203,0
0,62.2131,0
0,62.2232,0
0,62.2333,0
0,62.2433,0
0,62.2534,0
0,62.2635,0
0,62.2736,0
0,62.2837,0
0,62.2938,0
0,62.3038,0
0,62.3139,0
0,62.324,0
0,62.3341,0
0,62.3442,0
0,62.3543,0
0,62.3643,0
0,62.3744,0
0,62.3846,0
0,62.3947,0
0,62.4047,0
0,62.4148,0
0,62.4249,0
0,62.435,0
0,62.4451,0
0,62.4552,0
0,62.4652,0
0,62.4753,0
0,62.4854,0
0,62.4955,0
0,62.5056,0
0,62.5156,0
0,62.5257,0
0,62.5358,0
0,62.5459,0
0,62.556,0
0,62.566,0
0,62.577,1
0,62.5876,1
0,62.5977,1
0,62.6084,0
0,62.6185,0
0,62.6286,0
0,62.6387,0
0,62.6488,0
0,62.659,0
0,62.6691,0
0,62.6793,0
0,62.6927,0
0,62.7028,0
0,62.7129,0
0,62.723,0
0,62.7331,0
0,62.7432,0
0,62.7533,0
0,62.7633,0
0,62.7734,0
0,62.7835,0
0,62.7936,0
0,62.8037,0
0,62.8137,0
0,62.8238,0
0,62.8339,0
0,62.844,0
0,62.8541,0
0,62.8642,0
0,62.8743,0
0,62.8844,0
0,62.8945,0
0,62.9046,0
0,62.9147,0
0,62.9247,0
0,62.9348,0
0,62.9449,0
0,62.955,0
0,62.9651,0
0,62.9751,0
0,62.9852,0
0,62.9953,0
0,63.0054,0
0,63.0155,0
0,63.0256,0
0,63.0356,0
0,63.0457,0
0,63.0558,0
0,63.0659,0
0,63.076,0
0,63.0869,1
0,63.097,1
0,63.1071,1
0,63.1186,0
0,63.1287,0
0,63.1388,0
0,63.1489,0
0,63.159,0
0,63.1702,0
0,63.1803,0
0,63.1904,0
0,63.2006,0
0,63.2107,0
0,63.221,0
0,63.2311,0
0,63.2412,0
0,63.2513,0
0,63.2613,0
0,63.2714,0
0,63.2815,0
0,63.2916,0
0,63.3019,0
0,63.3119,0
0,63.322,0
0,63.3321,0
0,63.3422,0
0,63.3523,0
0,63.3623,0
0,63.3724,0
0,63.3825,0
0,63.3926,0
0,63.4027,0
0,63.4128,0
0,63.4229,0
0,63.4329,0
0,63.443,0
0,63.4531,0
0,63.4632,0
0,63.4733,0
0,63.4833,0
0,63.4934,0
0,63.5035,0
0,63.5136,0
0,63.5236,0
0,63.5337,0
0,63.5438,0
0,63.5539,0
0,63.564,0
0,63.5741,0
0,63.5841,0
0,63.5966,1
0,63.6088,1
0,63.6199,0
0,63.63,0
0,63.6406,0
0,63.6507,0
0,63.6608,0
0,63.6709,0
0,63.6815,0
0,63.6916,0
0,63.7052,0
0,63.7153,0
0,63.7254,0
0,63.7355,0
0,63.7456,0
0,63.7556,0
0,63.7657,0
0,63.7758,0
0,63.7859,0
0,63.796,0
0,63.806,0
0,63.8161,0
0,63.8262,0
0,63.8363,0
0,63.8464,0
0,63.8564,0
0,63.8665,0
0,63.8766,0
0,63.8868,0
0,63.8968,0
0,63.907,0
0,63.917,0
0,63.9271,0
0,63.9372,0
0,63.9473,0
0,63.9574,0
0,63.9674,0
0,63.9775,0
0,63.9876,0
0,63.9977,0
0,64.0078,0
0,64.0178,0
0,64.0279,0
0,64.038,0
0,64.0481,0
0,64.0582,0
0,64.0683,0
0,64.0783,0
0,64.0884,0
0,64.1,1
0,64.1107,1
0,64.1208,1
0,64.1324,0
0,64.144,0
0,64.1542,0
0,64.1654,0
0,64.1768,0
0,64.1869,0
0,64.197,0
0,64.2072,0
0,64.2184,0
0,64.2286,0
0,64.2388,0
0,64.2489,0
0,64.2591,0
0,64.2693,0
0,64.2794,0
0,64.2895,0
0,64.2996,0
0,64.3106,0
0,64.3207,0
0,64.3308,0
0,64.3409,0
0,64.3509,0
0,64.361,0
0,64.3711,0
0,64.3812,0
0,64.3913,0
0,64.4013,0
0,64.4119,0
0,64.422,0
0,64.4321,0
0,64.4422,0
0,64.4522,0
0,64.4623,0
0,64.4724,0
0,64.4825,0
0,64.4925,0
0,64.5026,0
0,64.5127,0
0,64.5228,0
0,64.5329,0
0,64.5429,0
0,64.553,0
0,64.5631,0
0,64.5732,0
0,64.5833,0
0,64.5933,0
0,64.6034,1
0,64.6144,1
0,64.6245,1
0,64.6361,0
0,64.6472,0
0,64.6573,0
0,64.6675,0
0,64.6777,0
0,64.6878,0
0,64.6979,0
0,64.7096,0
0,64.7197,0
0,64.7298,0
0,64.7399,0
0,64.75,0
0,64.7601,0
0,64.7701,0
0,64.7802,0
0,64.7903,0
0,64.8004,0
0,64.8105,0
0,64.8205,0
0,64.8306,0
0,64.8407,0
0,64.8508,0
0,64.8609,0
0,64.871,0
0,64.881,0
0,64.8911,0
0,64.9013,0
0,64.9114,0
0,64.9215,0
0,64.9316,0
0,64.9417,0
0,64.9518,0
0,64.9618,0
0,64.9719,0
0,64.982,0
0,64.9921,0
0,65.0022,0
0,65.0122,0
0,65.0223,0
0,65.0324,0
0,65.0425,0
0,65.0526,0
0,65.0627,0
0,65.0727,0
0,65.0828,0
0,65.0929,0
0,65.1069,1
0,65.1189,1
0,65.1291,1
0,65.1405,0
0,65.1506,0
0,65.1607,0
0,65.1708,0
0,65.181,0
0,65.1913,0
0,65.2014,0
0,65.2115,0
0,65.2216,0
0,65.2317,0
0,65.2418,0
0,65.2519,0
0,65.262,0
0,65.2721,0
0,65.2822,0
0,65.2922,0
0,65.3023,0
0,65.3124,0
0,65.3225,0
0,65.3326,0
0,65.3427,0
0,65.3528,0
0,65.3628,0
0,65.3729,0
0,65.383,0
0,65.3931,0
0,65.4031,0
0,65.4132,0
0,65.4233,0
0,65.4334,0
0,65.4435,0
0,65.4536,0
0,65.4637,0
0,65.4737,0
0,65.4838,0
0,65.4939,0
0,65.504,0
0,65.5141,0
0,65.5242,0
0,65.5342,0
0,65.5443,0
0,65.5544,0
0,65.5645,0
0,65.5746,0
0,65.5847,0
0,65.5947,0
0,65.6049,1
0,65.615,1
0,65.6251,1
0,65.6353,0
0,65.6455,0
0,65.6555,0
0,65.6657,0
0,65.6759,0
0,65.686,0
0,65.6962,0
0,65.7063,0
0,65.7165,0
0,65.7266,0
0,65.7367,0
0,65.7468,0
0,65.7568,0
0,65.7669,0
0,65.777,0
0,65.7871,0
0,65.7972,0
0,65.8073,0
0,65.8173,0
0,65.8274,0
0,65.8375,0
0,65.8476,0
0,65.8577,0
0,65.8678,0
0,65.8778,0
0,65.8879,0
0,65.898,0
0,65.9081,0
0,65.9183,0
0,65.9284,0
0,65.9385,0
0,65.9486,0
0,65.9586,0
0,65.9687,0
0,65.9788,0
0,65.9889,0
0,65.999,0
0,66.009,0
0,66.0191,0
0,66.0292,0
0,66.0393,0
0,66.0494,0
0,66.0594,0
0,66.0695,0
0,66.0796,0
0,66.0897,0
0,66.0998,0
0,66.1099,1
0,66.1205,1
0,66.1307,1
0,66.142,1
0,66.1533,0
0,66.1634,0
0,66.1735,0
0,66.1847,0
0,66.1948,0
0,66.2059,0
0,66.216,0
0,66.2261,0
0,66.2362,0
0,66.2463,0
0,66.2564,0
0,66.2665,0
0,66.2766,0
0,66.2867,0
0,66.2968,0
0,66.3069,0
0,66.3174,0
0,66.3274,0
0,66.3375,0
0,66.3476,0
0,66.3577,0
0,66.3678,0
0,66.3778,0
0,66.3879,0
0,66.398,0
0,66.4081,0
0,66.4182,0
0,66.4283,0
0,66.4388,0
0,66.4489,0
0,66.4589,0
0,66.469,0
0,66.4791,0
0,66.4892,0
0,66.4993,0
0,66.5093,0
0,66.5194,0
0,66.5295,0
0,66.5396,0
0,66.5497,0
0,66.5598,0
0,66.5698,0
0,66.5799,0
0,66.59,0
0,66.6001,0
0,66.6102,1
0,66.6204,1
0,66.6305,1
0,66.642,0
0,66.6521,0
0,66.6622,0
0,66.6723,0
0,66.6846,0
0,66.6948,0
0,66.7049,0
0,66.7151,0
0,66.7262,0
0,66.7362,0
0,66.7463,0
0,66.7564,0
0,66.7665,0
0,66.7766,0
0,66.7867,0
0,66.7968,0
0,66.8068,0
0,66.8169,0
0,66.827,0
0,66.8371,0
0,66.8472,0
0,66.8573,0
0,66.8673,0
0,66.8774,0
0,66.8875,0
0,66.8976,0
0,66.9077,0
0,66.9177,0
0,66.9279,0
0,66.938,0
0,66.9481,0
0,66.9582,0
0,66.9683,0
0,66.9783,0
0,66.9884,0
0,66.9985,0
0,67.0086,0
0,67.0186,0
0,67.0287,0
0,67.0388,0
0,67.0489,0
0,67.059,0
0,67.069,0
0,67.0791,0
0,67.0892,0
0,67.0993,0
0,67.1094,0
0,67.1197,1
0,67.13,1
0,67.1406,1
0,67.1511,1
0,67.1621,0
0,67.1722,0
0,67.1823,0
0,67.1924,0
0,67.2046,0
0,67.2147,0
0,67.2249,0
0,67.235,0
0,67.2451,0
0,67.2552,0
0,67.2653,0
0,67.2754,0
0,67.2855,0
0,67.2955,0
0,67.3056,0
0,67.3157,0
0,67.3258,0
0,67.3359,0
0,67.346,0
0,67.3561,0
0,67.3661,0
0,67.3762,0
0,67.3863,0
0,67.3964,0
0,67.4065,0
0,67.4165,0
0,67.4266,0
0,67.4367,0
0,67.4468,0
0,67.4569,0
0,67.467,0
0,67.477,0
0,67.4871,0
0,67.4972,0
0,67.5073,0
0,67.5173,0
0,67.5274,0
0,67.5375,0
0,67.5476,0
0,67.5577,0
0,67.5678,0
0,67.5779,0
0,67.5879,0
0,67.598,0
0,67.6081,0
0,67.6206,1
0,67.6308,1
0,67.6409,1
0,67.6539,0
0,67.6641,0
0,67.6742,0
0,67.6843,0
0,67.6944,0
0,67.7046,0
0,67.7147,0
0,67.725,0
0,67.7352,0
0,67.7453,0
0,67.7554,0
0,67.7655,0
0,67.7755,0
0,67.7856,0
0,67.7957,0
0,67.8058,0
0,67.8158,0
0,67.8259,0
0,67.836,0
0,67.8461,0
0,67.8562,0
0,67.8662,0
0,67.8763,0
0,67.8864,0
0,67.8965,0
0,67.9066,0
0,67.9167,0
0,67.9268,0
0,67.9369,0
0,67.947,0
0,67.957,0
0,67.9672,0
0,67.9772,0
0,67.9873,0
0,67.9974,0
0,68.0075,0
0,68.0175,0
0,68.0276,0
0,68.0377,0
0,68.0478,0
0,68.0579,0
0,68.0679,0
0,68.078,0
0,68.0881,0
0,68.0982,0
0,68.1083,0
0,68.1184,1
0,68.1286,1
0,68.1388,1
0,68.1488,1
0,68.1602,0
0,68.1709,0
0,68.181,0
0,68.1911,0
0,68.2012,0
0,68.2113,0
0,68.2215,0
0,68.2316,0
0,68.2417,0
0,68.2517,0
0,68.2618,0
0,68.2719,0
0,68.282,0
0,68.2921,0
0,68.3022,0
0,68.3123,0
0,68.3224,0
0,68.3325,0
0,68.3425,0
0,68.3526,0
0,68.3627,0
0,68.3728,0
0,68.3829,0
0,68.393,0
0,68.403,0
0,68.4131,0
0,68.4232,0
0,68.4333,0
0,68.4434,0
0,68.4534,0
0,68.4635,0
0,68.4736,0
0,68.4837,0
0,68.4938,0
0,68.5039,0
0,68.514,0
0,68.5241,0
0,68.5342,0
0,68.5442,0
0,68.5543,0
0,68.5644,0
0,68.5745,0
0,68.5846,0
0,68.5946,0
0,68.6047,0
0,68.6148,0
0,68.6276,1
0,68.639,1
0,68.6491,1
0,68.6592,0
0,68.6693,0
0,68.6794,0
0,68.6895,0
0,68.6996,0
0,68.7099,0
0,68.72,0
0,68.7309,0
0,68.741,0
0,68.7511,0
0,68.7612,0
0,68.7713,0
0,68.7814,0
0,68.7915,0
0,68.8015,0
0,68.8116,0
0,68.8217,0
0,68.8317,0
0,68.8418,0
0,68.8519,0
0,68.862,0
0,68.8721,0
0,68.8822,0
0,68.8922,0
0,68.9023,0
0,68.9124,0
0,68.9225,0
0,68.9325,0
0,68.9426,0
0,68.9527,0
0,68.9629,0
0,68.973,0
0,68.9831,0
0,68.9932,0
0,69.0033,0
0,69.0134,0
0,69.0235,0
0,69.0335,0
0,69.0436,0
0,69.0537,0
0,69.0638,0
0,69.0738,0
0,69.0839,0
0,69.094,0
0,69.1041,0
0,69.1142,0
0,69.1246,1
0,69.1347,1
0,69.1452,1
0,69.1553,0
0,69.1654,0
0,69.1756,0
0,69.1856,0
0,69.1957,0
0,69.2058,0
0,69.2161,0
0,69.2262,0
0,69.2406,0
0,69.2507,0
0,69.2611,0
0,69.2712,0
0,69.2814,0
0,69.2915,0
0,69.3017,0
0,69.3118,0
0,69.3219,0
0,69.3321,0
0,69.3422,0
0,69.3523,0
0,69.3624,0
0,69.3725,0
0,69.3826,0
0,69.3927,0
0,69.4028,0
0,69.4129,0
0,69.423,0
0,69.433,0
0,69.4431,0
0,69.4532,0
0,69.4633,0
0,69.4734,0
0,69.4852,0
0,69.4953,0
0,69.5054,0
0,69.5154,0
0,69.5255,0
0,69.5356,0
0,69.5457,0
0,69.5558,0
0,69.5659,0
0,69.576,0
0,69.5861,0
0,69.5962,0
0,69.6063,0
0,69.6163,0
0,69.6265,1
0,69.6366,1
0,69.648,1
0,69.6635,0
0,69.6736,0
0,69.684,0
0,69.6942,0
0,69.7044,0
0,69.7145,0
0,69.7247,0
0,69.7349,0
0,69.7452,0
0,69.7555,0
0,69.7656,0
0,69.7757,0
0,69.7858,0
0,69.7959,0
0,69.8059,0
0,69.816,0
0,69.8261,0
0,69.8362,0
0,69.8463,0
0,69.8564,0
0,69.8664,0
0,69.8765,0
0,69.8866,0
0,69.8967,0
0,69.9067,0
0,69.9168,0
0,69.9269,0
0,69.937,0
0,69.9471,0
0,69.9572,0
0,69.9672,0
0,69.9774,0
0,69.9875,0
0,69.9975,0
0,70.0076,0
0,70.0177,0
0,70.0278,0
0,70.0379,0
0,70.048,0
0,70.0581,0
0,70.0681,0
0,70.0782,0
0,70.0883,0
0,70.0984,0
0,70.1085,0
0,70.1185,0
0,70.1317,1
0,70.1425,1
0,70.1526,1
0,70.1627,0
0,70.1728,0
0,70.1829,0
0,70.193,0
0,70.2032,0
0,70.2133,0
0,70.2235,0
0,70.2336,0
0,70.2437,0
0,70.2538,0
0,70.2639,0
0,70.274,0
0,70.2841,0
0,70.2941,0
0,70.3042,0
0,70.3143,0
0,70.3244,0
0,70.3345,0
0,70.3449,0
0,70.355,0
0,70.3651,0
0,70.3752,0
0,70.3853,0
0,70.3953,0
0,70.4054,0
0,70.4155,0
0,70.4256,0
0,70.4357,0
0,70.4457,0
0,70.4558,0
0,70.4659,0
0,70.476,0
0,70.4861,0
0,70.4962,0
0,70.5063,0
0,70.5164,0
0,70.5265,0
0,70.5365,0
0,70.5466,0
0,70.5567,0
0,70.5668,0
0,70.5769,0
0,70.587,0
0,70.597,0
0,70.6071,0
0,70.6172,0
0,70.628,0
0,70.6406,1
0,70.6527,1
0,70.6629,0
0,70.673,0
0,70.6844,0
0,70.6945,0
0,70.7047,0
0,70.7148,0
0,70.7249,0
0,70.735,0
0,70.7457,0
0,70.7558,0
0,70.7659,0
0,70.776,0
0,70.7861,0
0,70.7962,0
0,70.8063,0
0,70.8163,0
0,70.8264,0
0,70.8365,0
0,70.8466,0
0,70.8567,0
0,70.8667,0
0,70.8768,0
0,70.8869,0
0,70.897,0
0,70.9071,0
0,70.9172,0
0,70.9273,0
0,70.9374,0
0,70.9474,0
0,70.9575,0
0,70.9676,0
0,70.9777,0
0,70.9878,0
0,70.9991,0
0,71.0092,0
0,71.0193,0
0,71.0294,0
0,71.0395,0
0,71.0495,0
0,71.0596,0
0,71.0697,0
0,71.0798,0
0,71.0899,0
0,71.1,0
0,71.11,0
0,71.1201,0
0,71.1302,0
0,71.1403,1
0,71.1504,1
0,71.1612,1
0,71.1715,0
0,71.1817,0
0,71.1917,0
0,71.2018,0
0,71.2119,0
0,71.222,0
0,71.2345,0
0,71.2446,0
0,71.2548,0
0,71.2649,0
0,71.2749,0
0,71.285,0
0,71.2951,0
0,71.3052,0
0,71.3153,0
0,71.3254,0
0,71.3354,0
0,71.3455,0
0,71.3556,0
0,71.3657,0
0,71.3758,0
0,71.3858,0
0,71.3959,0
0,71.406,0
0,71.4161,0
0,71.4262,0
0,71.4362,0
0,71.4463,0
0,71.4564,0
0,71.4665,0
0,71.4766,0
0,71.4866,0
0,71.4967,0
0,71.507,0
0,71.5171,0
0,71.5272,0
0,71.5373,0
0,71.5473,0
0,71.5574,0
0,71.5675,0
0,71.5776,0
0,71.5877,0
0,71.5977,0
0,71.6079,0
0,71.6179,0
0,71.628,0
0,71.6382,1
0,71.6483,1
0,71.6597,1
0,71.6705,0
0,71.6806,0
0,71.691,0
0,71.7011,0
0,71.7119,0
0,71.722,0
0,71.7321,0
0,71.7433,0
0,71.7534,0
0,71.7635,0
0,71.7736,0
0,71.7837,0
0,71.7937,0
0,71.8038,0
0,71.8139,0
0,71.824,0
0,71.8341,0
0,71.8442,0
0,71.8542,0
0,71.8643,0
0,71.8744,0
0,71.8845,0
0,71.8945,0
0,71.9046,0
0,71.9147,0
0,71.9248,0
0,71.9349,0
0,71.9449,0
0,71.955,0
0,71.9651,0
0,71.9752,0
0,71.9852,0
0,71.9953,0
0,72.0054,0
0,72.0156,0
0,72.0256,0
0,72.0357,0
0,72.0458,0
0,72.0559,0
0,72.066,0
0,72.076,0
0,72.0861,0
0,72.0962,0
0,72.1063,0
0,72.1164,0
0,72.1264,0
0,72.1365,0
0,72.1497,1
0,72.1609,1
0,72.1712,1
0,72.1818,0
0,72.1919,0
0,72.202,0
0,72.2121,0
0,72.2222,0
0,72.2324,0
0,72.2426,0
0,72.2527,0
0,72.2628,0
0,72.2729,0
0,72.283,0
0,72.2931,0
0,72.3032,0
0,72.3133,0
0,72.3233,0
0,72.3334,0
0,72.3435,0
0,72.3536,0
0,72.3637,0
0,72.3737,0
0,72.3838,0
0,72.3939,0
0,72.404,0
0,72.4141,0
0,72.4241,0
0,72.4342,0
0,72.4443,0
0,72.4544,0
0,72.4645,0
0,72.4745,0
0,72.4846,0
0,72.4947,0
0,72.5048,0
0,72.5149,0
0,72.5254,0
0,72.5355,0
0,72.5456,0
0,72.5557,0
0,72.5658,0
0,72.5758,0
0,72.5859,0
0,72.596,0
0,72.6061,0
0,72.6162,0
0,72.6262,0
0,72.6363,0
0,72.6486,1
0,72.6594,1
0,72.6695,1
0,72.6795,1
0,72.6897,0
0,72.6998,0
0,72.7103,0
0,72.7205,0
0,72.7323,0
0,72.7424,0
0,72.7537,0
0,72.7641,0
0,72.7742,0
0,72.7843,0
0,72.7944,0
0,72.8045,0
0,72.8146,0
0,72.8246,0
0,72.8347,0
0,72.8448,0
0,72.8549,0
0,72.865,0
0,72.875,0
0,72.8851,0
0,72.8952,0
0,72.9053,0
0,72.9154,0
0,72.9254,0
0,72.9355,0
0,72.9456,0
0,72.9557,0
0,72.9658,0
0,72.9759,0
0,72.9859,0
0,72.996,0
0,73.0061,0
0,73.0162,0
0,73.0263,0
0,73.0364,0
0,73.0465,0
0,73.0565,0
0,73.0666,0
0,73.0767,0
0,73.0868,0
0,73.0969,0
0,73.107,0
0,73.117,0
0,73.1271,0
0,73.1372,0
0,73.1512,1
0,73.1633,1
0,73.1749,1
0,73.1859,0
0,73.1959,0
0,73.2071,0
0,73.2172,0
0,73.2273,0
0,73.2374,0
0,73.2476,0
0,73.2577,0
0,73.2678,0
0,73.278,0
0,73.288,0
0,73.2981,0
0,73.3082,0
0,73.3183,0
0,73.3284,0
0,73.3385,0
0,73.3486,0
0,73.3587,0
0,73.3687,0
0,73.3788,0
0,73.3889,0
0,73.399,0
0,73.4091,0
0,73.4191,0
0,73.4292,0
0,73.4393,0
0,73.4494,0
0,73.4595,0
0,73.4696,0
0,73.4796,0
0,73.4897,0
0,73.4998,0
0,73.5099,0
0,73.52,0
0,73.5301,0
0,73.5401,0
0,73.5502,0
0,73.5603,0
0,73.5704,0
0,73.5805,0
0,73.5906,0
0,73.6006,0
0,73.6107,0
0,73.6208,0
0,73.6309,0
0,73.641,0
0,73.6511,1
0,73.6612,1
0,73.6713,1
0,73.6837,0
0,73.695,0
0,73.7051,0
0,73.7152,0
0,73.7253,0
0,73.7354,0
0,73.7456,0
0,73.7562,0
0,73.7664,0
0,73.7766,0
0,73.7867,0
0,73.7968,0
0,73.8069,0
0,73.8169,0
0,73.827,0
0,73.8371,0
0,73.8472,0
0,73.8573,0
0,73.8674,0
0,73.8774,0
0,73.8875,0
0,73.8976,0
0,73.9077,0
0,73.9178,0
0,73.9279,0
0,73.9379,0
0,73.948,0
0,73.9581,0
0,73.9682,0
0,73.9783,0
0,73.9884,0
0,73.9984,0
0,74.0085,0
0,74.0186,0
0,74.0287,0
0,74.0388,0
0,74.0493,0
0,74.0594,0
0,74.0695,0
0,74.0795,0
0,74.0896,0
0,74.0997,0
0,74.1098,0
0,74.1199,0
0,74.1299,0
0,74.14,0
0,74.1501,1
0,74.161,1
0,74.1711,1
0,74.1815,1
0,74.1916,0
0,74.2043,0
0,74.2144,0
0,74.2245,0
0,74.2346,0
0,74.2448,0
0,74.2549,0
0,74.2686,0
0,74.2787,0
0,74.2888,0
0,74.2989,0
0,74.3091,0
0,74.3192,0
0,74.3293,0
0,74.3394,0
0,74.3494,0
0,74.3595,0
0,74.3696,0
0,74.3797,0
0,74.3898,0
0,74.3998,0
0,74.4099,0
0,74.42,0
0,74.4301,0
0,74.4402,0
0,74.4503,0
0,74.4603,0
0,74.4704,0
0,74.4805,0
0,74.4906,0
0,74.5007,0
0,74.5109,0
0,74.5209,0
0,74.531,0
0,74.5411,0
0,74.5512,0
0,74.5613,0
0,74.5714,0
0,74.5815,0
0,74.5915,0
0,74.6016,0
0,74.6117,0
0,74.6218,0
0,74.6318,0
0,74.6419,0
0,74.652,0
0,74.6622,1
0,74.6736,1
0,74.6837,1
0,74.7017,1
0,74.7119,1
0,74.722,0
0,74.7321,0
0,74.7422,0
0,74.7524,0
0,74.7626,0
0,74.7733,0
0,74.7835,0
0,74.7954,0
0,74.8055,0
0,74.8156,0
0,74.8257,0
0,74.8358,0
0,74.8459,0
0,74.8559,0
0,74.866,0
0,74.8761,0
0,74.8862,0
0,74.8963,0
0,74.9064,0
0,74.9164,0
0,74.9265,0
0,74.9366,0
0,74.9467,0
0,74.9568,0
0,74.9669,0
0,74.9769,0
0,74.987,0
0,74.9971,0
0,75.0072,0
0,75.0173,0
0,75.0273,0
0,75.0374,0
0,75.0475,0
0,75.0577,0
0,75.0678,0
0,75.0779,0
0,75.0879,0
0,75.098,0
0,75.1081,0
0,75.1182,0
0,75.1283,0
0,75.1384,0
0,75.1484,0
0,75.165,1
0,75.1756,1
0,75.1858,1
0,75.1959,0
0,75.206,0
0,75.216,0
0,75.2261,0
0,75.2363,0
0,75.2487,0
0,75.2588,0
0,75.269,0
0,75.2791,0
0,75.2892,0
0,75.2995,0
0,75.3096,0
0,75.3197,0
0,75.3298,0
0,75.3399,0
0,75.35,0
0,75.3601,0
0,75.3701,0
0,75.3802,0
0,75.3903,0
0,75.4004,0
0,75.4105,0
0,75.4205,0
0,75.4306,0
0,75.4407,0
0,75.4508,0
0,75.4609,0
0,75.471,0
0,75.481,0
0,75.4911,0
0,75.5012,0
0,75.5113,0
0,75.5214,0
0,75.5315,0
0,75.5415,0
0,75.552,0
0,75.5621,0
0,75.5729,0
0,75.583,0
0,75.5931,0
0,75.6032,0
0,75.6133,0
0,75.6233,0
0,75.6334,0
0,75.6435,0
0,75.6536,0
0,75.6637,1
0,75.6738,1
0,75.6846,1
0,75.6952,1
0,75.7079,0
0,75.718,0
0,75.7282,0
0,75.7383,0
0,75.7485,0
0,75.7586,0
0,75.7687,0
0,75.7789,0
0,75.789,0
0,75.7991,0
0,75.8092,0
0,75.8193,0
0,75.8294,0
0,75.8395,0
0,75.8496,0
0,75.8596,0
0,75.8697,0
0,75.8798,0
0,75.8899,0
0,75.9,0
0,75.9101,0
0,75.9202,0
0,75.9302,0
0,75.9403,0
0,75.9504,0
0,75.9605,0
0,75.9705,0
0,75.9806,0
0,75.9907,0
0,76.0008,0
0,76.0109,0
0,76.0209,0
0,76.031,0
0,76.0411,0
0,76.0512,0
0,76.0613,0
0,76.0714,0
0,76.0815,0
0,76.0915,0
0,76.1016,0
0,76.1117,0
0,76.1218,0
0,76.1318,0
0,76.1419,0
0,76.152,0
0,76.1628,0
0,76.173,1
0,76.1831,1
0,76.1935,1
0,76.2039,0
0,76.2141,0
0,76.2242,0
0,76.2343,0
0,76.2444,0
0,76.2546,0
0,76.2647,0
0,76.2751,0
0,76.2852,0
0,76.2953,0
0,76.3054,0
0,76.3155,0
0,76.3256,0
0,76.3357,0
0,76.3458,0
0,76.3559,0
0,76.366,0
0,76.3761,0
0,76.3862,0
0,76.3962,0
0,76.4063,0
0,76.4164,0
0,76.4265,0
0,76.4366,0
0,76.4467,0
0,76.4567,0
0,76.4668,0
0,76.4769,0
0,76.487,0
0,76.4971,0
0,76.5071,0
0,76.5172,0
0,76.5273,0
0,76.5374,0
0,76.5475,0
0,76.5576,0
0,76.5677,0
0,76.5777,0
0,76.5878,0
0,76.5979,0
0,76.608,0
0,76.6181,0
0,76.6282,0
0,76.6382,0
0,76.6483,0
0,76.6584,0
0,76.6685,1
0,76.6786,1
0,76.6887,1
0,76.6998,1
0,76.7101,0
0,76.7202,0
0,76.7303,0
0,76.7404,0
0,76.7506,0
0,76.7607,0
0,76.7708,0
0,76.782,0
0,76.7921,0
0,76.8022,0
0,76.8123,0
0,76.8224,0
0,76.8325,0
0,76.8426,0
0,76.8527,0
0,76.8628,0
0,76.8728,0
0,76.8829,0
0,76.893,0
0,76.9031,0
0,76.9132,0
0,76.9232,0
0,76.9333,0
0,76.9434,0
0,76.9535,0
0,76.9636,0
0,76.9737,0
0,76.9838,0
0,76.9938,0
0,77.0039,0
0,77.014,0
0,77.0241,0
0,77.0342,0
0,77.0442,0
0,77.0543,0
0,77.0644,0
0,77.0745,0
0,77.0846,0
0,77.0947,0
0,77.1048,0
0,77.1149,0
0,77.125,0
0,77.135,0
0,77.1451,0
0,77.1552,0
0,77.1653,0
0,77.1754,1
0,77.1868,1
0,77.1999,0
0,77.2101,0
0,77.2201,0
0,77.2302,0
0,77.2403,0
0,77.2504,0
0,77.2606,0
0,77.2708,0
0,77.2809,0
0,77.291,0
0,77.3011,0
0,77.3112,0
0,77.3213,0
0,77.3314,0
0,77.3415,0
0,77.3515,0
0,77.3616,0
0,77.3717,0
0,77.3823,0
0,77.3924,0
0,77.4025,0
0,77.4126,0
0,77.4227,0
0,77.4328,0
0,77.4428,0
0,77.4529,0
0,77.463,0
0,77.4731,0
0,77.4832,0
0,77.4932,0
0,77.5033,0
0,77.5134,0
0,77.5235,0
0,77.5336,0
0,77.5437,0
0,77.5538,0
0,77.564,0
0,77.5741,0
0,77.5842,0
0,77.5943,0
0,77.6043,0
0,77.6144,0
0,77.6245,0
0,77.6346,0
0,77.6447,0
0,77.6547,0
0,77.6648,0
0,77.675,1
0,77.6871,1
0,77.6972,1
0,77.7072,0
0,77.7173,0
0,77.7277,0
0,77.7378,0
0,77.7479,0
0,77.758,0
0,77.7682,0
0,77.7783,0
0,77.7886,0
0,77.7987,0
0,77.8088,0
0,77.8189,0
0,77.829,0
0,77.8391,0
0,77.8492,0
0,77.8593,0
0,77.8693,0
0,77.8794,0
0,77.8895,0
0,77.8996,0
0,77.9097,0
0,77.9198,0
0,77.9298,0
0,77.9399,0
0,77.95,0
0,77.9601,0
0,77.9702,0
0,77.9803,0
0,77.9903,0
0,78.0004,0
0,78.0105,0
0,78.0206,0
0,78.0307,0
0,78.0408,0
0,78.0508,0
0,78.0609,0
0,78.071,0
0,78.0811,0
0,78.0912,0
0,78.1013,0
0,78.1115,0
0,78.1216,0
0,78.1317,0
0,78.1418,0
0,78.1518,0
0,78.1619,0
0,78.1721,0
0,78.1823,1
0,78.1924,1
0,78.2034,1
0,78.2135,0
0,78.2236,0
0,78.2336,0
0,78.2437,0
0,78.2538,0
0,78.2647,0
0,78.2748,0
0,78.2849,0
0,78.2955,0
0,78.3056,0
0,78.3157,0
0,78.3258,0
0,78.3359,0
0,78.346,0
0,78.3561,0
0,78.3661,0
0,78.3762,0
0,78.3874,0
0,78.3975,0
0,78.4076,0
0,78.4177,0
0,78.4277,0
0,78.4378,0
0,78.4479,0
0,78.458,0
0,78.468,0
0,78.4781,0
0,78.4882,0
0,78.4983,0
0,78.5084,0
0,78.5185,0
0,78.5285,0
0,78.5386,0
0,78.5487,0
0,78.5588,0
0,78.5689,0
0,78.5795,0
0,78.5896,0
0,78.5997,0
0,78.6098,0
0,78.6198,0
0,78.6299,0
0,78.64,0
0,78.6501,0
0,78.6602,0
0,78.6702,0
0,78.6804,1
0,78.6918,1
0,78.7019,1
0,78.7121,0
0,78.7231,0
0,78.7331,0
0,78.7435,0
0,78.7536,0
0,78.7646,0
0,78.7747,0
0,78.7848,0
0,78.795,0
0,78.8051,0
0,78.8152,0
0,78.8252,0
0,78.8354,0
0,78.8454,0
0,78.8555,0
0,78.8656,0
0,78.8757,0
0,78.8858,0
0,78.8958,0
0,78.9059,0
0,78.916,0
0,78.9261,0
0,78.9362,0
0,78.9463,0
0,78.9563,0
0,78.9664,0
0,78.9765,0
0,78.9866,0
0,78.9967,0
0,79.0067,0
0,79.0168,0
0,79.0269,0
0,79.037,0
0,79.047,0
0,79.0571,0
0,79.0672,0
0,79.0773,0
0,79.0874,0
0,79.0975,0
0,79.1075,0
0,79.1176,0
0,79.1278,0
0,79.1379,0
0,79.1479,0
0,79.158,0
0,79.1681,0
0,79.1785,0
0,79.1915,1
0,79.2022,1
0,79.2123,1
0,79.2242,1
0,79.2405,0
0,79.2534,0
0,79.265,0
0,79.2751,0
0,79.2852,0
0,79.2954,0
0,79.3055,0
0,79.3156,0
0,79.3258,0
0,79.3361,0
0,79.3461,0
0,79.3562,0
0,79.3663,0
0,79.3764,0
0,79.3865,0
0,79.3966,0
0,79.4066,0
0,79.4167,0
0,79.4268,0
0,79.4369,0
0,79.4469,0
0,79.457,0
0,79.4671,0
0,79.4772,0
0,79.4873,0
0,79.4973,0
0,79.5074,0
0,79.5175,0
0,79.5276,0
0,79.5377,0
0,79.5477,0
0,79.5578,0
0,79.5679,0
0,79.578,0
0,79.5881,0
0,79.5982,0
0,79.6082,0
0,79.6183,0
0,79.6284,0
0,79.6385,0
0,79.6486,0
0,79.6587,0
0,79.6687,0
0,79.6788,0
0,79.6889,1
0,79.7004,1
0,79.7106,1
0,79.7236,1
0,79.7345,0
0,79.7447,0
0,79.7566,0
0,79.7668,0
0,79.778,0
0,79.7881,0
0,79.7982,0
0,79.8084,0
0,79.8185,0
0,79.8286,0
0,79.8387,0
0,79.8488,0
0,79.8589,0
0,79.869,0
0,79.8791,0
0,79.8892,0
0,79.8993,0
0,79.9093,0
0,79.9194,0
0,79.9295,0
0,79.9396,0
0,79.9497,0
0,79.9598,0
0,79.9699,0
0,79.98,0
0,79.99,0
0,80.0001,0
0,80.0102,0
0,80.0203,0
0,80.0304,0
0,80.0405,0
0,80.0505,0
0,80.0606,0
0,80.0707,0
0,80.0808,0
0,80.0909,0
0,80.101,0
0,80.1111,0
0,80.1211,0
0,80.1312,0
0,80.1413,0
0,80.1515,0
0,80.1615,0
0,80.1716,0
0,80.1817,0
0,80.1918,1
0,80.2019,1
0,80.2147,1
0,80.2292,0
0,80.2393,0
0,80.2494,0
0,80.2595,0
0,80.2697,0
0,80.2802,0
0,80.2903,0
0,80.3006,0
0,80.3107,0
0,80.3208,0
0,80.3309,0
0,80.341,0
0,80.3511,0
0,80.3611,0
0,80.3712,0
0,80.3813,0
0,80.3914,0
0,80.4015,0
0,80.4115,0
0,80.4216,0
0,80.4317,0
0,80.4418,0
0,80.452,0
0,80.4621,0
0,80.4722,0
0,80.4823,0
0,80.4923,0
0,80.5024,0
0,80.5126,0
0,80.5226,0
0,80.5327,0
0,80.543,0
0,80.5531,0
0,80.5631,0
0,80.5732,0
0,80.5833,0
0,80.5934,0
0,80.6038,0
0,80.6139,0
0,80.624,0
0,80.6341,0
0,80.6442,0
0,80.6542,0
0,80.6643,0
0,80.6744,0
0,80.6845,0
0,80.6946,1
0,80.7048,1
0,80.7149,1
0,80.725,1
0,80.7351,0
0,80.7465,0
0,80.7566,0
0,80.7667,0
0,80.7791,0
0,80.7891,0
0,80.7993,0
0,80.8094,0
0,80.8194,0
0,80.8295,0
0,80.8396,0
0,80.8497,0
0,80.8598,0
0,80.8699,0
0,80.8801,0
0,80.8902,0
0,80.9003,0
0,80.9103,0
0,80.9204,0
0,80.9305,0
0,80.9406,0
0,80.9507,0
0,80.9607,0
0,80.9708,0
0,80.9809,0
0,80.991,0
0,81.0011,0
0,81.0111,0
0,81.0212,0
0,81.0313,0
0,81.0414,0
0,81.0515,0
0,81.0615,0
0,81.0716,0
0,81.0817,0
0,81.0918,0
0,81.1019,0
0,81.112,0
0,81.122,0
0,81.1321,0
0,81.1422,0
0,81.1523,0
0,81.1624,0
0,81.1725,0
0,81.1826,0
0,81.1929,1
0,81.2035,1
0,81.2139,1
0,81.2239,1
0,81.2348,0
0,81.2449,0
0,81.255,0
0,81.2651,0
0,81.2752,0
0,81.2854,0
0,81.2955,0
0,81.3057,0
0,81.3158,0
0,81.3259,0
0,81.336,0
0,81.3461,0
0,81.3561,0
0,81.3662,0
0,81.3763,0
0,81.3864,0
0,81.3964,0
0,81.4065,0
0,81.4166,0
0,81.4267,0
0,81.4368,0
0,81.4468,0
0,81.4569,0
0,81.467,0
0,81.4771,0
0,81.4872,0
0,81.4972,0
0,81.5073,0
0,81.5174,0
0,81.5275,0
0,81.5376,0
0,81.5477,0
0,81.5578,0
0,81.5679,0
0,81.5779,0
0,81.588,0
0,81.5981,0
0,81.6086,0
0,81.6187,0
0,81.6288,0
0,81.6389,0
0,81.6489,0
0,81.659,0
0,81.6691,0
0,81.6792,0
0,81.6893,0
0,81.6994,1
0,81.7098,1
0,81.7199,1
0,81.7351,0
0,81.746,0
0,81.7561,0
0,81.7662,0
0,81.7763,0
0,81.7864,0
0,81.7966,0
0,81.8067,0
0,81.8168,0
0,81.8269,0
0,81.837,0
0,81.8471,0
0,81.8572,0
0,81.8673,0
0,81.8774,0
0,81.8875,0
0,81.8976,0
0,81.9076,0
0,81.9177,0
0,81.9278,0
0,81.9379,0
0,81.948,0
0,81.9581,0
0,81.9681,0
0,81.9782,0
0,81.9883,0
0,81.9984,0
0,82.0085,0
0,82.0185,0
0,82.0286,0
0,82.0387,0
0,82.0488,0
0,82.0589,0
0,82.069,0
0,82.079,0
0,82.0891,0
0,82.0992,0
0,82.1094,0
0,82.1194,0
0,82.1295,0
0,82.1396,0
0,82.1497,0
0,82.1598,0
0,82.1699,0
0,82.18,0
0,82.1901,0
0,82.2002,1
0,82.2109,1
0,82.2213,1
0,82.2339,1
0,82.2441,1
0,82.255,0
0,82.2653,0
0,82.2754,0
0,82.2855,0
0,82.2957,0
0,82.3069,0
0,82.3171,0
0,82.3275,0
0,82.3376,0
0,82.3477,0
0,82.3578,0
0,82.3679,0
0,82.378,0
0,82.388,0
0,82.3981,0
0,82.4082,0
0,82.4183,0
0,82.4284,0
0,82.4385,0
0,82.4486,0
0,82.4586,0
0,82.4687,0
0,82.4788,0
0,82.4889,0
0,82.499,0
0,82.509,0
0,82.5191,0
0,82.5292,0
0,82.5393,0
0,82.5494,0
0,82.5594,0
0,82.5695,0
0,82.5796,0
0,82.5897,0
0,82.5998,0
0,82.6107,0
0,82.6208,0
0,82.6309,0
0,82.641,0
0,82.6511,0
0,82.6611,0
0,82.6712,0
0,82.6813,0
0,82.6914,0
0,82.7015,1
0,82.7121,1
0,82.7222,1
0,82.7338,0
0,82.7439,0
0,82.7541,0
0,82.7641,0
0,82.7743,0
0,82.7845,0
0,82.7946,0
0,82.8075,0
0,82.8206,0
0,82.8307,0
0,82.8408,0
0,82.8509,0
0,82.861,0
0,82.8711,0
0,82.8812,0
0,82.8912,0
0,82.9013,0
0,82.9123,0
0,82.9224,0
0,82.9325,0
0,82.9426,0
0,82.9527,0
0,82.9628,0
0,82.9728,0
0,82.9829,0
0,82.993,0
0,83.0031,0
0,83.0132,0
0,83.0232,0
0,83.0333,0
0,83.0434,0
0,83.0535,0
0,83.0636,0
0,83.0736,0
0,83.0837,0
0,83.0938,0
0,83.1039,0
0,83.114,0
0,83.1241,0
0,83.1342,0
0,83.1442,0
0,83.1543,0
0,83.1644,0
0,83.1745,0
0,83.1846,0
0,83.1947,0
0,83.2048,1
0,83.2162,1
0,83.2263,1
0,83.2383,0
0,83.2484,0
0,83.2585,0
0,83.2686,0
0,83.2787,0
0,83.2893,0
0,83.2998,0
0,83.31,0
0,83.3206,0
0,83.3307,0
0,83.3409,0
0,83.351,0
0,83.3611,0
0,83.3712,0
0,83.3812,0
0,83.3913,0
0,83.4014,0
0,83.4115,0
0,83.4216,0
0,83.4316,0
0,83.4417,0
0,83.4518,0
0,83.4619,0
0,83.472,0
0,83.4821,0
0,83.4921,0
0,83.5022,0
0,83.5123,0
0,83.5224,0
0,83.5325,0
0,83.5426,0
0,83.5527,0
0,83.5627,0
0,83.5728,0
0,83.5829,0
0,83.593,0
0,83.6031,0
0,83.6132,0
0,83.6234,0
0,83.6334,0
0,83.6435,0
0,83.6536,0
0,83.6637,0
0,83.6738,0
0,83.6839,0
0,83.6939,0
0,83.7043,1
0,83.7144,1
0,83.7246,1
0,83.7355,1
0,83.7456,0
0,83.7557,0
0,83.7658,0
0,83.7759,0
0,83.7861,0
0,83.7965,0
0,83.8092,0
0,83.8193,0
0,83.8295,0
0,83.8396,0
0,83.8496,0
0,83.8597,0
0,83.8698,0
0,83.8799,0
0,83.89,0
0,83.9001,0
0,83.9102,0
0,83.9203,0
0,83.9303,0
0,83.9405,0
0,83.9506,0
0,83.9607,0
0,83.9708,0
0,83.9809,0
0,83.9909,0
0,84.001,0
0,84.0111,0
0,84.0212,0
0,84.0313,0
0,84.0414,0
0,84.0514,0
0,84.0615,0
0,84.0716,0
0,84.0817,0
0,84.0918,0
0,84.1018,0
0,84.112,0
0,84.122,0
0,84.1322,0
0,84.1422,0
0,84.1523,0
0,84.1624,0
0,84.1725,0
0,84.1826,0
0,84.1926,0
0,84.2028,0
0,84.2172,1
0,84.2273,1
0,84.2446,0
0,84.2547,0
0,84.2648,0
0,84.2753,0
0,84.2869,0
0,84.297,0
0,84.3072,0
0,84.3174,0
0,84.3275,0
0,84.3378,0
0,84.3533,0
0,84.3692,0
0,84.3808,0
0,84.3949,0
0,84.4085,0
0,84.4186,0
0,84.4288,0
0,84.4389,0
0,84.449,0
0,84.4591,0
0,84.4693,0
0,84.4806,0
0,84.4907,0
0,84.5009,0
0,84.511,0
0,84.5211,0
0,84.5312,0
0,84.5414,0
0,84.5515,0
0,84.5616,0
0,84.5718,0
0,84.5819,0
0,84.5921,0
0,84.6022,0
0,84.6124,0
0,84.6258,0
0,84.636,0
0,84.6461,0
0,84.6562,0
0,84.6662,0
0,84.6763,0
0,84.6864,0
0,84.6965,0
0,84.7066,0
0,84.721,1
0,84.7311,1
0,84.7447,1
0,84.7548,0
0,84.7648,0
0,84.7749,0
0,84.7862,0
0,84.7973,0
0,84.8074,0
0,84.8175,0
0,84.8303,0
0,84.8404,0
0,84.8505,0
0,84.8606,0
0,84.8707,0
0,84.8809,0
0,84.891,0
0,84.9011,0
0,84.9112,0
0,84.9213,0
0,84.9314,0
0,84.9415,0
0,84.9516,0
0,84.9616,0
0,84.9717,0
0,84.9819,0
0,84.992,0
0,85.0021,0
0,85.0122,0
0,85.0223,0
0,85.0324,0
0,85.0425,0
0,85.0526,0
0,85.0626,0
0,85.0727,0
0,85.0828,0
0,85.0929,0
0,85.103,0
0,85.1131,0
0,85.1232,0
0,85.1333,0
0,85.1434,0
0,85.1535,0
0,85.1636,0
0,85.1737,0
0,85.1838,0
0,85.1939,0
0,85.204,0
0,85.2143,0
0,85.2244,1
0,85.2407,1
0,85.2508,1
0,85.2674,0
0,85.2775,0
0,85.2876,0
0,85.2977,0
0,85.3078,0
0,85.3179,0
0,85.3281,0
0,85.3382,0
0,85.3483,0
0,85.3584,0
0,85.3686,0
0,85.3787,0
0,85.3888,0
0,85.3989,0
0,85.409,0
0,85.4194,0
0,85.4302,0
0,85.4403,0
0,85.4503,0
0,85.4604,0
0,85.4705,0
0,85.4806,0
0,85.4906,0
0,85.5007,0
0,85.5108,0
0,85.5209,0
0,85.531,0
0,85.5411,0
0,85.5511,0
0,85.5612,0
0,85.5713,0
0,85.5814,0
0,85.5915,0
0,85.6016,0
0,85.6116,0
0,85.6217,0
0,85.6318,0
0,85.6419,0
0,85.652,0
0,85.6621,0
0,85.6721,0
0,85.6822,0
0,85.6923,0
0,85.7024,0
0,85.7125,0
0,85.7228,0
0,85.733,1
0,85.7431,1
0,85.7532,1
0,85.7633,0
0,85.7734,0
0,85.7834,0
0,85.7935,0
0,85.8037,0
0,85.8137,0
0,85.829,0
0,85.8391,0
0,85.8492,0
0,85.8593,0
0,85.8694,0
0,85.8795,0
0,85.8896,0
0,85.8997,0
0,85.9098,0
0,85.9198,0
0,85.9299,0
0,85.94,0
0,85.9501,0
0,85.9602,0
0,85.9702,0
0,85.9803,0
0,85.9904,0
0,86.0005,0
0,86.0106,0
0,86.0207,0
0,86.0307,0
0,86.0408,0
0,86.0509,0
0,86.061,0
0,86.0711,0
0,86.0812,0
0,86.0912,0
0,86.1013,0
0,86.1114,0
0,86.1215,0
0,86.1316,0
0,86.1416,0
0,86.1517,0
0,86.1618,0
0,86.1719,0
0,86.182,0
0,86.1921,0
0,86.2022,0
0,86.2123,0
0,86.2223,0
0,86.2327,1
0,86.2434,1
0,86.2535,1
0,86.2636,0
0,86.2737,0
0,86.2838,0
0,86.2944,0
0,86.3045,0
0,86.3146,0
0,86.3247,0
0,86.3348,0
0,86.345,0
0,86.3551,0
0,86.3652,0
0,86.3753,0
0,86.3854,0
0,86.3955,0
0,86.4056,0
0,86.4157,0
0,86.4258,0
0,86.4359,0
0,86.446,0
0,86.4561,0
0,86.4662,0
0,86.4763,0
0,86.4863,0
0,86.4964,0
0,86.5065,0
0,86.5166,0
0,86.5267,0
0,86.5368,0
0,86.5468,0
0,86.5569,0
0,86.567,0
0,86.5771,0
0,86.5872,0
0,86.5972,0
0,86.6073,0
0,86.6174,0
0,86.6275,0
0,86.6376,0
0,86.6476,0
0,86.6577,0
0,86.6678,0
0,86.6779,0
0,86.688,0
0,86.6981,0
0,86.7082,0
0,86.7183,0
0,86.7285,0
0,86.7406,1
0,86.7507,1
0,86.7608,1
0,86.7727,0
0,86.7828,0
0,86.7929,0
0,86.8031,0
0,86.8132,0
0,86.8234,0
0,86.8335,0
0,86.8438,0
0,86.8539,0
0,86.8641,0
0,86.8742,0
0,86.8842,0
0,86.8943,0
0,86.9044,0
0,86.9145,0
0,86.9246,0
0,86.9347,0
0,86.9448,0
0,86.9548,0
0,86.9649,0
0,86.975,0
0,86.9851,0
0,86.9952,0
0,87.0052,0
0,87.0153,0
0,87.0254,0
0,87.0355,0
0,87.0456,0
0,87.0557,0
0,87.0657,0
0,87.0758,0
0,87.0859,0
0,87.096,0
0,87.1061,0
0,87.1162,0
0,87.1262,0
0,87.1363,0
0,87.1464,0
0,87.1565,0
0,87.1666,0
0,87.1766,0
0,87.1867,0
0,87.1968,0
0,87.2069,0
0,87.217,0
0,87.2271,0
0,87.2399,1
0,87.25,1
0,87.2601,1
0,87.273,0
0,87.283,0
0,87.2936,0
0,87.3037,0
0,87.3159,0
0,87.3261,0
0,87.3363,0
0,87.3464,0
0,87.3566,0
0,87.3667,0
0,87.3768,0
0,87.3869,0
0,87.3969,0
0,87.407,0
0,87.4171,0
0,87.4272,0
0,87.4373,0
0,87.4473,0
0,87.4574,0
0,87.4675,0
0,87.4776,0
0,87.4877,0
0,87.4977,0
0,87.5078,0
0,87.5179,0
0,87.528,0
0,87.538,0
0,87.5481,0
0,87.5582,0
0,87.5683,0
0,87.5784,0
0,87.5885,0
0,87.5985,0
0,87.6086,0
0,87.6187,0
0,87.6288,0
0,87.6389,0
0,87.6489,0
0,87.659,0
0,87.6691,0
0,87.6792,0
0,87.6893,0
0,87.6994,0
0,87.7095,0
0,87.7196,0
0,87.7296,0
0,87.7406,1
0,87.7507,1
0,87.763,1
0,87.7747,0
0,87.7851,0
0,87.7953,0
0,87.8054,0
0,87.8169,0
0,87.828,0
0,87.8381,0
0,87.8483,0
0,87.8584,0
0,87.8685,0
0,87.8786,0
0,87.8887,0
0,87.8987,0
0,87.9088,0
0,87.9189,0
0,87.929,0
0,87.9391,0
0,87.9491,0
0,87.9592,0
0,87.9693,0
0,87.9794,0
0,87.9895,0
0,87.9996,0
0,88.0096,0
0,88.0197,0
0,88.0298,0
0,88.0399,0
0,88.05,0
0,88.06,0
0,88.0701,0
0,88.0802,0
0,88.0903,0
0,88.1004,0
0,88.1104,0
0,88.1205,0
0,88.1306,0
0,88.1407,0
0,88.1508,0
0,88.1609,0
0,88.1709,0
0,88.1812,0
0,88.1913,0
0,88.2014,0
0,88.2114,0
0,88.2215,0
0,88.2316,0
0,88.2417,1
0,88.2518,1
0,88.2635,1
0,88.2737,0
0,88.2838,0
0,88.2939,0
0,88.304,0
0,88.3141,0
0,88.3242,0
0,88.3345,0
0,88.3447,0
0,88.3548,0
0,88.3649,0
0,88.375,0
0,88.3885,0
0,88.3986,0
0,88.4086,0
0,88.4187,0
0,88.4288,0
0,88.4389,0
0,88.449,0
0,88.459,0
0,88.4691,0
0,88.4792,0
0,88.4893,0
0,88.4994,0
0,88.5094,0
0,88.5195,0
0,88.5296,0
0,88.5397,0
0,88.5497,0
0,88.5598,0
0,88.5699,0
0,88.58,0
0,88.5901,0
0,88.6002,0
0,88.6102,0
0,88.6203,0
0,88.6304,0
0,88.6405,0
0,88.6505,0
0,88.6606,0
0,88.6707,0
0,88.6808,0
0,88.691,0
0,88.7011,0
0,88.7111,0
0,88.7212,0
0,88.7313,0
0,88.7446,1
0,88.756,1
0,88.7661,1
0,88.7772,1
0,88.7873,0
0,88.7974,0
0,88.8075,0
0,88.8207,0
0,88.8317,0
0,88.8419,0
0,88.8521,0
0,88.8622,0
0,88.8723,0
0,88.8824,0
0,88.8925,0
0,88.9025,0
0,88.9127,0
0,88.9228,0
0,88.9329,0
0,88.9432,0
0,88.9533,0
0,88.9633,0
0,88.9734,0
0,88.9835,0
0,88.9936,0
0,89.0037,0
0,89.0137,0
0,89.0238,0
0,89.0339,0
0,89.044,0
0,89.0541,0
0,89.0641,0
0,89.0742,0
0,89.0843,0
0,89.0944,0
0,89.1045,0
0,89.1146,0
0,89.1246,0
0,89.1347,0
0,89.1448,0
0,89.1549,0
0,89.165,0
0,89.175,0
0,89.1851,0
0,89.1953,0
0,89.2054,0
0,89.2155,0
0,89.2255,0
0,89.2369,0
0,89.2499,1
0,89.2607,1
0,89.2709,1
0,89.2827,1
0,89.2936,0
0,89.3055,0
0,89.3163,0
0,89.3278,0
0,89.3379,0
0,89.348,0
0,89.3583,0
0,89.3687,0
0,89.3789,0
0,89.3893,0
0,89.3994,0
0,89.4095,0
0,89.4196,0
0,89.4296,0
0,89.4397,0
0,89.4498,0
0,89.4599,0
0,89.47,0
0,89.48,0
0,89.4901,0
0,89.5002,0
0,89.5104,0
0,89.5204,0
0,89.5305,0
0,89.5406,0
0,89.5507,0
0,89.5608,0
0,89.5709,0
0,89.5809,0
0,89.591,0
0,89.6011,0
0,89.6112,0
0,89.6213,0
0,89.6313,0
0,89.6414,0
0,89.6515,0
0,89.6616,0
0,89.6717,0
0,89.6817,0
0,89.6918,0
0,89.7019,0
0,89.712,0
0,89.7221,0
0,89.7322,0
0,89.7422,0
0,89.7524,1
0,89.7625,1
0,89.7726,1
0,89.7886,0
0,89.7987,0
0,89.8089,0
0,89.819,0
0,89.8291,0
0,89.8395,0
0,89.8497,0
0,89.8598,0
0,89.8699,0
0,89.88,0
0,89.8901,0
0,89.9002,0
0,89.9103,0
0,89.9203,0
0,89.9304,0
0,89.9405,0
0,89.9506,0
0,89.9607,0
0,89.9708,0
0,89.9808,0
0,89.9909,0
0,90.001,0
0,90.0111,0
0,90.0212,0
0,90.0313,0
0,90.0413,0
0,90.0514,0
0,90.0615,0
0,90.0716,0
0,90.0816,0
0,90.0917,0
0,90.1018,0
0,90.1122,0
0,90.1223,0
0,90.1324,0
0,90.1425,0
0,90.1526,0
0,90.1627,0
0,90.1727,0
0,90.1828,0
0,90.1929,0
0,90.203,0
0,90.2131,0
0,90.2232,0
0,90.2333,0
0,90.2433,0
0,90.2566,1
0,90.2667,1
0,90.2767,1
0,90.2868,0
0,90.2969,0
0,90.307,0
0,90.3171,0
0,90.3272,0
0,90.3373,0
0,90.3475,0
0,90.3576,0
0,90.3678,0
0,90.379,0
0,90.3891,0
0,90.3993,0
0,90.4094,0
0,90.4195,0
0,90.4296,0
0,90.4396,0
0,90.4497,0
0,90.4598,0
0,90.4699,0
0,90.48,0
0,90.4901,0
0,90.5001,0
0,90.5102,0
0,90.5203,0
0,90.5304,0
0,90.5405,0
0,90.5505,0
0,90.5606,0
0,90.5707,0
0,90.5808,0
0,90.5909,0
0,90.601,0
0,90.611,0
0,90.6211,0
0,90.6312,0
0,90.6413,0
0,90.6514,0
0,90.6614,0
0,90.6715,0
0,90.6816,0
0,90.6917,0
0,90.7018,0
0,90.7128,0
0,90.7229,0
0,90.733,0
0,90.7431,0
0,90.7532,1
0,90.7633,1
0,90.7787,1
0,90.789,0
0,90.7991,0
0,90.8099,0
0,90.8199,0
0,90.83,0
0,90.8419,0
0,90.852,0
0,90.8621,0
0,90.8723,0
0,90.8824,0
0,90.8925,0
0,90.9026,0
0,90.9126,0
0,90.9227,0
0,90.9328,0
0,90.9429,0
0,90.953,0
0,90.9631,0
0,90.9731,0
0,90.9832,0
0,90.9933,0
0,91.0034,0
0,91.0135,0
0,91.0235,0
0,91.0336,0
0,91.0437,0
0,91.0538,0
0,91.0639,0
0,91.074,0
0,91.084,0
0,91.0941,0
0,91.1042,0
0,91.1143,0
0,91.1244,0
0,91.1344,0
0,91.1445,0
0,91.1546,0
0,91.1647,0
0,91.1747,0
0,91.1848,0
0,91.1949,0
0,91.205,0
0,91.2154,0
0,91.2255,0
0,91.2355,0
0,91.2456,0
0,91.2557,1
0,91.2659,1
0,91.2761,1
0,91.287,1
0,91.2972,0
0,91.3073,0
0,91.3174,0
0,91.3281,0
0,91.3396,0
0,91.3505,0
0,91.3606,0
0,91.372,0
0,91.3822,0
0,91.3923,0
0,91.4024,0
0,91.4124,0
0,91.423,0
0,91.4331,0
0,91.4432,0
0,91.4533,0
0,91.4634,0
0,91.4735,0
0,91.4836,0
0,91.4937,0
0,91.5037,0
0,91.5138,0
0,91.5239,0
0,91.534,0
0,91.5441,0
0,91.5541,0
0,91.5642,0
0,91.5743,0
0,91.5844,0
0,91.5945,0
0,91.6045,0
0,91.6146,0
0,91.6247,0
0,91.6348,0
0,91.6449,0
0,91.655,0
0,91.6651,0
0,91.6751,0
0,91.6852,0
0,91.6953,0
0,91.7054,0
0,91.7155,0
0,91.7256,0
0,91.7357,0
0,91.7457,0
0,91.7559,0
0,91.7684,1
0,91.7795,1
0,91.7911,1
0,91.8017,0
0,91.8118,0
0,91.822,0
0,91.8321,0
0,91.8461,0
0,91.8562,0
0,91.8663,0
0,91.8764,0
0,91.8865,0
0,91.8966,0
0,91.9067,0
0,91.9168,0
0,91.9269,0
0,91.9369,0
0,91.947,0
0,91.9571,0
0,91.9672,0
0,91.9773,0
0,91.9874,0
0,91.9974,0
0,92.0075,0
0,92.0176,0
0,92.0277,0
0,92.0377,0
0,92.0478,0
0,92.0579,0
0,92.068,0
0,92.0781,0
0,92.0882,0
0,92.0982,0
0,92.1083,0
0,92.1184,0
0,92.1285,0
0,92.1386,0
0,92.1486,0
0,92.1587,0
0,92.1688,0
0,92.1789,0
0,92.189,0
0,92.199,0
0,92.2091,0
0,92.2192,0
0,92.2293,0
0,92.2394,0
0,92.2495,0
0,92.2596,0
0,92.2724,1
0,92.2852,1
0,92.2957,1
0,92.3059,0
0,92.3161,0
0,92.3262,0
0,92.3362,0
0,92.3465,0
0,92.3567,0
0,92.3668,0
0,92.377,0
0,92.3871,0
0,92.3972,0
0,92.4073,0
0,92.4174,0
0,92.4275,0
0,92.4376,0
0,92.4477,0
0,92.4578,0
0,92.4678,0
0,92.4779,0
0,92.488,0
0,92.4981,0
0,92.5082,0
0,92.5183,0
0,92.5283,0
0,92.5384,0
0,92.5485,0
0,92.5586,0
0,92.5687,0
0,92.5787,0
0,92.5888,0
0,92.5989,0
0,92.609,0
0,92.6191,0
0,92.6291,0
0,92.6392,0
0,92.6493,0
0,92.6594,0
0,92.6695,0
0,92.6795,0
0,92.6896,0
0,92.6997,0
0,92.7098,0
0,92.7199,0
0,92.73,0
0,92.7401,0
0,92.7502,0
0,92.7602,0
0,92.7704,1
0,92.7805,1
0,92.7935,1
0,92.8036,1
0,92.814,0
0,92.8241,0
0,92.8342,0
0,92.8472,0
0,92.8574,0
0,92.8675,0
0,92.8776,0
0,92.8877,0
0,92.8979,0
0,92.908,0
0,92.9181,0
0,92.9281,0
0,92.9382,0
0,92.9483,0
0,92.9584,0
0,92.9685,0
0,92.9786,0
0,92.9886,0
0,92.9987,0
0,93.0088,0
0,93.0189,0
0,93.029,0
0,93.039,0
0,93.0491,0
0,93.0592,0
0,93.0693,0
0,93.0794,0
0,93.0894,0
0,93.0995,0
0,93.1096,0
0,93.1197,0
0,93.1298,0
0,93.1399,0
0,93.1499,0
0,93.16,0
0,93.1701,0
0,93.1802,0
0,93.1903,0
0,93.2004,0
0,93.2104,0
0,93.2206,0
0,93.2307,0
0,93.2407,0
0,93.2508,0
0,93.2609,0
0,93.2726,1
0,93.2847,1
0,93.2955,1
0,93.3068,0
0,93.3169,0
0,93.327,0
0,93.3371,0
0,93.3473,0
0,93.3575,0
0,93.3677,0
0,93.3791,0
0,93.3892,0
0,93.3993,0
0,93.4094,0
0,93.4195,0
0,93.4296,0
0,93.4397,0
0,93.4498,0
0,93.4599,0
0,93.47,0
0,93.48,0
0,93.4901,0
0,93.5002,0
0,93.5103,0
0,93.5204,0
0,93.5304,0
0,93.5406,0
0,93.5506,0
0,93.5607,0
0,93.5708,0
0,93.5809,0
0,93.591,0
0,93.601,0
0,93.6111,0
0,93.6212,0
0,93.6313,0
0,93.6414,0
0,93.6515,0
0,93.6615,0
0,93.6716,0
0,93.6817,0
0,93.6918,0
0,93.7019,0
0,93.712,0
0,93.7221,0
0,93.7322,0
0,93.7422,0
0,93.7523,0
0,93.7624,0
0,93.7726,1
0,93.7846,1
0,93.7952,1
0,93.813,0
0,93.823,0
0,93.8331,0
0,93.8432,0
0,93.8533,0
0,93.8635,0
0,93.8737,0
0,93.8838,0
0,93.8958,0
0,93.9059,0
0,93.916,0
0,93.9261,0
0,93.9362,0
0,93.9462,0
0,93.9563,0
0,93.9664,0
0,93.9765,0
0,93.9866,0
0,93.9967,0
0,94.0067,0
0,94.0168,0
0,94.0269,0
0,94.037,0
0,94.0471,0
0,94.0572,0
0,94.0672,0
0,94.0773,0
0,94.0874,0
0,94.0975,0
0,94.1076,0
0,94.1176,0
0,94.1277,0
0,94.1378,0
0,94.1479,0
0,94.158,0
0,94.1681,0
0,94.1781,0
0,94.1882,0
0,94.1983,0
0,94.2084,0
0,94.2185,0
0,94.2287,0
0,94.2388,0
0,94.2489,0
0,94.2591,0
0,94.2692,0
0,94.2797,1
0,94.2898,1
0,94.3056,1
0,94.318,0
0,94.3308,0
0,94.3438,0
0,94.3539,0
0,94.364,0
0,94.3741,0
0,94.3845,0
0,94.3946,0
0,94.4049,0
0,94.415,0
0,94.4251,0
0,94.4351,0
0,94.4452,0
0,94.4553,0
0,94.4654,0
0,94.4755,0
0,94.4856,0
0,94.4957,0
0,94.5058,0
0,94.5158,0
0,94.5259,0
0,94.536,0
0,94.5461,0
0,94.5562,0
0,94.5662,0
0,94.5763,0
0,94.5864,0
0,94.5965,0
0,94.6066,0
0,94.6166,0
0,94.6267,0
0,94.6368,0
0,94.6469,0
0,94.657,0
0,94.6671,0
0,94.6771,0
0,94.6872,0
0,94.6973,0
0,94.7074,0
0,94.7175,0
0,94.7276,0
0,94.7377,0
0,94.7477,0
0,94.7578,0
0,94.7679,0
0,94.778,1
0,94.7883,1
0,94.8002,1
0,94.8128,0
0,94.8228,0
0,94.8335,0
0,94.8437,0
0,94.8547,0
0,94.8648,0
0,94.8749,0
0,94.8851,0
0,94.8952,0
0,94.9053,0
0,94.9154,0
0,94.9255,0
0,94.9355,0
0,94.9456,0
0,94.9557,0
0,94.9658,0
0,94.9759,0
0,94.9865,0
0,94.9965,0
0,95.0066,0
0,95.0167,0
0,95.0268,0
0,95.0369,0
0,95.0469,0
0,95.057,0
0,95.0671,0
0,95.0772,0
0,95.0873,0
0,95.0974,0
0,95.1074,0
0,95.1175,0
0,95.1276,0
0,95.1377,0
0,95.1478,0
0,95.1578,0
0,95.1679,0
0,95.178,0
0,95.1881,0
0,95.1982,0
0,95.2082,0
0,95.2183,0
0,95.2284,0
0,95.2389,0
0,95.249,0
0,95.2591,0
0,95.2692,0
0,95.2813,0
0,95.2935,1
0,95.3084,1
0,95.3246,1
0,95.3347,1
0,95.346,1
0,95.3629,0
0,95.3756,0
0,95.3861,0
0,95.4012,0
0,95.4113,0
0,95.4218,0
0,95.4357,0
0,95.4485,0
0,95.4625,0
0,95.4822,0
0,95.493,0
0,95.5048,0
0,95.515,0
0,95.529,0
0,95.5392,0
0,95.5493,0
0,95.5621,0
0,95.5722,0
0,95.5846,0
0,95.5948,0
0,95.6049,0
0,95.615,0
0,95.6286,0
0,95.6387,0
0,95.6488,0
0,95.6589,0
0,95.6721,0
0,95.6823,0
0,95.6924,0
0,95.7049,0
0,95.7184,0
0,95.7287,0
0,95.7388,0
0,95.749,0
0,95.7591,0
0,95.7726,0
0,95.7828,0
0,95.7928,0
0,95.8034,1
0,95.8136,1
0,95.8238,1
0,95.8375,1
0,95.8476,0
0,95.8577,0
0,95.8678,0
0,95.8806,0
0,95.8907,0
0,95.9008,0
0,95.9109,0
0,95.921,0
0,95.9311,0
0,95.9412,0
0,95.9513,0
0,95.9613,0
0,95.9714,0
0,95.9815,0
0,95.9916,0
0,96.0017,0
0,96.013,0
0,96.0231,0
0,96.0332,0
0,96.0433,0
0,96.0534,0
0,96.0635,0
0,96.0736,0
0,96.0836,0
0,96.0937,0
0,96.1038,0
0,96.1139,0
0,96.124,0
0,96.1341,0
0,96.1442,0
0,96.1542,0
0,96.1643,0
0,96.1744,0
0,96.1845,0
0,96.1946,0
0,96.2047,0
0,96.2147,0
0,96.2248,0
0,96.2349,0
0,96.245,0
0,96.2552,0
0,96.2653,0
0,96.2754,0
0,96.2854,0
0,96.2955,0
0,96.3087,1
0,96.3188,1
0,96.3294,1
0,96.3398,0
0,96.3508,0
0,96.3609,0
0,96.3711,0
0,96.3812,0
0,96.3914,0
0,96.4015,0
0,96.4117,0
0,96.4218,0
0,96.4319,0
0,96.442,0
0,96.4521,0
0,96.4622,0
0,96.4722,0
0,96.4823,0
0,96.4924,0
0,96.5025,0
0,96.5126,0
0,96.5227,0
0,96.5328,0
0,96.5428,0
0,96.5529,0
0,96.563,0
0,96.5731,0
0,96.5832,0
0,96.5933,0
0,96.6034,0
0,96.6134,0
0,96.6235,0
0,96.6336,0
0,96.6437,0
0,96.6538,0
0,96.6638,0
0,96.6739,0
0,96.684,0
0,96.6941,0
0,96.7042,0
0,96.7143,0
0,96.7243,0
0,96.7344,0
0,96.7445,0
0,96.7546,0
0,96.7648,0
0,96.7749,0
0,96.785,0
0,96.7951,0
0,96.8061,1
0,96.8162,1
0,96.8263,1
0,96.837,0
0,96.8471,0
0,96.8572,0
0,96.8682,0
0,96.8806,0
0,96.8915,0
0,96.9017,0
0,96.9118,0
0,96.9219,0
0,96.932,0
0,96.9421,0
0,96.9522,0
0,96.9623,0
0,96.9723,0
0,96.9824,0
0,96.9925,0
0,97.0026,0
0,97.0127,0
0,97.0228,0
0,97.0329,0
0,97.0429,0
0,97.053,0
0,97.0631,0
0,97.0732,0
0,97.0833,0
0,97.0933,0
0,97.1034,0
0,97.1135,0
0,97.1236,0
0,97.1337,0
0,97.1438,0
0,97.1538,0
0,97.1639,0
0,97.174,0
0,97.1841,0
0,97.1942,0
0,97.2042,0
0,97.2143,0
0,97.2244,0
0,97.2345,0
0,97.2446,0
0,97.2546,0
0,97.2647,0
0,97.2748,0
0,97.2849,0
0,97.295,0
0,97.3086,1
0,97.3187,1
0,97.3288,1
0,97.3389,0
0,97.349,0
0,97.3593,0
0,97.3694,0
0,97.3795,0
0,97.3909,0
0,97.4046,0
0,97.4148,0
0,97.4251,0
0,97.4352,0
0,97.4454,0
0,97.4555,0
0,97.4655,0
0,97.4756,0
0,97.4857,0
0,97.4958,0
0,97.5058,0
0,97.5159,0
0,97.526,0
0,97.5361,0
0,97.5462,0
0,97.5563,0
0,97.5664,0
0,97.5765,0
0,97.5866,0
0,97.5966,0
0,97.6067,0
0,97.6168,0
0,97.6269,0
0,97.637,0
0,97.647,0
0,97.6571,0
0,97.6672,0
0,97.6773,0
0,97.6874,0
0,97.6974,0
0,97.7075,0
0,97.7176,0
0,97.7277,0
0,97.7378,0
0,97.7479,0
0,97.7579,0
0,97.7683,0
0,97.7784,0
0,97.7885,0
0,97.7985,0
0,97.8106,1
0,97.821,1
0,97.831,1
0,97.8434,0
0,97.8536,0
0,97.8637,0
0,97.8749,0
0,97.885,0
0,97.8952,0
0,97.9053,0
0,97.9154,0
0,97.9255,0
0,97.9356,0
0,97.9457,0
0,97.9558,0
0,97.9659,0
0,97.976,0
0,97.9861,0
0,97.9961,0
0,98.0062,0
0,98.0163,0
0,98.0264,0
0,98.0365,0
0,98.0466,0
0,98.0566,0
0,98.0667,0
0,98.0768,0
0,98.0869,0
0,98.097,0
0,98.1071,0
0,98.1171,0
0,98.1272,0
0,98.1373,0
0,98.1474,0
0,98.1575,0
0,98.1675,0
0,98.1776,0
0,98.1877,0
0,98.1978,0
0,98.2079,0
0,98.2179,0
0,98.228,0
0,98.2381,0
0,98.2482,0
0,98.2583,0
0,98.2684,0
0,98.2785,0
0,98.2886,0
0,98.2987,0
0,98.3123,1
0,98.3235,1
0,98.3335,1
0,98.3439,0
0,98.354,0
0,98.3646,0
0,98.3748,0
0,98.3849,0
0,98.3951,0
0,98.4052,0
0,98.4153,0
0,98.4254,0
0,98.4355,0
0,98.4456,0
0,98.4557,0
0,98.4658,0
0,98.4759,0
0,98.486,0
0,98.4961,0
0,98.5061,0
0,98.5162,0
0,98.5263,0
0,98.5364,0
0,98.5465,0
0,98.5566,0
0,98.5667,0
0,98.5768,0
0,98.5869,0
0,98.597,0
0,98.607,0
0,98.6171,0
0,98.6272,0
0,98.6373,0
0,98.6474,0
0,98.6574,0
0,98.6675,0
0,98.6776,0
0,98.6877,0
0,98.6978,0
0,98.7078,0
0,98.7179,0
0,98.728,0
0,98.7381,0
0,98.7482,0
0,98.7583,0
0,98.7683,0
0,98.7785,0
0,98.7885,0
0,98.7986,0
0,98.8092,0
0,98.8193,1
0,98.8296,1
0,98.8399,1
0,98.8514,0
0,98.8622,0
0,98.8722,0
0,98.8823,0
0,98.8939,0
0,98.904,0
0,98.9141,0
0,98.9242,0
0,98.9343,0
0,98.9444,0
0,98.9545,0
0,98.9646,0
0,98.9747,0
0,98.9848,0
0,98.9949,0
0,99.005,0
0,99.015,0
0,99.0251,0
0,99.0352,0
0,99.0453,0
0,99.0554,0
0,99.0655,0
0,99.0755,0
0,99.0856,0
0,99.0957,0
0,99.1058,0
0,99.1159,0
0,99.126,0
0,99.1361,0
0,99.1461,0
0,99.1562,0
0,99.1663,0
0,99.1764,0
0,99.1865,0
0,99.1965,0
0,99.2066,0
0,99.2167,0
0,99.2268,0
0,99.2369,0
0,99.2471,0
0,99.2572,0
0,99.2673,0
0,99.2774,0
0,99.2875,0
0,99.2976,0
0,99.3078,0
0,99.3206,1
0,99.3307,1
0,99.3486,0
0,99.3587,0
0,99.3688,0
0,99.382,0
0,99.3921,0
0,99.4022,0
0,99.4124,0
0,99.4225,0
0,99.4326,0
0,99.4427,0
0,99.4528,0
0,99.4629,0
0,99.473,0
0,99.4831,0
0,99.4932,0
0,99.5033,0
0,99.5133,0
0,99.5234,0
0,99.5335,0
0,99.5436,0
0,99.5537,0
0,99.5638,0
0,99.5738,0
0,99.5839,0
0,99.594,0
0,99.6041,0
0,99.6142,0
0,99.6243,0
0,99.6344,0
0,99.6445,0
0,99.6546,0
0,99.6646,0
0,99.6747,0
0,99.6848,0
0,99.6949,0
0,99.7049,0
0,99.715,0
0,99.7251,0
0,99.7352,0
0,99.7453,0
0,99.7554,0
0,99.7655,0
0,99.7755,0
0,99.7856,0
0,99.7957,0
0,99.8058,0
0,99.82,1
0,99.8306,1
0,99.8407,1
0,99.8557,0
0,99.8658,0
0,99.8759,0
0,99.886,0
0,99.8961,0
0,99.9062,0
0,99.9164,0
0,99.9265,0
0,99.9367,0
0,99.9468,0
0,99.9568,0
0,99.9669,0
0,99.977,0
0,99.9871,0
0,99.9972,0
0,100.0072,0
0,100.0173,0
0,100.0274,0
0,100.0375,0
0,100.0476,0
0,100.0576,0
0,100.0677,0
0,100.0778,0
0,100.0879,0
0,100.098,0
0,100.1081,0
0,100.1181,0
0,100.1282,0
0,100.1383,0
0,100.1484,0
0,100.1585,0
0,100.1685,0
0,100.1786,0
0,100.1887,0
0,100.1988,0
0,100.2089,0
0,100.219,0
0,100.229,0
0,100.2391,0
0,100.2492,0
0,100.2593,0
0,100.2694,0
0,100.2794,0
0,100.2896,0
0,100.3,0
0,100.3101,0
0,100.3203,0
0,100.3337,1
0,100.3467,1
0,100.3601,0
0,100.3702,0
0,100.3803,0
0,100.3904,0
0,100.4006,0
0,100.4108,0
0,100.421,0
0,100.4311,0
0,100.4412,0
0,100.4514,0
0,100.4615,0
0,100.4716,0
0,100.4817,0
0,100.4918,0
0,100.5019,0
0,100.512,0
0,100.5221,0
0,100.5322,0
0,100.5423,0
0,100.5524,0
0,100.5625,0
0,100.5726,0
0,100.5827,0
0,100.5928,0
0,100.6029,0
0,100.613,0
0,100.6231,0
0,100.6332,0
0,100.6433,0
0,100.6534,0
0,100.6635,0
0,100.6736,0
0,100.6846,0
0,100.6947,0
0,100.7048,0
0,100.7149,0
0,100.725,0
0,100.7351,0
0,100.7452,0
0,100.7553,0
0,100.7653,0
0,100.7754,0
0,100.7855,0
0,100.7956,0
0,100.8057,0
0,100.8158,0
0,100.8259,0
0,100.8361,1
0,100.8462,1
0,100.8589,1
0,100.8698,1
0,100.8818,0
0,100.8939,0
0,100.904,0
0,100.9141,0
0,100.9242,0
0,100.9343,0
0,100.9445,0
0,100.9546,0
0,100.9647,0
0,100.9748,0
0,100.9849,0
0,100.995,0
0,101.0051,0
0,101.0151,0
0,101.0252,0
0,101.0353,0
0,101.0454,0
0,101.0554,0
0,101.0655,0
0,101.0756,0
0,101.0857,0
0,101.0958,0
0,101.1058,0
0,101.1159,0
0,101.126,0
0,101.1361,0
0,101.1461,0
0,101.1562,0
0,101.1663,0
0,101.1764,0
0,101.1865,0
0,101.1966,0
0,101.2066,0
0,101.2167,0
0,101.2268,0
0,101.2369,0
0,101.247,0
0,101.2571,0
0,101.2671,0
0,101.2772,0
0,101.2873,0
0,101.2974,0
0,101.3075,0
0,101.3176,0
0,101.3277,0
0,101.3407,1
0,101.3508,1
0,101.3618,1
0,101.3722,0
0,101.3827,0
0,101.3928,0
0,101.4029,0
0,101.413,0
0,101.4231,0
0,101.4332,0
0,101.4433,0
0,101.4534,0
0,101.4635,0
0,101.4737,0
0,101.4838,0
0,101.4938,0
0,101.5039,0
0,101.514,0
0,101.5241,0
0,101.5342,0
0,101.5443,0
0,101.5544,0
0,101.5645,0
0,101.5746,0
0,101.5846,0
0,101.5947,0
0,101.6048,0
0,101.6149,0
0,101.625,0
0,101.6351,0
0,101.6452,0
0,101.6553,0
0,101.6654,0
0,101.6754,0
0,101.6855,0
0,101.6956,0
0,101.7057,0
0,101.7158,0
0,101.7258,0
0,101.7359,0
0,101.746,0
0,101.7561,0
0,101.7662,0
0,101.7763,0
0,101.7863,0
0,101.7964,0
0,101.8065,0
0,101.8166,0
0,101.8267,0
0,101.8371,0
0,101.8486,1
0,101.8589,1
0,101.8691,1
0,101.8792,1
0,101.8893,0
0,101.8996,0
0,101.91,0
0,101.9206,0
0,101.9307,0
0,101.9409,0
0,101.951,0
0,101.9612,0
0,101.9713,0
0,101.9813,0
0,101.9914,0
0,102.0015,0
0,102.0116,0
0,102.0217,0
0,102.0317,0
0,102.0418,0
0,102.0519,0
0,102.062,0
0,102.0721,0
0,102.0822,0
0,102.0923,0
0,102.1023,0
0,102.1125,0
0,102.1225,0
0,102.1326,0
0,102.1427,0
0,102.1528,0
0,102.1629,0
0,102.1729,0
0,102.183,0
0,102.1931,0
0,102.2032,0
0,102.2133,0
0,102.2233,0
0,102.2334,0
0,102.2435,0
0,102.2536,0
0,102.2637,0
0,102.2738,0
0,102.2838,0
0,102.2939,0
0,102.304,0
0,102.3141,0
0,102.3245,0
0,102.3346,0
0,102.3462,1
0,102.3567,1
0,102.3668,1
0,102.3783,0
0,102.3883,0
0,102.3984,0
0,102.4086,0
0,102.4246,0
0,102.4347,0
0,102.4449,0
0,102.455,0
0,102.4651,0
0,102.4752,0
0,102.4852,0
0,102.4953,0
0,102.5054,0
0,102.5155,0
0,102.5256,0
0,102.5356,0
0,102.5457,0
0,102.5558,0
0,102.5659,0
0,102.576,0
0,102.5861,0
0,102.5961,0
0,102.6062,0
0,102.6163,0
0,102.6264,0
0,102.6365,0
0,102.6465,0
0,102.6566,0
0,102.6667,0
0,102.6768,0
0,102.6869,0
0,102.697,0
0,102.7071,0
0,102.7172,0
0,102.7272,0
0,102.7373,0
0,102.7474,0
0,102.7575,0
0,102.7676,0
0,102.7777,0
0,102.7877,0
0,102.7978,0
0,102.8079,0
0,102.818,0
0,102.8281,0
0,102.8382,0
0,102.8483,1
0,102.8588,1
0,102.8689,1
0,102.879,0
0,102.889,0
0,102.8997,0
0,102.913,0
0,102.9231,0
0,102.9333,0
0,102.9435,0
0,102.9536,0
0,102.9638,0
0,102.9739,0
0,102.9839,0
0,102.994,0
0,103.0041,0
0,103.0142,0
0,103.0243,0
0,103.0344,0
0,103.0445,0
0,103.0545,0
0,103.0646,0
0,103.0747,0
0,103.0848,0
0,103.0949,0
0,103.1049,0
0,103.115,0
0,103.1251,0
0,103.1352,0
0,103.1453,0
0,103.1553,0
0,103.1654,0
0,103.1755,0
0,103.1856,0
0,103.1957,0
0,103.2058,0
0,103.2158,0
0,103.2259,0
0,103.236,0
0,103.2461,0
0,103.2562,0
0,103.2662,0
0,103.2763,0
0,103.2864,0
0,103.2965,0
0,103.3066,0
0,103.3167,0
0,103.3267,0
0,103.3369,0
0,103.3486,1
0,103.3594,1
0,103.3709,1
0,103.3812,0
0,103.3914,0
0,103.4018,0
0,103.4119,0
0,103.4241,0
0,103.4343,0
0,103.4444,0
0,103.4547,0
0,103.4648,0
0,103.4749,0
0,103.485,0
0,103.4951,0
0,103.5051,0
0,103.5152,0
0,103.5253,0
0,103.5354,0
0,103.5455,0
0,103.5555,0
0,103.5656,0
0,103.5757,0
0,103.5858,0
0,103.5959,0
0,103.606,0
0,103.616,0
0,103.6261,0
0,103.6362,0
0,103.6463,0
0,103.6564,0
0,103.6665,0
0,103.6766,0
0,103.6867,0
0,103.6968,0
0,103.7069,0
0,103.7169,0
0,103.727,0
0,103.7371,0
0,103.7472,0
0,103.7573,0
0,103.7674,0
0,103.7774,0
0,103.7875,0
0,103.7976,0
0,103.8077,0
0,103.8178,0
0,103.8278,0
0,103.8382,0
0,103.8482,0
0,103.8609,1
0,103.8711,1
0,103.8812,1
0,103.8912,0
0,103.9022,0
0,103.9123,0
0,103.9224,0
0,103.9325,0
0,103.9436,0
0,103.9542,0
0,103.967,0
0,103.9771,0
0,103.9872,0
0,103.9973,0
0,104.0074,0
0,104.0175,0
0,104.0276,0
0,104.0377,0
0,104.0477,0
0,104.0578,0
0,104.0679,0
0,104.078,0
0,104.0881,0
0,104.0982,0
0,104.1083,0
0,104.1183,0
0,104.1284,0
0,104.1385,0
0,104.1486,0
0,104.1587,0
0,104.1688,0
0,104.1788,0
0,104.1889,0
0,104.199,0
0,104.2091,0
0,104.2192,0
0,104.2293,0
0,104.2394,0
0,104.2496,0
0,104.2597,0
0,104.2698,0
0,104.28,0
0,104.2902,0
0,104.3003,0
0,104.3104,0
0,104.3204,0
0,104.3305,0
0,104.3406,0
0,104.3507,0
0,104.3638,1
0,104.3739,1
0,104.3839,1
0,104.3943,0
0,104.4044,0
0,104.4145,0
0,104.4246,0
0,104.4352,0
0,104.4453,0
0,104.4554,0
0,104.4656,0
0,104.4758,0
0,104.4859,0
0,104.4961,0
0,104.5064,0
0,104.5165,0
0,104.5265,0
0,104.5366,0
0,104.5467,0
0,104.5568,0
0,104.5669,0
0,104.577,0
0,104.587,0
0,104.5971,0
0,104.6072,0
0,104.6173,0
0,104.6274,0
0,104.6375,0
0,104.6476,0
0,104.6576,0
0,104.6677,0
0,104.6778,0
0,104.6879,0
0,104.698,0
0,104.7081,0
0,104.7182,0
0,104.7283,0
0,104.7384,0
0,104.7484,0
0,104.7585,0
0,104.7686,0
0,104.7787,0
0,104.7888,0
0,104.7988,0
0,104.8089,0
0,104.819,0
0,104.8291,0
0,104.8392,0
0,104.8493,0
0,104.8646,1
0,104.8747,1
0,104.8848,1
0,104.8949,0
0,104.905,0
0,104.9152,0
0,104.9253,0
0,104.9354,0
0,104.9456,0
0,104.9566,0
0,104.9667,0
0,104.9769,0
0,104.987,0
0,104.9971,0
0,105.0072,0
0,105.0173,0
0,105.0274,0
0,105.0375,0
0,105.0476,0
0,105.0577,0
0,105.0677,0
0,105.0778,0
0,105.0879,0
0,105.098,0
0,105.109,0
0,105.1191,0
0,105.1292,0
0,105.1392,0
0,105.1493,0
0,105.1594,0
0,105.1695,0
0,105.1796,0
0,105.1896,0
0,105.1997,0
0,105.2098,0
0,105.2199,0
0,105.23,0
0,105.24,0
0,105.2501,0
0,105.2602,0
0,105.2703,0
0,105.2804,0
0,105.2905,0
0,105.3006,0
0,105.3107,0
0,105.3208,0
0,105.3309,0
0,105.341,0
0,105.3511,0
0,105.3646,1
0,105.3747,1
0,105.3886,1
0,105.3986,0
0,105.4127,0
0,105.4247,0
0,105.4347,0
0,105.4449,0
0,105.455,0
0,105.4652,0
0,105.4753,0
0,105.4854,0
0,105.4955,0
0,105.5056,0
0,105.5157,0
0,105.5257,0
0,105.5358,0
0,105.5459,0
0,105.556,0
0,105.5661,0
0,105.5761,0
0,105.5862,0
0,105.5963,0
0,105.6064,0
0,105.6165,0
0,105.6266,0
0,105.6367,0
0,105.6467,0
0,105.6568,0
0,105.6669,0
0,105.677,0
0,105.6871,0
0,105.6972,0
0,105.7074,0
0,105.7175,0
0,105.7276,0
0,105.7377,0
0,105.7478,0
0,105.7578,0
0,105.7679,0
0,105.778,0
0,105.7881,0
0,105.7982,0
0,105.8082,0
0,105.8183,0
0,105.8284,0
0,105.8385,0
0,105.8486,0
0,105.8587,0
0,105.8693,0
0,105.8794,1
0,105.8906,1
0,105.9008,1
0,105.9207,0
0,105.9403,0
0,105.9529,0
0,105.9645,0
0,105.9746,0
0,105.9849,0
0,105.9951,0
0,106.0052,0
0,106.0154,0
0,106.0255,0
0,106.0356,0
0,106.0457,0
0,106.0558,0
0,106.0659,0
0,106.076,0
0,106.0861,0
0,106.0961,0
0,106.1062,0
0,106.1163,0
0,106.1264,0
0,106.1365,0
0,106.1466,0
0,106.1566,0
0,106.1667,0
0,106.1768,0
0,106.1869,0
0,106.197,0
0,106.207,0
0,106.2171,0
0,106.2272,0
0,106.2373,0
0,106.2474,0
0,106.2575,0
0,106.2675,0
0,106.2776,0
0,106.2877,0
0,106.2978,0
0,106.3079,0
0,106.318,0
0,106.3281,0
0,106.3381,0
0,106.3482,0
0,106.3583,0
0,106.3684,0
0,106.3785,0
0,106.39,1
0,106.4007,1
0,106.4109,1
0,106.4211,0
0,106.4313,0
0,106.4414,0
0,106.4516,0
0,106.4617,0
0,106.4727,0
0,106.483,0
0,106.4944,0
0,106.5045,0
0,106.5146,0
0,106.5247,0
0,106.5347,0
0,106.5448,0
0,106.5549,0
0,106.565,0
0,106.5751,0
0,106.5852,0
0,106.5952,0
0,106.6053,0
0,106.6154,0
0,106.6255,0
0,106.6356,0
0,106.6457,0
0,106.6558,0
0,106.6658,0
0,106.6759,0
0,106.686,0
0,106.6961,0
0,106.7062,0
0,106.7164,0
0,106.7265,0
0,106.7366,0
0,106.7466,0
0,106.7567,0
0,106.7668,0
0,106.7769,0
0,106.787,0
0,106.797,0
0,106.8071,0
0,106.8172,0
0,106.8273,0
0,106.8374,0
0,106.8475,0
0,106.8575,0
0,106.8676,0
0,106.8777,0
0,106.8879,1
0,106.8997,1
0,106.9098,1
0,106.926,0
0,106.9361,0
0,106.9462,0
0,106.9563,0
0,106.9664,0
0,106.9766,0
0,106.9867,0
0,106.9968,0
0,107.0069,0
0,107.017,0
0,107.0271,0
0,107.0372,0
0,107.0472,0
0,107.0573,0
0,107.0674,0
0,107.0775,0
0,107.0876,0
0,107.0977,0
0,107.1077,0
0,107.1178,0
0,107.1279,0
0,107.138,0
0,107.1481,0
0,107.1581,0
0,107.1682,0
0,107.1783,0
0,107.1884,0
0,107.1984,0
0,107.2085,0
0,107.2186,0
0,107.2287,0
0,107.2388,0
0,107.2489,0
0,107.2589,0
0,107.269,0
0,107.2791,0
0,107.2892,0
0,107.2993,0
0,107.3093,0
0,107.3194,0
0,107.3295,0
0,107.3396,0
0,107.3497,0
0,107.3598,0
0,107.3698,0
0,107.38,0
0,107.3901,1
0,107.4003,1
0,107.4109,1
0,107.4224,1
0,107.433,0
0,107.4431,0
0,107.4536,0
0,107.4641,0
0,107.4755,0
0,107.4864,0
0,107.4966,0
0,107.5067,0
0,107.5174,0
0,107.5275,0
0,107.5376,0
0,107.5477,0
0,107.5577,0
0,107.5678,0
0,107.5779,0
0,107.588,0
0,107.5981,0
0,107.6082,0
0,107.6182,0
0,107.6283,0
0,107.6384,0
0,107.6485,0
0,107.6586,0
0,107.6687,0
0,107.6787,0
0,107.6888,0
0,107.6989,0
0,107.709,0
0,107.7198,0
0,107.7299,0
0,107.74,0
0,107.7501,0
0,107.7602,0
0,107.7703,0
0,107.7804,0
0,107.7904,0
0,107.8005,0
0,107.8106,0
0,107.8207,0
0,107.8308,0
0,107.8409,0
0,107.851,0
0,107.861,0
0,107.8711,0
0,107.8812,0
0,107.8914,1
0,107.9028,1
0,107.9132,1
0,107.9239,1
0,107.9341,0
0,107.9442,0
0,107.9545,0
0,107.9646,0
0,107.9747,0
0,107.9871,0
0,107.9972,0
0,108.0073,0
0,108.0174,0
0,108.0275,0
0,108.0376,0
0,108.0476,0
0,108.0577,0
0,108.0678,0
0,108.0779,0
0,108.088,0
0,108.0981,0
0,108.1081,0
0,108.1182,0
0,108.1283,0
0,108.1384,0
0,108.1485,0
0,108.1586,0
0,108.1687,0
0,108.1787,0
0,108.1888,0
0,108.1989,0
0,108.209,0
0,108.2191,0
0,108.2291,0
0,108.2392,0
0,108.2493,0
0,108.2594,0
0,108.2695,0
0,108.2796,0
0,108.2896,0
0,108.2997,0
0,108.3098,0
0,108.3199,0
0,108.33,0
0,108.3401,0
0,108.3501,0
0,108.3602,0
0,108.3703,0
0,108.3804,0
0,108.3914,0
0,108.4027,1
0,108.4128,1
0,108.4236,1
0,108.4348,0
0,108.4449,0
0,108.455,0
0,108.4676,0
0,108.4783,0
0,108.4884,0
0,108.4987,0
0,108.5126,0
0,108.5231,0
0,108.5332,0
0,108.5433,0
0,108.5533,0
0,108.5634,0
0,108.5735,0
0,108.5836,0
0,108.5937,0
0,108.6037,0
0,108.6138,0
0,108.6239,0
0,108.634,0
0,108.6441,0
0,108.6542,0
0,108.6643,0
0,108.6743,0
0,108.6844,0
0,108.6945,0
0,108.7046,0
0,108.7147,0
0,108.7256,0
0,108.7357,0
0,108.7458,0
0,108.7559,0
0,108.766,0
0,108.7761,0
0,108.7862,0
0,108.7962,0
0,108.8063,0
0,108.8164,0
0,108.8265,0
0,108.8366,0
0,108.8467,0
0,108.8567,0
0,108.8668,0
0,108.8769,0
0,108.887,0
0,108.8971,1
0,108.9072,1
0,108.9176,1
0,108.9316,1
0,108.9417,0
0,108.9518,0
0,108.9619,0
0,108.972,0
0,108.9822,0
0,108.9924,0
0,109.0025,0
0,109.0126,0
0,109.0227,0
0,109.0328,0
0,109.0429,0
0,109.053,0
0,109.063,0
0,109.0731,0
0,109.0832,0
0,109.0933,0
0,109.1034,0
0,109.1135,0
0,109.1235,0
0,109.1336,0
0,109.1437,0
0,109.1538,0
0,109.1639,0
0,109.174,0
0,109.1841,0
0,109.1941,0
0,109.2042,0
0,109.2143,0
0,109.2244,0
0,109.2345,0
0,109.2446,0
0,109.2547,0
0,109.2649,0
0,109.275,0
0,109.2851,0
0,109.2952,0
0,109.3053,0
0,109.3155,0
0,109.3265,0
0,109.3365,0
0,109.3466,0
0,109.3567,0
0,109.3668,0
0,109.3769,0
0,109.3869,0
0,109.397,0
0,109.4105,1
0,109.4213,1
0,109.4313,1
0,109.4415,0
0,109.4516,0
0,109.4617,0
0,109.4718,0
0,109.4819,0
0,109.4924,0
0,109.5025,0
0,109.5126,0
0,109.5227,0
0,109.5329,0
0,109.543,0
0,109.5531,0
0,109.5631,0
0,109.5732,0
0,109.5833,0
0,109.5934,0
0,109.6035,0
0,109.6135,0
0,109.6236,0
0,109.6337,0
0,109.6438,0
0,109.6539,0
0,109.6639,0
0,109.674,0
0,109.6841,0
0,109.6942,0
0,109.7043,0
0,109.7144,0
0,109.7245,0
0,109.7345,0
0,109.7446,0
0,109.7547,0
0,109.7648,0
0,109.7749,0
0,109.785,0
0,109.7951,0
0,109.8052,0
0,109.8153,0
0,109.8253,0
0,109.8354,0
0,109.8455,0
0,109.8556,0
0,109.8657,0
0,109.8757,0
0,109.8858,0
0,109.8959,0
0,109.906,1
0,109.9161,1
0,109.9263,1
0,109.9371,1
0,109.9476,0
0,109.9577,0
0,109.9678,0
0,109.9779,0
0,109.988,0
0,109.9982,0
0,110.0083,0
0,110.0185,0
0,110.0286,0
0,110.0387,0
0,110.0488,0
0,110.0589,0
0,110.069,0
0,110.0791,0
0,110.0891,0
0,110.0992,0
0,110.1093,0
0,110.1194,0
0,110.1295,0
0,110.1395,0
0,110.1496,0
0,110.1597,0
0,110.1698,0
0,110.1799,0
0,110.19,0
0,110.2,0
0,110.2101,0
0,110.2202,0
0,110.2303,0
0,110.2404,0
0,110.2504,0
0,110.2605,0
0,110.2706,0
0,110.2807,0
0,110.2908,0
0,110.3008,0
0,110.3109,0
0,110.3214,0
0,110.3315,0
0,110.3415,0
0,110.3516,0
0,110.3617,0
0,110.3718,0
0,110.3819,0
0,110.3919,0
0,110.402,0
0,110.4121,1
0,110.4231,1
0,110.4347,1
0,110.4456,0
0,110.4557,0
0,110.4657,0
0,110.4759,0
0,110.4861,0
0,110.4962,0
0,110.5064,0
0,110.5166,0
0,110.5286,0
0,110.5388,0
0,110.5489,0
0,110.559,0
0,110.5691,0
0,110.5791,0
0,110.5892,0
0,110.5993,0
0,110.6094,0
0,110.6194,0
0,110.6295,0
0,110.6396,0
0,110.6496,0
0,110.6597,0
0,110.6698,0
0,110.6799,0
0,110.69,0
0,110.7001,0
0,110.7102,0
0,110.7202,0
0,110.7303,0
0,110.7404,0
0,110.7505,0
0,110.7606,0
0,110.7707,0
0,110.7807,0
0,110.7908,0
0,110.8009,0
0,110.811,0
0,110.8211,0
0,110.8312,0
0,110.8413,0
0,110.8514,0
0,110.8615,0
0,110.8716,0
0,110.8816,0
0,110.8917,0
0,110.9018,0
0,110.9119,1
0,110.922,1
0,110.9328,1
0,110.9431,1
0,110.9537,0
0,110.9638,0
0,110.9739,0
0,110.984,0
0,110.9942,0
0,111.0043,0
0,111.0159,0
0,111.026,0
0,111.0362,0
0,111.0463,0
0,111.0564,0
0,111.0665,0
0,111.0766,0
0,111.0868,0
0,111.0969,0
0,111.1069,0
0,111.117,0
0,111.1271,0
0,111.1372,0
0,111.1473,0
0,111.1574,0
0,111.1674,0
0,111.1775,0
0,111.1876,0
0,111.1977,0
0,111.2078,0
0,111.2178,0
0,111.2279,0
0,111.238,0
0,111.2481,0
0,111.2582,0
0,111.2683,0
0,111.2783,0
0,111.2884,0
0,111.2985,0
0,111.3086,0
0,111.3187,0
0,111.3288,0
0,111.3388,0
0,111.3489,0
0,111.359,0
0,111.3691,0
0,111.3792,0
0,111.3892,0
0,111.3993,0
0,111.4095,0
0,111.42,1
0,111.4326,1
0,111.4427,1
0,111.4528,0
0,111.4628,0
0,111.4729,0
0,111.483,0
0,111.4932,0
0,111.5033,0
0,111.5134,0
0,111.5239,0
0,111.534,0
0,111.5441,0
0,111.5542,0
0,111.5642,0
0,111.5743,0
0,111.5844,0
0,111.5945,0
0,111.6046,0
0,111.6146,0
0,111.6247,0
0,111.6348,0
0,111.6449,0
0,111.655,0
0,111.665,0
0,111.6751,0
0,111.6852,0
0,111.6953,0
0,111.7054,0
0,111.7155,0
0,111.7255,0
0,111.7356,0
0,111.7457,0
0,111.7558,0
0,111.7659,0
0,111.776,0
0,111.786,0
0,111.7961,0
0,111.8062,0
0,111.8164,0
0,111.8264,0
0,111.8365,0
0,111.8466,0
0,111.8567,0
0,111.8667,0
0,111.8768,0
0,111.8869,0
0,111.897,0
0,111.9071,0
0,111.9199,1
0,111.93,1
0,111.9401,1
0,111.9548,1
0,111.9664,0
0,111.9766,0
0,111.9867,0
0,111.9968,0
0,112.0069,0
0,112.017,0
0,112.0272,0
0,112.0373,0
0,112.0474,0
0,112.0575,0
0,112.0676,0
0,112.0776,0
0,112.0877,0
0,112.0978,0
0,112.1079,0
0,112.118,0
0,112.1281,0
0,112.1381,0
0,112.1482,0
0,112.1583,0
0,112.1684,0
0,112.1785,0
0,112.1885,0
0,112.1986,0
0,112.2087,0
0,112.2188,0
0,112.2289,0
0,112.2389,0
0,112.249,0
0,112.2591,0
0,112.2692,0
0,112.2793,0
0,112.2894,0
0,112.2994,0
0,112.3095,0
0,112.3196,0
0,112.3297,0
0,112.3398,0
0,112.3499,0
0,112.3599,0
0,112.37,0
0,112.3801,0
0,112.3902,0
0,112.4003,0
0,112.4103,0
0,112.4205,1
0,112.432,1
0,112.4421,1
0,112.4522,1
0,112.4628,0
0,112.4734,0
0,112.4835,0
0,112.4937,0
0,112.5066,0
0,112.5167,0
0,112.5268,0
0,112.5369,0
0,112.549,0
0,112.5591,0
0,112.5692,0
0,112.5793,0
0,112.5894,0
0,112.5994,0
0,112.6095,0
0,112.6196,0
0,112.6297,0
0,112.6398,0
0,112.6499,0
0,112.6599,0
0,112.67,0
0,112.6801,0
0,112.6902,0
0,112.7003,0
0,112.7104,0
0,112.7204,0
0,112.7305,0
0,112.7406,0
0,112.7507,0
0,112.7608,0
0,112.7709,0
0,112.781,0
0,112.791,0
0,112.8011,0
0,112.8112,0
0,112.8214,0
0,112.8315,0
0,112.8416,0
0,112.8517,0
0,112.8617,0
0,112.8718,0
0,112.8819,0
0,112.892,0
0,112.9021,0
0,112.9122,0
0,112.9246,1
0,112.9363,1
0,112.9464,1
0,112.9606,1
0,112.9708,0
0,112.9833,0
0,112.9934,0
0,113.0036,0
0,113.0138,0
0,113.0239,0
0,113.0341,0
0,113.0442,0
0,113.0543,0
0,113.0644,0
0,113.0745,0
0,113.0846,0
0,113.0946,0
0,113.1047,0
0,113.1148,0
0,113.1249,0
0,113.135,0
0,113.1451,0
0,113.1552,0
0,113.1653,0
0,113.1753,0
0,113.1854,0
0,113.1955,0
0,113.2056,0
0,113.2156,0
0,113.2257,0
0,113.2358,0
0,113.2459,0
0,113.256,0
0,113.2661,0
0,113.2762,0
0,113.2862,0
0,113.2963,0
0,113.3064,0
0,113.3165,0
0,113.3266,0
0,113.3366,0
0,113.3467,0
0,113.3568,0
0,113.3669,0
0,113.377,0
0,113.387,0
0,113.3971,0
0,113.4072,0
0,113.4173,0
0,113.4276,1
0,113.4389,1
0,113.4535,0
0,113.4647,0
0,113.4753,0
0,113.4854,0
0,113.4955,0
0,113.5056,0
0,113.5158,0
0,113.526,0
0,113.5361,0
0,113.5462,0
0,113.5571,0
0,113.5672,0
0,113.5773,0
0,113.5874,0
0,113.5975,0
0,113.6075,0
0,113.6176,0
0,113.6277,0
0,113.6378,0
0,113.6479,0
0,113.6579,0
0,113.668,0
0,113.6781,0
0,113.6882,0
0,113.6983,0
0,113.7083,0
0,113.7184,0
0,113.7285,0
0,113.7386,0
0,113.7487,0
0,113.7588,0
0,113.7688,0
0,113.7789,0
0,113.789,0
0,113.7991,0
0,113.8091,0
0,113.8192,0
0,113.8293,0
0,113.8394,0
0,113.8495,0
0,113.8596,0
0,113.8697,0
0,113.8798,0
0,113.8898,0
0,113.8999,0
0,113.91,0
0,113.9201,0
0,113.931,1
0,113.942,1
0,113.9523,1
0,113.9653,0
0,113.9754,0
0,113.9855,0
0,113.9956,0
0,114.0058,0
0,114.0166,0
0,114.0267,0
0,114.0368,0
0,114.0486,0
0,114.0587,0
0,114.0688,0
0,114.0789,0
0,114.089,0
0,114.099,0
0,114.1091,0
0,114.1192,0
0,114.1293,0
0,114.1394,0
0,114.1494,0
0,114.1595,0
0,114.1696,0
0,114.1797,0
0,114.1898,0
0,114.1998,0
0,114.2099,0
0,114.22,0
0,114.2301,0
0,114.2402,0
0,114.2503,0
0,114.2605,0
0,114.2706,0
0,114.2807,0
0,114.2908,0
0,114.3009,0
0,114.311,0
0,114.3211,0
0,114.3312,0
0,114.3413,0
0,114.3513,0
0,114.3614,0
0,114.3715,0
0,114.3816,0
0,114.3917,0
0,114.4018,0
0,114.4118,0
0,114.4219,0
0,114.4342,1
0,114.4454,1
0,114.4558,1
0,114.4686,0
0,114.4787,0
0,114.4888,0
0,114.4989,0
0,114.5091,0
0,114.5205,0
0,114.5306,0
0,114.5407,0
0,114.5509,0
0,114.5662,0
0,114.5827,0
0,114.5928,0
0,114.6029,0
0,114.6131,0
0,114.6232,0
0,114.6333,0
0,114.6434,0
0,114.6536,0
0,114.6646,0
0,114.6747,0
0,114.6848,0
0,114.695,0
0,114.7086,0
0,114.7188,0
0,114.7294,0
0,114.7395,0
0,114.7496,0
0,114.7598,0
0,114.7699,0
0,114.78,0
0,114.7902,0
0,114.8016,0
0,114.8169,0
0,114.8269,0
0,114.837,0
0,114.8471,0
0,114.8572,0
0,114.8673,0
0,114.8774,0
0,114.8874,0
0,114.8975,0
0,114.9076,0
0,114.9177,0
0,114.9278,0
0,114.9381,1
0,114.9486,1
0,114.9589,1
0,114.9777,0
0,114.9878,0
0,114.9979,0
0,115.0081,0
0,115.0207,0
0,115.0308,0
0,115.0422,0
0,115.0523,0
0,115.0625,0
0,115.0726,0
0,115.0826,0
0,115.0927,0
0,115.1028,0
0,115.1129,0
0,115.123,0
0,115.133,0
0,115.1431,0
0,115.1532,0
0,115.1642,0
0,115.1742,0
0,115.1843,0
0,115.1944,0
0,115.2045,0
0,115.2145,0
0,115.2246,0
0,115.2347,0
0,115.2448,0
0,115.2548,0
0,115.2649,0
0,115.275,0
0,115.2851,0
0,115.2952,0
0,115.3053,0
0,115.3154,0
0,115.326,0
0,115.3361,0
0,115.3462,0
0,115.3563,0
0,115.3664,0
0,115.3764,0
0,115.3865,0
0,115.3966,0
0,115.4067,0
0,115.4168,0
0,115.4268,0
0,115.4391,1
0,115.4493,1
0,115.4595,1
0,115.4732,0
0,115.4834,0
0,115.4935,0
0,115.5037,0
0,115.5139,0
0,115.5241,0
0,115.5342,0
0,115.5444,0
0,115.5545,0
0,115.565,0
0,115.5751,0
0,115.5852,0
0,115.5953,0
0,115.6053,0
0,115.6154,0
0,115.6255,0
0,115.6356,0
0,115.6457,0
0,115.6557,0
0,115.6658,0
0,115.6759,0
0,115.686,0
0,115.6961,0
0,115.7062,0
0,115.7163,0
0,115.7263,0
0,115.7364,0
0,115.7465,0
0,115.7566,0
0,115.7669,0
0,115.777,0
0,115.7871,0
0,115.7972,0
0,115.8072,0
0,115.8173,0
0,115.8274,0
0,115.8375,0
0,115.8476,0
0,115.8576,0
0,115.8678,0
0,115.8779,0
0,115.888,0
0,115.898,0
0,115.9081,0
0,115.9182,0
0,115.9283,0
0,115.9385,1
0,115.9519,1
0,115.962,1
0,115.9802,1
0,115.9903,0
0,116.0004,0
0,116.0126,0
0,116.0227,0
0,116.0328,0
0,116.043,0
0,116.0531,0
0,116.0632,0
0,116.0733,0
0,116.0834,0
0,116.0935,0
0,116.1036,0
0,116.1137,0
0,116.1238,0
0,116.1339,0
0,116.144,0
0,116.154,0
0,116.1641,0
0,116.1742,0
0,116.1843,0
0,116.1944,0
0,116.2045,0
0,116.2146,0
0,116.2247,0
0,116.2348,0
0,116.2449,0
0,116.255,0
0,116.265,0
0,116.2752,0
0,116.2852,0
0,116.2953,0
0,116.3054,0
0,116.3155,0
0,116.3256,0
0,116.3357,0
0,116.3458,0
0,116.3559,0
0,116.366,0
0,116.3761,0
0,116.3862,0
0,116.3963,0
0,116.4064,0
0,116.4165,0
0,116.4266,0
0,116.4406,1
0,116.4507,1
0,116.4618,1
0,116.474,0
0,116.4842,0
0,116.4943,0
0,116.5045,0
0,116.5146,0
0,116.5247,0
0,116.5355,0
0,116.5462,0
0,116.5563,0
0,116.5664,0
0,116.5765,0
0,116.5866,0
0,116.5967,0
0,116.6068,0
0,116.6169,0
0,116.6269,0
0,116.637,0
0,116.6471,0
0,116.6572,0
0,116.6673,0
0,116.6773,0
0,116.6874,0
0,116.6975,0
0,116.7076,0
0,116.7177,0
0,116.7277,0
0,116.7378,0
0,116.7479,0
0,116.758,0
0,116.7681,0
0,116.7781,0
0,116.7882,0
0,116.7983,0
0,116.8084,0
0,116.8185,0
0,116.8286,0
0,116.8386,0
0,116.8487,0
0,116.8588,0
0,116.8689,0
0,116.879,0
0,116.8902,0
0,116.9003,0
0,116.9103,0
0,116.9204,0
0,116.9305,0
0,116.942,1
0,116.9528,1
0,116.9629,1
0,116.9739,1
0,116.9965,0
0,117.0066,0
0,117.0167,0
0,117.0275,0
0,117.0384,0
0,117.0486,0
0,117.0587,0
0,117.0688,0
0,117.0789,0
0,117.089,0
0,117.0991,0
0,117.1092,0
0,117.1193,0
0,117.1294,0
0,117.1394,0
0,117.1495,0
0,117.1596,0
0,117.1697,0
0,117.1797,0
0,117.1898,0
0,117.1999,0
0,117.21,0
0,117.2201,0
0,117.2302,0
0,117.2402,0
0,117.2503,0
0,117.2604,0
0,117.2705,0
0,117.2806,0
0,117.2907,0
0,117.3007,0
0,117.3108,0
0,117.3209,0
0,117.331,0
0,117.3411,0
0,117.3512,0
0,117.3612,0
0,117.3713,0
0,117.3814,0
0,117.3915,0
0,117.4016,0
0,117.4116,0
0,117.4217,0
0,117.4318,0
0,117.4431,1
0,117.4547,1
0,117.4648,1
0,117.4812,0
0,117.4914,0
0,117.5015,0
0,117.5116,0
0,117.5218,0
0,117.5319,0
0,117.542,0
0,117.5521,0
0,117.5623,0
0,117.5723,0
0,117.5824,0
0,117.5926,0
0,117.6027,0
0,117.6127,0
0,117.6228,0
0,117.6329,0
0,117.643,0
0,117.653,0
0,117.6631,0
0,117.6732,0
0,117.6833,0
0,117.6934,0
0,117.7034,0
0,117.7136,0
0,117.7236,0
0,117.7337,0
0,117.7438,0
0,117.7539,0
0,117.764,0
0,117.774,0
0,117.7841,0
0,117.7942,0
0,117.8043,0
0,117.8144,0
0,117.8245,0
0,117.8346,0
0,117.8446,0
0,117.8547,0
0,117.8648,0
0,117.8749,0
0,117.885,0
0,117.895,0
0,117.9052,0
0,117.9153,0
0,117.9254,0
0,117.9354,0
0,117.9456,1
0,117.9557,1
0,117.9658,1
0,117.9771,1
0,117.9977,0
0,118.0078,0
0,118.0178,0
0,118.028,0
0,118.0381,0
0,118.0483,0
0,118.0584,0
0,118.0686,0
0,118.0787,0
0,118.0888,0
0,118.0989,0
0,118.109,0
0,118.1191,0
0,118.1292,0
0,118.1392,0
0,118.1493,0
0,118.1594,0
0,118.1695,0
0,118.1796,0
0,118.1896,0
0,118.1997,0
0,118.2098,0
0,118.2199,0
0,118.23,0
0,118.2401,0
0,118.2501,0
0,118.2602,0
0,118.2703,0
0,118.2804,0
0,118.2905,0
0,118.3006,0
0,118.3112,0
0,118.3213,0
0,118.3314,0
0,118.3415,0
0,118.3516,0
0,118.3617,0
0,118.3718,0
0,118.3819,0
0,118.3919,0
0,118.402,0
0,118.4121,0
0,118.4222,0
0,118.4323,0
0,118.4423,0
0,118.4525,1
0,118.4629,1
0,118.4732,1
0,118.4834,0
0,118.4935,0
0,118.5036,0
0,118.5137,0
0,118.5238,0
0,118.5368,0
0,118.5469,0
0,118.5571,0
0,118.5672,0
0,118.5773,0
0,118.5874,0
0,118.5987,0
0,118.6088,0
0,118.6188,0
0,118.6289,0
0,118.639,0
0,118.6491,0
0,118.6592,0
0,118.6692,0
0,118.6793,0
0,118.6894,0
0,118.6995,0
0,118.7096,0
0,118.7196,0
0,118.7297,0
0,118.7398,0
0,118.7499,0
0,118.76,0
0,118.77,0
0,118.7801,0
0,118.7905,0
0,118.8006,0
0,118.8106,0
0,118.8207,0
0,118.8308,0
0,118.8409,0
0,118.8509,0
0,118.861,0
0,118.8711,0
0,118.8812,0
0,118.8913,0
0,118.9013,0
0,118.9117,0
0,118.9218,0
0,118.9319,0
0,118.942,0
0,118.9521,1
0,118.9622,1
0,118.9723,1
0,118.9836,1
0,118.9952,0
0,119.0064,0
0,119.0165,0
0,119.0266,0
0,119.0367,0
0,119.0469,0
0,119.057,0
0,119.0672,0
0,119.0774,0
0,119.0875,0
0,119.0976,0
0,119.1077,0
0,119.1178,0
0,119.1279,0
0,119.138,0
0,119.1481,0
0,119.1581,0
0,119.1682,0
0,119.1783,0
0,119.1884,0
0,119.1985,0
0,119.2085,0
0,119.2186,0
0,119.2287,0
0,119.2389,0
0,119.249,0
0,119.2591,0
0,119.2692,0
0,119.2793,0
0,119.2895,0
0,119.2996,0
0,119.3098,0
0,119.3199,0
0,119.33,0
0,119.3401,0
0,119.3502,0
0,119.3602,0
0,119.3703,0
0,119.3804,0
0,119.3905,0
0,119.4006,0
0,119.4107,0
0,119.4207,0
0,119.4308,0
0,119.4409,0
0,119.4518,0
0,119.4623,1
0,119.4743,1
0,119.4844,0
0,119.4945,0
0,119.5047,0
0,119.5148,0
0,119.5251,0
0,119.5352,0
0,119.5472,0
0,119.5575,0
0,119.5677,0
0,119.5779,0
0,119.588,0
0,119.5981,0
0,119.6082,0
0,119.6182,0
0,119.6283,0
0,119.6384,0
0,119.6485,0
0,119.6586,0
0,119.6686,0
0,119.6787,0
0,119.6888,0
0,119.6989,0
0,119.709,0
0,119.719,0
0,119.7291,0
0,119.7392,0
0,119.7493,0
0,119.7594,0
0,119.7694,0
0,119.7795,0
0,119.7896,0
0,119.7997,0
0,119.8098,0
0,119.8199,0
0,119.83,0
0,119.84,0
0,119.8501,0
0,119.8602,0
0,119.8703,0
0,119.8804,0
0,119.8905,0
0,119.9006,0
0,119.9106,0
0,119.9207,0
0,119.9308,0
0,119.941,0
0,119.951,0
0,119.9635,1
0,119.9737,1
0,119.9838,1
0,119.9939,0
0,120.004,0
0,120.0141,0
0,120.0242,0
0,120.0343,0
0,120.0457,0
0,120.0559,0
0,120.0661,0
0,120.0762,0
0,120.0863,0
0,120.0964,0
0,120.1065,0
0,120.1166,0
0,120.1267,0
0,120.1367,0
0,120.1469,0
0,120.157,0
0,120.1671,0
0,120.1772,0
0,120.1873,0
0,120.1973,0
0,120.2082,0
0,120.2183,0
0,120.2283,0
0,120.2384,0
0,120.2485,0
0,120.2586,0
0,120.2687,0
0,120.2787,0
0,120.2888,0
0,120.2989,0
0,120.309,0
0,120.3191,0
0,120.3292,0
0,120.3397,0
0,120.3498,0
0,120.3598,0
0,120.3699,0
0,120.38,0
0,120.3901,0
0,120.4002,0
0,120.4102,0
0,120.4203,0
0,120.4304,0
0,120.4405,0
0,120.4506,0
0,120.4636,1
0,120.474,1
0,120.4841,1
0,120.4976,1
0,120.508,0
0,120.5181,0
0,120.5283,0
0,120.5384,0
0,120.5485,0
0,120.5586,0
0,120.5687,0
0,120.5788,0
0,120.5889,0
0,120.599,0
0,120.6101,0
0,120.6202,0
0,120.6302,0
0,120.6403,0
0,120.6504,0
0,120.6605,0
0,120.6706,0
0,120.6806,0
0,120.6907,0
0,120.7008,0
0,120.7111,0
0,120.7211,0
0,120.7312,0
0,120.7413,0
0,120.7514,0
0,120.7615,0
0,120.7715,0
0,120.7816,0
0,120.7917,0
0,120.8018,0
0,120.8119,0
0,120.822,0
0,120.8321,0
0,120.8421,0
0,120.8522,0
0,120.8623,0
0,120.8724,0
0,120.8825,0
0,120.8925,0
0,120.9026,0
0,120.9127,0
0,120.9228,0
0,120.9329,0
0,120.9429,0
0,120.9536,0
0,120.9646,1
0,120.9747,1
0,120.9848,1
0,120.9963,0
0,121.0065,0
0,121.0189,0
0,121.0291,0
0,121.0392,0
0,121.0494,0
0,121.0595,0
0,121.0696,0
0,121.0798,0
0,121.0899,0
0,121.1,0
0,121.1101,0
0,121.1202,0
0,121.1302,0
0,121.1403,0
0,121.1504,0
0,121.1605,0
0,121.1706,0
0,121.1806,0
0,121.1907,0
0,121.2008,0
0,121.211,0
0,121.2211,0
0,121.2311,0
0,121.2412,0
0,121.2513,0
0,121.2614,0
0,121.2715,0
0,121.2816,0
0,121.2916,0
0,121.3017,0
0,121.3118,0
0,121.3219,0
0,121.332,0
0,121.3421,0
0,121.3522,0
0,121.3623,0
0,121.3724,0
0,121.3824,0
0,121.3925,0
0,121.4026,0
0,121.4127,0
0,121.4228,0
0,121.4329,0
0,121.4429,0
0,121.453,0
0,121.4634,1
0,121.4749,1
0,121.4851,1
0,121.497,0
0,121.5071,0
0,121.5209,0
0,121.5311,0
0,121.5413,0
0,121.5514,0
0,121.5646,0
0,121.5748,0
0,121.585,0
0,121.5951,0
0,121.6053,0
0,121.6154,0
0,121.6255,0
0,121.6356,0
0,121.6457,0
0,121.6558,0
0,121.6659,0
0,121.6759,0
0,121.686,0
0,121.6961,0
0,121.7062,0
0,121.7163,0
0,121.7264,0
0,121.7364,0
0,121.7465,0
0,121.7566,0
0,121.7667,0
0,121.7768,0
0,121.7869,0
0,121.7969,0
0,121.807,0
0,121.8171,0
0,121.8272,0
0,121.8373,0
0,121.8474,0
0,121.8574,0
0,121.8675,0
0,121.8776,0
0,121.8877,0
0,121.8978,0
0,121.9079,0
0,121.9179,0
0,121.928,0
0,121.9381,0
0,121.9482,0
0,121.9583,0
0,121.9684,1
0,121.9806,1
0,121.9907,1
0,122.0016,0
0,122.0118,0
0,122.0231,0
0,122.0332,0
0,122.0433,0
0,122.054,0
0,122.0641,0
0,122.0742,0
0,122.0843,0
0,122.0945,0
0,122.1046,0
0,122.1146,0
0,122.1247,0
0,122.1348,0
0,122.1449,0
0,122.155,0
0,122.165,0
0,122.1751,0
0,122.1852,0
0,122.1953,0
0,122.2054,0
0,122.2154,0
0,122.2255,0
0,122.2356,0
0,122.2457,0
0,122.2558,0
0,122.2658,0
0,122.2759,0
0,122.286,0
0,122.2961,0
0,122.3062,0
0,122.3163,0
0,122.3263,0
0,122.3365,0
0,122.3466,0
0,122.3566,0
0,122.3667,0
0,122.3768,0
0,122.3869,0
0,122.397,0
0,122.407,0
0,122.4171,0
0,122.4272,0
0,122.4373,0
0,122.4474,0
0,122.4574,0
0,122.4686,1
0,122.4787,1
0,122.4888,1
0,122.4989,0
0,122.5091,0
0,122.5193,0
0,122.5294,0
0,122.5395,0
0,122.5495,0
0,122.5602,0
0,122.5703,0
0,122.5804,0
0,122.5905,0
0,122.6006,0
0,122.6107,0
0,122.6208,0
0,122.6309,0
0,122.641,0
0,122.6511,0
0,122.6611,0
0,122.6712,0
0,122.6813,0
0,122.6914,0
0,122.7015,0
0,122.7116,0
0,122.7216,0
0,122.7317,0
0,122.7418,0
0,122.7519,0
0,122.7619,0
0,122.772,0
0,122.7821,0
0,122.7922,0
0,122.8023,0
0,122.8124,0
0,122.8225,0
0,122.8325,0
0,122.8426,0
0,122.8527,0
0,122.8628,0
0,122.8729,0
0,122.8829,0
0,122.893,0
0,122.9031,0
0,122.9132,0
0,122.9233,0
0,122.9333,0
0,122.9434,0
0,122.9535,0
0,122.9636,0
0,122.9738,1
0,122.9843,1
0,122.9944,1
0,123.011,0
0,123.0241,0
0,123.0348,0
0,123.0449,0
0,123.0552,0
0,123.0671,0
0,123.0772,0
0,123.0873,0
0,123.0974,0
0,123.1075,0
0,123.1176,0
0,123.1277,0
0,123.1378,0
0,123.1479,0
0,123.158,0
0,123.168,0
0,123.1781,0
0,123.1882,0
0,123.1983,0
0,123.2084,0
0,123.2185,0
0,123.2285,0
0,123.2386,0
0,123.2487,0
0,123.2588,0
0,123.2689,0
0,123.2789,0
0,123.289,0
0,123.2991,0
0,123.3092,0
0,123.3193,0
0,123.3294,0
0,123.3394,0
0,123.3495,0
0,123.3596,0
0,123.3697,0
0,123.3798,0
0,123.3898,0
0,123.3999,0
0,123.41,0
0,123.4201,0
0,123.4302,0
0,123.4403,0
0,123.4503,0
0,123.4604,0
0,123.4706,1
0,123.4806,1
0,123.4907,1
0,123.503,0
0,123.5132,0
0,123.5233,0
0,123.5334,0
0,123.5435,0
0,123.5537,0
0,123.5638,0
0,123.5741,0
0,123.5842,0
0,123.5944,0
0,123.6045,0
0,123.6146,0
0,123.6247,0
0,123.6347,0
0,123.6448,0
0,123.6549,0
0,123.665,0
0,123.6751,0
0,123.6852,0
0,123.6952,0
0,123.7053,0
0,123.7154,0
0,123.7255,0
0,123.7356,0
0,123.7457,0
0,123.7557,0
0,123.7658,0
0,123.7759,0
0,123.786,0
0,123.7961,0
0,123.8061,0
0,123.8162,0
0,123.8263,0
0,123.8364,0
0,123.8464,0
0,123.8565,0
0,123.8666,0
0,123.8767,0
0,123.8868,0
0,123.8968,0
0,123.9069,0
0,123.917,0
0,123.9271,0
0,123.9371,0
0,123.9472,0
0,123.9573,0
0,123.9674,0
0,123.9776,1
0,123.9888,1
0,124.0,1
0,124.0101,0
0,124.0202,0
0,124.0328,0
0,124.0429,0
0,124.0532,0
0,124.0634,0
0,124.0742,0
0,124.0844,0
0,124.0946,0
0,124.1047,0
0,124.1148,0
0,124.1249,0
0,124.1349,0
0,124.145,0
0,124.1551,0
0,124.1652,0
0,124.1753,0
0,124.1854,0
0,124.1954,0
0,124.2055,0
0,124.2156,0
0,124.2257,0
0,124.2358,0
0,124.2459,0
0,124.256,0
0,124.2661,0
0,124.2762,0
0,124.2864,0
0,124.2966,0
0,124.3067,0
0,124.3168,0
0,124.3269,0
0,124.3369,0
0,124.347,0
0,124.3571,0
0,124.3672,0
0,124.3773,0
0,124.3873,0
0,124.3974,0
0,124.4075,0
0,124.4176,0
0,124.4277,0
0,124.4377,0
0,124.4478,0
0,124.4579,0
0,124.468,0
0,124.4781,1
0,124.4891,1
0,124.4997,1
0,124.5117,0
0,124.5217,0
0,124.532,0
0,124.5421,0
0,124.5523,0
0,124.5624,0
0,124.5725,0
0,124.5826,0
0,124.5928,0
0,124.6029,0
0,124.613,0
0,124.6231,0
0,124.6332,0
0,124.6433,0
0,124.6533,0
0,124.6634,0
0,124.6735,0
0,124.6836,0
0,124.6937,0
0,124.7038,0
0,124.7138,0
0,124.7239,0
0,124.734,0
0,124.7441,0
0,124.7542,0
0,124.7642,0
0,124.7743,0
0,124.7844,0
0,124.7945,0
0,124.8046,0
0,124.8146,0
0,124.8251,0
0,124.8352,0
0,124.8452,0
0,124.8553,0
0,124.8654,0
0,124.8755,0
0,124.8856,0
0,124.8956,0
0,124.9057,0
0,124.9158,0
0,124.9259,0
0,124.936,0
0,124.9461,0
0,124.9562,0
0,124.9662,0
0,124.9813,1
0,124.9915,1
0,125.0016,1
0,125.0117,0
0,125.0218,0
0,125.0339,0
0,125.044,0
0,125.0541,0
0,125.0642,0
0,125.0747,0
0,125.0848,0
0,125.0957,0
0,125.1058,0
0,125.1159,0
0,125.126,0
0,125.1361,0
0,125.1462,0
0,125.1563,0
0,125.1663,0
0,125.1764,0
0,125.1865,0
0,125.1966,0
0,125.2067,0
0,125.2167,0
0,125.2268,0
0,125.2369,0
0,125.247,0
0,125.2571,0
0,125.2671,0
0,125.2772,0
0,125.2873,0
0,125.2974,0
0,125.3075,0
0,125.3176,0
0,125.3277,0
0,125.3378,0
0,125.3479,0
0,125.3579,0
0,125.368,0
0,125.3781,0
0,125.3882,0
0,125.3983,0
0,125.4083,0
0,125.4184,0
0,125.4285,0
0,125.4386,0
0,125.4487,0
0,125.4587,0
0,125.4688,0
0,125.4807,1
0,125.4912,1
0,125.5013,1
0,125.5119,1
0,125.5269,0
0,125.537,0
0,125.5471,0
0,125.5572,0
0,125.5675,0
0,125.5776,0
0,125.5877,0
0,125.5978,0
0,125.6079,0
0,125.618,0
0,125.6281,0
0,125.6382,0
0,125.6483,0
0,125.6584,0
0,125.6684,0
0,125.6785,0
0,125.6886,0
0,125.6987,0
0,125.7088,0
0,125.7189,0
0,125.7289,0
0,125.739,0
0,125.7491,0
0,125.7592,0
0,125.7693,0
0,125.7793,0
0,125.7894,0
0,125.7995,0
0,125.8096,0
0,125.8196,0
0,125.8297,0
0,125.8398,0
0,125.8499,0
0,125.86,0
0,125.8701,0
0,125.8801,0
0,125.8902,0
0,125.9003,0
0,125.9104,0
0,125.9204,0
0,125.9305,0
0,125.9406,0
0,125.9507,0
0,125.9608,0
0,125.9709,0
0,125.9849,1
0,125.9964,1
0,126.0065,1
0,126.0166,0
0,126.0267,0
0,126.0374,0
0,126.0475,0
0,126.0577,0
0,126.0689,0
0,126.079,0
0,126.0891,0
0,126.0993,0
0,126.1094,0
0,126.1195,0
0,126.1296,0
0,126.1397,0
0,126.1498,0
0,126.1598,0
0,126.1699,0
0,126.18,0
0,126.1901,0
0,126.2002,0
0,126.2102,0
0,126.2203,0
0,126.2304,0
0,126.2405,0
0,126.2506,0
0,126.2607,0
0,126.2707,0
0,126.2808,0
0,126.2909,0
0,126.301,0
0,126.3111,0
0,126.3212,0
0,126.3313,0
0,126.3413,0
0,126.3514,0
0,126.3615,0
0,126.3716,0
0,126.3817,0
0,126.3917,0
0,126.4018,0
0,126.4119,0
0,126.422,0
0,126.4321,0
0,126.4421,0
0,126.4522,0
0,126.4623,0
0,126.4724,0
0,126.4829,1
0,126.493,1
0,126.5033,1
0,126.5136,1
0,126.5243,1
0,126.5373,0
0,126.5474,0
0,126.5576,0
0,126.5676,0
0,126.5778,0
0,126.588,0
0,126.5981,0
0,126.6083,0
0,126.6186,0
0,126.6287,0
0,126.6388,0
0,126.6489,0
0,126.659,0
0,126.6691,0
0,126.6792,0
0,126.6893,0
0,126.6994,0
0,126.7095,0
0,126.7195,0
0,126.7296,0
0,126.7397,0
0,126.7498,0
0,126.7598,0
0,126.7699,0
0,126.78,0
0,126.7901,0
0,126.8002,0
0,126.8103,0
0,126.8204,0
0,126.8304,0
0,126.8406,0
0,126.8506,0
0,126.8607,0
0,126.8708,0
0,126.8809,0
0,126.891,0
0,126.901,0
0,126.9111,0
0,126.9212,0
0,126.9313,0
0,126.9414,0
0,126.9515,0
0,126.9615,0
0,126.9716,0
0,126.9817,0
0,126.9918,1
0,127.0065,1
0,127.0176,1
0,127.0335,1
0,127.0436,0
0,127.0537,0
0,127.0638,0
0,127.0741,0
0,127.0846,0
0,127.0947,0
0,127.1068,0
0,127.1169,0
0,127.127,0
0,127.1371,0
0,127.1471,0
0,127.1572,0
0,127.1673,0
0,127.1774,0
0,127.1875,0
0,127.1976,0
0,127.2076,0
0,127.2177,0
0,127.2278,0
0,127.2379,0
0,127.248,0
0,127.2581,0
0,127.2681,0
0,127.2782,0
0,127.2883,0
0,127.2984,0
0,127.3085,0
0,127.3186,0
0,127.3287,0
0,127.3387,0
0,127.3488,0
0,127.3589,0
0,127.369,0
0,127.3791,0
0,127.3891,0
0,127.3992,0
0,127.4093,0
0,127.4194,0
0,127.4295,0
0,127.4396,0
0,127.4496,0
0,127.4597,0
0,127.4698,0
0,127.4799,0
0,127.4926,1
0,127.5028,1
0,127.5159,1
0,127.5285,0
0,127.5386,0
0,127.5489,0
0,127.559,0
0,127.569,0
0,127.5804,0
0,127.5906,0
0,127.6007,0
0,127.6108,0
0,127.6209,0
0,127.6311,0
0,127.6412,0
0,127.6512,0
0,127.6613,0
0,127.6714,0
0,127.6815,0
0,127.6916,0
0,127.7017,0
0,127.7118,0
0,127.7218,0
0,127.7319,0
0,127.742,0
0,127.7521,0
0,127.7622,0
0,127.7722,0
0,127.7823,0
0,127.7924,0
0,127.8025,0
0,127.8125,0
0,127.8226,0
0,127.8327,0
0,127.8428,0
0,127.8529,0
0,127.863,0
0,127.8731,0
0,127.8831,0
0,127.8932,0
0,127.9033,0
0,127.9134,0
0,127.9235,0
0,127.9336,0
0,127.9437,0
0,127.9537,0
0,127.9638,0
0,127.9739,0
0,127.984,0
0,127.9941,1
0,128.0042,1
0,128.0143,1
0,128.0244,1
0,128.0349,1
0,128.0464,0
0,128.0566,0
0,128.0667,0
0,128.0768,0
0,128.0869,0
0,128.097,0
0,128.1071,0
0,128.1174,0
0,128.1275,0
0,128.1376,0
0,128.1478,0
0,128.1578,0
0,128.1679,0
0,128.178,0
0,128.1881,0
0,128.1982,0
0,128.2082,0
0,128.2183,0
0,128.2284,0
0,128.2387,0
0,128.2488,0
0,128.2588,0
0,128.2689,0
0,128.279,0
0,128.2891,0
0,128.2991,0
0,128.3092,0
0,128.3193,0
0,128.3294,0
0,128.3395,0
0,128.3496,0
0,128.3597,0
0,128.3698,0
0,128.3798,0
0,128.3899,0
0,128.4,0
0,128.4101,0
0,128.4202,0
0,128.4303,0
0,128.4403,0
0,128.4504,0
0,128.4605,0
0,128.4706,0
0,128.4807,0
0,128.4907,0
0,128.5018,1
0,128.5119,1
0,128.5232,1
0,128.5343,1
0,128.5448,0
0,128.5548,0
0,128.565,0
0,128.5751,0
0,128.5886,0
0,128.5988,0
0,128.6092,0
0,128.6193,0
0,128.6294,0
0,128.6398,0
0,128.6499,0
0,128.66,0
0,128.6701,0
0,128.6801,0
0,128.6902,0
0,128.7003,0
0,128.7104,0
0,128.7205,0
0,128.7306,0
0,128.7406,0
0,128.7507,0
0,128.7608,0
0,128.7709,0
0,128.7809,0
0,128.791,0
0,128.8011,0
0,128.8112,0
0,128.8213,0
0,128.8313,0
0,128.8414,0
0,128.8515,0
0,128.8616,0
0,128.8717,0
0,128.8818,0
0,128.8918,0
0,128.9019,0
0,128.912,0
0,128.9221,0
0,128.9322,0
0,128.9422,0
0,128.9523,0
0,128.9624,0
0,128.9725,0
0,128.9826,0
0,128.9926,0
0,129.004,1
0,129.0141,1
0,129.0245,1
0,129.0346,0
0,129.0456,0
0,129.0557,0
0,129.0658,0
0,129.0759,0
0,129.0861,0
0,129.0962,0
0,129.1074,0
0,129.1175,0
0,129.1276,0
0,129.1377,0
0,129.1478,0
0,129.1581,0
0,129.1683,0
0,129.1783,0
0,129.1884,0
0,129.1985,0
0,129.2085,0
0,129.2186,0
0,129.2287,0
0,129.2388,0
0,129.2489,0
0,129.2591,0
0,129.2692,0
0,129.2793,0
0,129.2894,0
0,129.3004,0
0,129.3106,0
0,129.3207,0
0,129.3307,0
0,129.3408,0
0,129.3509,0
0,129.361,0
0,129.3711,0
0,129.3812,0
0,129.3913,0
0,129.4013,0
0,129.4114,0
0,129.4215,0
0,129.4316,0
0,129.4417,0
0,129.4517,0
0,129.4618,0
0,129.4719,0
0,129.482,0
0,129.4921,0
0,129.5022,1
0,129.5126,1
0,129.5251,1
0,129.5352,0
0,129.5453,0
0,129.5563,0
0,129.5664,0
0,129.5766,0
0,129.5878,0
0,129.598,0
0,129.6081,0
0,129.6183,0
0,129.6284,0
0,129.6385,0
0,129.6486,0
0,129.6587,0
0,129.6688,0
0,129.6789,0
0,129.6889,0
0,129.699,0
0,129.7091,0
0,129.7192,0
0,129.7293,0
0,129.7394,0
0,129.7494,0
0,129.7595,0
0,129.7696,0
0,129.7797,0
0,129.7898,0
0,129.7998,0
0,129.8099,0
0,129.82,0
0,129.8301,0
0,129.8402,0
0,129.8502,0
0,129.8603,0
0,129.8704,0
0,129.8805,0
0,129.8906,0
0,129.9007,0
0,129.9107,0
0,129.9208,0
0,129.9308,0
0,129.9409,0
0,129.951,0
0,129.9611,0
0,129.9712,0
0,129.9812,0
0,129.9913,0
0,130.0046,1
0,130.0155,1
0,130.0256,1
0,130.0357,0
0,130.0458,0
0,130.0559,0
0,130.066,0
0,130.0761,0
0,130.0864,0
0,130.0968,0
0,130.1069,0
0,130.1172,0
0,130.1273,0
0,130.1374,0
0,130.1474,0
0,130.1575,0
0,130.1676,0
0,130.1777,0
0,130.1878,0
0,130.1979,0
0,130.208,0
0,130.218,0
0,130.2281,0
0,130.2382,0
0,130.2488,0
0,130.2588,0
0,130.2689,0
0,130.279,0
0,130.2891,0
0,130.2992,0
0,130.3093,0
0,130.3194,0
0,130.3298,0
0,130.3399,0
0,130.35,0
0,130.36,0
0,130.3701,0
0,130.3802,0
0,130.3903,0
0,130.4004,0
0,130.4105,0
0,130.4206,0
0,130.4306,0
0,130.4407,0
0,130.4508,0
0,130.4609,0
0,130.471,0
0,130.4811,0
0,130.4911,0
0,130.5022,1
0,130.5124,1
0,130.5239,1
0,130.5369,0
0,130.5477,0
0,130.5602,0
0,130.5703,0
0,130.5804,0
0,130.5906,0
0,130.6007,0
0,130.6108,0
0,130.6224,0
0,130.6325,0
0,130.6426,0
0,130.6527,0
0,130.6628,0
0,130.6729,0
0,130.683,0
0,130.693,0
0,130.7031,0
0,130.7132,0
0,130.7233,0
0,130.7334,0
0,130.7434,0
0,130.7535,0
0,130.7636,0
0,130.7737,0
0,130.7838,0
0,130.7938,0
0,130.8039,0
0,130.814,0
0,130.8241,0
0,130.8342,0
0,130.8443,0
0,130.8543,0
0,130.8644,0
0,130.8745,0
0,130.8846,0
0,130.8947,0
0,130.9048,0
0,130.9149,0
0,130.925,0
0,130.935,0
0,130.9451,0
0,130.9552,0
0,130.9653,0
0,130.9754,0
0,130.9855,0
0,130.9955,0
0,131.0086,1
0,131.0189,1
0,131.0292,1
0,131.0394,0
0,131.0519,0
0,131.0623,0
0,131.0724,0
0,131.0825,0
0,131.0927,0
0,131.1029,0
0,131.113,0
0,131.1232,0
0,131.1333,0
0,131.1434,0
0,131.1535,0
0,131.1636,0
0,131.1736,0
0,131.1837,0
0,131.1938,0
0,131.2039,0
0,131.214,0
0,131.2241,0
0,131.2342,0
0,131.2442,0
0,131.2543,0
0,131.2644,0
0,131.2747,0
0,131.2848,0
0,131.2949,0
0,131.305,0
0,131.3151,0
0,131.3251,0
0,131.3352,0
0,131.3453,0
0,131.3554,0
0,131.3655,0
0,131.3756,0
0,131.3856,0
0,131.3957,0
0,131.4058,0
0,131.4159,0
0,131.426,0
0,131.4361,0
0,131.4461,0
0,131.4562,0
0,131.4663,0
0,131.4764,0
0,131.4865,0
0,131.4965,0
0,131.5067,1
0,131.5168,1
0,131.5269,1
0,131.537,1
0,131.5481,0
0,131.5582,0
0,131.5683,0
0,131.5789,0
0,131.5889,0
0,131.6,0
0,131.6126,0
0,131.6233,0
0,131.6334,0
0,131.6435,0
0,131.6548,0
0,131.6649,0
0,131.675,0
0,131.6851,0
0,131.6951,0
0,131.7053,0
0,131.7154,0
0,131.7255,0
0,131.7356,0
0,131.7457,0
0,131.7558,0
0,131.7659,0
0,131.7759,0
0,131.786,0
0,131.7961,0
0,131.8063,0
0,131.8164,0
0,131.8265,0
0,131.8365,0
0,131.8466,0
0,131.8567,0
0,131.8668,0
0,131.8769,0
0,131.887,0
0,131.8971,0
0,131.9073,0
0,131.9174,0
0,131.9275,0
0,131.9376,0
0,131.9477,0
0,131.9578,0
0,131.9679,0
0,131.9779,0
0,131.988,0
0,131.9981,0
0,132.0082,1
0,132.021,1
0,132.032,1
0,132.0427,1
0,132.0584,0
0,132.0692,0
0,132.0793,0
0,132.0901,0
0,132.1002,0
0,132.1103,0
0,132.1205,0
0,132.1308,0
0,132.1409,0
0,132.1511,0
0,132.1612,0
0,132.1713,0
0,132.1814,0
0,132.1915,0
0,132.2016,0
0,132.2117,0
0,132.2218,0
0,132.2319,0
0,132.2419,0
0,132.252,0
0,132.2621,0
0,132.2722,0
0,132.2823,0
0,132.2924,0
0,132.3024,0
0,132.3125,0
0,132.3226,0
0,132.3327,0
0,132.3428,0
0,132.3529,0
0,132.3629,0
0,132.373,0
0,132.3831,0
0,132.3932,0
0,132.4033,0
0,132.4133,0
0,132.4234,0
0,132.4335,0
0,132.4436,0
0,132.4537,0
0,132.4638,0
0,132.4738,0
0,132.4839,0
0,132.494,0
0,132.5041,0
0,132.5142,1
0,132.5243,1
0,132.5346,1
0,132.5522,0
0,132.5623,0
0,132.5724,0
0,132.5825,0
0,132.5926,0
0,132.6029,0
0,132.613,0
0,132.6231,0
0,132.6332,0
0,132.6433,0
0,132.6534,0
0,132.6635,0
0,132.6736,0
0,132.6837,0
0,132.6938,0
0,132.7038,0
0,132.7139,0
0,132.724,0
0,132.7341,0
0,132.7442,0
0,132.7543,0
0,132.7643,0
0,132.7744,0
0,132.7845,0
0,132.7946,0
0,132.8046,0
0,132.8147,0
0,132.8248,0
0,132.8349,0
0,132.845,0
0,132.8551,0
0,132.8651,0
0,132.8752,0
0,132.8853,0
0,132.8954,0
0,132.9055,0
0,132.9156,0
0,132.9256,0
0,132.9357,0
0,132.9458,0
0,132.9559,0
0,132.966,0
0,132.976,0
0,132.9861,0
0,132.9962,0
0,133.0063,0
0,133.0164,1
0,133.0266,1
0,133.0374,1
0,133.0484,0
0,133.0589,0
0,133.0722,0
0,133.0823,0
0,133.0924,0
0,133.1042,0
0,133.1143,0
0,133.1246,0
0,133.1348,0
0,133.1449,0
0,133.155,0
0,133.1651,0
0,133.1752,0
0,133.1853,0
0,133.1953,0
0,133.2054,0
0,133.2155,0
0,133.2256,0
0,133.2357,0
0,133.2458,0
0,133.2559,0
0,133.2659,0
0,133.276,0
0,133.2861,0
0,133.2962,0
0,133.3063,0
0,133.3164,0
0,133.3265,0
0,133.3366,0
0,133.3467,0
0,133.3567,0
0,133.3668,0
0,133.3769,0
0,133.387,0
0,133.3971,0
0,133.4072,0
0,133.4172,0
0,133.4273,0
0,133.4374,0
0,133.4475,0
0,133.4576,0
0,133.4677,0
0,133.4777,0
0,133.4878,0
0,133.4979,0
0,133.508,0
0,133.5181,1
0,133.529,1
0,133.5391,1
0,133.5536,0
0,133.5637,0
0,133.5746,0
0,133.5847,0
0,133.5948,0
0,133.6049,0
0,133.615,0
0,133.6251,0
0,133.6352,0
0,133.6453,0
0,133.6554,0
0,133.6655,0
0,133.6756,0
0,133.6857,0
0,133.6957,0
0,133.7058,0
0,133.7159,0
0,133.726,0
0,133.736,0
0,133.7461,0
0,133.7562,0
0,133.7663,0
0,133.7764,0
0,133.7864,0
0,133.7965,0
0,133.8066,0
0,133.8167,0
0,133.8268,0
0,133.8369,0
0,133.8469,0
0,133.857,0
0,133.8671,0
0,133.8772,0
0,133.8872,0
0,133.8973,0
0,133.9074,0
0,133.9175,0
0,133.9276,0
0,133.9377,0
0,133.9478,0
0,133.9579,0
0,133.9679,0
0,133.978,0
0,133.9881,0
0,133.9982,0
0,134.0083,0
0,134.0207,1
0,134.0313,1
0,134.0414,1
0,134.0515,0
0,134.0636,0
0,134.0737,0
0,134.0838,0
0,134.0939,0
0,134.1043,0
0,134.1144,0
0,134.1245,0
0,134.1346,0
0,134.1447,0
0,134.1548,0
0,134.1649,0
0,134.175,0
0,134.1851,0
0,134.1951,0
0,134.2052,0
0,134.2153,0
0,134.2254,0
0,134.2355,0
0,134.246,0
0,134.2561,0
0,134.2662,0
0,134.2763,0
0,134.2865,0
0,134.2966,0
0,134.3067,0
0,134.3168,0
0,134.3269,0
0,134.337,0
0,134.347,0
0,134.3571,0
0,134.3672,0
0,134.3773,0
0,134.3874,0
0,134.3975,0
0,134.4075,0
0,134.4176,0
0,134.4277,0
0,134.4378,0
0,134.4479,0
0,134.4579,0
0,134.468,0
0,134.4781,0
0,134.4882,0
0,134.4983,0
0,134.5084,0
0,134.5193,0
0,134.532,1
0,134.5421,1
0,134.5539,0
0,134.564,0
0,134.5745,0
0,134.5846,0
0,134.5947,0
0,134.6061,0
0,134.6162,0
0,134.6287,0
0,134.6388,0
0,134.6489,0
0,134.659,0
0,134.6691,0
0,134.6792,0
0,134.6893,0
0,134.6993,0
0,134.7094,0
0,134.7195,0
0,134.7296,0
0,134.7397,0
0,134.7497,0
0,134.7599,0
0,134.7699,0
0,134.78,0
0,134.7901,0
0,134.8002,0
0,134.8103,0
0,134.8203,0
0,134.8304,0
0,134.8405,0
0,134.8506,0
0,134.8607,0
0,134.8707,0
0,134.8808,0
0,134.8909,0
0,134.901,0
0,134.9111,0
0,134.9212,0
0,134.9312,0
0,134.9413,0
0,134.9514,0
0,134.9615,0
0,134.9716,0
0,134.9816,0
0,134.9917,0
0,135.0018,0
0,135.0119,0
0,135.0221,0
0,135.0332,1
0,135.0433,1
0,135.0534,1
0,135.064,0
0,135.077,0
0,135.0871,0
0,135.0971,0
0,135.1086,0
0,135.1194,0
0,135.1295,0
0,135.1398,0
0,135.1499,0
0,135.16,0
0,135.1701,0
0,135.1802,0
0,135.1903,0
0,135.2004,0
0,135.2105,0
0,135.2206,0
0,135.2306,0
0,135.2407,0
0,135.2508,0
0,135.2609,0
0,135.2717,0
0,135.2818,0
0,135.2919,0
0,135.302,0
0,135.3121,0
0,135.3222,0
0,135.3323,0
0,135.3424,0
0,135.3524,0
0,135.3625,0
0,135.3726,0
0,135.3827,0
0,135.3928,0
0,135.4029,0
0,135.413,0
0,135.4231,0
0,135.4332,0
0,135.4432,0
0,135.4533,0
0,135.4634,0
0,135.4735,0
0,135.4836,0
0,135.4936,0
0,135.5037,0
0,135.5138,0
0,135.5239,0
0,135.5359,1
0,135.5461,1
0,135.5568,1
0,135.5701,0
0,135.5806,0
0,135.591,0
0,135.6012,0
0,135.6113,0
0,135.6214,0
0,135.6315,0
0,135.6416,0
0,135.6517,0
0,135.6618,0
0,135.6731,0
0,135.6831,0
0,135.6932,0
0,135.7033,0
0,135.7134,0
0,135.7239,0
0,135.734,0
0,135.7441,0
0,135.7542,0
0,135.7642,0
0,135.7743,0
0,135.7844,0
0,135.7945,0
0,135.8046,0
0,135.8146,0
0,135.8247,0
0,135.8348,0
0,135.8449,0
0,135.855,0
0,135.865,0
0,135.8751,0
0,135.8852,0
0,135.8953,0
0,135.9054,0
0,135.9155,0
0,135.9255,0
0,135.9356,0
0,135.9457,0
0,135.9558,0
0,135.9659,0
0,135.9759,0
0,135.986,0
0,135.9961,0
0,136.0062,0
0,136.0163,0
0,136.0264,0
0,136.0377,1
0,136.0489,1
0,136.059,1
0,136.0762,0
0,136.0886,0
0,136.0987,0
0,136.1088,0
0,136.119,0
0,136.1291,0
0,136.1392,0
0,136.1493,0
0,136.1594,0
0,136.1695,0
0,136.1796,0
0,136.1897,0
0,136.1998,0
0,136.2098,0
0,136.2199,0
0,136.23,0
0,136.2401,0
0,136.2502,0
0,136.2602,0
0,136.2703,0
0,136.2804,0
0,136.2905,0
0,136.3006,0
0,136.3109,0
0,136.3209,0
0,136.331,0
0,136.3411,0
0,136.3512,0
0,136.3613,0
0,136.3714,0
0,136.3815,0
0,136.3915,0
0,136.4016,0
0,136.4117,0
0,136.4218,0
0,136.4318,0
0,136.4419,0
0,136.452,0
0,136.4621,0
0,136.4722,0
0,136.4822,0
0,136.4923,0
0,136.5024,0
0,136.5125,0
0,136.5226,0
0,136.5327,0
0,136.5428,1
0,136.5545,1
0,136.5652,1
0,136.5771,0
0,136.5872,0
0,136.5973,0
0,136.6074,0
0,136.6175,0
0,136.6277,0
0,136.638,0
0,136.6482,0
0,136.6583,0
0,136.6684,0
0,136.6792,0
0,136.6893,0
0,136.6994,0
0,136.7095,0
0,136.7195,0
0,136.7296,0
0,136.7397,0
0,136.7498,0
0,136.7598,0
0,136.7699,0
0,136.78,0
0,136.7901,0
0,136.8002,0
0,136.8102,0
0,136.8203,0
0,136.8304,0
0,136.8405,0
0,136.8506,0
0,136.8606,0
0,136.8707,0
0,136.8808,0
0,136.8909,0
0,136.901,0
0,136.9111,0
0,136.9212,0
0,136.9313,0
0,136.9414,0
0,136.9515,0
0,136.9616,0
0,136.9717,0
0,136.9817,0
0,136.9918,0
0,137.0019,0
0,137.012,0
0,137.0221,0
0,137.0321,0
0,137.0422,1
0,137.0524,1
0,137.0624,1
0,137.0749,0
0,137.085,0
0,137.0976,0
0,137.1099,0
0,137.12,0
0,137.1302,0
0,137.1403,0
0,137.1504,0
0,137.1606,0
0,137.1721,0
0,137.1822,0
0,137.1924,0
0,137.2025,0
0,137.2126,0
0,137.2227,0
0,137.2328,0
0,137.2429,0
0,137.2529,0
0,137.263,0
0,137.2731,0
0,137.2832,0
0,137.2933,0
0,137.3034,0
0,137.3135,0
0,137.3235,0
0,137.3336,0
0,137.3437,0
0,137.3538,0
0,137.3639,0
0,137.3739,0
0,137.384,0
0,137.3941,0
0,137.4042,0
0,137.4143,0
0,137.4244,0
0,137.4344,0
0,137.4445,0
0,137.4546,0
0,137.4647,0
0,137.4748,0
0,137.4848,0
0,137.4949,0
0,137.505,0
0,137.5151,0
0,137.5252,0
0,137.5353,0
0,137.5454,1
0,137.5558,1
0,137.5662,1
0,137.5763,1
0,137.5874,0
0,137.5975,0
0,137.6076,0
0,137.6177,0
0,137.628,0
0,137.6381,0
0,137.6483,0
0,137.6584,0
0,137.6685,0
0,137.6786,0
0,137.6891,0
0,137.6992,0
0,137.7093,0
0,137.7194,0
0,137.7295,0
0,137.7395,0
0,137.7496,0
0,137.7597,0
0,137.7698,0
0,137.7799,0
0,137.7899,0
0,137.8,0
0,137.8101,0
0,137.8202,0
0,137.8302,0
0,137.8403,0
0,137.8504,0
0,137.8605,0
0,137.8706,0
0,137.8806,0
0,137.8907,0
0,137.9008,0
0,137.9109,0
0,137.921,0
0,137.9311,0
0,137.9411,0
0,137.9512,0
0,137.9613,0
0,137.9714,0
0,137.9814,0
0,137.9915,0
0,138.0016,0
0,138.0117,0
0,138.0218,0
0,138.0318,0
0,138.0419,0
0,138.052,1
0,138.0623,1
0,138.0724,1
0,138.0846,0
0,138.0947,0
0,138.1048,0
0,138.1149,0
0,138.125,0
0,138.1352,0
0,138.1453,0
0,138.1555,0
0,138.1668,0
0,138.1769,0
0,138.187,0
0,138.1971,0
0,138.2072,0
0,138.2173,0
0,138.2274,0
0,138.2374,0
0,138.2475,0
0,138.2576,0
0,138.2677,0
0,138.2778,0
0,138.2878,0
0,138.2979,0
0,138.308,0
0,138.3182,0
0,138.3282,0
0,138.3392,0
0,138.3493,0
0,138.3594,0
0,138.3694,0
0,138.3795,0
0,138.3896,0
0,138.3997,0
0,138.4098,0
0,138.4198,0
0,138.4299,0
0,138.44,0
0,138.4501,0
0,138.4602,0
0,138.4702,0
0,138.4803,0
0,138.4905,0
0,138.5006,0
0,138.5106,0
0,138.5207,0
0,138.5308,0
0,138.5409,0
0,138.5527,1
0,138.5628,1
0,138.573,1
0,138.5841,0
0,138.5943,0
0,138.6044,0
0,138.6145,0
0,138.6246,0
0,138.6347,0
0,138.6476,0
0,138.6577,0
0,138.6679,0
0,138.678,0
0,138.6881,0
0,138.6981,0
0,138.7085,0
0,138.7185,0
0,138.7286,0
0,138.7387,0
0,138.7488,0
0,138.7589,0
0,138.769,0
0,138.779,0
0,138.7891,0
0,138.7992,0
0,138.8093,0
0,138.8194,0
0,138.8294,0
0,138.8395,0
0,138.8496,0
0,138.8597,0
0,138.8697,0
0,138.8798,0
0,138.8899,0
0,138.9,0
0,138.9101,0
0,138.9202,0
0,138.9302,0
0,138.9403,0
0,138.9504,0
0,138.9606,0
0,138.9706,0
0,138.9807,0
0,138.9908,0
0,139.0009,0
0,139.011,0
0,139.021,0
0,139.0311,0
0,139.0412,0
0,139.0519,0
0,139.0635,1
0,139.0736,1
0,139.0837,1
0,139.1019,0
0,139.112,0
0,139.1221,0
0,139.1322,0
0,139.1422,0
0,139.1523,0
0,139.1625,0
0,139.1726,0
0,139.1827,0
0,139.1927,0
0,139.2028,0
0,139.2129,0
0,139.223,0
0,139.2331,0
0,139.2432,0
0,139.2533,0
0,139.2635,0
0,139.2736,0
0,139.2837,0
0,139.2955,0
0,139.3056,0
0,139.3157,0
0,139.3259,0
0,139.336,0
0,139.3461,0
0,139.3561,0
0,139.3662,0
0,139.3763,0
0,139.3864,0
0,139.3965,0
0,139.4065,0
0,139.4166,0
0,139.4267,0
0,139.4368,0
0,139.4469,0
0,139.4569,0
0,139.467,0
0,139.4771,0
0,139.4872,0
0,139.4973,0
0,139.5074,0
0,139.5175,0
0,139.5276,0
0,139.5376,0
0,139.5477,0
0,139.5606,1
0,139.5708,1
0,139.5809,1
0,139.5926,1
0,139.603,0
0,139.6131,0
0,139.6232,0
0,139.6332,0
0,139.6435,0
0,139.6536,0
0,139.6637,0
0,139.6738,0
0,139.6839,0
0,139.6946,0
0,139.7047,0
0,139.7147,0
0,139.7248,0
0,139.7349,0
0,139.745,0
0,139.7551,0
0,139.7651,0
0,139.7752,0
0,139.7853,0
0,139.7954,0
0,139.8055,0
0,139.8155,0
0,139.8256,0
0,139.8357,0
0,139.8458,0
0,139.8559,0
0,139.8659,0
0,139.876,0
0,139.8861,0
0,139.8962,0
0,139.9063,0
0,139.9164,0
0,139.9264,0
0,139.9365,0
0,139.9466,0
0,139.9567,0
0,139.9668,0
0,139.9768,0
0,139.9869,0
0,139.997,0
0,140.0071,0
0,140.0172,0
0,140.0273,0
0,140.0373,0
0,140.0474,0
0,140.0575,0
0,140.0694,1
0,140.08,1
0,140.0901,1
0,140.1061,0
0,140.1185,0
0,140.1286,0
0,140.1387,0
0,140.1505,0
0,140.1606,0
0,140.1707,0
0,140.1808,0
0,140.1909,0
0,140.201,0
0,140.2111,0
0,140.2212,0
0,140.2313,0
0,140.2414,0
0,140.2514,0
0,140.2615,0
0,140.2716,0
0,140.2817,0
0,140.2918,0
0,140.3019,0
0,140.3119,0
0,140.322,0
0,140.3322,0
0,140.3423,0
0,140.3524,0
0,140.3624,0
0,140.3725,0
0,140.3826,0
0,140.3927,0
0,140.4028,0
0,140.4128,0
0,140.4229,0
0,140.433,0
0,140.4431,0
0,140.4532,0
0,140.4633,0
0,140.4734,0
0,140.4834,0
0,140.4935,0
0,140.5036,0
0,140.5137,0
0,140.5238,0
0,140.5339,0
0,140.544,0
0,140.554,0
0,140.5642,1
0,140.5746,1
0,140.5849,1
0,140.5952,1
0,140.6076,0
0,140.6178,0
0,140.6279,0
0,140.6381,0
0,140.6482,0
0,140.6584,0
0,140.6685,0
0,140.6786,0
0,140.6887,0
0,140.6991,0
0,140.7092,0
0,140.7193,0
0,140.7294,0
0,140.7395,0
0,140.7496,0
0,140.7597,0
0,140.7697,0
0,140.7798,0
0,140.7899,0
0,140.8,0
0,140.8101,0
0,140.8201,0
0,140.8302,0
0,140.8403,0
0,140.8504,0
0,140.8605,0
0,140.8705,0
0,140.8806,0
0,140.8907,0
0,140.9008,0
0,140.9108,0
0,140.9209,0
0,140.931,0
0,140.9411,0
0,140.9512,0
0,140.9613,0
0,140.9713,0
0,140.9814,0
0,140.9915,0
0,141.0016,0
0,141.0117,0
0,141.0217,0
0,141.0318,0
0,141.0419,0
0,141.052,0
0,141.062,0
0,141.0721,1
0,141.0839,1
0,141.094,1
0,141.1044,1
0,141.1164,1
0,141.1273,0
0,141.1381,0
0,141.1482,0
0,141.1584,0
0,141.1686,0
0,141.1788,0
0,141.1889,0
0,141.199,0
0,141.2091,0
0,141.2192,0
0,141.2293,0
0,141.2394,0
0,141.2495,0
0,141.2596,0
0,141.2697,0
0,141.2797,0
0,141.2898,0
0,141.2999,0
0,141.31,0
0,141.3201,0
0,141.3302,0
0,141.3402,0
0,141.3503,0
0,141.3604,0
0,141.3705,0
0,141.3806,0
0,141.3907,0
0,141.4008,0
0,141.4108,0
0,141.4209,0
0,141.431,0
0,141.4411,0
0,141.4512,0
0,141.4612,0
0,141.4713,0
0,141.4814,0
0,141.4915,0
0,141.5016,0
0,141.5117,0
0,141.5218,0
0,141.5318,0
0,141.5419,0
0,141.552,0
0,141.5621,0
0,141.5722,1
0,141.5823,1
0,141.5926,1
0,141.6031,1
0,141.6163,0
0,141.6264,0
0,141.6365,0
0,141.6466,0
0,141.6567,0
0,141.6668,0
0,141.677,0
0,141.6872,0
0,141.6974,0
0,141.7075,0
0,141.7176,0
0,141.7277,0
0,141.7378,0
0,141.7479,0
0,141.758,0
0,141.768,0
0,141.7781,0
0,141.7882,0
0,141.7983,0
0,141.8084,0
0,141.8185,0
0,141.8286,0
0,141.8386,0
0,141.8487,0
0,141.8588,0
0,141.8689,0
0,141.879,0
0,141.889,0
0,141.8991,0
0,141.9092,0
0,141.9193,0
0,141.9294,0
0,141.9394,0
0,141.9495,0
0,141.9596,0
0,141.9697,0
0,141.9798,0
0,141.9899,0
0,141.9999,0
0,142.01,0
0,142.0201,0
0,142.0302,0
0,142.0403,0
0,142.0503,0
0,142.0604,0
0,142.0705,0
0,142.0848,1
0,142.0949,1
0,142.107,1
0,142.12,0
0,142.1301,0
0,142.1402,0
0,142.1503,0
0,142.1604,0
0,142.1706,0
0,142.1807,0
0,142.1908,0
0,142.2009,0
0,142.2111,0
0,142.2212,0
0,142.2313,0
0,142.2414,0
0,142.2515,0
0,142.2616,0
0,142.2717,0
0,142.2818,0
0,142.2919,0
0,142.302,0
0,142.3126,0
0,142.3227,0
0,142.3328,0
0,142.3429,0
0,142.3529,0
0,142.363,0
0,142.3731,0
0,142.3833,0
0,142.3933,0
0,142.4034,0
0,142.4135,0
0,142.4236,0
0,142.4337,0
0,142.4438,0
0,142.4539,0
0,142.464,0
0,142.4741,0
0,142.4842,0
0,142.4942,0
0,142.5044,0
0,142.5145,0
0,142.5246,0
0,142.5347,0
0,142.5448,0
0,142.5548,0
0,142.5649,0
0,142.575,0
0,142.5854,1
0,142.5955,1
0,142.6059,1
0,142.6162,1
0,142.6284,1
0,142.6385,0
0,142.6486,0
0,142.6587,0
0,142.671,0
0,142.6811,0
0,142.6913,0
0,142.7014,0
0,142.7117,0
0,142.7218,0
0,142.7319,0
0,142.742,0
0,142.7521,0
0,142.7622,0
0,142.7723,0
0,142.7823,0
0,142.7924,0
0,142.8025,0
0,142.8126,0
0,142.8227,0
0,142.8328,0
0,142.8428,0
0,142.8529,0
0,142.863,0
0,142.8731,0
0,142.8832,0
0,142.8932,0
0,142.9033,0
0,142.9134,0
0,142.9235,0
0,142.9336,0
0,142.9437,0
0,142.9537,0
0,142.9638,0
0,142.9739,0
0,142.984,0
0,142.9941,0
0,143.0041,0
0,143.0142,0
0,143.0243,0
0,143.0344,0
0,143.0445,0
0,143.0546,0
0,143.0646,0
0,143.0747,0
0,143.0893,1
0,143.0994,1
0,143.1167,1
0,143.1328,1
0,143.1432,0
0,143.1533,0
0,143.1634,0
0,143.1735,0
0,143.1837,0
0,143.1938,0
0,143.204,0
0,143.2142,0
0,143.2243,0
0,143.2344,0
0,143.2445,0
0,143.2546,0
0,143.2647,0
0,143.2748,0
0,143.2848,0
0,143.2949,0
0,143.305,0
0,143.3151,0
0,143.3252,0
0,143.3352,0
0,143.3453,0
0,143.3554,0
0,143.3655,0
0,143.3756,0
0,143.3857,0
0,143.3958,0
0,143.4059,0
0,143.416,0
0,143.4261,0
0,143.4361,0
0,143.4462,0
0,143.4563,0
0,143.4664,0
0,143.4765,0
0,143.4865,0
0,143.4966,0
0,143.5067,0
0,143.5168,0
0,143.5269,0
0,143.537,0
0,143.5471,0
0,143.5571,0
0,143.5672,0
0,143.5773,0
0,143.5886,1
0,143.5997,1
0,143.6099,1
0,143.6201,1
0,143.6305,0
0,143.6406,0
0,143.6507,0
0,143.6608,0
0,143.6746,0
0,143.6847,0
0,143.6948,0
0,143.7049,0
0,143.715,0
0,143.7252,0
0,143.7352,0
0,143.7453,0
0,143.7554,0
0,143.7655,0
0,143.7756,0
0,143.7857,0
0,143.7957,0
0,143.8058,0
0,143.8159,0
0,143.826,0
0,143.8361,0
0,143.8461,0
0,143.8562,0
0,143.8663,0
0,143.8764,0
0,143.8865,0
0,143.8965,0
0,143.9066,0
0,143.9167,0
0,143.9268,0
0,143.9369,0
0,143.947,0
0,143.9571,0
0,143.9672,0
0,143.9773,0
0,143.9873,0
0,143.9974,0
0,144.0075,0
0,144.0176,0
0,144.0277,0
0,144.0377,0
0,144.0478,0
0,144.0579,0
0,144.068,0
0,144.0781,0
0,144.091,1
0,144.1031,1
0,144.1152,1
0,144.1304,0
0,144.1409,0
0,144.151,0
0,144.1611,0
0,144.1712,0
0,144.1821,0
0,144.1922,0
0,144.2024,0
0,144.2126,0
0,144.2227,0
0,144.2328,0
0,144.2429,0
0,144.2531,0
0,144.2632,0
0,144.2733,0
0,144.2834,0
0,144.2935,0
0,144.3036,0
0,144.3137,0
0,144.3238,0
0,144.3339,0
0,144.344,0
0,144.3541,0
0,144.3642,0
0,144.3742,0
0,144.3843,0
0,144.3944,0
0,144.4045,0
0,144.4147,0
0,144.4248,0
0,144.4348,0
0,144.4449,0
0,144.455,0
0,144.4651,0
0,144.4751,0
0,144.4852,0
0,144.4953,0
0,144.5054,0
0,144.5155,0
0,144.5256,0
0,144.5356,0
0,144.5457,0
0,144.5558,0
0,144.5659,0
0,144.576,0
0,144.586,0
0,144.5967,1
0,144.6071,1
0,144.6172,1
0,144.6273,0
0,144.6375,0
0,144.6476,0
0,144.6577,0
0,144.6678,0
0,144.6779,0
0,144.688,0
0,144.6981,0
0,144.7082,0
0,144.7188,0
0,144.7289,0
0,144.739,0
0,144.7491,0
0,144.7591,0
0,144.7692,0
0,144.7793,0
0,144.7894,0
0,144.7995,0
0,144.8095,0
0,144.8196,0
0,144.8297,0
0,144.8398,0
0,144.8499,0
0,144.86,0
0,144.87,0
0,144.8801,0
0,144.8902,0
0,144.9003,0
0,144.9103,0
0,144.9204,0
0,144.9305,0
0,144.9406,0
0,144.9507,0
0,144.9608,0
0,144.9708,0
0,144.9809,0
0,144.991,0
0,145.0011,0
0,145.0112,0
0,145.0212,0
0,145.0313,0
0,145.0414,0
0,145.0515,0
0,145.0616,0
0,145.0717,0
0,145.0817,0
0,145.092,0
0,145.1031,1
0,145.1137,1
0,145.1438,0
0,145.1539,0
0,145.164,0
0,145.1747,0
0,145.1848,0
0,145.195,0
0,145.2051,0
0,145.2152,0
0,145.2253,0
0,145.2372,0
0,145.2501,0
0,145.2602,0
0,145.2704,0
0,145.2805,0
0,145.2907,0
0,145.3024,0
0,145.3125,0
0,145.3248,0
0,145.3349,0
0,145.345,0
0,145.3552,0
0,145.3653,0
0,145.3754,0
0,145.3886,0
0,145.3987,0
0,145.409,0
0,145.4191,0
0,145.4298,0
0,145.4401,0
0,145.4502,0
0,145.4603,0
0,145.472,0
0,145.49,0
0,145.5001,0
0,145.5102,0
0,145.5203,0
0,145.5304,0
0,145.5405,0
0,145.5505,0
0,145.5606,0
0,145.5707,0
0,145.5808,0
0,145.5909,0
0,145.6012,1
0,145.6113,1
0,145.6215,1
0,145.6327,0
0,145.6429,0
0,145.653,0
0,145.6631,0
0,145.6732,0
0,145.6833,0
0,145.6945,0
0,145.7046,0
0,145.7166,0
0,145.7267,0
0,145.7368,0
0,145.7469,0
0,145.757,0
0,145.7671,0
0,145.7771,0
0,145.7872,0
0,145.7973,0
0,145.8074,0
0,145.8175,0
0,145.8276,0
0,145.8377,0
0,145.8477,0
0,145.8578,0
0,145.8679,0
0,145.878,0
0,145.8881,0
0,145.8981,0
0,145.9082,0
0,145.9183,0
0,145.9284,0
0,145.9385,0
0,145.9486,0
0,145.9586,0
0,145.9687,0
0,145.9788,0
0,145.9889,0
0,145.999,0
0,146.0091,0
0,146.0191,0
0,146.0292,0
0,146.0393,0
0,146.0494,0
0,146.0595,0
0,146.0695,0
0,146.0796,0
0,146.0897,0
0,146.1006,1
0,146.1107,1
0,146.1213,1
0,146.1321,0
0,146.1425,0
0,146.1526,0
0,146.1627,0
0,146.1728,0
0,146.1832,0
0,146.1933,0
0,146.2034,0
0,146.2135,0
0,146.2237,0
0,146.2338,0
0,146.2439,0
0,146.254,0
0,146.2641,0
0,146.2744,0
0,146.2844,0
0,146.2945,0
0,146.3046,0
0,146.3147,0
0,146.3248,0
0,146.335,0
0,146.345,0
0,146.3551,0
0,146.3652,0
0,146.3753,0
0,146.3854,0
0,146.3954,0
0,146.4055,0
0,146.4156,0
0,146.4257,0
0,146.4358,0
0,146.4458,0
0,146.4561,0
0,146.4662,0
0,146.4763,0
0,146.4864,0
0,146.4964,0
0,146.5065,0
0,146.5174,0
0,146.5275,0
0,146.5376,0
0,146.5477,0
0,146.5578,0
0,146.5679,0
0,146.5779,0
0,146.588,0
0,146.5981,0
0,146.6082,1
0,146.6185,1
0,146.6286,1
0,146.6393,0
0,146.6494,0
0,146.6595,0
0,146.6696,0
0,146.6797,0
0,146.6905,0
0,146.7006,0
0,146.7107,0
0,146.7208,0
0,146.731,0
0,146.741,0
0,146.7511,0
0,146.7612,0
0,146.7713,0
0,146.7814,0
0,146.7915,0
0,146.8016,0
0,146.8117,0
0,146.8217,0
0,146.8318,0
0,146.8419,0
0,146.852,0
0,146.8621,0
0,146.8721,0
0,146.8822,0
0,146.8923,0
0,146.9024,0
0,146.9125,0
0,146.9225,0
0,146.9326,0
0,146.9427,0
0,146.9528,0
0,146.9629,0
0,146.973,0
0,146.983,0
0,146.9931,0
0,147.0032,0
0,147.0133,0
0,147.0234,0
0,147.0334,0
0,147.0435,0
0,147.0536,0
0,147.0637,0
0,147.0738,0
0,147.0839,0
0,147.0939,0
0,147.1041,0
0,147.1158,1
0,147.1277,1
0,147.1378,1
0,147.1479,1
0,147.1609,0
0,147.171,0
0,147.1811,0
0,147.1912,0
0,147.202,0
0,147.2121,0
0,147.2222,0
0,147.2323,0
0,147.2425,0
0,147.2526,0
0,147.2627,0
0,147.2728,0
0,147.2829,0
0,147.293,0
0,147.303,0
0,147.3132,0
0,147.3232,0
0,147.3333,0
0,147.3434,0
0,147.3535,0
0,147.3636,0
0,147.3736,0
0,147.3837,0
0,147.3938,0
0,147.4039,0
0,147.414,0
0,147.424,0
0,147.4341,0
0,147.4442,0
0,147.4543,0
0,147.4644,0
0,147.4745,0
0,147.4846,0
0,147.4946,0
0,147.5047,0
0,147.5148,0
0,147.5249,0
0,147.535,0
0,147.545,0
0,147.5551,0
0,147.5652,0
0,147.5753,0
0,147.5854,0
0,147.5954,0
0,147.6055,0
0,147.6157,1
0,147.6258,1
0,147.6366,1
0,147.6467,1
0,147.6591,0
0,147.6693,0
0,147.6794,0
0,147.6895,0
0,147.6995,0
0,147.7117,0
0,147.7218,0
0,147.7319,0
0,147.7421,0
0,147.7522,0
0,147.7623,0
0,147.7728,0
0,147.783,0
0,147.7931,0
0,147.8032,0
0,147.8133,0
0,147.8234,0
0,147.8335,0
0,147.8435,0
0,147.8536,0
0,147.8637,0
0,147.8738,0
0,147.8839,0
0,147.8939,0
0,147.904,0
0,147.9141,0
0,147.9242,0
0,147.9343,0
0,147.9444,0
0,147.9544,0
0,147.9645,0
0,147.9746,0
0,147.9847,0
0,147.9947,0
0,148.0048,0
0,148.0149,0
0,148.025,0
0,148.0351,0
0,148.0452,0
0,148.0552,0
0,148.0653,0
0,148.0754,0
0,148.0855,0
0,148.0955,0
0,148.1056,0
0,148.1206,1
0,148.1308,1
0,148.1446,0
0,148.1546,0
0,148.1647,0
0,148.1748,0
0,148.1872,0
0,148.1974,0
0,148.2075,0
0,148.2176,0
0,148.2277,0
0,148.2378,0
0,148.2479,0
0,148.258,0
0,148.2681,0
0,148.2782,0
0,148.2883,0
0,148.2983,0
0,148.3084,0
0,148.3185,0
0,148.3286,0
0,148.3387,0
0,148.3488,0
0,148.3589,0
0,148.3689,0
0,148.379,0
0,148.3891,0
0,148.3992,0
0,148.4093,0
0,148.4194,0
0,148.4294,0
0,148.4395,0
0,148.4496,0
0,148.4597,0
0,148.4697,0
0,148.4798,0
0,148.4901,0
0,148.5001,0
0,148.5102,0
0,148.5203,0
0,148.5304,0
0,148.5404,0
0,148.5505,0
0,148.5606,0
0,148.5707,0
0,148.5808,0
0,148.5908,0
0,148.6009,0
0,148.611,0
0,148.6218,1
0,148.6319,1
0,148.642,1
0,148.6587,0
0,148.6688,0
0,148.6796,0
0,148.6896,0
0,148.6998,0
0,148.7123,0
0,148.7237,0
0,148.7338,0
0,148.7439,0
0,148.754,0
0,148.7641,0
0,148.7742,0
0,148.7843,0
0,148.7944,0
0,148.8044,0
0,148.8145,0
0,148.8246,0
0,148.8349,0
0,148.845,0
0,148.8551,0
0,148.8651,0
0,148.8752,0
0,148.8853,0
0,148.8954,0
0,148.9055,0
0,148.9156,0
0,148.9256,0
0,148.9357,0
0,148.9458,0
0,148.956,0
0,148.9661,0
0,148.9762,0
0,148.9862,0
0,148.9963,0
0,149.0064,0
0,149.0165,0
0,149.0266,0
0,149.0366,0
0,149.0467,0
0,149.0568,0
0,149.0669,0
0,149.077,0
0,149.0874,0
0,149.0975,0
0,149.1075,0
0,149.118,0
0,149.1281,1
0,149.1388,1
0,149.1505,1
0,149.1606,0
0,149.1707,0
0,149.1807,0
0,149.1909,0
0,149.201,0
0,149.2121,0
0,149.2222,0
0,149.2323,0
0,149.2434,0
0,149.2535,0
0,149.2637,0
0,149.2738,0
0,149.2839,0
0,149.294,0
0,149.3041,0
0,149.3143,0
0,149.3243,0
0,149.3344,0
0,149.3446,0
0,149.3546,0
0,149.3647,0
0,149.3748,0
0,149.3849,0
0,149.3949,0
0,149.405,0
0,149.4151,0
0,149.4252,0
0,149.4353,0
0,149.4453,0
0,149.4554,0
0,149.4655,0
0,149.4756,0
0,149.4857,0
0,149.4958,0
0,149.5059,0
0,149.516,0
0,149.526,0
0,149.5361,0
0,149.5462,0
0,149.5563,0
0,149.5664,0
0,149.5764,0
0,149.5865,0
0,149.5966,0
0,149.6067,0
0,149.6168,0
0,149.63,1
0,149.6401,1
0,149.6504,1
0,149.6605,0
0,149.6706,0
0,149.6807,0
0,149.6908,0
0,149.701,0
0,149.7112,0
0,149.7213,0
0,149.7316,0
0,149.7417,0
0,149.7518,0
0,149.7619,0
0,149.772,0
0,149.7821,0
0,149.7922,0
0,149.8023,0
0,149.8123,0
0,149.8224,0
0,149.8325,0
0,149.8426,0
0,149.8527,0
0,149.8628,0
0,149.8729,0
0,149.8829,0
0,149.893,0
0,149.9031,0
0,149.9132,0
0,149.9233,0
0,149.9334,0
0,149.9435,0
0,149.9535,0
0,149.9636,0
0,149.9737,0
0,149.9838,0
0,149.9939,0
0,150.0039,0
0,150.014,0
0,150.0241,0
0,150.0342,0
0,150.0443,0
0,150.0544,0
0,150.0644,0
0,150.0745,0
0,150.0846,0
0,150.0947,0
0,150.1048,0
0,150.1149,0
0,150.1252,1
0,150.1357,1
0,150.1458,1
0,150.1587,0
0,150.1688,0
0,150.1789,0
0,150.189,0
0,150.2002,0
0,150.2104,0
0,150.2205,0
0,150.2306,0
0,150.2407,0
0,150.2508,0
0,150.2609,0
0,150.271,0
0,150.2811,0
0,150.2911,0
0,150.3012,0
0,150.3113,0
0,150.3214,0
0,150.3315,0
0,150.3416,0
0,150.3517,0
0,150.3618,0
0,150.3718,0
0,150.3819,0
0,150.392,0
0,150.4021,0
0,150.4122,0
0,150.4223,0
0,150.4323,0
0,150.4424,0
0,150.4525,0
0,150.4626,0
0,150.4726,0
0,150.4827,0
0,150.4928,0
0,150.5029,0
0,150.513,0
0,150.5231,0
0,150.5332,0
0,150.5433,0
0,150.5534,0
0,150.5634,0
0,150.5735,0
0,150.5836,0
0,150.5937,0
0,150.6038,0
0,150.6138,0
0,150.6239,0
0,150.6366,1
0,150.6478,1
0,150.658,1
0,150.6681,0
0,150.6782,0
0,150.6883,0
0,150.6984,0
0,150.7085,0
0,150.7187,0
0,150.7289,0
0,150.739,0
0,150.7491,0
0,150.7592,0
0,150.7693,0
0,150.7794,0
0,150.7895,0
0,150.7996,0
0,150.8096,0
0,150.8197,0
0,150.8298,0
0,150.8399,0
0,150.8499,0
0,150.8601,0
0,150.8701,0
0,150.8802,0
0,150.8903,0
0,150.9004,0
0,150.9105,0
0,150.9205,0
0,150.9306,0
0,150.9407,0
0,150.9508,0
0,150.9609,0
0,150.9709,0
0,150.981,0
0,150.9911,0
0,151.0012,0
0,151.0113,0
0,151.0213,0
0,151.0314,0
0,151.0415,0
0,151.0516,0
0,151.0617,0
0,151.0717,0
0,151.0818,0
0,151.0919,0
0,151.102,0
0,151.112,0
0,151.1221,0
0,151.1326,1
0,151.1444,1
0,151.1545,1
0,151.1696,0
0,151.1799,0
0,151.1901,0
0,151.2001,0
0,151.2103,0
0,151.2204,0
0,151.2305,0
0,151.2406,0
0,151.2508,0
0,151.2609,0
0,151.271,0
0,151.2811,0
0,151.2912,0
0,151.3013,0
0,151.3114,0
0,151.3215,0
0,151.3315,0
0,151.3416,0
0,151.3518,0
0,151.3619,0
0,151.3719,0
0,151.382,0
0,151.3921,0
0,151.4022,0
0,151.4123,0
0,151.4223,0
0,151.4324,0
0,151.4425,0
0,151.4526,0
0,151.4627,0
0,151.4727,0
0,151.4828,0
0,151.4929,0
0,151.503,0
0,151.513,0
0,151.5231,0
0,151.5333,0
0,151.5434,0
0,151.5535,0
0,151.5636,0
0,151.5736,0
0,151.5837,0
0,151.5938,0
0,151.6039,0
0,151.614,0
0,151.624,0
0,151.6366,1
0,151.6476,1
0,151.6578,1
0,151.6681,0
0,151.6782,0
0,151.6883,0
0,151.6984,0
0,151.7088,0
0,151.7189,0
0,151.729,0
0,151.7394,0
0,151.7496,0
0,151.7597,0
0,151.7698,0
0,151.7799,0
0,151.79,0
0,151.8001,0
0,151.8102,0
0,151.8203,0
0,151.8303,0
0,151.8404,0
0,151.8505,0
0,151.8606,0
0,151.8707,0
0,151.8808,0
0,151.8909,0
0,151.901,0
0,151.9111,0
0,151.9212,0
0,151.9313,0
0,151.9414,0
0,151.9514,0
0,151.9615,0
0,151.9716,0
0,151.9817,0
0,151.9918,0
0,152.0018,0
0,152.0119,0
0,152.022,0
0,152.0321,0
0,152.0422,0
0,152.0522,0
0,152.0623,0
0,152.0724,0
0,152.0825,0
0,152.0926,0
0,152.1026,0
0,152.1127,0
0,152.1228,0
0,152.1329,0
0,152.1432,1
0,152.1533,1
0,152.1634,1
0,152.1785,0
0,152.1887,0
0,152.1989,0
0,152.209,0
0,152.2191,0
0,152.2292,0
0,152.2394,0
0,152.2495,0
0,152.2596,0
0,152.2697,0
0,152.2798,0
0,152.2899,0
0,152.3,0
0,152.3101,0
0,152.3201,0
0,152.3302,0
0,152.3403,0
0,152.3504,0
0,152.3605,0
0,152.3706,0
0,152.3807,0
0,152.3908,0
0,152.4009,0
0,152.411,0
0,152.4211,0
0,152.4311,0
0,152.4412,0
0,152.4513,0
0,152.4614,0
0,152.4714,0
0,152.4815,0
0,152.4916,0
0,152.5017,0
0,152.5118,0
0,152.5219,0
0,152.5319,0
0,152.5421,0
0,152.5523,0
0,152.5624,0
0,152.5725,0
0,152.5825,0
0,152.5926,0
0,152.6027,0
0,152.6128,0
0,152.6229,0
0,152.6329,0
0,152.643,1
0,152.6531,1
0,152.6673,1
0,152.6774,0
0,152.6875,0
0,152.6976,0
0,152.7078,0
0,152.7181,0
0,152.7284,0
0,152.7396,0
0,152.7498,0
0,152.7599,0
0,152.7706,0
0,152.7807,0
0,152.7908,0
0,152.8009,0
0,152.811,0
0,152.8211,0
0,152.8312,0
0,152.8413,0
0,152.8514,0
0,152.8614,0
0,152.8715,0
0,152.8816,0
0,152.8917,0
0,152.9018,0
0,152.9119,0
0,152.9219,0
0,152.932,0
0,152.9421,0
0,152.9522,0
0,152.9623,0
0,152.9723,0
0,152.9824,0
0,152.9925,0
0,153.0026,0
0,153.0127,0
0,153.0227,0
0,153.0328,0
0,153.0429,0
0,153.053,0
0,153.0631,0
0,153.0731,0
0,153.0832,0
0,153.0933,0
0,153.1034,0
0,153.1135,0
0,153.1236,0
0,153.1337,0
0,153.1439,0
0,153.1548,1
0,153.1675,1
0,153.1776,1
0,153.1897,0
0,153.2009,0
0,153.211,0
0,153.2229,0
0,153.2334,0
0,153.2436,0
0,153.2537,0
0,153.2638,0
0,153.2739,0
0,153.284,0
0,153.2941,0
0,153.3042,0
0,153.3143,0
0,153.3244,0
0,153.3344,0
0,153.3445,0
0,153.3546,0
0,153.3647,0
0,153.3752,0
0,153.3853,0
0,153.3954,0
0,153.4054,0
0,153.4155,0
0,153.4256,0
0,153.4356,0
0,153.4457,0
0,153.4558,0
0,153.4659,0
0,153.476,0
0,153.486,0
0,153.4961,0
0,153.5062,0
0,153.5163,0
0,153.5264,0
0,153.5365,0
0,153.5465,0
0,153.5566,0
0,153.5667,0
0,153.5768,0
0,153.5869,0
0,153.597,0
0,153.6071,0
0,153.6172,0
0,153.6273,0
0,153.6373,0
0,153.6474,0
0,153.6606,1
0,153.6707,1
0,153.6807,1
0,153.6928,0
0,153.7029,0
0,153.7136,0
0,153.7237,0
0,153.7338,0
0,153.7446,0
0,153.7547,0
0,153.7649,0
0,153.775,0
0,153.7851,0
0,153.7952,0
0,153.8052,0
0,153.8153,0
0,153.8254,0
0,153.8355,0
0,153.8456,0
0,153.8556,0
0,153.8657,0
0,153.8759,0
0,153.8859,0
0,153.896,0
0,153.9061,0
0,153.9162,0
0,153.9263,0
0,153.9363,0
0,153.9464,0
0,153.9565,0
0,153.9666,0
0,153.9767,0
0,153.9867,0
0,153.9968,0
0,154.0069,0
0,154.017,0
0,154.0271,0
0,154.0371,0
0,154.0472,0
0,154.0573,0
0,154.0674,0
0,154.0775,0
0,154.0875,0
0,154.0976,0
0,154.1077,0
0,154.1178,0
0,154.1279,0
0,154.1379,0
0,154.148,0
0,154.1607,1
0,154.1714,1
0,154.1815,1
0,154.1916,0
0,154.202,0
0,154.2121,0
0,154.2223,0
0,154.2324,0
0,154.2465,0
0,154.2598,0
0,154.27,0
0,154.2801,0
0,154.2902,0
0,154.3004,0
0,154.3105,0
0,154.3207,0
0,154.3308,0
0,154.3409,0
0,154.3509,0
0,154.361,0
0,154.3711,0
0,154.3812,0
0,154.3913,0
0,154.4014,0
0,154.4115,0
0,154.4215,0
0,154.4316,0
0,154.4417,0
0,154.4518,0
0,154.4619,0
0,154.472,0
0,154.4821,0
0,154.4921,0
0,154.5022,0
0,154.5123,0
0,154.5224,0
0,154.5325,0
0,154.5425,0
0,154.5526,0
0,154.5627,0
0,154.5728,0
0,154.5829,0
0,154.593,0
0,154.6031,0
0,154.6132,0
0,154.6233,0
0,154.6333,0
0,154.6434,0
0,154.6535,0
0,154.6636,1
0,154.6742,1
0,154.6847,1
0,154.6948,0
0,154.7086,0
0,154.7187,0
0,154.7288,0
0,154.739,0
0,154.7505,0
0,154.7606,0
0,154.7707,0
0,154.7808,0
0,154.7909,0
0,154.801,0
0,154.8111,0
0,154.8212,0
0,154.8313,0
0,154.8414,0
0,154.8515,0
0,154.8615,0
0,154.8716,0
0,154.8817,0
0,154.8918,0
0,154.9019,0
0,154.912,0
0,154.9221,0
0,154.9322,0
0,154.9423,0
0,154.9524,0
0,154.9625,0
0,154.9726,0
0,154.9826,0
0,154.9927,0
0,155.0028,0
0,155.0129,0
0,155.023,0
0,155.033,0
0,155.0431,0
0,155.0532,0
0,155.0633,0
0,155.0734,0
0,155.0834,0
0,155.0935,0
0,155.1036,0
0,155.1137,0
0,155.1238,0
0,155.1339,0
0,155.1439,0
0,155.154,0
0,155.1642,1
0,155.1753,1
0,155.1855,1
0,155.1974,0
0,155.2075,0
0,155.2176,0
0,155.2277,0
0,155.2379,0
0,155.2481,0
0,155.2582,0
0,155.2683,0
0,155.2786,0
0,155.2887,0
0,155.299,0
0,155.3091,0
0,155.3192,0
0,155.3293,0
0,155.3394,0
0,155.3502,0
0,155.3602,0
0,155.3703,0
0,155.3804,0
0,155.3905,0
0,155.4006,0
0,155.4106,0
0,155.4207,0
0,155.4308,0
0,155.4409,0
0,155.451,0
0,155.4611,0
0,155.4711,0
0,155.4812,0
0,155.4913,0
0,155.5014,0
0,155.5115,0
0,155.5216,0
0,155.5317,0
0,155.5417,0
0,155.5518,0
0,155.5619,0
0,155.572,0
0,155.5821,0
0,155.5921,0
0,155.6023,0
0,155.6124,0
0,155.6224,0
0,155.6325,0
0,155.6426,0
0,155.6527,0
0,155.6633,0
0,155.6745,1
0,155.6853,1
0,155.6954,1
0,155.7059,0
0,155.716,0
0,155.7261,0
0,155.7362,0
0,155.7463,0
0,155.7585,0
0,155.7687,0
0,155.7788,0
0,155.7889,0
0,155.799,0
0,155.8091,0
0,155.8192,0
0,155.8293,0
0,155.8394,0
0,155.8495,0
0,155.8595,0
0,155.8696,0
0,155.8797,0
0,155.8898,0
0,155.8999,0
0,155.91,0
0,155.9201,0
0,155.9302,0
0,155.9402,0
0,155.9511,0
0,155.9612,0
0,155.9713,0
0,155.9813,0
0,155.9914,0
0,156.0015,0
0,156.0116,0
0,156.0217,0
0,156.0317,0
0,156.0418,0
0,156.0519,0
0,156.062,0
0,156.072,0
0,156.0821,0
0,156.0922,0
0,156.1023,0
0,156.1124,0
0,156.1225,0
0,156.1325,0
0,156.1426,0
0,156.1531,0
0,156.1632,0
0,156.1733,1
0,156.1843,1
0,156.1944,1
0,156.206,1
0,156.2167,0
0,156.2267,0
0,156.2369,0
0,156.247,0
0,156.2571,0
0,156.2673,0
0,156.2775,0
0,156.2876,0
0,156.2977,0
0,156.3078,0
0,156.3178,0
0,156.3279,0
0,156.338,0
0,156.3481,0
0,156.3582,0
0,156.3683,0
0,156.3784,0
0,156.3884,0
0,156.3985,0
0,156.4086,0
0,156.4187,0
0,156.4288,0
0,156.4389,0
0,156.4489,0
0,156.459,0
0,156.4691,0
0,156.4792,0
0,156.4893,0
0,156.4994,0
0,156.5094,0
0,156.5195,0
0,156.5296,0
0,156.5397,0
0,156.5498,0
0,156.5598,0
0,156.5699,0
0,156.58,0
0,156.5901,0
0,156.6002,0
0,156.6103,0
0,156.6204,0
0,156.6305,0
0,156.6406,0
0,156.6506,0
0,156.6607,0
0,156.6708,1
0,156.6822,1
0,156.6923,1
0,156.7025,0
0,156.7126,0
0,156.7226,0
0,156.7343,0
0,156.7444,0
0,156.7559,0
0,156.7661,0
0,156.7763,0
0,156.7864,0
0,156.7966,0
0,156.8067,0
0,156.8168,0
0,156.8269,0
0,156.837,0
0,156.847,0
0,156.8571,0
0,156.8672,0
0,156.8773,0
0,156.8874,0
0,156.8974,0
0,156.9075,0
0,156.9176,0
0,156.9277,0
0,156.9378,0
0,156.9479,0
0,156.9579,0
0,156.968,0
0,156.9781,0
0,156.9882,0
0,156.9983,0
0,157.0084,0
0,157.0184,0
0,157.0285,0
0,157.0386,0
0,157.0487,0
0,157.0588,0
0,157.0688,0
0,157.0789,0
0,157.089,0
0,157.0991,0
0,157.1092,0
0,157.1192,0
0,157.1293,0
0,157.1394,0
0,157.1495,0
0,157.1596,0
0,157.1715,0
0,157.182,1
0,157.1921,1
0,157.2034,1
0,157.2135,0
0,157.2237,0
0,157.2338,0
0,157.2439,0
0,157.2541,0
0,157.2642,0
0,157.2743,0
0,157.2845,0
0,157.2946,0
0,157.3047,0
0,157.3148,0
0,157.3249,0
0,157.335,0
0,157.3451,0
0,157.3551,0
0,157.3652,0
0,157.3753,0
0,157.3854,0
0,157.3955,0
0,157.4056,0
0,157.4157,0
0,157.4258,0
0,157.4359,0
0,157.4459,0
0,157.456,0
0,157.4661,0
0,157.4762,0
0,157.4863,0
0,157.4963,0
0,157.5064,0
0,157.5165,0
0,157.5266,0
0,157.5367,0
0,157.5467,0
0,157.5568,0
0,157.5669,0
0,157.577,0
0,157.5871,0
0,157.5971,0
0,157.6072,0
0,157.6173,0
0,157.6274,0
0,157.6375,0
0,157.6476,0
0,157.6577,0
0,157.6678,0
0,157.6788,1
0,157.6912,1
0,157.7013,1
0,157.7114,0
0,157.7215,0
0,157.7316,0
0,157.7417,0
0,157.7518,0
0,157.7634,0
0,157.7736,0
0,157.7837,0
0,157.7938,0
0,157.8039,0
0,157.814,0
0,157.8241,0
0,157.8342,0
0,157.8443,0
0,157.8544,0
0,157.8646,0
0,157.8746,0
0,157.8847,0
0,157.8948,0
0,157.9049,0
0,157.915,0
0,157.9251,0
0,157.9352,0
0,157.9453,0
0,157.9563,0
0,157.9663,0
0,157.9764,0
0,157.9865,0
0,157.9966,0
0,158.0067,0
0,158.0168,0
0,158.0269,0
0,158.037,0
0,158.0471,0
0,158.0572,0
0,158.0673,0
0,158.0774,0
0,158.0875,0
0,158.0976,0
0,158.1077,0
0,158.1178,0
0,158.1279,0
0,158.138,0
0,158.1481,0
0,158.1582,0
0,158.1683,0
0,158.1791,0
0,158.1896,1
0,158.1997,1
0,158.2098,1
0,158.224,1
0,158.2346,0
0,158.2447,0
0,158.2549,0
0,158.265,0
0,158.2751,0
0,158.2852,0
0,158.2953,0
0,158.3054,0
0,158.3155,0
0,158.3257,0
0,158.3358,0
0,158.3459,0
0,158.3566,0
0,158.3666,0
0,158.3767,0
0,158.3868,0
0,158.3969,0
0,158.407,0
0,158.417,0
0,158.4273,0
0,158.4374,0
0,158.4475,0
0,158.4576,0
0,158.4676,0
0,158.4777,0
0,158.4878,0
0,158.4979,0
0,158.508,0
0,158.5181,0
0,158.5281,0
0,158.5382,0
0,158.5483,0
0,158.5584,0
0,158.5684,0
0,158.5785,0
0,158.5886,0
0,158.5987,0
0,158.6088,0
0,158.6189,0
0,158.6289,0
0,158.639,0
0,158.6491,0
0,158.6592,0
0,158.6693,0
0,158.6794,0
0,158.6895,1
0,158.7001,1
0,158.7103,1
0,158.7238,0
0,158.7339,0
0,158.7444,0
0,158.7545,0
0,158.7647,0
0,158.7748,0
0,158.7849,0
0,158.795,0
0,158.8051,0
0,158.8152,0
0,158.8253,0
0,158.8354,0
0,158.8455,0
0,158.8556,0
0,158.8657,0
0,158.8757,0
0,158.8858,0
0,158.8959,0
0,158.906,0
0,158.9161,0
0,158.9262,0
0,158.9363,0
0,158.9464,0
0,158.9564,0
0,158.9665,0
0,158.9766,0
0,158.9867,0
0,158.9968,0
0,159.0069,0
0,159.0169,0
0,159.027,0
0,159.0371,0
0,159.0472,0
0,159.0573,0
0,159.0673,0
0,159.0774,0
0,159.0875,0
0,159.0976,0
0,159.1077,0
0,159.1178,0
0,159.1278,0
0,159.1379,0
0,159.148,0
0,159.1581,0
0,159.1682,0
0,159.1782,0
0,159.1885,1
0,159.1986,1
0,159.2087,1
0,159.2201,0
0,159.2303,0
0,159.2404,0
0,159.2506,0
0,159.2614,0
0,159.2722,0
0,159.2823,0
0,159.2926,0
0,159.3046,0
0,159.3148,0
0,159.325,0
0,159.3351,0
0,159.3465,0
0,159.3566,0
0,159.3667,0
0,159.3768,0
0,159.3868,0
0,159.3969,0
0,159.407,0
0,159.4171,0
0,159.4272,0
0,159.4373,0
0,159.4473,0
0,159.4574,0
0,159.4675,0
0,159.4776,0
0,159.4877,0
0,159.4978,0
0,159.5078,0
0,159.5179,0
0,159.528,0
0,159.5381,0
0,159.5482,0
0,159.5582,0
0,159.5683,0
0,159.5784,0
0,159.5885,0
0,159.5986,0
0,159.6087,0
0,159.6187,0
0,159.6288,0
0,159.6389,0
0,159.649,0
0,159.6591,0
0,159.6692,0
0,159.6793,0
0,159.6926,1
0,159.7027,1
0,159.7147,1
0,159.7248,0
0,159.7359,0
0,159.746,0
0,159.7561,0
0,159.7662,0
0,159.7764,0
0,159.7865,0
0,159.7967,0
0,159.8068,0
0,159.8169,0
0,159.827,0
0,159.837,0
0,159.8471,0
0,159.8572,0
0,159.8673,0
0,159.8774,0
0,159.8875,0
0,159.8975,0
0,159.9076,0
0,159.9177,0
0,159.9278,0
0,159.9379,0
0,159.948,0
0,159.958,0
0,159.9681,0
0,159.9782,0
0,159.9883,0
0,159.9984,0
0,160.0084,0
0,160.0185,0
0,160.0286,0
0,160.0387,0
0,160.0488,0
0,160.0588,0
0,160.0689,0
0,160.079,0
0,160.0891,0
0,160.0992,0
0,160.1092,0
0,160.1193,0
0,160.1294,0
0,160.1395,0
0,160.1496,0
0,160.1597,0
0,160.1697,0
0,160.1798,0
0,160.1914,1
0,160.2018,1
0,160.2119,1
0,160.2253,0
0,160.2356,0
0,160.2457,0
0,160.2558,0
0,160.2659,0
0,160.276,0
0,160.2887,0
0,160.2988,0
0,160.3089,0
0,160.319,0
0,160.3291,0
0,160.3392,0
0,160.3493,0
0,160.3594,0
0,160.3695,0
0,160.3796,0
0,160.3897,0
0,160.3997,0
0,160.4098,0
0,160.4199,0
0,160.43,0
0,160.4401,0
0,160.4502,0
0,160.4603,0
0,160.4703,0
0,160.4804,0
0,160.4905,0
0,160.5006,0
0,160.5107,0
0,160.5207,0
0,160.5308,0
0,160.5409,0
0,160.551,0
0,160.5611,0
0,160.5712,0
0,160.5812,0
0,160.5913,0
0,160.6014,0
0,160.6115,0
0,160.6216,0
0,160.6317,0
0,160.6418,0
0,160.6518,0
0,160.6619,0
0,160.672,0
0,160.6821,0
0,160.6922,0
0,160.7023,1
0,160.7125,1
0,160.7226,1
0,160.7336,1
0,160.7455,0
0,160.7557,0
0,160.7662,0
0,160.7764,0
0,160.7865,0
0,160.7969,0
0,160.807,0
0,160.8172,0
0,160.8273,0
0,160.8374,0
0,160.8475,0
0,160.8576,0
0,160.8677,0
0,160.8777,0
0,160.8878,0
0,160.8979,0
0,160.908,0
0,160.9181,0
0,160.9281,0
0,160.9382,0
0,160.9483,0
0,160.9584,0
0,160.9685,0
0,160.9786,0
0,160.9886,0
0,160.9987,0
0,161.0088,0
0,161.0189,0
0,161.029,0
0,161.039,0
0,161.0491,0
0,161.0592,0
0,161.0693,0
0,161.0794,0
0,161.0894,0
0,161.0995,0
0,161.1096,0
0,161.1197,0
0,161.1298,0
0,161.1398,0
0,161.1499,0
0,161.16,0
0,161.1701,0
0,161.1802,0
0,161.1903,0
0,161.2027,1
0,161.2128,1
0,161.2234,1
0,161.2338,1
0,161.2476,0
0,161.2577,0
0,161.2678,0
0,161.2779,0
0,161.2881,0
0,161.2982,0
0,161.3084,0
0,161.3185,0
0,161.3286,0
0,161.3387,0
0,161.3488,0
0,161.3589,0
0,161.369,0
0,161.3791,0
0,161.3892,0
0,161.3992,0
0,161.4093,0
0,161.4194,0
0,161.4295,0
0,161.4396,0
0,161.4497,0
0,161.4598,0
0,161.4699,0
0,161.4799,0
0,161.49,0
0,161.5001,0
0,161.5102,0
0,161.5203,0
0,161.5304,0
0,161.5405,0
0,161.5505,0
0,161.5606,0
0,161.5707,0
0,161.5808,0
0,161.5909,0
0,161.6009,0
0,161.611,0
0,161.6211,0
0,161.6312,0
0,161.6413,0
0,161.6513,0
0,161.6614,0
0,161.6715,0
0,161.6816,0
0,161.6917,0
0,161.7018,0
0,161.7119,1
0,161.7224,1
0,161.7325,1
0,161.7454,0
0,161.7555,0
0,161.7662,0
0,161.7814,0
0,161.7916,0
0,161.8017,0
0,161.8118,0
0,161.8219,0
0,161.832,0
0,161.8422,0
0,161.8522,0
0,161.8623,0
0,161.8724,0
0,161.8825,0
0,161.8926,0
0,161.9026,0
0,161.9127,0
0,161.9228,0
0,161.9329,0
0,161.943,0
0,161.9532,0
0,161.9633,0
0,161.9734,0
0,161.9835,0
0,161.9936,0
0,162.0036,0
0,162.0137,0
0,162.0238,0
0,162.0339,0
0,162.044,0
0,162.054,0
0,162.0641,0
0,162.0742,0
0,162.0843,0
0,162.0944,0
0,162.1044,0
0,162.1145,0
0,162.1246,0
0,162.1347,0
0,162.1448,0
0,162.1548,0
0,162.1649,0
0,162.175,0
0,162.1851,0
0,162.1952,0
0,162.2053,0
0,162.2157,1
0,162.226,1
0,162.2361,1
0,162.2479,0
0,162.258,0
0,162.2682,0
0,162.2783,0
0,162.2888,0
0,162.2989,0
0,162.309,0
0,162.3191,0
0,162.3292,0
0,162.3393,0
0,162.3494,0
0,162.3595,0
0,162.3696,0
0,162.3797,0
0,162.3897,0
0,162.3998,0
0,162.4099,0
0,162.42,0
0,162.4301,0
0,162.4401,0
0,162.4502,0
0,162.4603,0
0,162.4704,0
0,162.4805,0
0,162.4906,0
0,162.5006,0
0,162.5107,0
0,162.5208,0
0,162.5309,0
0,162.541,0
0,162.5511,0
0,162.5611,0
0,162.5712,0
0,162.5813,0
0,162.5914,0
0,162.6014,0
0,162.6115,0
0,162.6216,0
0,162.6317,0
0,162.6418,0
0,162.6518,0
0,162.6619,0
0,162.672,0
0,162.6821,0
0,162.6922,0
0,162.7022,0
0,162.7123,0
0,162.7244,1
0,162.735,1
0,162.7454,1
0,162.7555,0
0,162.7682,0
0,162.7785,0
0,162.7887,0
0,162.7987,0
0,162.8088,0
0,162.8209,0
0,162.831,0
0,162.8412,0
0,162.8512,0
0,162.8614,0
0,162.8714,0
0,162.8816,0
0,162.8916,0
0,162.9017,0
0,162.9118,0
0,162.9219,0
0,162.932,0
0,162.942,0
0,162.9521,0
0,162.9622,0
0,162.9723,0
0,162.9824,0
0,162.9925,0
0,163.0026,0
0,163.0126,0
0,163.0227,0
0,163.0328,0
0,163.0429,0
0,163.053,0
0,163.0631,0
0,163.0731,0
0,163.0832,0
0,163.0933,0
0,163.1034,0
0,163.1134,0
0,163.1235,0
0,163.1336,0
0,163.1437,0
0,163.1538,0
0,163.1638,0
0,163.1739,0
0,163.184,0
0,163.1941,0
0,163.2042,0
0,163.2143,0
0,163.2244,1
0,163.2376,1
0,163.2488,1
0,163.2671,0
0,163.2793,0
0,163.2941,0
0,163.3069,0
0,163.3189,0
0,163.329,0
0,163.3391,0
0,163.3493,0
0,163.3595,0
0,163.3709,0
0,163.381,0
0,163.3911,0
0,163.4012,0
0,163.4113,0
0,163.4214,0
0,163.4314,0
0,163.4415,0
0,163.4516,0
0,163.4617,0
0,163.4718,0
0,163.4819,0
0,163.492,0
0,163.502,0
0,163.5121,0
0,163.5222,0
0,163.5323,0
0,163.5424,0
0,163.5524,0
0,163.5625,0
0,163.5726,0
0,163.5827,0
0,163.5928,0
0,163.6029,0
0,163.6129,0
0,163.623,0
0,163.6331,0
0,163.6432,0
0,163.6532,0
0,163.6633,0
0,163.6734,0
0,163.6835,0
0,163.6936,0
0,163.7036,0
0,163.7137,0
0,163.7238,0
0,163.7339,1
0,163.744,1
0,163.7548,1
0,163.7656,0
0,163.7758,0
0,163.7859,0
0,163.796,0
0,163.8061,0
0,163.8163,0
0,163.8266,0
0,163.8367,0
0,163.8468,0
0,163.8569,0
0,163.867,0
0,163.8771,0
0,163.8872,0
0,163.8973,0
0,163.9074,0
0,163.9175,0
0,163.9276,0
0,163.9377,0
0,163.9477,0
0,163.9578,0
0,163.9679,0
0,163.978,0
0,163.9881,0
0,163.9982,0
0,164.0082,0
0,164.0183,0
0,164.0284,0
0,164.0385,0
0,164.0486,0
0,164.0586,0
0,164.0687,0
0,164.0788,0
0,164.0889,0
0,164.099,0
0,164.109,0
0,164.1191,0
0,164.1292,0
0,164.1393,0
0,164.1494,0
0,164.1595,0
0,164.1695,0
0,164.1796,0
0,164.1897,0
0,164.1998,0
0,164.2099,0
0,164.22,0
0,164.23,0
0,164.2402,1
0,164.2506,1
0,164.2614,1
0,164.2748,0
0,164.2866,0
0,164.2968,0
0,164.3073,0
0,164.3175,0
0,164.3276,0
0,164.3385,0
0,164.3487,0
0,164.3588,0
0,164.3689,0
0,164.379,0
0,164.3891,0
0,164.3992,0
0,164.4093,0
0,164.4194,0
0,164.4295,0
0,164.4396,0
0,164.4497,0
0,164.4598,0
0,164.4699,0
0,164.48,0
0,164.4901,0
0,164.5001,0
0,164.5102,0
0,164.5203,0
0,164.5304,0
0,164.5405,0
0,164.5505,0
0,164.5606,0
0,164.5707,0
0,164.5808,0
0,164.5909,0
0,164.6009,0
0,164.611,0
0,164.6211,0
0,164.6312,0
0,164.6413,0
0,164.6513,0
0,164.6614,0
0,164.6715,0
0,164.6816,0
0,164.6917,0
0,164.7017,0
0,164.7118,0
0,164.7219,0
0,164.732,0
0,164.7446,1
0,164.7547,1
0,164.7649,1
0,164.7752,0
0,164.7853,0
0,164.7954,0
0,164.8055,0
0,164.8156,0
0,164.8257,0
0,164.8359,0
0,164.846,0
0,164.8561,0
0,164.8662,0
0,164.8763,0
0,164.8864,0
0,164.8964,0
0,164.9065,0
0,164.9166,0
0,164.9267,0
0,164.9367,0
0,164.9468,0
0,164.9569,0
0,164.967,0
0,164.9771,0
0,164.9872,0
0,164.9973,0
0,165.0074,0
0,165.0175,0
0,165.0275,0
0,165.0376,0
0,165.0477,0
0,165.0578,0
0,165.0678,0
0,165.0779,0
0,165.088,0
0,165.0981,0
0,165.1082,0
0,165.1183,0
0,165.1284,0
0,165.1384,0
0,165.1485,0
0,165.1586,0
0,165.1687,0
0,165.1788,0
0,165.1889,0
0,165.1989,0
0,165.209,0
0,165.2191,0
0,165.2292,0
0,165.2396,0
0,165.2509,1
0,165.2611,1
0,165.2712,1
0,165.2816,0
0,165.2917,0
0,165.3018,0
0,165.3119,0
0,165.3221,0
0,165.3326,0
0,165.343,0
0,165.3532,0
0,165.3633,0
0,165.3734,0
0,165.3835,0
0,165.3936,0
0,165.4037,0
0,165.4138,0
0,165.4238,0
0,165.4339,0
0,165.444,0
0,165.4541,0
0,165.4641,0
0,165.4742,0
0,165.4843,0
0,165.4944,0
0,165.5045,0
0,165.5146,0
0,165.5247,0
0,165.5348,0
0,165.5448,0
0,165.5549,0
0,165.565,0
0,165.5751,0
0,165.5852,0
0,165.5952,0
0,165.6053,0
0,165.6154,0
0,165.6255,0
0,165.6355,0
0,165.6456,0
0,165.6557,0
0,165.6658,0
0,165.6759,0
0,165.6859,0
0,165.696,0
0,165.7061,0
0,165.7162,0
0,165.7263,0
0,165.7364,0
0,165.7465,0
0,165.7566,1
0,165.7669,1
0,165.777,1
0,165.7871,0
0,165.7972,0
0,165.8074,0
0,165.8175,0
0,165.8288,0
0,165.8389,0
0,165.849,0
0,165.8593,0
0,165.8704,0
0,165.8806,0
0,165.8907,0
0,165.9008,0
0,165.9109,0
0,165.921,0
0,165.931,0
0,165.9411,0
0,165.9512,0
0,165.9613,0
0,165.9714,0
0,165.9826,0
0,165.9927,0
0,166.0028,0
0,166.0129,0
0,166.0229,0
0,166.033,0
0,166.0431,0
0,166.0532,0
0,166.0633,0
0,166.0734,0
0,166.0834,0
0,166.0935,0
0,166.1036,0
0,166.1137,0
0,166.1238,0
0,166.1338,0
0,166.1439,0
0,166.154,0
0,166.1641,0
0,166.1741,0
0,166.1842,0
0,166.1943,0
0,166.2044,0
0,166.2145,0
0,166.2246,0
0,166.2346,0
0,166.2447,0
0,166.2601,1
0,166.2702,1
0,166.2846,0
0,166.2946,0
0,166.3047,0
0,166.3148,0
0,166.3249,0
0,166.335,0
0,166.3452,0
0,166.3553,0
0,166.3654,0
0,166.3755,0
0,166.3861,0
0,166.3962,0
0,166.4063,0
0,166.4164,0
0,166.4264,0
0,166.4365,0
0,166.4466,0
0,166.4567,0
0,166.4668,0
0,166.4769,0
0,166.4869,0
0,166.497,0
0,166.5071,0
0,166.5172,0
0,166.5273,0
0,166.5374,0
0,166.5475,0
0,166.5575,0
0,166.5676,0
0,166.5777,0
0,166.5878,0
0,166.5979,0
0,166.608,0
0,166.618,0
0,166.6281,0
0,166.6382,0
0,166.6483,0
0,166.6583,0
0,166.6684,0
0,166.6785,0
0,166.6886,0
0,166.6987,0
0,166.7088,0
0,166.7188,0
0,166.7289,0
0,166.739,0
0,166.7491,0
0,166.7594,1
0,166.7724,1
0,166.7825,1
0,166.7941,0
0,166.8042,0
0,166.8163,0
0,166.8264,0
0,166.8367,0
0,166.8469,0
0,166.8571,0
0,166.8674,0
0,166.8775,0
0,166.8876,0
0,166.8977,0
0,166.9078,0
0,166.9178,0
0,166.9279,0
0,166.938,0
0,166.9481,0
0,166.9582,0
0,166.9683,0
0,166.9783,0
0,166.9884,0
0,166.9985,0
0,167.0086,0
0,167.0187,0
0,167.0288,0
0,167.0389,0
0,167.0489,0
0,167.059,0
0,167.0691,0
0,167.0792,0
0,167.0893,0
0,167.0994,0
0,167.1094,0
0,167.1195,0
0,167.1296,0
0,167.1397,0
0,167.1498,0
0,167.1599,0
0,167.1699,0
0,167.18,0
0,167.1901,0
0,167.2002,0
0,167.2103,0
0,167.2203,0
0,167.2304,0
0,167.2405,0
0,167.2506,0
0,167.2627,1
0,167.273,1
0,167.2831,1
0,167.2954,0
0,167.3055,0
0,167.3156,0
0,167.3257,0
0,167.3358,0
0,167.346,0
0,167.3562,0
0,167.3662,0
0,167.3763,0
0,167.3864,0
0,167.3966,0
0,167.4067,0
0,167.4167,0
0,167.4268,0
0,167.4369,0
0,167.447,0
0,167.4571,0
0,167.4672,0
0,167.4772,0
0,167.4873,0
0,167.4974,0
0,167.5075,0
0,167.5176,0
0,167.5277,0
0,167.5378,0
0,167.5479,0
0,167.5579,0
0,167.568,0
0,167.5781,0
0,167.5882,0
0,167.5983,0
0,167.6083,0
0,167.6184,0
0,167.6285,0
0,167.6386,0
0,167.6487,0
0,167.6588,0
0,167.6689,0
0,167.6789,0
0,167.689,0
0,167.6991,0
0,167.7092,0
0,167.7193,0
0,167.7294,0
0,167.7394,0
0,167.7495,0
0,167.7646,1
0,167.7746,1
0,167.7849,1
0,167.7986,1
0,167.8087,0
0,167.8191,0
0,167.8292,0
0,167.8394,0
0,167.8496,0
0,167.8599,0
0,167.87,0
0,167.8801,0
0,167.8902,0
0,167.9003,0
0,167.9104,0
0,167.9205,0
0,167.9306,0
0,167.9406,0
0,167.9507,0
0,167.9608,0
0,167.9709,0
0,167.981,0
0,167.991,0
0,168.0011,0
0,168.0112,0
0,168.0213,0
0,168.0314,0
0,168.0415,0
0,168.0516,0
0,168.0616,0
0,168.0717,0
0,168.0818,0
0,168.0919,0
0,168.102,0
0,168.1121,0
0,168.1221,0
0,168.1322,0
0,168.1423,0
0,168.1524,0
0,168.1625,0
0,168.1726,0
0,168.1826,0
0,168.1927,0
0,168.2028,0
0,168.2129,0
0,168.223,0
0,168.2331,0
0,168.2431,0
0,168.2532,0
0,168.2633,1
0,168.2766,1
0,168.2886,1
0,168.2997,0
0,168.3098,0
0,168.3199,0
0,168.33,0
0,168.3401,0
0,168.3556,0
0,168.3658,0
0,168.3759,0
0,168.386,0
0,168.397,0
0,168.4071,0
0,168.4172,0
0,168.4273,0
0,168.4374,0
0,168.4475,0
0,168.4576,0
0,168.4677,0
0,168.4778,0
0,168.4878,0
0,168.4979,0
0,168.508,0
0,168.5181,0
0,168.5282,0
0,168.5383,0
0,168.5484,0
0,168.5584,0
0,168.5686,0
0,168.5786,0
0,168.5887,0
0,168.5988,0
0,168.6089,0
0,168.619,0
0,168.629,0
0,168.6391,0
0,168.6492,0
0,168.6593,0
0,168.6694,0
0,168.6795,0
0,168.6895,0
0,168.6996,0
0,168.7097,0
0,168.7198,0
0,168.7299,0
0,168.74,0
0,168.7501,0
0,168.7606,0
0,168.7707,1
0,168.7812,1
0,168.7912,1
0,168.8032,0
0,168.8133,0
0,168.8235,0
0,168.8343,0
0,168.8445,0
0,168.8546,0
0,168.8648,0
0,168.8749,0
0,168.885,0
0,168.8952,0
0,168.9053,0
0,168.9155,0
0,168.9255,0
0,168.9356,0
0,168.9457,0
0,168.9558,0
0,168.9659,0
0,168.976,0
0,168.986,0
0,168.9961,0
0,169.0062,0
0,169.0163,0
0,169.0263,0
0,169.0365,0
0,169.0465,0
0,169.0566,0
0,169.0667,0
0,169.0768,0
0,169.0869,0
0,169.0969,0
0,169.107,0
0,169.1171,0
0,169.1272,0
0,169.1373,0
0,169.1473,0
0,169.1574,0
0,169.1675,0
0,169.1776,0
0,169.1877,0
0,169.1977,0
0,169.2078,0
0,169.2179,0
0,169.228,0
0,169.2381,0
0,169.2482,0
0,169.2583,0
0,169.2685,1
0,169.2807,1
0,169.2908,1
0,169.3022,1
0,169.3147,1
0,169.3287,0
0,169.3389,0
0,169.3496,0
0,169.3597,0
0,169.37,0
0,169.3801,0
0,169.3903,0
0,169.4004,0
0,169.4105,0
0,169.4206,0
0,169.4307,0
0,169.4408,0
0,169.4509,0
0,169.461,0
0,169.471,0
0,169.4811,0
0,169.4912,0
0,169.5013,0
0,169.5114,0
0,169.5214,0
0,169.5315,0
0,169.5417,0
0,169.5518,0
0,169.5619,0
0,169.572,0
0,169.5821,0
0,169.5921,0
0,169.6022,0
0,169.6123,0
0,169.6224,0
0,169.6325,0
0,169.6425,0
0,169.6526,0
0,169.6627,0
0,169.6728,0
0,169.6829,0
0,169.6929,0
0,169.703,0
0,169.7131,0
0,169.7232,0
0,169.7333,0
0,169.7434,0
0,169.7534,0
0,169.7635,0
0,169.7736,1
0,169.7848,1
0,169.795,1
0,169.8159,0
0,169.8271,0
0,169.8387,0
0,169.8487,0
0,169.859,0
0,169.8691,0
0,169.8793,0
0,169.8894,0
0,169.8995,0
0,169.9096,0
0,169.9197,0
0,169.9298,0
0,169.9399,0
0,169.95,0
0,169.9601,0
0,169.9701,0
0,169.9802,0
0,169.9903,0
0,170.0004,0
0,170.0105,0
0,170.0206,0
0,170.0306,0
0,170.0407,0
0,170.0509,0
0,170.0609,0
0,170.071,0
0,170.0811,0
0,170.0912,0
0,170.1013,0
0,170.1114,0
0,170.1214,0
0,170.1315,0
0,170.1416,0
0,170.1517,0
0,170.1618,0
0,170.1719,0
0,170.1819,0
0,170.192,0
0,170.2021,0
0,170.2122,0
0,170.2223,0
0,170.2323,0
0,170.2424,0
0,170.2525,0
0,170.2626,0
0,170.2731,0
0,170.2832,1
0,170.2933,1
0,170.3042,1
0,170.318,0
0,170.3281,0
0,170.3391,0
0,170.3498,0
0,170.3599,0
0,170.3702,0
0,170.3815,0
0,170.3916,0
0,170.4017,0
0,170.4118,0
0,170.4219,0
0,170.4319,0
0,170.442,0
0,170.4521,0
0,170.4622,0
0,170.4722,0
0,170.4823,0
0,170.4924,0
0,170.5025,0
0,170.5126,0
0,170.5227,0
0,170.5328,0
0,170.5428,0
0,170.553,0
0,170.563,0
0,170.5731,0
0,170.5832,0
0,170.5933,0
0,170.6033,0
0,170.6134,0
0,170.6235,0
0,170.6336,0
0,170.6437,0
0,170.6537,0
0,170.6638,0
0,170.6739,0
0,170.684,0
0,170.6941,0
0,170.7041,0
0,170.7142,0
0,170.7243,0
0,170.7344,0
0,170.7445,0
0,170.7545,0
0,170.7646,0
0,170.7747,0
0,170.7886,1
0,170.7998,1
0,170.8126,0
0,170.8267,0
0,170.8368,0
0,170.8469,0
0,170.857,0
0,170.8671,0
0,170.8788,0
0,170.8889,0
0,170.899,0
0,170.9091,0
0,170.9192,0
0,170.9293,0
0,170.9394,0
0,170.9495,0
0,170.9596,0
0,170.9696,0
0,170.9797,0
0,170.9898,0
0,170.9999,0
0,171.01,0
0,171.02,0
0,171.0301,0
0,171.0402,0
0,171.0503,0
0,171.0604,0
0,171.0705,0
0,171.0806,0
0,171.0907,0
0,171.1007,0
0,171.111,0
0,171.121,0
0,171.1311,0
0,171.1412,0
0,171.1513,0
0,171.1614,0
0,171.1714,0
0,171.1815,0
0,171.1916,0
0,171.2017,0
0,171.2118,0
0,171.2219,0
0,171.2319,0
0,171.242,0
0,171.2521,0
0,171.2622,0
0,171.2723,0
0,171.2846,1
0,171.2949,1
0,171.3076,1
0,171.3255,0
0,171.3357,0
0,171.3458,0
0,171.3559,0
0,171.3661,0
0,171.3762,0
0,171.3863,0
0,171.3964,0
0,171.4065,0
0,171.4166,0
0,171.4267,0
0,171.4368,0
0,171.4469,0
0,171.457,0
0,171.4671,0
0,171.4771,0
0,171.4872,0
0,171.4973,0
0,171.5074,0
0,171.5175,0
0,171.5276,0
0,171.5376,0
0,171.5477,0
0,171.5578,0
0,171.5679,0
0,171.578,0
0,171.5881,0
0,171.5981,0
0,171.6082,0
0,171.6183,0
0,171.6284,0
0,171.6385,0
0,171.6485,0
0,171.6586,0
0,171.6687,0
0,171.6788,0
0,171.6889,0
0,171.6989,0
0,171.709,0
0,171.7191,0
0,171.7292,0
0,171.7393,0
0,171.7494,0
0,171.7594,0
0,171.7695,0
0,171.7796,0
0,171.7926,1
0,171.8027,1
0,171.8128,1
0,171.827,0
0,171.8378,0
0,171.8479,0
0,171.858,0
0,171.8681,0
0,171.8784,0
0,171.8885,0
0,171.8986,0
0,171.9087,0
0,171.9188,0
0,171.9289,0
0,171.939,0
0,171.9491,0
0,171.9593,0
0,171.9693,0
0,171.9794,0
0,171.9895,0
0,171.9996,0
0,172.0097,0
0,172.0197,0
0,172.0298,0
0,172.0399,0
0,172.05,0
0,172.0601,0
0,172.0702,0
0,172.0803,0
0,172.0903,0
0,172.1004,0
0,172.1105,0
0,172.1206,0
0,172.1307,0
0,172.1408,0
0,172.1508,0
0,172.1609,0
0,172.171,0
0,172.1811,0
0,172.1912,0
0,172.2013,0
0,172.2114,0
0,172.2214,0
0,172.2315,0
0,172.2416,0
0,172.2517,0
0,172.2618,0
0,172.2718,0
0,172.2819,0
0,172.2926,1
0,172.304,1
0,172.3141,1
0,172.3317,0
0,172.3418,0
0,172.3519,0
0,172.362,0
0,172.3721,0
0,172.3822,0
0,172.3923,0
0,172.4025,0
0,172.4126,0
0,172.4227,0
0,172.4328,0
0,172.4429,0
0,172.4529,0
0,172.463,0
0,172.4731,0
0,172.4832,0
0,172.4933,0
0,172.5034,0
0,172.5135,0
0,172.5235,0
0,172.5336,0
0,172.5437,0
0,172.5538,0
0,172.5639,0
0,172.574,0
0,172.5841,0
0,172.5942,0
0,172.6042,0
0,172.6143,0
0,172.6244,0
0,172.6345,0
0,172.6446,0
0,172.6547,0
0,172.6647,0
0,172.6748,0
0,172.6849,0
0,172.695,0
0,172.7051,0
0,172.7152,0
0,172.7253,0
0,172.7354,0
0,172.7455,0
0,172.7555,0
0,172.7656,0
0,172.7757,0
0,172.7858,0
0,172.7959,0
0,172.8064,1
0,172.8195,1
0,172.8299,1
0,172.8412,0
0,172.8514,0
0,172.8614,0
0,172.8715,0
0,172.8817,0
0,172.8928,0
0,172.9029,0
0,172.9131,0
0,172.9232,0
0,172.9333,0
0,172.9434,0
0,172.9535,0
0,172.9636,0
0,172.9737,0
0,172.9838,0
0,172.9939,0
0,173.004,0
0,173.014,0
0,173.0241,0
0,173.0342,0
0,173.0443,0
0,173.0544,0
0,173.0644,0
0,173.0749,0
0,173.085,0
0,173.0951,0
0,173.1052,0
0,173.1152,0
0,173.1253,0
0,173.1354,0
0,173.1455,0
0,173.1556,0
0,173.1657,0
0,173.1758,0
0,173.1858,0
0,173.1959,0
0,173.206,0
0,173.2161,0
0,173.2262,0
0,173.2363,0
0,173.2463,0
0,173.2564,0
0,173.2665,0
0,173.2766,0
0,173.2867,0
0,173.2967,0
0,173.3069,1
0,173.3171,1
0,173.3281,1
0,173.3382,0
0,173.3484,0
0,173.3606,0
0,173.3707,0
0,173.3808,0
0,173.3926,0
0,173.4027,0
0,173.4128,0
0,173.4229,0
0,173.433,0
0,173.4431,0
0,173.4532,0
0,173.4633,0
0,173.4734,0
0,173.4835,0
0,173.4936,0
0,173.5037,0
0,173.5138,0
0,173.5239,0
0,173.534,0
0,173.5441,0
0,173.5542,0
0,173.5643,0
0,173.5744,0
0,173.5845,0
0,173.5945,0
0,173.6046,0
0,173.6147,0
0,173.6248,0
0,173.6349,0
0,173.645,0
0,173.6551,0
0,173.6652,0
0,173.6752,0
0,173.6853,0
0,173.6954,0
0,173.7055,0
0,173.7156,0
0,173.7258,0
0,173.7359,0
0,173.746,0
0,173.7561,0
0,173.7661,0
0,173.7762,0
0,173.7863,0
0,173.7964,0
0,173.8065,1
0,173.817,1
0,173.8271,1
0,173.8386,1
0,173.8498,0
0,173.8599,0
0,173.8701,0
0,173.881,0
0,173.8912,0
0,173.9018,0
0,173.9119,0
0,173.9224,0
0,173.9325,0
0,173.9426,0
0,173.9527,0
0,173.9628,0
0,173.9728,0
0,173.983,0
0,173.9931,0
0,174.0031,0
0,174.0132,0
0,174.0233,0
0,174.0334,0
0,174.0435,0
0,174.0536,0
0,174.0636,0
0,174.0737,0
0,174.0838,0
0,174.0939,0
0,174.104,0
0,174.1141,0
0,174.1242,0
0,174.1342,0
0,174.1443,0
0,174.1544,0
0,174.1645,0
0,174.1746,0
0,174.1846,0
0,174.1947,0
0,174.2048,0
0,174.2149,0
0,174.225,0
0,174.2351,0
0,174.2452,0
0,174.257,0
0,174.2671,0
0,174.2772,0
0,174.2873,0
0,174.2989,0
0,174.309,0
0,174.3201,1
0,174.3303,1
0,174.3414,1
0,174.3517,1
0,174.3633,0
0,174.3734,0
0,174.3835,0
0,174.3936,0
0,174.4037,0
0,174.4138,0
0,174.4239,0
0,174.4341,0
0,174.4442,0
0,174.4543,0
0,174.4644,0
0,174.4745,0
0,174.4846,0
0,174.4947,0
0,174.5048,0
0,174.5148,0
0,174.5249,0
0,174.535,0
0,174.5451,0
0,174.5552,0
0,174.5652,0
0,174.5753,0
0,174.5854,0
0,174.5955,0
0,174.6056,0
0,174.6157,0
0,174.6257,0
0,174.6358,0
0,174.6459,0
0,174.656,0
0,174.6661,0
0,174.6761,0
0,174.6862,0
0,174.6963,0
0,174.7064,0
0,174.7165,0
0,174.7265,0
0,174.7366,0
0,174.7467,0
0,174.7568,0
0,174.7669,0
0,174.777,0
0,174.787,0
0,174.7971,0
0,174.8072,0
0,174.8173,1
0,174.8278,1
0,174.8383,1
0,174.8488,1
0,174.8589,0
0,174.8691,0
0,174.8806,0
0,174.8907,0
0,174.9018,0
0,174.9121,0
0,174.9222,0
0,174.9323,0
0,174.9424,0
0,174.9524,0
0,174.9625,0
0,174.9726,0
0,174.9827,0
0,174.9928,0
0,175.0029,0
0,175.013,0
0,175.023,0
0,175.0331,0
0,175.0432,0
0,175.0533,0
0,175.0633,0
0,175.0734,0
0,175.0835,0
0,175.0936,0
0,175.1037,0
0,175.1138,0
0,175.1239,0
0,175.1339,0
0,175.144,0
0,175.1541,0
0,175.1642,0
0,175.1743,0
0,175.1844,0
0,175.1944,0
0,175.2045,0
0,175.2146,0
0,175.2247,0
0,175.2348,0
0,175.2448,0
0,175.2549,0
0,175.265,0
0,175.2751,0
0,175.2852,0
0,175.2952,0
0,175.3053,0
0,175.3164,0
0,175.3286,1
0,175.3399,1
0,175.3504,1
0,175.3605,1
0,175.3732,0
0,175.3833,0
0,175.3934,0
0,175.4035,0
0,175.4137,0
0,175.4238,0
0,175.434,0
0,175.4442,0
0,175.4543,0
0,175.4644,0
0,175.4745,0
0,175.4846,0
0,175.4947,0
0,175.5048,0
0,175.5149,0
0,175.5249,0
0,175.535,0
0,175.5451,0
0,175.5552,0
0,175.5653,0
0,175.5753,0
0,175.5854,0
0,175.5955,0
0,175.6056,0
0,175.6157,0
0,175.6258,0
0,175.6359,0
0,175.646,0
0,175.656,0
0,175.6661,0
0,175.6762,0
0,175.6863,0
0,175.6964,0
0,175.7064,0
0,175.7165,0
0,175.7266,0
0,175.7367,0
0,175.7468,0
0,175.7568,0
0,175.7669,0
0,175.777,0
0,175.7871,0
0,175.7972,0
0,175.8073,0
0,175.8173,0
0,175.8275,1
0,175.8381,1
0,175.8484,1
0,175.8616,0
0,175.8717,0
0,175.8818,0
0,175.8919,0
0,175.9031,0
0,175.9166,0
0,175.9268,0
0,175.9369,0
0,175.947,0
0,175.9571,0
0,175.9672,0
0,175.9773,0
0,175.9874,0
0,175.9974,0
0,176.0075,0
0,176.0176,0
0,176.0278,0
0,176.0378,0
0,176.0479,0
0,176.058,0
0,176.0681,0
0,176.0782,0
0,176.0882,0
0,176.0983,0
0,176.1084,0
0,176.1185,0
0,176.1286,0
0,176.1386,0
0,176.1487,0
0,176.1588,0
0,176.1693,0
0,176.1794,0
0,176.1895,0
0,176.1996,0
0,176.2096,0
0,176.2197,0
0,176.2298,0
0,176.2399,0
0,176.25,0
0,176.26,0
0,176.2701,0
0,176.2802,0
0,176.2903,0
0,176.3004,0
0,176.3105,0
0,176.3206,0
0,176.3312,1
0,176.342,1
0,176.3564,0
0,176.3665,0
0,176.3778,0
0,176.3879,0
0,176.398,0
0,176.4081,0
0,176.4182,0
0,176.4284,0
0,176.4385,0
0,176.4486,0
0,176.4587,0
0,176.4688,0
0,176.4789,0
0,176.489,0
0,176.4991,0
0,176.5092,0
0,176.5193,0
0,176.5294,0
0,176.5395,0
0,176.5495,0
0,176.5596,0
0,176.5697,0
0,176.5798,0
0,176.5899,0
0,176.6,0
0,176.6101,0
0,176.6201,0
0,176.6302,0
0,176.6403,0
0,176.6504,0
0,176.6605,0
0,176.6706,0
0,176.6806,0
0,176.6907,0
0,176.7008,0
0,176.7109,0
0,176.721,0
0,176.7311,0
0,176.7411,0
0,176.7512,0
0,176.7613,0
0,176.7714,0
0,176.7815,0
0,176.7915,0
0,176.8016,0
0,176.8117,0
0,176.8218,0
0,176.8319,1
0,176.842,1
0,176.8523,1
0,176.8624,1
0,176.8725,0
0,176.8826,0
0,176.8927,0
0,176.9029,0
0,176.9131,0
0,176.9246,0
0,176.9349,0
0,176.945,0
0,176.9552,0
0,176.9687,0
0,176.9807,0
0,176.9909,0
0,177.0048,0
0,177.0149,0
0,177.025,0
0,177.0352,0
0,177.0476,0
0,177.0577,0
0,177.0688,0
0,177.0789,0
0,177.0891,0
0,177.0992,0
0,177.1093,0
0,177.1201,0
0,177.1309,0
0,177.141,0
0,177.1512,0
0,177.1613,0
0,177.1714,0
0,177.1829,0
0,177.193,0
0,177.2034,0
0,177.22,0
0,177.2302,0
0,177.2405,0
0,177.2505,0
0,177.2606,0
0,177.2707,0
0,177.2808,0
0,177.2909,0
0,177.3009,0
0,177.311,0
0,177.3211,0
0,177.3315,0
0,177.3415,1
0,177.3522,1
0,177.3623,1
0,177.374,1
0,177.384,0
0,177.3942,0
0,177.4046,0
0,177.4149,0
0,177.4262,0
0,177.4363,0
0,177.4466,0
0,177.4568,0
0,177.4669,0
0,177.477,0
0,177.4871,0
0,177.4971,0
0,177.5072,0
0,177.5173,0
0,177.5274,0
0,177.5375,0
0,177.5476,0
0,177.5576,0
0,177.5677,0
0,177.5778,0
0,177.5879,0
0,177.5979,0
0,177.608,0
0,177.6181,0
0,177.6282,0
0,177.6383,0
0,177.6484,0
0,177.6584,0
0,177.6685,0
0,177.6786,0
0,177.6887,0
0,177.6988,0
0,177.7088,0
0,177.7189,0
0,177.729,0
0,177.7391,0
0,177.7492,0
0,177.7593,0
0,177.7694,0
0,177.7795,0
0,177.7896,0
0,177.7996,0
0,177.8097,0
0,177.8198,0
0,177.8299,0
0,177.84,1
0,177.8501,1
0,177.8603,1
0,177.8704,0
0,177.8805,0
0,177.8906,0
0,177.9007,0
0,177.9108,0
0,177.921,0
0,177.9311,0
0,177.9413,0
0,177.9514,0
0,177.9615,0
0,177.9716,0
0,177.9817,0
0,177.9918,0
0,178.0019,0
0,178.012,0
0,178.0221,0
0,178.0321,0
0,178.0422,0
0,178.0523,0
0,178.0624,0
0,178.0725,0
0,178.0826,0
0,178.0927,0
0,178.1028,0
0,178.1129,0
0,178.123,0
0,178.1331,0
0,178.1432,0
0,178.1532,0
0,178.1633,0
0,178.1734,0
0,178.1835,0
0,178.1936,0
0,178.2036,0
0,178.2137,0
0,178.2238,0
0,178.2339,0
0,178.244,0
0,178.2541,0
0,178.2641,0
0,178.2745,0
0,178.2845,0
0,178.2946,0
0,178.3047,0
0,178.3148,0
0,178.3249,0
0,178.335,0
0,178.3473,1
0,178.3576,1
0,178.3687,0
0,178.3789,0
0,178.3893,0
0,178.3994,0
0,178.4095,0
0,178.4205,0
0,178.4326,0
0,178.4427,0
0,178.4537,0
0,178.4638,0
0,178.4739,0
0,178.484,0
0,178.494,0
0,178.5041,0
0,178.5142,0
0,178.5243,0
0,178.5343,0
0,178.5444,0
0,178.5545,0
0,178.5646,0
0,178.5747,0
0,178.5848,0
0,178.5948,0
0,178.6049,0
0,178.615,0
0,178.6251,0
0,178.6352,0
0,178.6453,0
0,178.6553,0
0,178.6654,0
0,178.6755,0
0,178.6856,0
0,178.6956,0
0,178.7057,0
0,178.7158,0
0,178.7259,0
0,178.736,0
0,178.746,0
0,178.7561,0
0,178.7662,0
0,178.7763,0
0,178.7864,0
0,178.7965,0
0,178.8065,0
0,178.8166,0
0,178.8267,0
0,178.8368,0
0,178.8469,1
0,178.8582,1
0,178.8693,1
0,178.8852,0
0,178.9018,0
0,178.9139,0
0,178.9269,0
0,178.9381,0
0,178.9483,0
0,178.9585,0
0,178.9699,0
0,178.98,0
0,178.9902,0
0,179.0003,0
0,179.0104,0
0,179.0205,0
0,179.0306,0
0,179.0407,0
0,179.052,0
0,179.0621,0
0,179.0722,0
0,179.0822,0
0,179.0923,0
0,179.1025,0
0,179.1125,0
0,179.1226,0
0,179.1331,0
0,179.1432,0
0,179.1533,0
0,179.1633,0
0,179.1734,0
0,179.1835,0
0,179.1936,0
0,179.2036,0
0,179.2137,0
0,179.2238,0
0,179.2339,0
0,179.244,0
0,179.2541,0
0,179.2642,0
0,179.2751,0
0,179.2852,0
0,179.2953,0
0,179.3054,0
0,179.3155,0
0,179.3256,0
0,179.3357,0
0,179.3462,0
0,179.3567,1
0,179.3667,1
0,179.3769,1
0,179.387,0
0,179.3971,0
0,179.4072,0
0,179.4173,0
0,179.4274,0
0,179.4375,0
0,179.4477,0
0,179.4579,0
0,179.4681,0
0,179.4782,0
0,179.4883,0
0,179.4984,0
0,179.5085,0
0,179.5185,0
0,179.5286,0
0,179.5387,0
0,179.5488,0
0,179.5588,0
0,179.5689,0
0,179.579,0
0,179.5891,0
0,179.5992,0
0,179.6093,0
0,179.6193,0
0,179.6294,0
0,179.6395,0
0,179.6496,0
0,179.6597,0
0,179.6698,0
0,179.6799,0
0,179.6899,0
0,179.7,0
0,179.7101,0
0,179.7202,0
0,179.7303,0
0,179.7404,0
0,179.7504,0
0,179.7605,0
0,179.7706,0
0,179.7807,0
0,179.7908,0
0,179.8008,0
0,179.8109,0
0,179.821,0
0,179.8311,0
0,179.8412,0
0,179.8513,1
0,179.8624,1
0,179.8736,1
0,179.8846,1
0,179.8947,0
0,179.9048,0
0,179.9149,0
0,179.925,0
0,179.9351,0
0,179.9467,0
0,179.9568,0
0,179.967,0
0,179.9772,0
0,179.9873,0
0,179.9974,0
0,180.0075,0
0,180.0176,0
0,180.0276,0
0,180.0377,0
0,180.0478,0
0,180.0579,0
0,180.068,0
0,180.0781,0
0,180.0882,0
0,180.0982,0
0,180.1083,0
0,180.1186,0
0,180.1287,0
0,180.1388,0
0,180.1488,0
0,180.1589,0
0,180.169,0
0,180.1791,0
0,180.1892,0
0,180.1993,0
0,180.2093,0
0,180.2194,0
0,180.2295,0
0,180.2396,0
0,180.2497,0
0,180.2597,0
0,180.2698,0
0,180.2799,0
0,180.29,0
0,180.3001,0
0,180.3101,0
0,180.3203,0
0,180.3304,0
0,180.3405,0
0,180.3506,0
0,180.3608,1
0,180.3728,1
0,180.3829,1
0,180.3956,0
0,180.406,0
0,180.4161,0
0,180.4264,0
0,180.4365,0
0,180.4466,0
0,180.4568,0
0,180.4669,0
0,180.4772,0
0,180.4873,0
0,180.4974,0
0,180.5075,0
0,180.5176,0
0,180.5277,0
0,180.5378,0
0,180.5478,0
0,180.5579,0
0,180.568,0
0,180.5781,0
0,180.5882,0
0,180.5982,0
0,180.6083,0
0,180.6184,0
0,180.6285,0
0,180.6386,0
0,180.6487,0
0,180.6588,0
0,180.6688,0
0,180.6789,0
0,180.689,0
0,180.6991,0
0,180.7092,0
0,180.7192,0
0,180.7293,0
0,180.7394,0
0,180.7495,0
0,180.7596,0
0,180.7697,0
0,180.7798,0
0,180.7898,0
0,180.7999,0
0,180.81,0
0,180.8201,0
0,180.8302,0
0,180.8402,0
0,180.8503,0
0,180.8604,1
0,180.8721,1
0,180.8822,1
0,180.8946,0
0,180.9046,0
0,180.9153,0
0,180.9254,0
0,180.9355,0
0,180.9456,0
0,180.9558,0
0,180.9659,0
0,180.976,0
0,180.9861,0
0,180.9962,0
0,181.0064,0
0,181.0164,0
0,181.0265,0
0,181.0366,0
0,181.0467,0
0,181.0568,0
0,181.0668,0
0,181.0769,0
0,181.087,0
0,181.0971,0
0,181.1071,0
0,181.1172,0
0,181.1273,0
0,181.1374,0
0,181.1475,0
0,181.1577,0
0,181.1677,0
0,181.1778,0
0,181.1879,0
0,181.198,0
0,181.208,0
0,181.2181,0
0,181.2282,0
0,181.2383,0
0,181.2484,0
0,181.2584,0
0,181.2685,0
0,181.2786,0
0,181.2887,0
0,181.2988,0
0,181.3089,0
0,181.319,0
0,181.329,0
0,181.3391,0
0,181.3492,0
0,181.3593,1
0,181.3704,1
0,181.3821,1
0,181.3921,1
0,181.4022,0
0,181.4162,0
0,181.4297,0
0,181.4423,0
0,181.4525,0
0,181.4646,0
0,181.4779,0
0,181.488,0
0,181.4981,0
0,181.5082,0
0,181.5183,0
0,181.5284,0
0,181.5384,0
0,181.5486,0
0,181.5586,0
0,181.5687,0
0,181.5788,0
0,181.5889,0
0,181.5989,0
0,181.609,0
0,181.6191,0
0,181.6292,0
0,181.6393,0
0,181.6494,0
0,181.6595,0
0,181.6696,0
0,181.6796,0
0,181.6897,0
0,181.6998,0
0,181.7099,0
0,181.72,0
0,181.7301,0
0,181.7401,0
0,181.7502,0
0,181.7603,0
0,181.7704,0
0,181.7805,0
0,181.7906,0
0,181.8006,0
0,181.8107,0
0,181.8208,0
0,181.8309,0
0,181.841,0
0,181.8511,0
0,181.8614,1
0,181.8718,1
0,181.8855,1
0,181.8956,1
0,181.9094,0
0,181.9195,0
0,181.9296,0
0,181.9397,0
0,181.9507,0
0,181.961,0
0,181.9711,0
0,181.9812,0
0,181.9913,0
0,182.0014,0
0,182.0115,0
0,182.0216,0
0,182.0317,0
0,182.0418,0
0,182.0519,0
0,182.062,0
0,182.072,0
0,182.0821,0
0,182.0922,0
0,182.1023,0
0,182.1124,0
0,182.1225,0
0,182.1326,0
0,182.1426,0
0,182.1528,0
0,182.1631,0
0,182.1732,0
0,182.1833,0
0,182.1934,0
0,182.2035,0
0,182.2135,0
0,182.2236,0
0,182.2337,0
0,182.2438,0
0,182.2539,0
0,182.264,0
0,182.2741,0
0,182.2841,0
0,182.2942,0
0,182.3043,0
0,182.3144,0
0,182.3245,0
0,182.3345,0
0,182.3446,0
0,182.3547,0
0,182.3686,1
0,182.3787,1
0,182.3907,1
0,182.4059,0
0,182.4161,0
0,182.4261,0
0,182.4363,0
0,182.4464,0
0,182.4574,0
0,182.4682,0
0,182.4783,0
0,182.4885,0
0,182.4986,0
0,182.5087,0
0,182.5188,0
0,182.5288,0
0,182.5389,0
0,182.549,0
0,182.5591,0
0,182.5692,0
0,182.5793,0
0,182.5893,0
0,182.5994,0
0,182.6095,0
0,182.6196,0
0,182.6297,0
0,182.6397,0
0,182.6498,0
0,182.6599,0
0,182.67,0
0,182.6801,0
0,182.6902,0
0,182.7002,0
0,182.7103,0
0,182.7204,0
0,182.7305,0
0,182.7406,0
0,182.7507,0
0,182.7607,0
0,182.7708,0
0,182.7809,0
0,182.791,0
0,182.8011,0
0,182.8111,0
0,182.8212,0
0,182.8313,0
0,182.8414,0
0,182.8514,0
0,182.8615,0
0,182.8764,1
0,182.8872,1
0,182.9015,0
0,182.9116,0
0,182.9217,0
0,182.9318,0
0,182.9419,0
0,182.9521,0
0,182.9624,0
0,182.9726,0
0,182.9828,0
0,182.9929,0
0,183.003,0
0,183.0131,0
0,183.0232,0
0,183.0332,0
0,183.0433,0
0,183.0534,0
0,183.0635,0
0,183.0736,0
0,183.0836,0
0,183.0937,0
0,183.1038,0
0,183.1139,0
0,183.124,0
0,183.1341,0
0,183.1442,0
0,183.1542,0
0,183.1643,0
0,183.1745,0
0,183.1846,0
0,183.1946,0
0,183.2047,0
0,183.2148,0
0,183.2249,0
0,183.235,0
0,183.245,0
0,183.2551,0
0,183.2652,0
0,183.2753,0
0,183.2854,0
0,183.2955,0
0,183.3055,0
0,183.3156,0
0,183.3257,0
0,183.3358,0
0,183.3459,0
0,183.3559,0
0,183.366,0
0,183.3762,1
0,183.3876,1
0,183.3977,1
0,183.4079,1
0,183.419,0
0,183.4291,0
0,183.4393,0
0,183.4494,0
0,183.4595,0
0,183.4697,0
0,183.4805,0
0,183.4906,0
0,183.5007,0
0,183.5108,0
0,183.5209,0
0,183.531,0
0,183.5411,0
0,183.5512,0
0,183.5613,0
0,183.5713,0
0,183.5814,0
0,183.5915,0
0,183.6016,0
0,183.6117,0
0,183.6218,0
0,183.6318,0
0,183.6419,0
0,183.652,0
0,183.6621,0
0,183.6722,0
0,183.6823,0
0,183.6924,0
0,183.7025,0
0,183.7126,0
0,183.7226,0
0,183.7327,0
0,183.7428,0
0,183.7529,0
0,183.763,0
0,183.773,0
0,183.7831,0
0,183.7932,0
0,183.8033,0
0,183.8134,0
0,183.8235,0
0,183.8335,0
0,183.8436,0
0,183.8537,0
0,183.8638,0
0,183.8739,0
0,183.8859,1
0,183.8968,1
0,183.9069,1
0,183.9182,0
0,183.9284,0
0,183.9396,0
0,183.9499,0
0,183.96,0
0,183.9702,0
0,183.9803,0
0,183.9913,0
0,184.0014,0
0,184.0116,0
0,184.0217,0
0,184.0318,0
0,184.0419,0
0,184.052,0
0,184.0621,0
0,184.0722,0
0,184.0827,0
0,184.0928,0
0,184.1029,0
0,184.1129,0
0,184.123,0
0,184.1331,0
0,184.1432,0
0,184.1533,0
0,184.1633,0
0,184.1734,0
0,184.1841,0
0,184.1943,0
0,184.2043,0
0,184.2144,0
0,184.2245,0
0,184.2346,0
0,184.2451,0
0,184.2552,0
0,184.2653,0
0,184.2754,0
0,184.2855,0
0,184.2956,0
0,184.3058,0
0,184.3159,0
0,184.326,0
0,184.3361,0
0,184.3461,0
0,184.3562,0
0,184.3663,0
0,184.3764,0
0,184.3874,1
0,184.3975,1
0,184.4076,1
0,184.4185,0
0,184.4286,0
0,184.4394,0
0,184.4516,0
0,184.4617,0
0,184.4718,0
0,184.4819,0
0,184.4923,0
0,184.5024,0
0,184.5125,0
0,184.5226,0
0,184.5326,0
0,184.5427,0
0,184.5528,0
0,184.5629,0
0,184.573,0
0,184.583,0
0,184.5931,0
0,184.6032,0
0,184.6133,0
0,184.6234,0
0,184.6334,0
0,184.6435,0
0,184.6536,0
0,184.6637,0
0,184.6738,0
0,184.6839,0
0,184.694,0
0,184.7041,0
0,184.7142,0
0,184.7242,0
0,184.7343,0
0,184.7444,0
0,184.7545,0
0,184.7646,0
0,184.7746,0
0,184.7847,0
0,184.7948,0
0,184.8049,0
0,184.815,0
0,184.825,0
0,184.8351,0
0,184.8452,0
0,184.8553,0
0,184.8654,0
0,184.8755,0
0,184.8874,1
0,184.8975,1
0,184.9076,1
0,184.9178,0
0,184.9279,0
0,184.9384,0
0,184.9485,0
0,184.9586,0
0,184.9708,0
0,184.9809,0
0,184.9911,0
0,185.0012,0
0,185.0113,0
0,185.0214,0
0,185.0315,0
0,185.0416,0
0,185.0517,0
0,185.0618,0
0,185.0719,0
0,185.0819,0
0,185.0923,0
0,185.1023,0
0,185.1124,0
0,185.1225,0
0,185.1326,0
0,185.1426,0
0,185.1527,0
0,185.1628,0
0,185.1729,0
0,185.183,0
0,185.1931,0
0,185.2032,0
0,185.2133,0
0,185.2234,0
0,185.2335,0
0,185.2435,0
0,185.2536,0
0,185.2637,0
0,185.2738,0
0,185.2839,0
0,185.2939,0
0,185.304,0
0,185.3141,0
0,185.3242,0
0,185.3343,0
0,185.3444,0
0,185.3545,0
0,185.3646,0
0,185.3746,0
0,185.3847,0
0,185.3952,1
0,185.4057,1
0,185.4158,1
0,185.4276,0
0,185.4377,0
0,185.4484,0
0,185.46,0
0,185.4703,0
0,185.4807,0
0,185.4909,0
0,185.501,0
0,185.5113,0
0,185.5214,0
0,185.5315,0
0,185.5416,0
0,185.5517,0
0,185.5617,0
0,185.5718,0
0,185.5819,0
0,185.592,0
0,185.6021,0
0,185.6121,0
0,185.6222,0
0,185.6323,0
0,185.6424,0
0,185.6525,0
0,185.6625,0
0,185.6726,0
0,185.6827,0
0,185.6928,0
0,185.7029,0
0,185.713,0
0,185.723,0
0,185.7331,0
0,185.7432,0
0,185.7533,0
0,185.7634,0
0,185.7734,0
0,185.7835,0
0,185.7936,0
0,185.8037,0
0,185.8138,0
0,185.8238,0
0,185.8339,0
0,185.844,0
0,185.8541,0
0,185.8642,0
0,185.8742,0
0,185.8843,0
0,185.8944,1
0,185.905,1
0,185.9152,1
0,185.9284,0
0,185.9385,0
0,185.9486,0
0,185.9587,0
0,185.9688,0
0,185.979,0
0,185.9896,0
0,185.9998,0
0,186.0099,0
0,186.02,0
0,186.0301,0
0,186.0401,0
0,186.0502,0
0,186.0603,0
0,186.0704,0
0,186.0804,0
0,186.0905,0
0,186.1006,0
0,186.1108,0
0,186.1209,0
0,186.131,0
0,186.1411,0
0,186.1512,0
0,186.1613,0
0,186.1713,0
0,186.1814,0
0,186.1915,0
0,186.2017,0
0,186.2118,0
0,186.2219,0
0,186.232,0
0,186.2421,0
0,186.2522,0
0,186.2623,0
0,186.2724,0
0,186.2824,0
0,186.2925,0
0,186.3033,0
0,186.3134,0
0,186.3235,0
0,186.3337,0
0,186.3438,0
0,186.3538,0
0,186.3639,0
0,186.374,0
0,186.3841,0
0,186.3942,0
0,186.4074,1
0,186.4184,1
0,186.4292,1
0,186.4394,0
0,186.4495,0
0,186.4596,0
0,186.4697,0
0,186.4803,0
0,186.4906,0
0,186.5012,0
0,186.5113,0
0,186.5214,0
0,186.5315,0
0,186.5416,0
0,186.5517,0
0,186.5618,0
0,186.5718,0
0,186.5819,0
0,186.592,0
0,186.6021,0
0,186.6122,0
0,186.6223,0
0,186.6323,0
0,186.6424,0
0,186.6525,0
0,186.6626,0
0,186.6726,0
0,186.6827,0
0,186.6928,0
0,186.7029,0
0,186.713,0
0,186.7231,0
0,186.7332,0
0,186.7433,0
0,186.7534,0
0,186.7635,0
0,186.7735,0
0,186.7836,0
0,186.7937,0
0,186.8038,0
0,186.8139,0
0,186.8239,0
0,186.834,0
0,186.8441,0
0,186.8542,0
0,186.8643,0
0,186.8744,0
0,186.8845,0
0,186.8945,0
0,186.9095,1
0,186.9196,1
0,186.9325,0
0,186.9445,0
0,186.9546,0
0,186.9647,0
0,186.9748,0
0,186.9849,0
0,186.9951,0
0,187.0052,0
0,187.0153,0
0,187.0254,0
0,187.0355,0
0,187.0456,0
0,187.0556,0
0,187.0657,0
0,187.0758,0
0,187.0859,0
0,187.096,0
0,187.106,0
0,187.1161,0
0,187.1262,0
0,187.1363,0
0,187.1464,0
0,187.1565,0
0,187.1665,0
0,187.1766,0
0,187.1867,0
0,187.1968,0
0,187.2069,0
0,187.217,0
0,187.2271,0
0,187.2372,0
0,187.2473,0
0,187.2574,0
0,187.2675,0
0,187.2775,0
0,187.2876,0
0,187.2977,0
0,187.3078,0
0,187.3179,0
0,187.328,0
0,187.338,0
0,187.3481,0
0,187.3582,0
0,187.3683,0
0,187.3784,0
0,187.3884,0
0,187.3985,0
0,187.4127,1
0,187.4228,1
0,187.4332,1
0,187.4433,0
0,187.4558,0
0,187.4677,0
0,187.4778,0
0,187.4886,0
0,187.4987,0
0,187.5088,0
0,187.519,0
0,187.5291,0
0,187.5392,0
0,187.5493,0
0,187.5593,0
0,187.5694,0
0,187.5795,0
0,187.5896,0
0,187.5997,0
0,187.6097,0
0,187.6198,0
0,187.6299,0
0,187.64,0
0,187.6501,0
0,187.6602,0
0,187.6702,0
0,187.6803,0
0,187.6904,0
0,187.7005,0
0,187.711,0
0,187.7211,0
0,187.7312,0
0,187.7413,0
0,187.7513,0
0,187.7614,0
0,187.7715,0
0,187.7816,0
0,187.7917,0
0,187.8017,0
0,187.8118,0
0,187.8219,0
0,187.832,0
0,187.8421,0
0,187.8521,0
0,187.8622,0
0,187.8723,0
0,187.8824,0
0,187.8925,0
0,187.9026,0
0,187.9176,1
0,187.9277,1
0,187.9397,1
0,187.9499,0
0,187.96,0
0,187.9721,0
0,187.9822,0
0,187.9924,0
0,188.0026,0
0,188.0127,0
0,188.0229,0
0,188.033,0
0,188.0431,0
0,188.0532,0
0,188.0632,0
0,188.0733,0
0,188.0834,0
0,188.0935,0
0,188.1036,0
0,188.1137,0
0,188.1237,0
0,188.1338,0
0,188.1439,0
0,188.154,0
0,188.1641,0
0,188.1741,0
0,188.1842,0
0,188.1943,0
0,188.2044,0
0,188.2145,0
0,188.2246,0
0,188.2346,0
0,188.2447,0
0,188.2548,0
0,188.2649,0
0,188.275,0
0,188.2851,0
0,188.2952,0
0,188.3053,0
0,188.3153,0
0,188.3254,0
0,188.3355,0
0,188.3456,0
0,188.3557,0
0,188.3657,0
0,188.3758,0
0,188.3859,0
0,188.396,0
0,188.4061,0
0,188.4162,1
0,188.4263,1
0,188.4364,1
0,188.4485,0
0,188.4586,0
0,188.4687,0
0,188.4788,0
0,188.4889,0
0,188.4991,0
0,188.5092,0
0,188.5198,0
0,188.53,0
0,188.5401,0
0,188.5502,0
0,188.5603,0
0,188.5704,0
0,188.5805,0
0,188.5905,0
0,188.6006,0
0,188.6107,0
0,188.6208,0
0,188.6309,0
0,188.6409,0
0,188.651,0
0,188.6611,0
0,188.6712,0
0,188.6813,0
0,188.6913,0
0,188.7014,0
0,188.7115,0
0,188.7216,0
0,188.7317,0
0,188.7418,0
0,188.7518,0
0,188.7619,0
0,188.772,0
0,188.7821,0
0,188.7922,0
0,188.8023,0
0,188.8123,0
0,188.8224,0
0,188.8325,0
0,188.8426,0
0,188.8527,0
0,188.8627,0
0,188.8728,0
0,188.8829,0
0,188.893,0
0,188.9031,0
0,188.9133,1
0,188.9234,1
0,188.9362,1
0,188.9473,0
0,188.9574,0
0,188.9675,0
0,188.9778,0
0,188.9879,0
0,188.9995,0
0,189.0096,0
0,189.0199,0
0,189.03,0
0,189.0401,0
0,189.0503,0
0,189.0604,0
0,189.0705,0
0,189.0806,0
0,189.0907,0
0,189.1008,0
0,189.111,0
0,189.1211,0
0,189.1313,0
0,189.1414,0
0,189.1514,0
0,189.1615,0
0,189.1716,0
0,189.1817,0
0,189.1918,0
0,189.2019,0
0,189.2119,0
0,189.2221,0
0,189.2321,0
0,189.2422,0
0,189.2523,0
0,189.2625,0
0,189.2726,0
0,189.2827,0
0,189.2929,0
0,189.303,0
0,189.3132,0
0,189.3232,0
0,189.3333,0
0,189.3434,0
0,189.3535,0
0,189.3636,0
0,189.3736,0
0,189.3837,0
0,189.3938,0
0,189.4039,0
0,189.4143,0
0,189.4246,1
0,189.4352,1
0,189.4482,0
0,189.4583,0
0,189.4683,0
0,189.4784,0
0,189.4885,0
0,189.4987,0
0,189.5088,0
0,189.5189,0
0,189.5294,0
0,189.5396,0
0,189.5497,0
0,189.5598,0
0,189.5699,0
0,189.58,0
0,189.5901,0
0,189.6002,0
0,189.6103,0
0,189.6203,0
0,189.6304,0
0,189.6405,0
0,189.6506,0
0,189.6607,0
0,189.6707,0
0,189.6808,0
0,189.6909,0
0,189.701,0
0,189.7111,0
0,189.7212,0
0,189.7315,0
0,189.7416,0
0,189.7517,0
0,189.7618,0
0,189.7719,0
0,189.782,0
0,189.792,0
0,189.8021,0
0,189.8122,0
0,189.8223,0
0,189.8324,0
0,189.8424,0
0,189.8525,0
0,189.8626,0
0,189.8727,0
0,189.8828,0
0,189.8929,0
0,189.9029,0
0,189.913,0
0,189.9286,1
0,189.9387,1
0,189.9488,1
0,189.9589,0
0,189.9691,0
0,189.9792,0
0,189.9893,0
0,189.9995,0
0,190.0096,0
0,190.0198,0
0,190.0299,0
0,190.04,0
0,190.0501,0
0,190.0602,0
0,190.0703,0
0,190.0803,0
0,190.0904,0
0,190.1005,0
0,190.1106,0
0,190.1207,0
0,190.1307,0
0,190.1408,0
0,190.1509,0
0,190.161,0
0,190.1711,0
0,190.1811,0
0,190.1912,0
0,190.2013,0
0,190.2114,0
0,190.2215,0
0,190.2326,0
0,190.2426,0
0,190.2527,0
0,190.2628,0
0,190.2729,0
0,190.283,0
0,190.2932,0
0,190.3033,0
0,190.3134,0
0,190.3235,0
0,190.3336,0
0,190.3437,0
0,190.3537,0
0,190.3638,0
0,190.3739,0
0,190.384,0
0,190.3941,0
0,190.4041,0
0,190.4142,0
0,190.4243,1
0,190.435,1
0,190.4456,1
0,190.4622,0
0,190.4724,0
0,190.4825,0
0,190.4929,0
0,190.503,0
0,190.5133,0
0,190.5234,0
0,190.5337,0
0,190.5438,0
0,190.5539,0
0,190.564,0
0,190.5741,0
0,190.5842,0
0,190.5943,0
0,190.6044,0
0,190.6145,0
0,190.6245,0
0,190.6346,0
0,190.6447,0
0,190.6548,0
0,190.6649,0
0,190.675,0
0,190.685,0
0,190.6951,0
0,190.7052,0
0,190.7153,0
0,190.7254,0
0,190.7355,0
0,190.7456,0
0,190.7557,0
0,190.7657,0
0,190.7759,0
0,190.786,0
0,190.796,0
0,190.8061,0
0,190.8162,0
0,190.8263,0
0,190.8364,0
0,190.8465,0
0,190.8565,0
0,190.8666,0
0,190.8767,0
0,190.8868,0
0,190.8969,0
0,190.907,0
0,190.9171,0
0,190.9272,1
0,190.9411,1
0,190.9512,1
0,190.9654,1
0,190.9755,0
0,190.9856,0
0,190.9957,0
0,191.0058,0
0,191.0166,0
0,191.0267,0
0,191.0369,0
0,191.047,0
0,191.0571,0
0,191.0672,0
0,191.0773,0
0,191.0874,0
0,191.0975,0
0,191.1075,0
0,191.1176,0
0,191.1277,0
0,191.1378,0
0,191.1479,0
0,191.1579,0
0,191.168,0
0,191.1781,0
0,191.1882,0
0,191.1983,0
0,191.2083,0
0,191.2184,0
0,191.2285,0
0,191.2388,0
0,191.2489,0
0,191.259,0
0,191.269,0
0,191.2791,0
0,191.2892,0
0,191.2993,0
0,191.3094,0
0,191.3195,0
0,191.3296,0
0,191.3406,0
0,191.3507,0
0,191.3608,0
0,191.3709,0
0,191.381,0
0,191.3911,0
0,191.4012,0
0,191.4113,0
0,191.4214,0
0,191.4322,1
0,191.4426,1
0,191.456,1
0,191.4697,0
0,191.4798,0
0,191.4915,0
0,191.5017,0
0,191.5118,0
0,191.5219,0
0,191.5325,0
0,191.5426,0
0,191.5528,0
0,191.5629,0
0,191.573,0
0,191.5831,0
0,191.5932,0
0,191.6033,0
0,191.6134,0
0,191.6235,0
0,191.6336,0
0,191.6436,0
0,191.6537,0
0,191.6638,0
0,191.6739,0
0,191.684,0
0,191.6941,0
0,191.7041,0
0,191.7142,0
0,191.7243,0
0,191.7344,0
0,191.7445,0
0,191.7546,0
0,191.7646,0
0,191.7747,0
0,191.7848,0
0,191.7949,0
0,191.805,0
0,191.8151,0
0,191.8251,0
0,191.8353,0
0,191.8454,0
0,191.8555,0
0,191.8655,0
0,191.8756,0
0,191.8857,0
0,191.8958,0
0,191.9059,0
0,191.916,0
0,191.9261,0
0,191.9362,1
0,191.9463,1
0,191.9566,1
0,191.9681,0
0,191.9782,0
0,191.9886,0
0,191.9987,0
0,192.0088,0
0,192.0204,0
0,192.0306,0
0,192.0408,0
0,192.0509,0
0,192.0611,0
0,192.0712,0
0,192.0813,0
0,192.0913,0
0,192.1014,0
0,192.1115,0
0,192.1216,0
0,192.1317,0
0,192.1417,0
0,192.1518,0
0,192.1619,0
0,192.172,0
0,192.1821,0
0,192.1921,0
0,192.2022,0
0,192.2123,0
0,192.2224,0
0,192.2325,0
0,192.2425,0
0,192.2526,0
0,192.2627,0
0,192.2728,0
0,192.2829,0
0,192.293,0
0,192.303,0
0,192.3131,0
0,192.3246,0
0,192.3347,0
0,192.3448,0
0,192.3549,0
0,192.3649,0
0,192.375,0
0,192.3851,0
0,192.3952,0
0,192.4052,0
0,192.4153,0
0,192.4254,0
0,192.4366,1
0,192.4477,1
0,192.4578,1
0,192.468,1
0,192.4807,0
0,192.4907,0
0,192.5009,0
0,192.5136,0
0,192.5238,0
0,192.5356,0
0,192.5457,0
0,192.5559,0
0,192.566,0
0,192.5761,0
0,192.5862,0
0,192.5963,0
0,192.6064,0
0,192.6165,0
0,192.6265,0
0,192.6366,0
0,192.6467,0
0,192.6568,0
0,192.6669,0
0,192.677,0
0,192.687,0
0,192.6971,0
0,192.7072,0
0,192.7173,0
0,192.7274,0
0,192.7375,0
0,192.7475,0
0,192.759,0
0,192.769,0
0,192.7791,0
0,192.7892,0
0,192.7993,0
0,192.8094,0
0,192.8194,0
0,192.8295,0
0,192.8396,0
0,192.8497,0
0,192.8598,0
0,192.8698,0
0,192.8799,0
0,192.89,0
0,192.9001,0
0,192.9102,0
0,192.9202,0
0,192.9303,0
0,192.9423,1
0,192.9524,1
0,192.9625,1
0,192.977,0
0,192.9871,0
0,192.9972,0
0,193.0073,0
0,193.0175,0
0,193.0282,0
0,193.0383,0
0,193.0485,0
0,193.0586,0
0,193.0686,0
0,193.0788,0
0,193.0889,0
0,193.0989,0
0,193.109,0
0,193.1191,0
0,193.1292,0
0,193.1393,0
0,193.1493,0
0,193.1594,0
0,193.1695,0
0,193.1796,0
0,193.1897,0
0,193.1997,0
0,193.2098,0
0,193.2199,0
0,193.23,0
0,193.2401,0
0,193.2502,0
0,193.2603,0
0,193.2704,0
0,193.2804,0
0,193.2905,0
0,193.3005,0
0,193.3107,0
0,193.3208,0
0,193.3309,0
0,193.341,0
0,193.3511,0
0,193.3612,0
0,193.3712,0
0,193.3813,0
0,193.3914,0
0,193.4015,0
0,193.4116,0
0,193.4216,0
0,193.4317,0
0,193.4418,1
0,193.4528,1
0,193.4631,1
0,193.4738,1
0,193.4839,0
0,193.494,0
0,193.5042,0
0,193.5143,0
0,193.5246,0
0,193.536,0
0,193.5473,0
0,193.5574,0
0,193.5675,0
0,193.5776,0
0,193.5877,0
0,193.5978,0
0,193.6079,0
0,193.618,0
0,193.628,0
0,193.6381,0
0,193.6482,0
0,193.6583,0
0,193.6684,0
0,193.6785,0
0,193.6885,0
0,193.6986,0
0,193.7087,0
0,193.7188,0
0,193.7289,0
0,193.739,0
0,193.749,0
0,193.7591,0
0,193.7692,0
0,193.7793,0
0,193.7894,0
0,193.7995,0
0,193.8096,0
0,193.8197,0
0,193.8297,0
0,193.8398,0
0,193.8499,0
0,193.86,0
0,193.8701,0
0,193.8802,0
0,193.8902,0
0,193.9003,0
0,193.9105,0
0,193.9207,0
0,193.9307,0
0,193.9409,0
0,193.9511,1
0,193.9612,1
0,193.9713,1
0,193.9819,0
0,193.992,0
0,194.0021,0
0,194.0122,0
0,194.0223,0
0,194.0327,0
0,194.0428,0
0,194.0529,0
0,194.0632,0
0,194.0733,0
0,194.0834,0
0,194.0935,0
0,194.1036,0
0,194.1137,0
0,194.1238,0
0,194.134,0
0,194.1441,0
0,194.1542,0
0,194.1643,0
0,194.1744,0
0,194.1845,0
0,194.1946,0
0,194.2047,0
0,194.2148,0
0,194.2249,0
0,194.235,0
0,194.2452,0
0,194.2553,0
0,194.2654,0
0,194.2756,0
0,194.2857,0
0,194.2958,0
0,194.3059,0
0,194.3161,0
0,194.3262,0
0,194.3366,0
0,194.3467,0
0,194.3579,0
0,194.368,0
0,194.3781,0
0,194.3881,0
0,194.3982,0
0,194.4083,0
0,194.4184,0
0,194.4285,0
0,194.4385,0
0,194.4511,1
0,194.4616,1
0,194.4736,1
0,194.4837,0
0,194.4943,0
0,194.5044,0
0,194.5145,0
0,194.5246,0
0,194.5347,0
0,194.545,0
0,194.5551,0
0,194.5652,0
0,194.5753,0
0,194.5854,0
0,194.5955,0
0,194.6056,0
0,194.6157,0
0,194.6258,0
0,194.6359,0
0,194.646,0
0,194.6561,0
0,194.6661,0
0,194.6762,0
0,194.6863,0
0,194.6964,0
0,194.7065,0
0,194.7165,0
0,194.7266,0
0,194.7367,0
0,194.7468,0
0,194.7569,0
0,194.7669,0
0,194.7771,0
0,194.7871,0
0,194.7972,0
0,194.8073,0
0,194.8174,0
0,194.8275,0
0,194.8375,0
0,194.8476,0
0,194.8577,0
0,194.8678,0
0,194.8779,0
0,194.888,0
0,194.898,0
0,194.9081,0
0,194.9182,0
0,194.9283,0
0,194.9384,0
0,194.9486,1
0,194.9587,1
0,194.9694,1
0,194.9795,1
0,194.9915,1
0,195.0025,0
0,195.0132,0
0,195.0237,0
0,195.0364,0
0,195.0466,0
0,195.0567,0
0,195.0669,0
0,195.077,0
0,195.0871,0
0,195.0971,0
0,195.1072,0
0,195.1173,0
0,195.1274,0
0,195.1375,0
0,195.1476,0
0,195.1576,0
0,195.1677,0
0,195.1778,0
0,195.1879,0
0,195.198,0
0,195.208,0
0,195.2181,0
0,195.2282,0
0,195.2383,0
0,195.2484,0
0,195.2584,0
0,195.2685,0
0,195.2787,0
0,195.2887,0
0,195.2988,0
0,195.3089,0
0,195.319,0
0,195.3291,0
0,195.3391,0
0,195.3492,0
0,195.3594,0
0,195.3695,0
0,195.3796,0
0,195.3897,0
0,195.3997,0
0,195.4098,0
0,195.4199,0
0,195.43,0
0,195.4401,0
0,195.4501,0
0,195.4603,1
0,195.4709,1
0,195.4811,1
0,195.495,0
0,195.5051,0
0,195.5152,0
0,195.5253,0
0,195.5354,0
0,195.5455,0
0,195.5563,0
0,195.5664,0
0,195.5766,0
0,195.5867,0
0,195.5968,0
0,195.6069,0
0,195.6169,0
0,195.627,0
0,195.6371,0
0,195.6472,0
0,195.6573,0
0,195.6673,0
0,195.6774,0
0,195.6875,0
0,195.6976,0
0,195.7077,0
0,195.7178,0
0,195.7279,0
0,195.7379,0
0,195.748,0
0,195.7581,0
0,195.7682,0
0,195.7783,0
0,195.7886,0
0,195.7987,0
0,195.8088,0
0,195.8188,0
0,195.8289,0
0,195.839,0
0,195.8491,0
0,195.8592,0
0,195.8692,0
0,195.8793,0
0,195.8894,0
0,195.8995,0
0,195.9096,0
0,195.9196,0
0,195.9297,0
0,195.9398,0
0,195.9499,0
0,195.96,1
0,195.9701,1
0,195.9813,1
0,195.9934,0
0,196.0035,0
0,196.0136,0
0,196.0237,0
0,196.0338,0
0,196.0442,0
0,196.0543,0
0,196.0644,0
0,196.0745,0
0,196.0846,0
0,196.0947,0
0,196.1048,0
0,196.1149,0
0,196.125,0
0,196.135,0
0,196.1451,0
0,196.1559,0
0,196.166,0
0,196.1761,0
0,196.1862,0
0,196.1963,0
0,196.2063,0
0,196.2164,0
0,196.2265,0
0,196.2366,0
0,196.2467,0
0,196.2568,0
0,196.2668,0
0,196.2769,0
0,196.287,0
0,196.2971,0
0,196.3072,0
0,196.3173,0
0,196.3274,0
0,196.3375,0
0,196.3475,0
0,196.3576,0
0,196.3677,0
0,196.3778,0
0,196.3879,0
0,196.398,0
0,196.4081,0
0,196.4182,0
0,196.4283,0
0,196.4383,0
0,196.4484,0
0,196.4585,0
0,196.4711,1
0,196.4827,1
0,196.4944,0
0,196.5044,0
0,196.5151,0
0,196.5252,0
0,196.5353,0
0,196.5454,0
0,196.559,0
0,196.5693,0
0,196.5794,0
0,196.5896,0
0,196.5996,0
0,196.6097,0
0,196.6198,0
0,196.6299,0
0,196.64,0
0,196.65,0
0,196.6601,0
0,196.6702,0
0,196.6803,0
0,196.6904,0
0,196.7005,0
0,196.7105,0
0,196.7206,0
0,196.7307,0
0,196.7408,0
0,196.7509,0
0,196.761,0
0,196.771,0
0,196.7811,0
0,196.7912,0
0,196.8025,0
0,196.8126,0
0,196.8227,0
0,196.8328,0
0,196.8428,0
0,196.8529,0
0,196.863,0
0,196.8731,0
0,196.8832,0
0,196.8932,0
0,196.9033,0
0,196.9134,0
0,196.9235,0
0,196.9336,0
0,196.9437,0
0,196.9538,0
0,196.9639,0
0,196.9766,1
0,196.9873,1
0,196.9975,1
0,197.0094,0
0,197.0195,0
0,197.0296,0
0,197.0397,0
0,197.05,0
0,197.0601,0
0,197.0702,0
0,197.0803,0
0,197.0904,0
0,197.1006,0
0,197.1107,0
0,197.1207,0
0,197.1308,0
0,197.1409,0
0,197.151,0
0,197.1611,0
0,197.1712,0
0,197.1813,0
0,197.1913,0
0,197.2014,0
0,197.2115,0
0,197.2216,0
0,197.2317,0
0,197.2418,0
0,197.2519,0
0,197.2619,0
0,197.272,0
0,197.2821,0
0,197.2922,0
0,197.3023,0
0,197.3124,0
0,197.3225,0
0,197.3325,0
0,197.3426,0
0,197.3527,0
0,197.3628,0
0,197.3729,0
0,197.383,0
0,197.393,0
0,197.4032,0
0,197.4133,0
0,197.4234,0
0,197.4334,0
0,197.4435,0
0,197.4536,0
0,197.4637,0
0,197.4767,1
0,197.4876,1
0,197.4985,1
0,197.5086,0
0,197.5187,0
0,197.5288,0
0,197.5406,0
0,197.5525,0
0,197.5629,0
0,197.5731,0
0,197.5832,0
0,197.5933,0
0,197.6035,0
0,197.6136,0
0,197.6237,0
0,197.6337,0
0,197.6438,0
0,197.6539,0
0,197.664,0
0,197.6741,0
0,197.6841,0
0,197.6942,0
0,197.7043,0
0,197.7144,0
0,197.7245,0
0,197.7346,0
0,197.7446,0
0,197.7547,0
0,197.7648,0
0,197.7749,0
0,197.785,0
0,197.7951,0
0,197.8052,0
0,197.8153,0
0,197.8253,0
0,197.8354,0
0,197.8461,0
0,197.8562,0
0,197.8663,0
0,197.8764,0
0,197.8864,0
0,197.8965,0
0,197.9066,0
0,197.9167,0
0,197.9268,0
0,197.9368,0
0,197.9469,0
0,197.957,0
0,197.9671,0
0,197.979,1
0,197.9892,1
0,197.9993,1
0,198.0117,0
0,198.022,0
0,198.0321,0
0,198.0422,0
0,198.0523,0
0,198.0625,0
0,198.0726,0
0,198.0828,0
0,198.0929,0
0,198.103,0
0,198.1131,0
0,198.1232,0
0,198.1333,0
0,198.1434,0
0,198.1534,0
0,198.1635,0
0,198.1736,0
0,198.1837,0
0,198.1938,0
0,198.2038,0
0,198.2139,0
0,198.224,0
0,198.2341,0
0,198.2442,0
0,198.2543,0
0,198.2643,0
0,198.2744,0
0,198.2845,0
0,198.2946,0
0,198.3047,0
0,198.3148,0
0,198.3249,0
0,198.335,0
0,198.345,0
0,198.3551,0
0,198.3652,0
0,198.3753,0
0,198.3854,0
0,198.3954,0
0,198.4055,0
0,198.4156,0
0,198.4257,0
0,198.4358,0
0,198.4459,0
0,198.456,0
0,198.4661,0
0,198.4762,1
0,198.4863,1
0,198.4964,1
0,198.5089,0
0,198.5193,0
0,198.5294,0
0,198.5407,0
0,198.5508,0
0,198.5617,0
0,198.5723,0
0,198.5824,0
0,198.5925,0
0,198.6026,0
0,198.6127,0
0,198.6228,0
0,198.6329,0
0,198.643,0
0,198.6531,0
0,198.6632,0
0,198.6733,0
0,198.6834,0
0,198.6934,0
0,198.7035,0
0,198.7136,0
0,198.7237,0
0,198.7338,0
0,198.7438,0
0,198.7539,0
0,198.764,0
0,198.7741,0
0,198.7842,0
0,198.7943,0
0,198.8043,0
0,198.8144,0
0,198.8245,0
0,198.8346,0
0,198.8447,0
0,198.8548,0
0,198.8648,0
0,198.8749,0
0,198.885,0
0,198.8951,0
0,198.9052,0
0,198.9152,0
0,198.9254,0
0,198.9354,0
0,198.9455,0
0,198.9556,0
0,198.9657,0
0,198.976,0
0,198.9879,1
0,199.0023,1
0,199.0138,0
0,199.0256,0
0,199.0357,0
0,199.0458,0
0,199.056,0
0,199.0662,0
0,199.0763,0
0,199.0864,0
0,199.0966,0
0,199.1067,0
0,199.1168,0
0,199.1269,0
0,199.137,0
0,199.1471,0
0,199.1572,0
0,199.1672,0
0,199.1773,0
0,199.1874,0
0,199.1975,0
0,199.2076,0
0,199.2176,0
0,199.2277,0
0,199.2378,0
0,199.2479,0
0,199.2581,0
0,199.2682,0
0,199.2783,0
0,199.2884,0
0,199.2986,0
0,199.3087,0
0,199.3189,0
0,199.329,0
0,199.3391,0
0,199.3492,0
0,199.3593,0
0,199.3693,0
0,199.3794,0
0,199.3895,0
0,199.3997,0
0,199.4097,0
0,199.4198,0
0,199.4299,0
0,199.4401,0
0,199.4504,0
0,199.4606,0
0,199.4706,0
0,199.4809,0
0,199.4917,1
0,199.5018,1
0,199.5126,1
0,199.5275,1
0,199.5416,0
0,199.5519,0
0,199.562,0
0,199.5737,0
0,199.5839,0
0,199.5941,0
0,199.6042,0
0,199.6143,0
0,199.6244,0
0,199.6345,0
0,199.6446,0
0,199.6547,0
0,199.6648,0
0,199.6749,0
0,199.685,0
0,199.695,0
0,199.7051,0
0,199.7152,0
0,199.7253,0
0,199.7354,0
0,199.7454,0
0,199.7555,0
0,199.7658,0
0,199.7759,0
0,199.7859,0
0,199.796,0
0,199.8061,0
0,199.8162,0
0,199.8263,0
0,199.8365,0
0,199.8466,0
0,199.8567,0
0,199.8667,0
0,199.8768,0
0,199.8869,0
0,199.897,0
0,199.9071,0
0,199.9172,0
0,199.9273,0
0,199.9373,0
0,199.9474,0
0,199.9575,0
0,199.9676,0
0,199.9777,0
0,199.9878,0
0,199.9988,1
0,200.0089,1
0,200.0197,1
0,200.0325,0
0,200.0426,0
0,200.0527,0
0,200.0628,0
0,200.0729,0
0,200.0833,0
0,200.0934,0
0,200.1035,0
0,200.1136,0
0,200.1237,0
0,200.1338,0
0,200.1439,0
0,200.154,0
0,200.1641,0
0,200.1742,0
0,200.1842,0
0,200.1943,0
0,200.2044,0
0,200.2145,0
0,200.2246,0
0,200.2347,0
0,200.2447,0
0,200.2548,0
0,200.2649,0
0,200.275,0
0,200.285,0
0,200.2951,0
0,200.3052,0
0,200.3153,0
0,200.3254,0
0,200.3361,0
0,200.3462,0
0,200.3563,0
0,200.3669,0
0,200.377,0
0,200.387,0
0,200.3971,0
0,200.4072,0
0,200.4173,0
0,200.4274,0
0,200.4375,0
0,200.4475,0
0,200.4577,0
0,200.4678,0
0,200.4778,0
0,200.4879,0
0,200.498,1
0,200.5083,1
0,200.5184,1
0,200.5285,0
0,200.5386,0
0,200.5487,0
0,200.5588,0
0,200.5722,0
0,200.5823,0
0,200.5925,0
0,200.6027,0
0,200.6128,0
0,200.6229,0
0,200.633,0
0,200.6431,0
0,200.6532,0
0,200.6632,0
0,200.6733,0
0,200.6834,0
0,200.6935,0
0,200.7036,0
0,200.7136,0
0,200.7237,0
0,200.7338,0
0,200.7439,0
0,200.754,0
0,200.764,0
0,200.7741,0
0,200.7842,0
0,200.7943,0
0,200.8044,0
0,200.8145,0
0,200.8245,0
0,200.8346,0
0,200.8447,0
0,200.8548,0
0,200.8649,0
0,200.8749,0
0,200.885,0
0,200.8951,0
0,200.9052,0
0,200.9153,0
0,200.9253,0
0,200.9354,0
0,200.9455,0
0,200.9556,0
0,200.9657,0
0,200.9757,0
0,200.9858,0
0,200.9959,1
0,201.006,1
0,201.0161,1
0,201.0273,0
0,201.0374,0
0,201.0476,0
0,201.0577,0
0,201.0678,0
0,201.0779,0
0,201.0881,0
0,201.0985,0
0,201.1087,0
0,201.1188,0
0,201.1289,0
0,201.139,0
0,201.149,0
0,201.1591,0
0,201.1694,0
0,201.1795,0
0,201.1896,0
0,201.1997,0
0,201.2097,0
0,201.2198,0
0,201.2299,0
0,201.24,0
0,201.25,0
0,201.2601,0
0,201.2702,0
0,201.2803,0
0,201.2904,0
0,201.3004,0
0,201.3105,0
0,201.3206,0
0,201.3307,0
0,201.3408,0
0,201.3509,0
0,201.361,0
0,201.371,0
0,201.3811,0
0,201.3912,0
0,201.4013,0
0,201.4114,0
0,201.4224,0
0,201.4325,0
0,201.4425,0
0,201.4526,0
0,201.4627,0
0,201.4728,0
0,201.4829,0
0,201.493,0
0,201.5038,1
0,201.5139,1
0,201.524,1
0,201.5341,0
0,201.5442,0
0,201.5543,0
0,201.5644,0
0,201.5746,0
0,201.5852,0
0,201.5955,0
0,201.6083,0
0,201.6185,0
0,201.6286,0
0,201.6387,0
0,201.6488,0
0,201.6606,0
0,201.6707,0
0,201.6809,0
0,201.691,0
0,201.7014,0
0,201.7116,0
0,201.7226,0
0,201.7327,0
0,201.7452,0
0,201.7553,0
0,201.7655,0
0,201.7783,0
0,201.7893,0
0,201.8028,0
0,201.8153,0
0,201.8292,0
0,201.8393,0
0,201.8495,0
0,201.8606,0
0,201.8711,0
0,201.8846,0
0,201.8947,0
0,201.9049,0
0,201.915,0
0,201.9283,0
0,201.9406,0
0,201.9508,0
0,201.9609,0
0,201.9723,0
0,201.9824,0
0,201.9925,0
0,202.0026,1
0,202.0129,1
0,202.0232,1
0,202.0344,1
0,202.0445,0
0,202.0546,0
0,202.0647,0
0,202.075,0
0,202.0857,0
0,202.0958,0
0,202.1059,0
0,202.1161,0
0,202.1262,0
0,202.1362,0
0,202.1463,0
0,202.1564,0
0,202.1665,0
0,202.178,0
0,202.1881,0
0,202.1982,0
0,202.2083,0
0,202.2184,0
0,202.2284,0
0,202.2385,0
0,202.2486,0
0,202.2586,0
0,202.2687,0
0,202.2788,0
0,202.2889,0
0,202.299,0
0,202.3091,0
0,202.3191,0
0,202.3292,0
0,202.3393,0
0,202.3494,0
0,202.3595,0
0,202.3696,0
0,202.3797,0
0,202.3898,0
0,202.3998,0
0,202.4099,0
0,202.42,0
0,202.4301,0
0,202.4402,0
0,202.4503,0
0,202.4604,0
0,202.4704,0
0,202.4805,0
0,202.4906,0
0,202.5008,0
0,202.511,1
0,202.5218,1
0,202.5319,1
0,202.5438,0
0,202.5539,0
0,202.564,0
0,202.5742,0
0,202.5843,0
0,202.5948,0
0,202.6049,0
0,202.6151,0
0,202.6257,0
0,202.6358,0
0,202.6459,0
0,202.656,0
0,202.6661,0
0,202.6761,0
0,202.6862,0
0,202.6963,0
0,202.7064,0
0,202.7166,0
0,202.7267,0
0,202.7368,0
0,202.7468,0
0,202.7569,0
0,202.767,0
0,202.7771,0
0,202.7871,0
0,202.7972,0
0,202.8073,0
0,202.8174,0
0,202.8275,0
0,202.8375,0
0,202.8476,0
0,202.8577,0
0,202.8678,0
0,202.8779,0
0,202.8879,0
0,202.898,0
0,202.9081,0
0,202.9182,0
0,202.9283,0
0,202.9384,0
0,202.9485,0
0,202.9585,0
0,202.9686,0
0,202.9787,0
0,202.9888,0
0,202.9989,0
0,203.0126,1
0,203.0227,1
0,203.034,1
0,203.0446,0
0,203.0549,0
0,203.0649,0
0,203.0752,0
0,203.0853,0
0,203.0955,0
0,203.1063,0
0,203.1166,0
0,203.1269,0
0,203.137,0
0,203.1471,0
0,203.1572,0
0,203.1673,0
0,203.1774,0
0,203.1875,0
0,203.1976,0
0,203.2076,0
0,203.2177,0
0,203.2278,0
0,203.2379,0
0,203.248,0
0,203.258,0
0,203.2681,0
0,203.2782,0
0,203.2883,0
0,203.2984,0
0,203.3085,0
0,203.3185,0
0,203.3286,0
0,203.3393,0
0,203.3494,0
0,203.3595,0
0,203.3696,0
0,203.3797,0
0,203.3897,0
0,203.3998,0
0,203.4099,0
0,203.42,0
0,203.4301,0
0,203.4402,0
0,203.4502,0
0,203.4603,0
0,203.4704,0
0,203.4805,0
0,203.4905,0
0,203.5007,0
0,203.511,1
0,203.5248,1
0,203.5349,1
0,203.545,1
0,203.5551,0
0,203.5652,0
0,203.5753,0
0,203.5854,0
0,203.5979,0
0,203.608,0
0,203.6182,0
0,203.6326,0
0,203.6428,0
0,203.6529,0
0,203.663,0
0,203.6731,0
0,203.6831,0
0,203.6932,0
0,203.7033,0
0,203.7134,0
0,203.7235,0
0,203.7336,0
0,203.7436,0
0,203.7537,0
0,203.7638,0
0,203.7739,0
0,203.7843,0
0,203.7944,0
0,203.8045,0
0,203.8146,0
0,203.8246,0
0,203.8347,0
0,203.8448,0
0,203.8549,0
0,203.8649,0
0,203.8751,0
0,203.8851,0
0,203.8952,0
0,203.9053,0
0,203.9154,0
0,203.9255,0
0,203.9355,0
0,203.9457,0
0,203.9558,0
0,203.9659,0
0,203.976,0
0,203.9861,0
0,203.9961,0
0,204.0062,0
0,204.0167,1
0,204.0278,1
0,204.0386,1
0,204.052,0
0,204.0625,0
0,204.0727,0
0,204.0829,0
0,204.0939,0
0,204.104,0
0,204.1145,0
0,204.1246,0
0,204.1347,0
0,204.1448,0
0,204.1549,0
0,204.1649,0
0,204.175,0
0,204.1859,0
0,204.196,0
0,204.2061,0
0,204.2162,0
0,204.2263,0
0,204.2363,0
0,204.2465,0
0,204.2566,0
0,204.2667,0
0,204.2768,0
0,204.2869,0
0,204.297,0
0,204.3071,0
0,204.3172,0
0,204.3273,0
0,204.3374,0
0,204.3475,0
0,204.3575,0
0,204.3676,0
0,204.3777,0
0,204.3887,0
0,204.3988,0
0,204.4089,0
0,204.4189,0
0,204.429,0
0,204.4391,0
0,204.4492,0
0,204.4593,0
0,204.4693,0
0,204.4794,0
0,204.4895,0
0,204.4996,0
0,204.5097,0
0,204.5198,1
0,204.5322,1
0,204.5559,0
0,204.5671,0
0,204.5789,0
0,204.5903,0
0,204.6028,0
0,204.6129,0
0,204.6236,0
0,204.6338,0
0,204.6439,0
0,204.654,0
0,204.6642,0
0,204.6743,0
0,204.6844,0
0,204.6945,0
0,204.7046,0
0,204.7147,0
0,204.7248,0
0,204.7349,0
0,204.745,0
0,204.755,0
0,204.7651,0
0,204.7752,0
0,204.7853,0
0,204.7954,0
0,204.8055,0
0,204.8156,0
0,204.8257,0
0,204.8357,0
0,204.8458,0
0,204.8559,0
0,204.866,0
0,204.8761,0
0,204.8862,0
0,204.8963,0
0,204.9064,0
0,204.9165,0
0,204.9266,0
0,204.9367,0
0,204.9467,0
0,204.9568,0
0,204.9669,0
0,204.977,0
0,204.9871,0
0,204.9971,0
0,205.0072,0
0,205.0195,1
0,205.032,1
0,205.0422,1
0,205.0532,0
0,205.0633,0
0,205.0734,0
0,205.0835,0
0,205.0936,0
0,205.1046,0
0,205.1148,0
0,205.1249,0
0,205.135,0
0,205.1451,0
0,205.1552,0
0,205.1653,0
0,205.1754,0
0,205.1854,0
0,205.1955,0
0,205.2056,0
0,205.2157,0
0,205.2258,0
0,205.2359,0
0,205.2459,0
0,205.256,0
0,205.2661,0
0,205.2762,0
0,205.2863,0
0,205.2964,0
0,205.3064,0
0,205.3165,0
0,205.3267,0
0,205.3367,0
0,205.3468,0
0,205.3569,0
0,205.367,0
0,205.377,0
0,205.3873,0
0,205.3974,0
0,205.4075,0
0,205.4176,0
0,205.4277,0
0,205.4377,0
0,205.4478,0
0,205.4579,0
0,205.468,0
0,205.4781,0
0,205.4881,0
0,205.4982,0
0,205.5083,0
0,205.5206,1
0,205.531,1
0,205.5411,1
0,205.5512,0
0,205.5613,0
0,205.5715,0
0,205.5816,0
0,205.5982,0
0,205.6084,0
0,205.6185,0
0,205.6286,0
0,205.6389,0
0,205.649,0
0,205.6591,0
0,205.6692,0
0,205.6793,0
0,205.6894,0
0,205.6994,0
0,205.7095,0
0,205.7196,0
0,205.7297,0
0,205.7398,0
0,205.7498,0
0,205.7599,0
0,205.77,0
0,205.7801,0
0,205.7902,0
0,205.8002,0
0,205.8103,0
0,205.8204,0
0,205.8305,0
0,205.8406,0
0,205.8507,0
0,205.8608,0
0,205.8708,0
0,205.8809,0
0,205.891,0
0,205.9011,0
0,205.9112,0
0,205.9213,0
0,205.9314,0
0,205.9415,0
0,205.9516,0
0,205.9617,0
0,205.9718,0
0,205.9819,0
0,205.9919,0
0,206.002,0
0,206.0121,0
0,206.0251,1
0,206.0352,1
0,206.0453,1
0,206.0593,0
0,206.0702,0
0,206.0803,0
0,206.0904,0
0,206.1006,0
0,206.1107,0
0,206.1216,0
0,206.1318,0
0,206.1419,0
0,206.152,0
0,206.1621,0
0,206.1722,0
0,206.1823,0
0,206.1924,0
0,206.2024,0
0,206.2125,0
0,206.2226,0
0,206.2327,0
0,206.2428,0
0,206.2528,0
0,206.2629,0
0,206.273,0
0,206.2831,0
0,206.2931,0
0,206.3032,0
0,206.3133,0
0,206.3234,0
0,206.3335,0
0,206.3435,0
0,206.3536,0
0,206.3637,0
0,206.3738,0
0,206.3839,0
0,206.3941,0
0,206.4042,0
0,206.4143,0
0,206.4244,0
0,206.4344,0
0,206.4445,0
0,206.4546,0
0,206.4647,0
0,206.4747,0
0,206.4848,0
0,206.4949,0
0,206.505,0
0,206.5151,0
0,206.528,1
0,206.539,1
0,206.5527,1
0,206.5696,0
0,206.5797,0
0,206.5898,0
0,206.6002,0
0,206.611,0
0,206.6218,0
0,206.6319,0
0,206.642,0
0,206.6524,0
0,206.6626,0
0,206.6727,0
0,206.6828,0
0,206.6929,0
0,206.7029,0
0,206.713,0
0,206.7231,0
0,206.7332,0
0,206.7433,0
0,206.7533,0
0,206.7634,0
0,206.7735,0
0,206.7836,0
0,206.7936,0
0,206.8037,0
0,206.8138,0
0,206.8239,0
0,206.834,0
0,206.844,0
0,206.8541,0
0,206.8642,0
0,206.8743,0
0,206.8844,0
0,206.8945,0
0,206.9045,0
0,206.9146,0
0,206.9247,0
0,206.9348,0
0,206.9449,0
0,206.9549,0
0,206.965,0
0,206.9751,0
0,206.9852,0
0,206.9953,0
0,207.0053,0
0,207.0154,0
0,207.0274,1
0,207.0382,1
0,207.0483,1
0,207.0621,1
0,207.0727,0
0,207.0828,0
0,207.0929,0
0,207.1029,0
0,207.1131,0
0,207.1232,0
0,207.1354,0
0,207.1455,0
0,207.1556,0
0,207.1657,0
0,207.1757,0
0,207.1858,0
0,207.1959,0
0,207.206,0
0,207.216,0
0,207.2261,0
0,207.2362,0
0,207.2463,0
0,207.2564,0
0,207.2665,0
0,207.2765,0
0,207.2866,0
0,207.2967,0
0,207.3068,0
0,207.3169,0
0,207.327,0
0,207.337,0
0,207.3471,0
0,207.3572,0
0,207.3673,0
0,207.3774,0
0,207.3874,0
0,207.3976,0
0,207.4076,0
0,207.4177,0
0,207.4278,0
0,207.4379,0
0,207.448,0
0,207.458,0
0,207.4681,0
0,207.4782,0
0,207.4883,0
0,207.4983,0
0,207.5084,0
0,207.5185,0
0,207.5324,1
0,207.5427,1
0,207.5527,1
0,207.5703,0
0,207.5804,0
0,207.5926,0
0,207.6027,0
0,207.6128,0
0,207.6229,0
0,207.6331,0
0,207.6432,0
0,207.6533,0
0,207.6634,0
0,207.6735,0
0,207.6836,0
0,207.6937,0
0,207.7037,0
0,207.7139,0
0,207.7239,0
0,207.734,0
0,207.7441,0
0,207.7542,0
0,207.7643,0
0,207.7744,0
0,207.7844,0
0,207.7945,0
0,207.8046,0
0,207.8147,0
0,207.8248,0
0,207.8348,0
0,207.8449,0
0,207.855,0
0,207.8651,0
0,207.8752,0
0,207.8853,0
0,207.8953,0
0,207.9084,0
0,207.9206,0
0,207.9319,0
0,207.9421,0
0,207.9522,0
0,207.9648,0
0,207.9749,0
0,207.9851,0
0,207.9952,0
0,208.0078,0
0,208.0206,0
0,208.0309,0
0,208.0471,1
0,208.0643,1
0,208.0746,0
0,208.0927,0
0,208.1086,0
0,208.1246,0
0,208.1347,0
0,208.1448,0
0,208.1597,0
0,208.1808,0
0,208.1927,0
0,208.2035,0
0,208.215,0
0,208.2251,0
0,208.2354,0
0,208.2509,0
0,208.2611,0
0,208.2712,0
0,208.2812,0
0,208.2913,0
0,208.3014,0
0,208.3115,0
0,208.3216,0
0,208.3317,0
0,208.3418,0
0,208.3518,0
0,208.3619,0
0,208.372,0
0,208.3821,0
0,208.3921,0
0,208.4025,0
0,208.4126,0
0,208.4227,0
0,208.4328,0
0,208.4429,0
0,208.4529,0
0,208.463,0
0,208.4731,0
0,208.4832,0
0,208.4933,0
0,208.5033,0
0,208.5134,0
0,208.5235,0
0,208.5336,0
0,208.5437,1
0,208.556,1
0,208.5661,1
0,208.5773,0
0,208.5874,0
0,208.5975,0
0,208.6085,0
0,208.6186,0
0,208.6287,0
0,208.6388,0
0,208.6489,0
0,208.6591,0
0,208.6692,0
0,208.6793,0
0,208.6894,0
0,208.6995,0
0,208.7095,0
0,208.7196,0
0,208.7297,0
0,208.7398,0
0,208.7498,0
0,208.7599,0
0,208.77,0
0,208.7801,0
0,208.7902,0
0,208.8002,0
0,208.8103,0
0,208.8204,0
0,208.8305,0
0,208.8406,0
0,208.8506,0
0,208.8607,0
0,208.8708,0
0,208.8809,0
0,208.891,0
0,208.9011,0
0,208.9112,0
0,208.9214,0
0,208.9315,0
0,208.9416,0
0,208.9517,0
0,208.9618,0
0,208.9719,0
0,208.9819,0
0,208.992,0
0,209.0021,0
0,209.0122,0
0,209.0223,0
0,209.0324,0
0,209.0446,1
0,209.0557,1
0,209.0658,1
0,209.0785,0
0,209.0886,0
0,209.0987,0
0,209.1088,0
0,209.1197,0
0,209.1298,0
0,209.14,0
0,209.1501,0
0,209.1602,0
0,209.1703,0
0,209.1804,0
0,209.1905,0
0,209.2006,0
0,209.2107,0
0,209.2207,0
0,209.2308,0
0,209.2409,0
0,209.2511,0
0,209.2612,0
0,209.2713,0
0,209.2814,0
0,209.2915,0
0,209.3016,0
0,209.3117,0
0,209.3218,0
0,209.3319,0
0,209.342,0
0,209.3521,0
0,209.3621,0
0,209.3722,0
0,209.3823,0
0,209.3924,0
0,209.4024,0
0,209.4125,0
0,209.4231,0
0,209.4332,0
0,209.4433,0
0,209.4533,0
0,209.4634,0
0,209.4735,0
0,209.4836,0
0,209.4937,0
0,209.5038,0
0,209.5139,0
0,209.5239,0
0,209.534,0
0,209.5441,0
0,209.5543,1
0,209.5651,1
0,209.5751,1
0,209.5854,0
0,209.5955,0
0,209.6056,0
0,209.6192,0
0,209.6293,0
0,209.6395,0
0,209.6496,0
0,209.6598,0
0,209.6699,0
0,209.6801,0
0,209.6902,0
0,209.7004,0
0,209.7105,0
0,209.7206,0
0,209.7307,0
0,209.7407,0
0,209.7508,0
0,209.7609,0
0,209.771,0
0,209.7811,0
0,209.7911,0
0,209.8012,0
0,209.8113,0
0,209.8214,0
0,209.8315,0
0,209.8415,0
0,209.8516,0
0,209.8617,0
0,209.8718,0
0,209.8819,0
0,209.892,0
0,209.902,0
0,209.9121,0
0,209.9222,0
0,209.9323,0
0,209.9424,0
0,209.9525,0
0,209.9626,0
0,209.9726,0
0,209.9827,0
0,209.9928,0
0,210.0029,0
0,210.013,0
0,210.0231,0
0,210.0331,0
0,210.0432,0
0,210.0565,1
0,210.0718,1
0,210.0819,1
0,210.092,0
0,210.1021,0
0,210.1123,0
0,210.1224,0
0,210.1326,0
0,210.1429,0
0,210.153,0
0,210.1631,0
0,210.1732,0
0,210.1833,0
0,210.1934,0
0,210.2035,0
0,210.2136,0
0,210.2236,0
0,210.2337,0
0,210.2438,0
0,210.2539,0
0,210.2639,0
0,210.274,0
0,210.2841,0
0,210.2942,0
0,210.3043,0
0,210.3144,0
0,210.3245,0
0,210.3346,0
0,210.3447,0
0,210.3547,0
0,210.3648,0
0,210.3749,0
0,210.385,0
0,210.395,0
0,210.4051,0
0,210.4152,0
0,210.4253,0
0,210.4354,0
0,210.4455,0
0,210.4556,0
0,210.4657,0
0,210.4758,0
0,210.4858,0
0,210.4959,0
0,210.506,0
0,210.5161,0
0,210.5262,0
0,210.5362,0
0,210.5463,0
0,210.5565,1
0,210.5683,1
0,210.5784,1
0,210.589,0
0,210.5991,0
0,210.6092,0
0,210.6193,0
0,210.6304,0
0,210.6406,0
0,210.6507,0
0,210.6609,0
0,210.6715,0
0,210.6816,0
0,210.6918,0
0,210.7019,0
0,210.712,0
0,210.7221,0
0,210.7322,0
0,210.7423,0
0,210.7523,0
0,210.7624,0
0,210.7725,0
0,210.7826,0
0,210.7927,0
0,210.8028,0
0,210.8128,0
0,210.8229,0
0,210.833,0
0,210.8431,0
0,210.8532,0
0,210.8632,0
0,210.8733,0
0,210.8834,0
0,210.8935,0
0,210.9036,0
0,210.9137,0
0,210.9237,0
0,210.9338,0
0,210.9439,0
0,210.954,0
0,210.9641,0
0,210.9742,0
0,210.9843,0
0,210.9944,0
0,211.0044,0
0,211.0145,0
0,211.0246,0
0,211.0347,0
0,211.0448,0
0,211.0549,1
0,211.065,1
0,211.0758,1
0,211.0858,0
0,211.0961,0
0,211.1062,0
0,211.1163,0
0,211.1264,0
0,211.1365,0
0,211.1481,0
0,211.1582,0
0,211.1684,0
0,211.1785,0
0,211.1886,0
0,211.1987,0
0,211.2088,0
0,211.2197,0
0,211.2298,0
0,211.2399,0
0,211.2499,0
0,211.26,0
0,211.2701,0
0,211.2802,0
0,211.2903,0
0,211.3003,0
0,211.3106,0
0,211.3206,0
0,211.3307,0
0,211.3408,0
0,211.3509,0
0,211.361,0
0,211.3711,0
0,211.3812,0
0,211.3912,0
0,211.4013,0
0,211.4114,0
0,211.4215,0
0,211.4316,0
0,211.4416,0
0,211.4519,0
0,211.4619,0
0,211.472,0
0,211.4821,0
0,211.4922,0
0,211.5023,0
0,211.5123,0
0,211.5224,0
0,211.5325,0
0,211.5426,0
0,211.5527,0
0,211.5628,1
0,211.5761,1
0,211.5863,1
0,211.5991,0
0,211.6092,0
0,211.6193,0
0,211.6294,0
0,211.6395,0
0,211.6497,0
0,211.6598,0
0,211.6699,0
0,211.68,0
0,211.6902,0
0,211.7003,0
0,211.7103,0
0,211.7204,0
0,211.7305,0
0,211.7406,0
0,211.7507,0
0,211.7608,0
0,211.7709,0
0,211.7809,0
0,211.791,0
0,211.8011,0
0,211.8112,0
0,211.8213,0
0,211.8313,0
0,211.8414,0
0,211.8515,0
0,211.8616,0
0,211.8717,0
0,211.8817,0
0,211.8918,0
0,211.9019,0
0,211.912,0
0,211.9221,0
0,211.9322,0
0,211.9423,0
0,211.9528,0
0,211.9628,0
0,211.9729,0
0,211.983,0
0,211.9931,0
0,212.0032,0
0,212.0132,0
0,212.0239,0
0,212.034,0
0,212.044,0
0,212.0541,0
0,212.0642,1
0,212.0745,1
0,212.085,1
0,212.1026,0
0,212.1127,0
0,212.123,0
0,212.1354,0
0,212.1456,0
0,212.1557,0
0,212.1658,0
0,212.176,0
0,212.186,0
0,212.1961,0
0,212.2063,0
0,212.2164,0
0,212.2264,0
0,212.2365,0
0,212.2466,0
0,212.2567,0
0,212.2668,0
0,212.2769,0
0,212.287,0
0,212.2971,0
0,212.3071,0
0,212.3172,0
0,212.3273,0
0,212.3374,0
0,212.3475,0
0,212.3575,0
0,212.3676,0
0,212.3777,0
0,212.3878,0
0,212.3979,0
0,212.4079,0
0,212.418,0
0,212.4281,0
0,212.4382,0
0,212.4482,0
0,212.4584,0
0,212.4685,0
0,212.4785,0
0,212.4886,0
0,212.4987,0
0,212.5088,0
0,212.5188,0
0,212.5289,0
0,212.539,0
0,212.5491,0
0,212.5592,0
0,212.5693,1
0,212.5794,1
0,212.5903,1
0,212.6007,0
0,212.6121,0
0,212.6222,0
0,212.6323,0
0,212.6424,0
0,212.6528,0
0,212.6629,0
0,212.673,0
0,212.6832,0
0,212.6933,0
0,212.7034,0
0,212.7135,0
0,212.7236,0
0,212.7337,0
0,212.7438,0
0,212.7539,0
0,212.764,0
0,212.7741,0
0,212.7841,0
0,212.7942,0
0,212.8043,0
0,212.8144,0
0,212.8252,0
0,212.8353,0
0,212.8454,0
0,212.8554,0
0,212.8655,0
0,212.8756,0
0,212.8857,0
0,212.8958,0
0,212.9059,0
0,212.9159,0
0,212.926,0
0,212.9361,0
0,212.9462,0
0,212.9562,0
0,212.9663,0
0,212.9764,0
0,212.9865,0
0,212.9966,0
0,213.0067,0
0,213.0167,0
0,213.0268,0
0,213.0369,0
0,213.047,0
0,213.0571,0
0,213.0686,1
0,213.0807,1
0,213.0909,1
0,213.104,0
0,213.1141,0
0,213.1243,0
0,213.1351,0
0,213.1452,0
0,213.1555,0
0,213.1656,0
0,213.1757,0
0,213.1858,0
0,213.1959,0
0,213.206,0
0,213.2161,0
0,213.2272,0
0,213.2372,0
0,213.2473,0
0,213.2574,0
0,213.2675,0
0,213.2775,0
0,213.2876,0
0,213.2977,0
0,213.3078,0
0,213.3179,0
0,213.3279,0
0,213.338,0
0,213.3481,0
0,213.3582,0
0,213.3682,0
0,213.3783,0
0,213.3884,0
0,213.3985,0
0,213.4086,0
0,213.4187,0
0,213.4288,0
0,213.4388,0
0,213.4489,0
0,213.459,0
0,213.4691,0
0,213.4792,0
0,213.4893,0
0,213.4994,0
0,213.5094,0
0,213.5195,0
0,213.5296,0
0,213.5397,0
0,213.5498,0
0,213.5598,0
0,213.5726,1
0,213.5852,1
0,213.5953,1
0,213.6058,1
0,213.6171,0
0,213.6279,0
0,213.6406,0
0,213.6508,0
0,213.6609,0
0,213.671,0
0,213.6811,0
0,213.6912,0
0,213.7013,0
0,213.7116,0
0,213.7217,0
0,213.7318,0
0,213.7419,0
0,213.752,0
0,213.7621,0
0,213.7722,0
0,213.7823,0
0,213.7924,0
0,213.8024,0
0,213.8125,0
0,213.8226,0
0,213.8327,0
0,213.8428,0
0,213.8528,0
0,213.8629,0
0,213.873,0
0,213.8831,0
0,213.8932,0
0,213.9033,0
0,213.9134,0
0,213.9234,0
0,213.9335,0
0,213.9436,0
0,213.9537,0
0,213.9638,0
0,213.9745,0
0,213.9845,0
0,213.9946,0
0,214.0047,0
0,214.0148,0
0,214.0249,0
0,214.035,0
0,214.045,0
0,214.0551,0
0,214.0652,0
0,214.0753,1
0,214.0854,1
0,214.0955,1
0,214.1055,0
0,214.1156,0
0,214.1257,0
0,214.1358,0
0,214.1459,0
0,214.1562,0
0,214.1686,0
0,214.1787,0
0,214.1889,0
0,214.199,0
0,214.2091,0
0,214.2192,0
0,214.2293,0
0,214.2394,0
0,214.2495,0
0,214.2596,0
0,214.2697,0
0,214.2798,0
0,214.2899,0
0,214.3,0
0,214.3101,0
0,214.3202,0
0,214.3303,0
0,214.3404,0
0,214.3505,0
0,214.3606,0
0,214.3706,0
0,214.3807,0
0,214.3908,0
0,214.4009,0
0,214.411,0
0,214.4211,0
0,214.4311,0
0,214.4412,0
0,214.4513,0
0,214.4614,0
0,214.4714,0
0,214.4819,0
0,214.4919,0
0,214.502,0
0,214.5121,0
0,214.5222,0
0,214.5323,0
0,214.5423,0
0,214.5524,0
0,214.5625,0
0,214.5726,1
0,214.5828,1
0,214.5929,1
0,214.6038,0
0,214.614,0
0,214.6241,0
0,214.6342,0
0,214.6443,0
0,214.6551,0
0,214.6654,0
0,214.6755,0
0,214.6858,0
0,214.6959,0
0,214.706,0
0,214.7161,0
0,214.7262,0
0,214.7363,0
0,214.7464,0
0,214.7565,0
0,214.7666,0
0,214.7767,0
0,214.7868,0
0,214.7969,0
0,214.807,0
0,214.8171,0
0,214.8272,0
0,214.8373,0
0,214.8474,0
0,214.8575,0
0,214.8676,0
0,214.8777,0
0,214.8878,0
0,214.8979,0
0,214.908,0
0,214.9181,0
0,214.9282,0
0,214.9383,0
0,214.9484,0
0,214.9585,0
0,214.9686,0
0,214.9786,0
0,214.9887,0
0,214.9989,0
0,215.0089,0
0,215.019,0
0,215.0291,0
0,215.0392,0
0,215.0493,0
0,215.0594,0
0,215.0695,0
0,215.0797,1
0,215.0897,1
0,215.1013,1
0,215.1141,0
0,215.1246,0
0,215.1367,0
0,215.1468,0
0,215.1569,0
0,215.167,0
0,215.1771,0
0,215.1886,0
0,215.1988,0
0,215.2089,0
0,215.219,0
0,215.2292,0
0,215.2425,0
0,215.2526,0
0,215.2627,0
0,215.2728,0
0,215.2829,0
0,215.2929,0
0,215.303,0
0,215.3131,0
0,215.3232,0
0,215.3333,0
0,215.3434,0
0,215.3535,0
0,215.3635,0
0,215.3736,0
0,215.3837,0
0,215.3938,0
0,215.4039,0
0,215.414,0
0,215.424,0
0,215.4344,0
0,215.4445,0
0,215.4545,0
0,215.4647,0
0,215.4747,0
0,215.4848,0
0,215.4952,0
0,215.5053,0
0,215.5154,0
0,215.5255,0
0,215.5355,0
0,215.5456,0
0,215.5557,0
0,215.5658,0
0,215.5759,0
0,215.5874,1
0,215.5984,1
0,215.6096,0
0,215.6197,0
0,215.6306,0
0,215.6407,0
0,215.6514,0
0,215.6615,0
0,215.6717,0
0,215.6819,0
0,215.692,0
0,215.7021,0
0,215.7122,0
0,215.7223,0
0,215.7324,0
0,215.7425,0
0,215.7526,0
0,215.7627,0
0,215.7727,0
0,215.7828,0
0,215.7929,0
0,215.803,0
0,215.8131,0
0,215.8232,0
0,215.8338,0
0,215.8439,0
0,215.854,0
0,215.8641,0
0,215.8742,0
0,215.8842,0
0,215.8943,0
0,215.9044,0
0,215.9145,0
0,215.9246,0
0,215.9346,0
0,215.9447,0
0,215.9548,0
0,215.9649,0
0,215.975,0
0,215.985,0
0,215.9952,0
0,216.0053,0
0,216.0153,0
0,216.0254,0
0,216.0355,0
0,216.0456,0
0,216.0557,0
0,216.0658,0
0,216.0758,0
0,216.086,1
0,216.0966,1
0,216.1067,1
0,216.1175,0
0,216.1278,0
0,216.1382,0
0,216.1483,0
0,216.1584,0
0,216.17,0
0,216.1844,0
0,216.1946,0
0,216.2047,0
0,216.2148,0
0,216.2249,0
0,216.235,0
0,216.2451,0
0,216.2552,0
0,216.2653,0
0,216.2754,0
0,216.2855,0
0,216.2956,0
0,216.3057,0
0,216.3158,0
0,216.3258,0
0,216.3359,0
0,216.346,0
0,216.3561,0
0,216.3661,0
0,216.3762,0
0,216.3863,0
0,216.3964,0
0,216.4065,0
0,216.4165,0
0,216.4266,0
0,216.4367,0
0,216.4468,0
0,216.4569,0
0,216.4669,0
0,216.477,0
0,216.4871,0
0,216.4973,0
0,216.5074,0
0,216.5175,0
0,216.5275,0
0,216.5376,0
0,216.5477,0
0,216.5578,0
0,216.5679,0
0,216.578,0
0,216.5881,1
0,216.5984,1
0,216.6086,1
0,216.6226,0
0,216.6327,0
0,216.6446,0
0,216.6547,0
0,216.6678,0
0,216.678,0
0,216.6881,0
0,216.6982,0
0,216.7083,0
0,216.7184,0
0,216.7286,0
0,216.7387,0
0,216.7487,0
0,216.7588,0
0,216.7689,0
0,216.779,0
0,216.7891,0
0,216.7992,0
0,216.8092,0
0,216.8193,0
0,216.8294,0
0,216.8396,0
0,216.8497,0
0,216.8597,0
0,216.8698,0
0,216.8799,0
0,216.89,0
0,216.9001,0
0,216.9101,0
0,216.9202,0
0,216.9303,0
0,216.9404,0
0,216.9504,0
0,216.9605,0
0,216.9706,0
0,216.9807,0
0,216.9908,0
0,217.0009,0
0,217.011,0
0,217.0211,0
0,217.0313,0
0,217.0413,0
0,217.0514,0
0,217.0615,0
0,217.0716,0
0,217.0817,0
0,217.0926,1
0,217.1031,1
0,217.1132,1
0,217.1233,0
0,217.1335,0
0,217.1436,0
0,217.1537,0
0,217.1638,0
0,217.175,0
0,217.1851,0
0,217.1952,0
0,217.2054,0
0,217.2155,0
0,217.2256,0
0,217.2357,0
0,217.2458,0
0,217.2559,0
0,217.266,0
0,217.276,0
0,217.2861,0
0,217.2962,0
0,217.3063,0
0,217.3164,0
0,217.3265,0
0,217.3366,0
0,217.3466,0
0,217.3567,0
0,217.3668,0
0,217.3769,0
0,217.3869,0
0,217.397,0
0,217.4071,0
0,217.4172,0
0,217.4273,0
0,217.4374,0
0,217.4475,0
0,217.4575,0
0,217.4676,0
0,217.4777,0
0,217.4878,0
0,217.4978,0
0,217.508,0
0,217.518,0
0,217.5281,0
0,217.5382,0
0,217.5483,0
0,217.5584,0
0,217.5684,0
0,217.5785,0
0,217.5886,0
0,217.6007,1
0,217.6108,1
0,217.6209,1
0,217.631,0
0,217.6423,0
0,217.6529,0
0,217.663,0
0,217.6766,0
0,217.6915,0
0,217.7017,0
0,217.7118,0
0,217.7219,0
0,217.732,0
0,217.7421,0
0,217.7521,0
0,217.7623,0
0,217.7723,0
0,217.7824,0
0,217.7925,0
0,217.8026,0
0,217.8127,0
0,217.8227,0
0,217.8329,0
0,217.8433,0
0,217.8533,0
0,217.8634,0
0,217.8735,0
0,217.8836,0
0,217.8937,0
0,217.9037,0
0,217.9138,0
0,217.9239,0
0,217.934,0
0,217.9441,0
0,217.9542,0
0,217.9643,0
0,217.9743,0
0,217.9844,0
0,217.9945,0
0,218.0046,0
0,218.0149,0
0,218.025,0
0,218.035,0
0,218.0451,0
0,218.0552,0
0,218.0653,0
0,218.0754,0
0,218.0854,0
0,218.0966,1
0,218.1067,1
0,218.1176,1
0,218.1289,0
0,218.139,0
0,218.1498,0
0,218.1599,0
0,218.1726,0
0,218.1828,0
0,218.1929,0
0,218.2032,0
0,218.2133,0
0,218.2234,0
0,218.2335,0
0,218.2436,0
0,218.2536,0
0,218.2637,0
0,218.2741,0
0,218.2842,0
0,218.2943,0
0,218.3043,0
0,218.3144,0
0,218.3245,0
0,218.3346,0
0,218.3447,0
0,218.3547,0
0,218.3648,0
0,218.3749,0
0,218.385,0
0,218.3951,0
0,218.4052,0
0,218.4152,0
0,218.4253,0
0,218.4354,0
0,218.4455,0
0,218.4555,0
0,218.4656,0
0,218.4757,0
0,218.4858,0
0,218.4959,0
0,218.506,0
0,218.5161,0
0,218.5262,0
0,218.5364,0
0,218.5465,0
0,218.5566,0
0,218.5667,0
0,218.5767,0
0,218.5868,0
0,218.5969,1
0,218.6071,1
0,218.6184,1
0,218.6293,0
0,218.6395,0
0,218.6496,0
0,218.6597,0
0,218.6698,0
0,218.6807,0
0,218.6912,0
0,218.7013,0
0,218.7114,0
0,218.7215,0
0,218.7316,0
0,218.7417,0
0,218.7518,0
0,218.7619,0
0,218.772,0
0,218.7821,0
0,218.7921,0
0,218.8022,0
0,218.8123,0
0,218.8224,0
0,218.8325,0
0,218.8425,0
0,218.8528,0
0,218.8629,0
0,218.873,0
0,218.883,0
0,218.8931,0
0,218.9032,0
0,218.9133,0
0,218.9234,0
0,218.9334,0
0,218.9435,0
0,218.9536,0
0,218.9637,0
0,218.9738,0
0,218.9839,0
0,218.9939,0
0,219.004,0
0,219.0141,0
0,219.0242,0
0,219.0343,0
0,219.0444,0
0,219.0544,0
0,219.0645,0
0,219.0746,0
0,219.0847,0
0,219.0948,0
0,219.1049,1
0,219.1159,1
0,219.1261,1
0,219.1381,0
0,219.1483,0
0,219.1583,0
0,219.1684,0
0,219.1785,0
0,219.1888,0
0,219.199,0
0,219.2091,0
0,219.2192,0
0,219.2293,0
0,219.2394,0
0,219.2499,0
0,219.2601,0
0,219.2702,0
0,219.2803,0
0,219.2904,0
0,219.3006,0
0,219.3107,0
0,219.3223,0
0,219.3324,0
0,219.3425,0
0,219.3526,0
0,219.3626,0
0,219.3727,0
0,219.3828,0
0,219.3929,0
0,219.403,0
0,219.4131,0
0,219.4231,0
0,219.4332,0
0,219.4433,0
0,219.4534,0
0,219.4635,0
0,219.4735,0
0,219.4836,0
0,219.4937,0
0,219.5038,0
0,219.5139,0
0,219.5242,0
0,219.5343,0
0,219.5444,0
0,219.5545,0
0,219.5646,0
0,219.5746,0
0,219.5847,0
0,219.5948,0
0,219.606,1
0,219.6162,1
0,219.6263,1
0,219.6406,0
0,219.6541,0
0,219.6642,0
0,219.6743,0
0,219.6844,0
0,219.6945,0
0,219.7082,0
0,219.7183,0
0,219.7284,0
0,219.7385,0
0,219.7486,0
0,219.7587,0
0,219.7688,0
0,219.7789,0
0,219.7889,0
0,219.799,0
0,219.8091,0
0,219.8192,0
0,219.8293,0
0,219.8393,0
0,219.8494,0
0,219.8595,0
0,219.8696,0
0,219.8797,0
0,219.8898,0
0,219.8999,0
0,219.91,0
0,219.92,0
0,219.9301,0
0,219.9402,0
0,219.9503,0
0,219.9604,0
0,219.9704,0
0,219.9805,0
0,219.9906,0
0,220.0007,0
0,220.0108,0
0,220.0208,0
0,220.031,0
0,220.041,0
0,220.0511,0
0,220.0612,0
0,220.0713,0
0,220.0813,0
0,220.0914,0
0,220.1016,0
0,220.1119,1
0,220.1243,1
0,220.1344,1
0,220.1471,0
0,220.1607,0
0,220.1745,0
0,220.185,0
0,220.1952,0
0,220.2053,0
0,220.2154,0
0,220.2261,0
0,220.2362,0
0,220.2467,0
0,220.2587,0
0,220.2688,0
0,220.2789,0
0,220.289,0
0,220.2991,0
0,220.3092,0
0,220.3193,0
0,220.3294,0
0,220.3395,0
0,220.3496,0
0,220.3597,0
0,220.3698,0
0,220.3799,0
0,220.3899,0
0,220.4001,0
0,220.4101,0
0,220.4202,0
0,220.4303,0
0,220.4404,0
0,220.4506,0
0,220.461,0
0,220.4711,0
0,220.4811,0
0,220.4912,0
0,220.5013,0
0,220.5114,0
0,220.5214,0
0,220.5316,0
0,220.5416,0
0,220.5517,0
0,220.5618,0
0,220.5719,0
0,220.582,0
0,220.5921,0
0,220.6022,0
0,220.6123,1
0,220.6225,1
0,220.6327,1
0,220.6437,0
0,220.6553,0
0,220.6654,0
0,220.6755,0
0,220.6874,0
0,220.6976,0
0,220.7077,0
0,220.7178,0
0,220.7279,0
0,220.738,0
0,220.7481,0
0,220.7582,0
0,220.7683,0
0,220.7784,0
0,220.7885,0
0,220.7986,0
0,220.8086,0
0,220.8187,0
0,220.8288,0
0,220.8389,0
0,220.8489,0
0,220.859,0
0,220.8691,0
0,220.8792,0
0,220.8893,0
0,220.8994,0
0,220.9095,0
0,220.9196,0
0,220.9297,0
0,220.9398,0
0,220.9498,0
0,220.9599,0
0,220.97,0
0,220.9801,0
0,220.9902,0
0,221.0002,0
0,221.0103,0
0,221.0204,0
0,221.0305,0
0,221.0413,0
0,221.0516,0
0,221.0617,0
0,221.0718,0
0,221.0818,0
0,221.0919,0
0,221.102,0
0,221.1155,1
0,221.1257,1
0,221.1358,1
0,221.1459,0
0,221.1559,0
0,221.1661,0
0,221.1762,0
0,221.1889,0
0,221.199,0
0,221.2091,0
0,221.2192,0
0,221.2293,0
0,221.2394,0
0,221.2495,0
0,221.2596,0
0,221.2697,0
0,221.2798,0
0,221.2898,0
0,221.2999,0
0,221.31,0
0,221.3201,0
0,221.3301,0
0,221.3402,0
0,221.3503,0
0,221.3604,0
0,221.3705,0
0,221.3806,0
0,221.3906,0
0,221.4007,0
0,221.4108,0
0,221.4209,0
0,221.431,0
0,221.441,0
0,221.4511,0
0,221.4612,0
0,221.4713,0
0,221.4815,0
0,221.4916,0
0,221.5017,0
0,221.5118,0
0,221.5219,0
0,221.532,0
0,221.543,0
0,221.5531,0
0,221.5632,0
0,221.5732,0
0,221.5833,0
0,221.5934,0
0,221.6035,0
0,221.6168,1
0,221.6292,1
0,221.6394,1
0,221.6521,0
0,221.6641,0
0,221.6742,0
0,221.6843,0
0,221.6948,0
0,221.705,0
0,221.7151,0
0,221.7253,0
0,221.7354,0
0,221.7455,0
0,221.7556,0
0,221.7657,0
0,221.7757,0
0,221.7858,0
0,221.7959,0
0,221.806,0
0,221.8161,0
0,221.8262,0
0,221.8362,0
0,221.8463,0
0,221.8564,0
0,221.8665,0
0,221.8766,0
0,221.8867,0
0,221.8968,0
0,221.9069,0
0,221.917,0
0,221.927,0
0,221.9371,0
0,221.9472,0
0,221.9573,0
0,221.9674,0
0,221.9774,0
0,221.9875,0
0,221.9976,0
0,222.0077,0
0,222.0178,0
0,222.0278,0
0,222.0379,0
0,222.048,0
0,222.0581,0
0,222.0682,0
0,222.0783,0
0,222.0883,0
0,222.0984,0
0,222.1085,0
0,222.1206,1
0,222.1334,1
0,222.1435,1
0,222.1551,0
0,222.1652,0
0,222.1753,0
0,222.1854,0
0,222.1956,0
0,222.2057,0
0,222.2159,0
0,222.226,0
0,222.2362,0
0,222.2463,0
0,222.2564,0
0,222.2665,0
0,222.2766,0
0,222.2867,0
0,222.2967,0
0,222.3068,0
0,222.3169,0
0,222.327,0
0,222.3371,0
0,222.3471,0
0,222.3572,0
0,222.3673,0
0,222.3774,0
0,222.3875,0
0,222.3976,0
0,222.4076,0
0,222.4177,0
0,222.4278,0
0,222.4379,0
0,222.448,0
0,222.458,0
0,222.4681,0
0,222.4782,0
0,222.4883,0
0,222.4984,0
0,222.5085,0
0,222.5185,0
0,222.5286,0
0,222.5387,0
0,222.5488,0
0,222.5589,0
0,222.569,0
0,222.579,0
0,222.5891,0
0,222.5992,0
0,222.6093,0
0,222.6206,1
0,222.6307,1
0,222.6408,1
0,222.656,0
0,222.6661,0
0,222.6783,0
0,222.6884,0
0,222.6985,0
0,222.7087,0
0,222.7197,0
0,222.7298,0
0,222.7401,0
0,222.7502,0
0,222.7603,0
0,222.7704,0
0,222.7805,0
0,222.7905,0
0,222.8007,0
0,222.8107,0
0,222.8208,0
0,222.8309,0
0,222.841,0
0,222.8511,0
0,222.8611,0
0,222.8712,0
0,222.8813,0
0,222.8914,0
0,222.9015,0
0,222.9116,0
0,222.9217,0
0,222.9318,0
0,222.9419,0
0,222.952,0
0,222.962,0
0,222.9721,0
0,222.9822,0
0,222.9923,0
0,223.0024,0
0,223.0125,0
0,223.0225,0
0,223.0326,0
0,223.0427,0
0,223.0528,0
0,223.0629,0
0,223.073,0
0,223.083,0
0,223.0931,0
0,223.1032,0
0,223.1133,0
0,223.1234,1
0,223.1337,1
0,223.1445,1
0,223.1563,1
0,223.1679,0
0,223.178,0
0,223.1881,0
0,223.1982,0
0,223.2085,0
0,223.2189,0
0,223.229,0
0,223.2392,0
0,223.2493,0
0,223.2594,0
0,223.2694,0
0,223.2795,0
0,223.2896,0
0,223.2997,0
0,223.3098,0
0,223.3199,0
0,223.3299,0
0,223.34,0
0,223.3501,0
0,223.3602,0
0,223.3703,0
0,223.3803,0
0,223.3904,0
0,223.4005,0
0,223.4106,0
0,223.4207,0
0,223.4307,0
0,223.4408,0
0,223.4509,0
0,223.461,0
0,223.4711,0
0,223.4811,0
0,223.4912,0
0,223.5013,0
0,223.5114,0
0,223.5215,0
0,223.5315,0
0,223.5416,0
0,223.5517,0
0,223.5618,0
0,223.5719,0
0,223.582,0
0,223.5921,0
0,223.6022,0
0,223.6122,0
0,223.6223,1
0,223.6325,1
0,223.6426,1
0,223.6527,0
0,223.6628,0
0,223.6729,0
0,223.683,0
0,223.6931,0
0,223.7033,0
0,223.7138,0
0,223.724,0
0,223.7359,0
0,223.746,0
0,223.7561,0
0,223.7662,0
0,223.7763,0
0,223.7864,0
0,223.7964,0
0,223.8065,0
0,223.8166,0
0,223.8267,0
0,223.8368,0
0,223.8469,0
0,223.857,0
0,223.867,0
0,223.8771,0
0,223.8872,0
0,223.8973,0
0,223.9074,0
0,223.9174,0
0,223.9276,0
0,223.9377,0
0,223.9478,0
0,223.9578,0
0,223.9679,0
0,223.978,0
0,223.9881,0
0,223.9982,0
0,224.0082,0
0,224.0183,0
0,224.0284,0
0,224.0385,0
0,224.0486,0
0,224.0586,0
0,224.0688,0
0,224.0788,0
0,224.0889,0
0,224.099,0
0,224.1091,0
0,224.1192,0
0,224.1313,1
0,224.1418,1
0,224.1566,0
0,224.1668,0
0,224.1769,0
0,224.1871,0
0,224.1973,0
0,224.2074,0
0,224.2198,0
0,224.2301,0
0,224.2405,0
0,224.2514,0
0,224.2615,0
0,224.2716,0
0,224.2846,0
0,224.2947,0
0,224.3048,0
0,224.3149,0
0,224.325,0
0,224.3351,0
0,224.3452,0
0,224.3552,0
0,224.3653,0
0,224.3754,0
0,224.3855,0
0,224.3956,0
0,224.4056,0
0,224.4157,0
0,224.4258,0
0,224.4359,0
0,224.446,0
0,224.456,0
0,224.4661,0
0,224.4762,0
0,224.4863,0
0,224.4964,0
0,224.5064,0
0,224.5166,0
0,224.5266,0
0,224.5367,0
0,224.5468,0
0,224.5569,0
0,224.567,0
0,224.5771,0
0,224.5871,0
0,224.5972,0
0,224.6073,0
0,224.6174,0
0,224.6276,1
0,224.6376,1
0,224.6478,1
0,224.6591,0
0,224.6698,0
0,224.6799,0
0,224.69,0
0,224.7001,0
0,224.7102,0
0,224.7204,0
0,224.7305,0
0,224.7406,0
0,224.7507,0
0,224.7608,0
0,224.7709,0
0,224.781,0
0,224.7911,0
0,224.8012,0
0,224.8112,0
0,224.8213,0
0,224.8314,0
0,224.8415,0
0,224.8516,0
0,224.8617,0
0,224.8718,0
0,224.8818,0
0,224.8919,0
0,224.902,0
0,224.9121,0
0,224.9222,0
0,224.9322,0
0,224.9423,0
0,224.9525,0
0,224.9625,0
0,224.9726,0
0,224.9827,0
0,224.9928,0
0,225.0028,0
0,225.0129,0
0,225.023,0
0,225.0331,0
0,225.0432,0
0,225.0533,0
0,225.0633,0
0,225.0734,0
0,225.0835,0
0,225.0936,0
0,225.1037,0
0,225.1138,0
0,225.1239,0
0,225.1357,1
0,225.1523,1
0,225.1624,0
0,225.1725,0
0,225.1826,0
0,225.1927,0
0,225.2029,0
0,225.2131,0
0,225.2232,0
0,225.2333,0
0,225.2434,0
0,225.2535,0
0,225.2636,0
0,225.2741,0
0,225.2842,0
0,225.2943,0
0,225.3044,0
0,225.3145,0
0,225.3246,0
0,225.3349,0
0,225.3451,0
0,225.3552,0
0,225.3653,0
0,225.3754,0
0,225.3855,0
0,225.3956,0
0,225.4057,0
0,225.4157,0
0,225.4258,0
0,225.4359,0
0,225.446,0
0,225.4561,0
0,225.4662,0
0,225.4763,0
0,225.4864,0
0,225.4965,0
0,225.5066,0
0,225.5167,0
0,225.5268,0
0,225.5369,0
0,225.547,0
0,225.5571,0
0,225.5672,0
0,225.5773,0
0,225.5874,0
0,225.5975,0
0,225.6076,0
0,225.6176,0
0,225.6277,0
0,225.6378,1
0,225.6491,1
0,225.6599,1
0,225.67,1
0,225.6801,1
0,225.6959,0
0,225.706,0
0,225.7161,0
0,225.7262,0
0,225.7363,0
0,225.7465,0
0,225.7566,0
0,225.7667,0
0,225.7768,0
0,225.7869,0
0,225.797,0
0,225.8071,0
0,225.8172,0
0,225.8273,0
0,225.8373,0
0,225.8474,0
0,225.8575,0
0,225.8676,0
0,225.8777,0
0,225.8878,0
0,225.8978,0
0,225.9079,0
0,225.918,0
0,225.9281,0
0,225.9382,0
0,225.9482,0
0,225.9583,0
0,225.9685,0
0,225.9786,0
0,225.9886,0
0,225.9987,0
0,226.0088,0
0,226.0189,0
0,226.029,0
0,226.0391,0
0,226.0491,0
0,226.0592,0
0,226.0693,0
0,226.0794,0
0,226.0895,0
0,226.0996,0
0,226.1097,0
0,226.1197,0
0,226.1298,0
0,226.1399,1
0,226.1551,1
0,226.1652,1
0,226.1753,1
0,226.1896,0
0,226.1997,0
0,226.2098,0
0,226.2201,0
0,226.2302,0
0,226.2404,0
0,226.2506,0
0,226.2607,0
0,226.2708,0
0,226.2809,0
0,226.291,0
0,226.301,0
0,226.3114,0
0,226.3215,0
0,226.3315,0
0,226.3422,0
0,226.3523,0
0,226.3624,0
0,226.3724,0
0,226.3825,0
0,226.3926,0
0,226.4026,0
0,226.4127,0
0,226.4228,0
0,226.4329,0
0,226.443,0
0,226.4531,0
0,226.4631,0
0,226.4732,0
0,226.4833,0
0,226.4934,0
0,226.5035,0
0,226.5135,0
0,226.5236,0
0,226.5337,0
0,226.5438,0
0,226.5539,0
0,226.5639,0
0,226.574,0
0,226.5841,0
0,226.5942,0
0,226.6043,0
0,226.6144,0
0,226.6244,0
0,226.6345,0
0,226.6458,1
0,226.6559,1
0,226.6674,1
0,226.6775,0
0,226.6886,0
0,226.6987,0
0,226.7088,0
0,226.719,0
0,226.7291,0
0,226.7394,0
0,226.7519,0
0,226.762,0
0,226.7721,0
0,226.7822,0
0,226.7923,0
0,226.8024,0
0,226.8125,0
0,226.8226,0
0,226.8327,0
0,226.8427,0
0,226.8528,0
0,226.8629,0
0,226.873,0
0,226.8831,0
0,226.8932,0
0,226.9033,0
0,226.9134,0
0,226.9234,0
0,226.9335,0
0,226.9436,0
0,226.9537,0
0,226.9638,0
0,226.9739,0
0,226.9842,0
0,226.9942,0
0,227.0043,0
0,227.0144,0
0,227.0245,0
0,227.0346,0
0,227.0447,0
0,227.0547,0
0,227.0648,0
0,227.0749,0
0,227.085,0
0,227.0951,0
0,227.1052,0
0,227.1153,0
0,227.1253,0
0,227.1354,0
0,227.149,1
0,227.1595,1
0,227.1696,1
0,227.1797,0
0,227.1898,0
0,227.1999,0
0,227.21,0
0,227.2201,0
0,227.231,0
0,227.2411,0
0,227.2512,0
0,227.2614,0
0,227.2715,0
0,227.2816,0
0,227.2916,0
0,227.3017,0
0,227.3118,0
0,227.3219,0
0,227.332,0
0,227.3421,0
0,227.3522,0
0,227.3622,0
0,227.3723,0
0,227.3824,0
0,227.3925,0
0,227.4026,0
0,227.4126,0
0,227.4227,0
0,227.4328,0
0,227.4429,0
0,227.453,0
0,227.463,0
0,227.4731,0
0,227.4832,0
0,227.4933,0
0,227.5034,0
0,227.5135,0
0,227.5236,0
0,227.5336,0
0,227.5437,0
0,227.5538,0
0,227.5639,0
0,227.574,0
0,227.5841,0
0,227.5941,0
0,227.6043,0
0,227.6143,0
0,227.6244,0
0,227.6345,0
0,227.6446,0
0,227.6547,1
0,227.6686,1
0,227.6787,1
0,227.6892,1
0,227.7041,1
0,227.7197,0
0,227.7299,0
0,227.74,0
0,227.7501,0
0,227.7602,0
0,227.7703,0
0,227.7803,0
0,227.7904,0
0,227.8005,0
0,227.8106,0
0,227.8207,0
0,227.8308,0
0,227.8408,0
0,227.8509,0
0,227.861,0
0,227.8711,0
0,227.8812,0
0,227.8913,0
0,227.9014,0
0,227.9114,0
0,227.9215,0
0,227.9316,0
0,227.9417,0
0,227.9517,0
0,227.9618,0
0,227.9719,0
0,227.982,0
0,227.9924,0
0,228.0029,0
0,228.013,0
0,228.023,0
0,228.0331,0
0,228.0432,0
0,228.0533,0
0,228.0634,0
0,228.0734,0
0,228.0835,0
0,228.0936,0
0,228.1037,0
0,228.1144,0
0,228.1245,0
0,228.1346,0
0,228.1446,0
0,228.1548,1
0,228.1653,1
0,228.1756,1
0,228.1895,0
0,228.1996,0
0,228.2097,0
0,228.2198,0
0,228.23,0
0,228.2405,0
0,228.2508,0
0,228.2627,0
0,228.2728,0
0,228.2829,0
0,228.293,0
0,228.303,0
0,228.3131,0
0,228.3232,0
0,228.3333,0
0,228.3434,0
0,228.3535,0
0,228.3635,0
0,228.3736,0
0,228.3837,0
0,228.3938,0
0,228.4038,0
0,228.4139,0
0,228.424,0
0,228.4341,0
0,228.4442,0
0,228.4543,0
0,228.4643,0
0,228.4744,0
0,228.4845,0
0,228.4946,0
0,228.5047,0
0,228.5147,0
0,228.5248,0
0,228.5349,0
0,228.545,0
0,228.5551,0
0,228.5651,0
0,228.5752,0
0,228.5853,0
0,228.5954,0
0,228.6055,0
0,228.6156,0
0,228.6257,0
0,228.6357,0
0,228.6458,0
0,228.6559,1
0,228.6685,1
0,228.6786,1
0,228.6895,0
0,228.7005,0
0,228.7115,0
0,228.7216,0
0,228.7317,0
0,228.7418,0
0,228.752,0
0,228.7621,0
0,228.7722,0
0,228.7824,0
0,228.7925,0
0,228.8026,0
0,228.8127,0
0,228.8228,0
0,228.8329,0
0,228.8429,0
0,228.853,0
0,228.8631,0
0,228.8732,0
0,228.8833,0
0,228.8933,0
0,228.9034,0
0,228.9135,0
0,228.9236,0
0,228.9337,0
0,228.9437,0
0,228.9538,0
0,228.9639,0
0,228.974,0
0,228.9841,0
0,228.9942,0
0,229.0042,0
0,229.0144,0
0,229.0246,0
0,229.0346,0
0,229.0447,0
0,229.0548,0
0,229.0649,0
0,229.075,0
0,229.085,0
0,229.0951,0
0,229.1052,0
0,229.1153,0
0,229.1254,0
0,229.1355,0
0,229.1456,0
0,229.1566,1
0,229.1667,1
0,229.1772,1
0,229.1881,0
0,229.1981,0
0,229.2082,0
0,229.2183,0
0,229.2284,0
0,229.2386,0
0,229.2487,0
0,229.2608,0
0,229.2709,0
0,229.281,0
0,229.2911,0
0,229.3017,0
0,229.3119,0
0,229.322,0
0,229.3322,0
0,229.3422,0
0,229.3523,0
0,229.3624,0
0,229.3725,0
0,229.3826,0
0,229.3927,0
0,229.4027,0
0,229.4128,0
0,229.4229,0
0,229.433,0
0,229.4431,0
0,229.4531,0
0,229.4632,0
0,229.4733,0
0,229.4834,0
0,229.4935,0
0,229.5036,0
0,229.5136,0
0,229.5237,0
0,229.5338,0
0,229.5439,0
0,229.554,0
0,229.5641,0
0,229.5741,0
0,229.5842,0
0,229.5943,0
0,229.6044,0
0,229.6145,0
0,229.6246,0
0,229.6347,0
0,229.6448,0
0,229.6549,1
0,229.6656,1
0,229.6787,1
0,229.6888,0
0,229.6989,0
0,229.709,0
0,229.7191,0
0,229.7292,0
0,229.7394,0
0,229.7499,0
0,229.76,0
0,229.7702,0
0,229.7803,0
0,229.7905,0
0,229.8006,0
0,229.8107,0
0,229.8207,0
0,229.8308,0
0,229.8409,0
0,229.851,0
0,229.8611,0
0,229.8711,0
0,229.8812,0
0,229.8913,0
0,229.9021,0
0,229.9125,0
0,229.9226,0
0,229.9326,0
0,229.9427,0
0,229.9528,0
0,229.9629,0
0,229.973,0
0,229.9831,0
0,229.9931,0
0,230.0032,0
0,230.0133,0
0,230.0234,0
0,230.0336,0
0,230.0437,0
0,230.0538,0
0,230.0639,0
0,230.0739,0
0,230.084,0
0,230.0941,0
0,230.1042,0
0,230.1143,0
0,230.1246,0
0,230.1347,0
0,230.1448,0
0,230.1549,0
0,230.1653,1
0,230.1783,1
0,230.1885,1
0,230.1993,0
0,230.2094,0
0,230.2195,0
0,230.2296,0
0,230.2397,0
0,230.2499,0
0,230.26,0
0,230.2701,0
0,230.2802,0
0,230.2903,0
0,230.3004,0
0,230.3105,0
0,230.3205,0
0,230.3306,0
0,230.3407,0
0,230.3508,0
0,230.3609,0
0,230.371,0
0,230.3811,0
0,230.3912,0
0,230.4013,0
0,230.4113,0
0,230.4214,0
0,230.4315,0
0,230.4416,0
0,230.4517,0
0,230.4618,0
0,230.4718,0
0,230.4819,0
0,230.492,0
0,230.5021,0
0,230.5122,0
0,230.5223,0
0,230.5323,0
0,230.5424,0
0,230.5525,0
0,230.5626,0
0,230.5727,0
0,230.5828,0
0,230.5928,0
0,230.6029,0
0,230.613,0
0,230.6231,0
0,230.6332,0
0,230.6433,0
0,230.6533,0
0,230.6635,1
0,230.6754,1
0,230.6856,1
0,230.7014,0
0,230.7151,0
0,230.7282,0
0,230.7387,0
0,230.7488,0
0,230.7589,0
0,230.769,0
0,230.7791,0
0,230.7893,0
0,230.7995,0
0,230.8096,0
0,230.8198,0
0,230.8298,0
0,230.8399,0
0,230.85,0
0,230.8601,0
0,230.8702,0
0,230.8803,0
0,230.8904,0
0,230.9004,0
0,230.9105,0
0,230.9206,0
0,230.9307,0
0,230.9408,0
0,230.9509,0
0,230.9609,0
0,230.971,0
0,230.9811,0
0,230.9912,0
0,231.0013,0
0,231.0113,0
0,231.0214,0
0,231.0315,0
0,231.0416,0
0,231.0517,0
0,231.0618,0
0,231.0719,0
0,231.082,0
0,231.0921,0
0,231.1022,0
0,231.1123,0
0,231.1224,0
0,231.1325,0
0,231.1425,0
0,231.1526,0
0,231.1634,0
0,231.1735,1
0,231.1845,1
0,231.1946,1
0,231.2048,0
0,231.2149,0
0,231.225,0
0,231.2351,0
0,231.2452,0
0,231.2566,0
0,231.267,0
0,231.2771,0
0,231.2885,0
0,231.2986,0
0,231.3089,0
0,231.319,0
0,231.3291,0
0,231.3392,0
0,231.3493,0
0,231.3594,0
0,231.3694,0
0,231.3795,0
0,231.3896,0
0,231.3997,0
0,231.4098,0
0,231.4199,0
0,231.4299,0
0,231.44,0
0,231.4501,0
0,231.4602,0
0,231.4703,0
0,231.4804,0
0,231.4904,0
0,231.5005,0
0,231.5106,0
0,231.5207,0
0,231.5308,0
0,231.5408,0
0,231.5509,0
0,231.561,0
0,231.5711,0
0,231.5812,0
0,231.5913,0
0,231.6013,0
0,231.6114,0
0,231.6215,0
0,231.6316,0
0,231.6417,0
0,231.6518,0
0,231.6619,0
0,231.672,1
0,231.6821,1
0,231.6922,1
0,231.7039,0
0,231.7146,0
0,231.7247,0
0,231.7348,0
0,231.7449,0
0,231.7551,0
0,231.7687,0
0,231.7794,0
0,231.7911,0
0,231.8012,0
0,231.8113,0
0,231.8214,0
0,231.8314,0
0,231.8415,0
0,231.8516,0
0,231.8617,0
0,231.8718,0
0,231.8818,0
0,231.8919,0
0,231.902,0
0,231.9121,0
0,231.9222,0
0,231.9323,0
0,231.9423,0
0,231.9524,0
0,231.9625,0
0,231.9726,0
0,231.9827,0
0,231.9927,0
0,232.0028,0
0,232.0129,0
0,232.023,0
0,232.0331,0
0,232.0431,0
0,232.0532,0
0,232.0633,0
0,232.0734,0
0,232.0835,0
0,232.0936,0
0,232.1037,0
0,232.1138,0
0,232.1238,0
0,232.1339,0
0,232.144,0
0,232.1541,0
0,232.1642,0
0,232.1743,1
0,232.1844,1
0,232.1945,1
0,232.2046,1
0,232.2154,0
0,232.2256,0
0,232.2357,0
0,232.2467,0
0,232.2569,0
0,232.267,0
0,232.2771,0
0,232.2872,0
0,232.2973,0
0,232.3074,0
0,232.3175,0
0,232.3275,0
0,232.3376,0
0,232.3477,0
0,232.3578,0
0,232.3679,0
0,232.3779,0
0,232.388,0
0,232.3981,0
0,232.4082,0
0,232.4183,0
0,232.4284,0
0,232.4384,0
0,232.4485,0
0,232.4586,0
0,232.4687,0
0,232.4788,0
0,232.4889,0
0,232.4989,0
0,232.509,0
0,232.5191,0
0,232.5292,0
0,232.5393,0
0,232.5494,0
0,232.5594,0
0,232.5695,0
0,232.5796,0
0,232.5897,0
0,232.5998,0
0,232.6098,0
0,232.6199,0
0,232.63,0
0,232.6401,0
0,232.6502,0
0,232.6603,0
0,232.6703,0
0,232.6804,1
0,232.6926,1
0,232.7041,0
0,232.7142,0
0,232.7243,0
0,232.7344,0
0,232.7445,0
0,232.7547,0
0,232.7648,0
0,232.7749,0
0,232.7854,0
0,232.7955,0
0,232.8056,0
0,232.8157,0
0,232.8258,0
0,232.8359,0
0,232.8459,0
0,232.856,0
0,232.8661,0
0,232.8762,0
0,232.8863,0
0,232.8963,0
0,232.9064,0
0,232.9166,0
0,232.9266,0
0,232.9367,0
0,232.9468,0
0,232.9569,0
0,232.9669,0
0,232.977,0
0,232.9871,0
0,232.9972,0
0,233.0073,0
0,233.0173,0
0,233.0274,0
0,233.0375,0
0,233.0476,0
0,233.0577,0
0,233.0678,0
0,233.0779,0
0,233.088,0
0,233.0981,0
0,233.1082,0
0,233.1183,0
0,233.1283,0
0,233.1384,0
0,233.1485,0
0,233.1586,0
0,233.1687,0
0,233.1806,1
0,233.1908,1
0,233.201,1
0,233.214,1
0,233.2257,0
0,233.2393,0
0,233.2494,0
0,233.2596,0
0,233.2698,0
0,233.2799,0
0,233.29,0
0,233.3001,0
0,233.3102,0
0,233.3204,0
0,233.3305,0
0,233.341,0
0,233.351,0
0,233.3611,0
0,233.3712,0
0,233.3813,0
0,233.3914,0
0,233.4014,0
0,233.4115,0
0,233.4216,0
0,233.4317,0
0,233.4418,0
0,233.4519,0
0,233.462,0
0,233.472,0
0,233.4821,0
0,233.4922,0
0,233.5023,0
0,233.5124,0
0,233.5225,0
0,233.5326,0
0,233.5426,0
0,233.5527,0
0,233.5628,0
0,233.5729,0
0,233.5829,0
0,233.593,0
0,233.6031,0
0,233.6132,0
0,233.6233,0
0,233.6334,0
0,233.6434,0
0,233.6535,0
0,233.6636,0
0,233.6737,0
0,233.6847,1
0,233.6959,1
0,233.7075,1
0,233.7183,0
0,233.7298,0
0,233.7406,0
0,233.7507,0
0,233.7608,0
0,233.7709,0
0,233.7811,0
0,233.7912,0
0,233.8013,0
0,233.8114,0
0,233.8214,0
0,233.8315,0
0,233.8416,0
0,233.8517,0
0,233.8618,0
0,233.8718,0
0,233.8819,0
0,233.892,0
0,233.9021,0
0,233.9122,0
0,233.9222,0
0,233.9323,0
0,233.9424,0
0,233.9525,0
0,233.9626,0
0,233.9726,0
0,233.9827,0
0,233.9928,0
0,234.0029,0
0,234.013,0
0,234.023,0
0,234.0331,0
0,234.0432,0
0,234.0533,0
0,234.0634,0
0,234.0734,0
0,234.0835,0
0,234.0936,0
0,234.1044,0
0,234.1144,0
0,234.1246,0
0,234.1347,0
0,234.1447,0
0,234.1548,0
0,234.1649,0
0,234.175,0
0,234.1871,1
0,234.1973,1
0,234.2092,0
0,234.2193,0
0,234.2294,0
0,234.2395,0
0,234.2496,0
0,234.2598,0
0,234.27,0
0,234.2801,0
0,234.2902,0
0,234.3004,0
0,234.3105,0
0,234.3215,0
0,234.3317,0
0,234.3418,0
0,234.3519,0
0,234.362,0
0,234.3721,0
0,234.3821,0
0,234.3922,0
0,234.4023,0
0,234.4124,0
0,234.4225,0
0,234.4326,0
0,234.4427,0
0,234.4527,0
0,234.4628,0
0,234.4729,0
0,234.483,0
0,234.4931,0
0,234.5032,0
0,234.5133,0
0,234.5233,0
0,234.5334,0
0,234.5435,0
0,234.5536,0
0,234.5637,0
0,234.5738,0
0,234.5838,0
0,234.5939,0
0,234.604,0
0,234.6141,0
0,234.6242,0
0,234.6343,0
0,234.6443,0
0,234.6544,0
0,234.6646,0
0,234.6746,0
0,234.6847,1
0,234.695,1
0,234.7051,1
0,234.7152,1
0,234.7253,0
0,234.7354,0
0,234.7455,0
0,234.7556,0
0,234.7673,0
0,234.7776,0
0,234.7878,0
0,234.7979,0
0,234.808,0
0,234.8181,0
0,234.8281,0
0,234.8382,0
0,234.8483,0
0,234.8584,0
0,234.8685,0
0,234.8785,0
0,234.8886,0
0,234.8987,0
0,234.9088,0
0,234.9189,0
0,234.929,0
0,234.9391,0
0,234.9491,0
0,234.9592,0
0,234.9693,0
0,234.9794,0
0,234.9896,0
0,234.9996,0
0,235.0097,0
0,235.0198,0
0,235.0299,0
0,235.04,0
0,235.0501,0
0,235.0601,0
0,235.0702,0
0,235.0803,0
0,235.0904,0
0,235.1004,0
0,235.1106,0
0,235.1207,0
0,235.1307,0
0,235.1408,0
0,235.1509,0
0,235.161,0
0,235.1711,0
0,235.1812,0
0,235.1915,1
0,235.2015,1
0,235.2129,1
0,235.2253,0
0,235.2355,0
0,235.2456,0
0,235.2557,0
0,235.2669,0
0,235.2799,0
0,235.29,0
0,235.3002,0
0,235.3113,0
0,235.3214,0
0,235.3315,0
0,235.3415,0
0,235.3516,0
0,235.3617,0
0,235.3718,0
0,235.3819,0
0,235.392,0
0,235.402,0
0,235.4121,0
0,235.4226,0
0,235.4326,0
0,235.4427,0
0,235.4528,0
0,235.4629,0
0,235.473,0
0,235.4831,0
0,235.4931,0
0,235.5032,0
0,235.5133,0
0,235.5234,0
0,235.5334,0
0,235.5435,0
0,235.5536,0
0,235.5637,0
0,235.5738,0
0,235.5838,0
0,235.5939,0
0,235.604,0
0,235.6141,0
0,235.6241,0
0,235.6342,0
0,235.6443,0
0,235.6544,0
0,235.6645,0
0,235.6746,0
0,235.6846,0
0,235.6966,1
0,235.7077,1
0,235.7192,0
0,235.7294,0
0,235.7401,0
0,235.7502,0
0,235.7603,0
0,235.7722,0
0,235.7824,0
0,235.7926,0
0,235.8029,0
0,235.8144,0
0,235.8245,0
0,235.8346,0
0,235.8447,0
0,235.8548,0
0,235.8649,0
0,235.875,0
0,235.8851,0
0,235.8952,0
0,235.9052,0
0,235.9153,0
0,235.9254,0
0,235.9355,0
0,235.9456,0
0,235.9557,0
0,235.9657,0
0,235.9758,0
0,235.9859,0
0,235.996,0
0,236.0061,0
0,236.0162,0
0,236.0262,0
0,236.0363,0
0,236.0464,0
0,236.0565,0
0,236.0666,0
0,236.0767,0
0,236.0867,0
0,236.0968,0
0,236.1069,0
0,236.117,0
0,236.1271,0
0,236.1372,0
0,236.1473,0
0,236.1574,0
0,236.1675,0
0,236.1785,0
0,236.1886,0
0,236.1987,1
0,236.2088,1
0,236.2189,1
0,236.2301,0
0,236.2402,0
0,236.2503,0
0,236.2603,0
0,236.2708,0
0,236.2815,0
0,236.2916,0
0,236.3017,0
0,236.3118,0
0,236.3219,0
0,236.332,0
0,236.3421,0
0,236.3522,0
0,236.3622,0
0,236.3723,0
0,236.3824,0
0,236.3925,0
0,236.4026,0
0,236.4126,0
0,236.4227,0
0,236.4328,0
0,236.4429,0
0,236.453,0
0,236.4631,0
0,236.4731,0
0,236.4832,0
0,236.4933,0
0,236.5034,0
0,236.5135,0
0,236.5236,0
0,236.5336,0
0,236.5437,0
0,236.5538,0
0,236.5639,0
0,236.574,0
0,236.584,0
0,236.5941,0
0,236.6042,0
0,236.6143,0
0,236.6244,0
0,236.6345,0
0,236.6446,0
0,236.6546,0
0,236.6647,0
0,236.6748,0
0,236.6849,0
0,236.695,1
0,236.7087,1
0,236.7188,1
0,236.7288,0
0,236.7393,0
0,236.7494,0
0,236.7595,0
0,236.7697,0
0,236.7798,0
0,236.7899,0
0,236.8001,0
0,236.8102,0
0,236.8203,0
0,236.8304,0
0,236.8405,0
0,236.8505,0
0,236.8606,0
0,236.8707,0
0,236.8808,0
0,236.8909,0
0,236.901,0
0,236.911,0
0,236.9211,0
0,236.9312,0
0,236.9413,0
0,236.9514,0
0,236.9614,0
0,236.9715,0
0,236.9816,0
0,236.9917,0
0,237.0018,0
0,237.0118,0
0,237.0219,0
0,237.032,0
0,237.0421,0
0,237.0522,0
0,237.0623,0
0,237.0723,0
0,237.0824,0
0,237.0925,0
0,237.1026,0
0,237.1127,0
0,237.1228,0
0,237.1329,0
0,237.143,0
0,237.1532,0
0,237.1632,0
0,237.1733,0
0,237.1834,0
0,237.1935,0
0,237.2036,1
0,237.2137,1
0,237.2239,1
0,237.2362,0
0,237.2463,0
0,237.2564,0
0,237.2665,0
0,237.2776,0
0,237.2877,0
0,237.2978,0
0,237.308,0
0,237.3181,0
0,237.3282,0
0,237.3386,0
0,237.3487,0
0,237.3587,0
0,237.3688,0
0,237.3789,0
0,237.389,0
0,237.3991,0
0,237.4091,0
0,237.4192,0
0,237.4293,0
0,237.4394,0
0,237.4495,0
0,237.4596,0
0,237.4697,0
0,237.4797,0
0,237.4898,0
0,237.4999,0
0,237.51,0
0,237.5201,0
0,237.5301,0
0,237.5402,0
0,237.5503,0
0,237.5604,0
0,237.5705,0
0,237.5805,0
0,237.5906,0
0,237.6007,0
0,237.6108,0
0,237.6209,0
0,237.6309,0
0,237.641,0
0,237.6511,0
0,237.6612,0
0,237.6713,0
0,237.6814,0
0,237.6914,0
0,237.7038,1
0,237.7159,1
0,237.726,1
0,237.736,1
0,237.7471,0
0,237.7572,0
0,237.7672,0
0,237.7774,0
0,237.7876,0
0,237.7977,0
0,237.8079,0
0,237.818,0
0,237.8282,0
0,237.8383,0
0,237.8484,0
0,237.8585,0
0,237.8685,0
0,237.8786,0
0,237.8887,0
0,237.8988,0
0,237.9088,0
0,237.9189,0
0,237.929,0
0,237.9391,0
0,237.9492,0
0,237.9592,0
0,237.9693,0
0,237.9794,0
0,237.9895,0
0,237.9996,0
0,238.0096,0
0,238.0197,0
0,238.0298,0
0,238.0399,0
0,238.05,0
0,238.06,0
0,238.0701,0
0,238.0802,0
0,238.0903,0
0,238.1004,0
0,238.1105,0
0,238.1205,0
0,238.1306,0
0,238.1407,0
0,238.1508,0
0,238.1609,0
0,238.171,0
0,238.1811,0
0,238.1912,0
0,238.2013,0
0,238.2114,1
0,238.2219,1
0,238.2337,1
0,238.2476,0
0,238.2577,0
0,238.2678,0
0,238.2779,0
0,238.2886,0
0,238.2993,0
0,238.3094,0
0,238.3195,0
0,238.3296,0
0,238.3397,0
0,238.3498,0
0,238.3599,0
0,238.37,0
0,238.3801,0
0,238.3901,0
0,238.4002,0
0,238.4103,0
0,238.4204,0
0,238.4305,0
0,238.4406,0
0,238.4506,0
0,238.4607,0
0,238.4708,0
0,238.4809,0
0,238.491,0
0,238.5011,0
0,238.5111,0
0,238.5212,0
0,238.5313,0
0,238.5414,0
0,238.5515,0
0,238.5616,0
0,238.5716,0
0,238.5817,0
0,238.5918,0
0,238.6019,0
0,238.6119,0
0,238.622,0
0,238.6321,0
0,238.6422,0
0,238.6523,0
0,238.6624,0
0,238.6724,0
0,238.6825,0
0,238.6926,0
0,238.7027,0
0,238.7132,1
0,238.7238,1
0,238.734,1
0,238.7441,1
0,238.7575,0
0,238.7676,0
0,238.7777,0
0,238.7878,0
0,238.7981,0
0,238.8082,0
0,238.8183,0
0,238.8284,0
0,238.8385,0
0,238.8486,0
0,238.8587,0
0,238.8688,0
0,238.8789,0
0,238.889,0
0,238.899,0
0,238.9091,0
0,238.9192,0
0,238.9293,0
0,238.9394,0
0,238.9494,0
0,238.9595,0
0,238.9696,0
0,238.9797,0
0,238.9898,0
0,238.9999,0
0,239.01,0
0,239.02,0
0,239.0301,0
0,239.0402,0
0,239.0503,0
0,239.0604,0
0,239.0705,0
0,239.0805,0
0,239.0906,0
0,239.1007,0
0,239.1108,0
0,239.1209,0
0,239.131,0
0,239.141,0
0,239.1511,0
0,239.1612,0
0,239.1713,0
0,239.1829,0
0,239.193,0
0,239.2031,0
0,239.2132,1
0,239.2233,1
0,239.234,1
0,239.2441,1
0,239.2553,0
0,239.2654,0
0,239.2755,0
0,239.2856,0
0,239.2986,0
0,239.3089,0
0,239.3203,0
0,239.3305,0
0,239.344,0
0,239.3559,0
0,239.3676,0
0,239.3777,0
0,239.3879,0
0,239.3991,0
0,239.4092,0
0,239.4229,0
0,239.433,0
0,239.4432,0
0,239.4533,0
0,239.4634,0
0,239.4741,0
0,239.4843,0
0,239.4946,0
0,239.5054,0
0,239.5157,0
0,239.5258,0
0,239.5367,0
0,239.5471,0
0,239.5572,0
0,239.5734,0
0,239.5836,0
0,239.5938,0
0,239.6039,0
0,239.6142,0
0,239.6279,0
0,239.6398,0
0,239.6499,0
0,239.66,0
0,239.6701,0
0,239.6801,0
0,239.6902,0
0,239.7003,0
0,239.7104,0
0,239.7239,1
0,239.734,1
0,239.7441,1
0,239.7543,0
0,239.7647,0
0,239.7747,0
0,239.7849,0
0,239.795,0
0,239.8051,0
0,239.8153,0
0,239.8255,0
0,239.8356,0
0,239.8457,0
0,239.8558,0
0,239.8659,0
0,239.876,0
0,239.886,0
0,239.8961,0
0,239.9062,0
0,239.9163,0
0,239.9264,0
0,239.9365,0
0,239.9465,0
0,239.9566,0
0,239.9667,0
0,239.9768,0
0,239.9869,0
0,239.997,0
0,240.007,0
0,240.0171,0
0,240.0272,0
0,240.0373,0
0,240.0473,0
0,240.0574,0
0,240.0675,0
0,240.0776,0
0,240.0877,0
0,240.0977,0
0,240.1078,0
0,240.1179,0
0,240.128,0
0,240.1381,0
0,240.1482,0
0,240.1583,0
0,240.1684,0
0,240.1784,0
0,240.1885,0
0,240.1987,0
0,240.2087,0
0,240.2189,1
0,240.229,1
0,240.2392,1
0,240.2495,1
0,240.2596,0
0,240.2697,0
0,240.2798,0
0,240.2899,0
0,240.3,0
0,240.3101,0
0,240.3206,0
0,240.3307,0
0,240.3409,0
0,240.351,0
0,240.3611,0
0,240.3713,0
0,240.3814,0
0,240.3915,0
0,240.4015,0
0,240.4116,0
0,240.4218,0
0,240.4318,0
0,240.4419,0
0,240.452,0
0,240.4621,0
0,240.4722,0
0,240.4822,0
0,240.4923,0
0,240.5024,0
0,240.5125,0
0,240.5226,0
0,240.5326,0
0,240.5427,0
0,240.5528,0
0,240.5629,0
0,240.573,0
0,240.583,0
0,240.5931,0
0,240.6032,0
0,240.6133,0
0,240.6234,0
0,240.6334,0
0,240.6435,0
0,240.6536,0
0,240.6637,0
0,240.6738,0
0,240.6838,0
0,240.6939,0
0,240.704,0
0,240.7141,0
0,240.7242,1
0,240.7343,1
0,240.7445,1
0,240.7577,0
0,240.7678,0
0,240.7779,0
0,240.7881,0
0,240.7982,0
0,240.8083,0
0,240.8187,0
0,240.8288,0
0,240.8395,0
0,240.8496,0
0,240.8597,0
0,240.8699,0
0,240.88,0
0,240.89,0
0,240.9003,0
0,240.9104,0
0,240.9205,0
0,240.9306,0
0,240.9407,0
0,240.9508,0
0,240.9609,0
0,240.971,0
0,240.981,0
0,240.9911,0
0,241.0012,0
0,241.0113,0
0,241.0214,0
0,241.0315,0
0,241.0416,0
0,241.0517,0
0,241.0618,0
0,241.0719,0
0,241.082,0
0,241.0921,0
0,241.1022,0
0,241.1123,0
0,241.1224,0
0,241.1324,0
0,241.1425,0
0,241.1527,0
0,241.1628,0
0,241.1729,0
0,241.183,0
0,241.1931,0
0,241.2031,0
0,241.2133,0
0,241.2247,1
0,241.2372,1
0,241.2501,1
0,241.2607,1
0,241.2716,0
0,241.2817,0
0,241.2922,0
0,241.303,0
0,241.3135,0
0,241.3236,0
0,241.3339,0
0,241.344,0
0,241.3542,0
0,241.3643,0
0,241.3744,0
0,241.3844,0
0,241.3945,0
0,241.4046,0
0,241.4147,0
0,241.4247,0
0,241.4348,0
0,241.4449,0
0,241.455,0
0,241.4651,0
0,241.4752,0
0,241.4853,0
0,241.4954,0
0,241.5054,0
0,241.5155,0
0,241.5256,0
0,241.5357,0
0,241.5458,0
0,241.5559,0
0,241.566,0
0,241.576,0
0,241.5861,0
0,241.5962,0
0,241.6063,0
0,241.6164,0
0,241.6264,0
0,241.6365,0
0,241.6466,0
0,241.6567,0
0,241.6668,0
0,241.6768,0
0,241.6869,0
0,241.697,0
0,241.7071,0
0,241.7172,0
0,241.7273,1
0,241.7397,1
0,241.7498,1
0,241.7599,0
0,241.77,0
0,241.7801,0
0,241.7902,0
0,241.8004,0
0,241.8107,0
0,241.8208,0
0,241.8309,0
0,241.841,0
0,241.8511,0
0,241.8612,0
0,241.8713,0
0,241.8814,0
0,241.8914,0
0,241.9015,0
0,241.9117,0
0,241.9218,0
0,241.9319,0
0,241.942,0
0,241.9521,0
0,241.9622,0
0,241.9722,0
0,241.9823,0
0,241.9924,0
0,242.0025,0
0,242.0126,0
0,242.0227,0
0,242.0327,0
0,242.0428,0
0,242.0529,0
0,242.063,0
0,242.0731,0
0,242.0832,0
0,242.0932,0
0,242.1033,0
0,242.1134,0
0,242.1235,0
0,242.1336,0
0,242.1436,0
0,242.1537,0
0,242.1638,0
0,242.1739,0
0,242.184,0
0,242.1941,0
0,242.2041,0
0,242.2142,0
0,242.2251,0
0,242.2352,1
0,242.2453,1
0,242.2554,1
0,242.2728,0
0,242.2829,0
0,242.293,0
0,242.3044,0
0,242.3146,0
0,242.3248,0
0,242.3349,0
0,242.345,0
0,242.3553,0
0,242.3654,0
0,242.3754,0
0,242.3855,0
0,242.3956,0
0,242.4057,0
0,242.4158,0
0,242.4258,0
0,242.4359,0
0,242.446,0
0,242.4561,0
0,242.4661,0
0,242.4762,0
0,242.4863,0
0,242.4964,0
0,242.5065,0
0,242.5166,0
0,242.5267,0
0,242.5368,0
0,242.5468,0
0,242.5569,0
0,242.567,0
0,242.5771,0
0,242.5872,0
0,242.5972,0
0,242.6073,0
0,242.6174,0
0,242.6275,0
0,242.6376,0
0,242.6476,0
0,242.6577,0
0,242.6678,0
0,242.6779,0
0,242.6879,0
0,242.698,0
0,242.7081,0
0,242.7182,0
0,242.7287,0
0,242.7396,1
0,242.7496,1
0,242.7597,1
0,242.7712,0
0,242.7813,0
0,242.7914,0
0,242.8015,0
0,242.8118,0
0,242.8221,0
0,242.8322,0
0,242.8426,0
0,242.8527,0
0,242.8628,0
0,242.8729,0
0,242.883,0
0,242.8931,0
0,242.9032,0
0,242.9132,0
0,242.9233,0
0,242.9334,0
0,242.9435,0
0,242.9535,0
0,242.9636,0
0,242.9737,0
0,242.9838,0
0,242.9939,0
0,243.0039,0
0,243.014,0
0,243.0241,0
0,243.0342,0
0,243.0442,0
0,243.0543,0
0,243.0644,0
0,243.0745,0
0,243.0846,0
0,243.0946,0
0,243.1047,0
0,243.1148,0
0,243.1249,0
0,243.135,0
0,243.1451,0
0,243.1551,0
0,243.1652,0
0,243.1753,0
0,243.1854,0
0,243.1955,0
0,243.2056,0
0,243.2157,0
0,243.2258,0
0,243.2366,1
0,243.2468,1
0,243.2574,1
0,243.2708,0
0,243.2809,0
0,243.2919,0
0,243.3021,0
0,243.3122,0
0,243.3224,0
0,243.3325,0
0,243.3427,0
0,243.3528,0
0,243.3629,0
0,243.373,0
0,243.3831,0
0,243.3932,0
0,243.4033,0
0,243.4134,0
0,243.4234,0
0,243.4335,0
0,243.4436,0
0,243.4537,0
0,243.4638,0
0,243.4738,0
0,243.4839,0
0,243.494,0
0,243.5041,0
0,243.5142,0
0,243.5243,0
0,243.5344,0
0,243.5444,0
0,243.5545,0
0,243.5646,0
0,243.5747,0
0,243.5848,0
0,243.5948,0
0,243.6049,0
0,243.615,0
0,243.6251,0
0,243.6352,0
0,243.6453,0
0,243.6553,0
0,243.6654,0
0,243.6755,0
0,243.6856,0
0,243.6957,0
0,243.7058,0
0,243.7158,0
0,243.7259,0
0,243.7366,1
0,243.7467,1
0,243.7568,1
0,243.771,0
0,243.7812,0
0,243.7913,0
0,243.8014,0
0,243.8115,0
0,243.8217,0
0,243.8318,0
0,243.842,0
0,243.8521,0
0,243.8622,0
0,243.8723,0
0,243.8824,0
0,243.8925,0
0,243.9026,0
0,243.9127,0
0,243.9228,0
0,243.9328,0
0,243.9429,0
0,243.953,0
0,243.9631,0
0,243.9732,0
0,243.9833,0
0,243.9933,0
0,244.0034,0
0,244.0135,0
0,244.0236,0
0,244.0337,0
0,244.0438,0
0,244.0538,0
0,244.0639,0
0,244.074,0
0,244.0841,0
0,244.0942,0
0,244.1042,0
0,244.1143,0
0,244.1244,0
0,244.1345,0
0,244.1446,0
0,244.1546,0
0,244.1647,0
0,244.1748,0
0,244.185,0
0,244.1951,0
0,244.2052,0
0,244.2153,0
0,244.2254,0
0,244.2354,0
0,244.2481,1
0,244.2588,1
0,244.269,1
0,244.2795,0
0,244.2896,0
0,244.2997,0
0,244.3099,0
0,244.3201,0
0,244.3302,0
0,244.3406,0
0,244.3507,0
0,244.3622,0
0,244.3725,0
0,244.383,0
0,244.3931,0
0,244.4032,0
0,244.4133,0
0,244.4234,0
0,244.4335,0
0,244.4436,0
0,244.4536,0
0,244.4637,0
0,244.4738,0
0,244.4839,0
0,244.494,0
0,244.504,0
0,244.5142,0
0,244.5242,0
0,244.5343,0
0,244.5444,0
0,244.5545,0
0,244.5646,0
0,244.5746,0
0,244.5847,0
0,244.5948,0
0,244.6049,0
0,244.615,0
0,244.6251,0
0,244.6351,0
0,244.6452,0
0,244.6553,0
0,244.6654,0
0,244.6754,0
0,244.6855,0
0,244.6956,0
0,244.7057,0
0,244.7158,0
0,244.7259,0
0,244.736,0
0,244.7465,1
0,244.7566,1
0,244.7667,1
0,244.7772,0
0,244.7873,0
0,244.7974,0
0,244.8075,0
0,244.8176,0
0,244.8277,0
0,244.8379,0
0,244.848,0
0,244.8581,0
0,244.8682,0
0,244.8783,0
0,244.8884,0
0,244.8985,0
0,244.9086,0
0,244.9187,0
0,244.9288,0
0,244.9388,0
0,244.9489,0
0,244.959,0
0,244.9691,0
0,244.9792,0
0,244.9893,0
0,244.9993,0
0,245.0094,0
0,245.0195,0
0,245.0296,0
0,245.0397,0
0,245.0498,0
0,245.0598,0
0,245.0699,0
0,245.08,0
0,245.0901,0
0,245.1002,0
0,245.1102,0
0,245.1203,0
0,245.1304,0
0,245.1405,0
0,245.1506,0
0,245.1607,0
0,245.1707,0
0,245.1808,0
0,245.1909,0
0,245.201,0
0,245.2111,0
0,245.2212,0
0,245.2312,0
0,245.2413,0
0,245.2514,1
0,245.263,1
0,245.2748,0
0,245.2851,0
0,245.2952,0
0,245.3056,0
0,245.3157,0
0,245.3286,0
0,245.3388,0
0,245.349,0
0,245.3602,0
0,245.3703,0
0,245.3804,0
0,245.3905,0
0,245.4005,0
0,245.4107,0
0,245.4208,0
0,245.4309,0
0,245.4409,0
0,245.451,0
0,245.4611,0
0,245.4712,0
0,245.4813,0
0,245.4913,0
0,245.5014,0
0,245.5116,0
0,245.5216,0
0,245.5317,0
0,245.5418,0
0,245.5519,0
0,245.562,0
0,245.5721,0
0,245.5822,0
0,245.5923,0
0,245.6023,0
0,245.6124,0
0,245.6225,0
0,245.6326,0
0,245.6427,0
0,245.6528,0
0,245.6628,0
0,245.6729,0
0,245.683,0
0,245.6931,0
0,245.7032,0
0,245.7133,0
0,245.7233,0
0,245.7334,0
0,245.7435,0
0,245.7559,1
0,245.766,1
0,245.7774,1
0,245.7907,0
0,245.8008,0
0,245.811,0
0,245.8212,0
0,245.8315,0
0,245.8432,0
0,245.8533,0
0,245.8646,0
0,245.8747,0
0,245.8848,0
0,245.8949,0
0,245.905,0
0,245.9151,0
0,245.9251,0
0,245.9352,0
0,245.9453,0
0,245.9554,0
0,245.9655,0
0,245.9756,0
0,245.9857,0
0,245.9957,0
0,246.0068,0
0,246.0169,0
0,246.027,0
0,246.0371,0
0,246.0472,0
0,246.0572,0
0,246.0673,0
0,246.0774,0
0,246.0875,0
0,246.0976,0
0,246.1076,0
0,246.1178,0
0,246.1278,0
0,246.1379,0
0,246.148,0
0,246.1581,0
0,246.1681,0
0,246.1782,0
0,246.1883,0
0,246.1984,0
0,246.2085,0
0,246.2185,0
0,246.2286,0
0,246.2387,0
0,246.2488,0
0,246.2589,1
0,246.2694,1
0,246.2807,1
0,246.2908,0
0,246.3009,0
0,246.3125,0
0,246.3241,0
0,246.3343,0
0,246.3444,0
0,246.3545,0
0,246.3653,0
0,246.3758,0
0,246.3881,0
0,246.3982,0
0,246.4104,0
0,246.4206,0
0,246.4307,0
0,246.4408,0
0,246.4509,0
0,246.461,0
0,246.4711,0
0,246.4811,0
0,246.4912,0
0,246.5013,0
0,246.5114,0
0,246.5215,0
0,246.5316,0
0,246.5417,0
0,246.5517,0
0,246.5618,0
0,246.5719,0
0,246.582,0
0,246.592,0
0,246.6021,0
0,246.6122,0
0,246.6223,0
0,246.6324,0
0,246.6425,0
0,246.6526,0
0,246.6626,0
0,246.6727,0
0,246.6828,0
0,246.6929,0
0,246.7029,0
0,246.713,0
0,246.7231,0
0,246.7332,0
0,246.7433,0
0,246.7536,0
0,246.7637,1
0,246.7742,1
0,246.7886,1
0,246.7986,1
0,246.8127,1
0,246.8238,0
0,246.8338,0
0,246.8439,0
0,246.8541,0
0,246.8642,0
0,246.8744,0
0,246.8846,0
0,246.8947,0
0,246.9048,0
0,246.9149,0
0,246.925,0
0,246.9351,0
0,246.9451,0
0,246.9552,0
0,246.9653,0
0,246.9754,0
0,246.9855,0
0,246.9956,0
0,247.0056,0
0,247.0157,0
0,247.0258,0
0,247.0359,0
0,247.046,0
0,247.056,0
0,247.0661,0
0,247.0762,0
0,247.0863,0
0,247.0963,0
0,247.1064,0
0,247.1165,0
0,247.1266,0
0,247.1367,0
0,247.1467,0
0,247.1568,0
0,247.1669,0
0,247.177,0
0,247.1871,0
0,247.1972,0
0,247.2072,0
0,247.2173,0
0,247.2274,0
0,247.2375,0
0,247.2476,0
0,247.2576,0
0,247.2678,1
0,247.2808,1
0,247.2908,1
0,247.302,0
0,247.3121,0
0,247.3222,0
0,247.3323,0
0,247.3428,0
0,247.3531,0
0,247.3635,0
0,247.3736,0
0,247.3837,0
0,247.3938,0
0,247.4039,0
0,247.414,0
0,247.4241,0
0,247.4341,0
0,247.4442,0
0,247.4543,0
0,247.4644,0
0,247.4745,0
0,247.4846,0
0,247.4946,0
0,247.5047,0
0,247.5148,0
0,247.5249,0
0,247.535,0
0,247.545,0
0,247.5551,0
0,247.5652,0
0,247.5753,0
0,247.5854,0
0,247.5955,0
0,247.6056,0
0,247.6156,0
0,247.6257,0
0,247.6358,0
0,247.6459,0
0,247.656,0
0,247.666,0
0,247.6761,0
0,247.6862,0
0,247.6963,0
0,247.7064,0
0,247.7165,0
0,247.7266,0
0,247.7366,0
0,247.7467,0
0,247.7568,0
0,247.7672,1
0,247.78,1
0,247.7911,1
0,247.8012,0
0,247.8116,0
0,247.8218,0
0,247.8346,0
0,247.8447,0
0,247.8549,0
0,247.865,0
0,247.8751,0
0,247.8869,0
0,247.897,0
0,247.9072,0
0,247.9173,0
0,247.9274,0
0,247.9375,0
0,247.9476,0
0,247.9577,0
0,247.9678,0
0,247.9778,0
0,247.9879,0
0,247.998,0
0,248.0081,0
0,248.0182,0
0,248.0283,0
0,248.0383,0
0,248.0484,0
0,248.0585,0
0,248.0686,0
0,248.0787,0
0,248.0887,0
0,248.0988,0
0,248.1089,0
0,248.119,0
0,248.1291,0
0,248.1392,0
0,248.1492,0
0,248.1593,0
0,248.1694,0
0,248.1795,0
0,248.1896,0
0,248.1996,0
0,248.2097,0
0,248.2198,0
0,248.2299,0
0,248.24,0
0,248.2501,0
0,248.2601,0
0,248.2703,1
0,248.2806,1
0,248.2917,1
0,248.3036,1
0,248.3152,0
0,248.3253,0
0,248.3354,0
0,248.3486,0
0,248.3587,0
0,248.3699,0
0,248.38,0
0,248.3901,0
0,248.4002,0
0,248.4103,0
0,248.4205,0
0,248.4305,0
0,248.4406,0
0,248.4507,0
0,248.4607,0
0,248.4708,0
0,248.4809,0
0,248.491,0
0,248.5011,0
0,248.5112,0
0,248.5213,0
0,248.5313,0
0,248.5414,0
0,248.5515,0
0,248.5616,0
0,248.5716,0
0,248.5817,0
0,248.5918,0
0,248.6019,0
0,248.612,0
0,248.6221,0
0,248.6321,0
0,248.6422,0
0,248.6523,0
0,248.6624,0
0,248.6725,0
0,248.6826,0
0,248.6926,0
0,248.7027,0
0,248.7128,0
0,248.7229,0
0,248.733,0
0,248.743,0
0,248.7531,0
0,248.7632,0
0,248.7733,1
0,248.7834,1
0,248.7937,1
0,248.8039,1
0,248.8167,1
0,248.8268,0
0,248.837,0
0,248.8472,0
0,248.8573,0
0,248.8679,0
0,248.878,0
0,248.8882,0
0,248.8983,0
0,248.9084,0
0,248.9185,0
0,248.9286,0
0,248.9387,0
0,248.9488,0
0,248.9588,0
0,248.9689,0
0,248.979,0
0,248.9891,0
0,248.9992,0
0,249.0093,0
0,249.0193,0
0,249.0294,0
0,249.0395,0
0,249.0496,0
0,249.0597,0
0,249.0697,0
0,249.0798,0
0,249.0899,0
0,249.1,0
0,249.1101,0
0,249.1202,0
0,249.1303,0
0,249.1403,0
0,249.1504,0
0,249.1605,0
0,249.1706,0
0,249.1807,0
0,249.1907,0
0,249.2008,0
0,249.2109,0
0,249.221,0
0,249.2311,0
0,249.2411,0
0,249.2513,0
0,249.2614,0
0,249.2719,0
0,249.2839,1
0,249.2961,1
0,249.3062,1
0,249.3207,0
0,249.3328,0
0,249.343,0
0,249.354,0
0,249.3642,0
0,249.3743,0
0,249.3844,0
0,249.3945,0
0,249.4046,0
0,249.4148,0
0,249.4249,0
0,249.435,0
0,249.4451,0
0,249.4552,0
0,249.4653,0
0,249.4754,0
0,249.4855,0
0,249.4955,0
0,249.5056,0
0,249.5157,0
0,249.5258,0
0,249.5358,0
0,249.5459,0
0,249.556,0
0,249.5661,0
0,249.5762,0
0,249.5863,0
0,249.5963,0
0,249.6064,0
0,249.6165,0
0,249.6266,0
0,249.6367,0
0,249.6468,0
0,249.6569,0
0,249.6669,0
0,249.677,0
0,249.6871,0
0,249.6972,0
0,249.7073,0
0,249.7174,0
0,249.7274,0
0,249.7375,0
0,249.7476,0
0,249.7577,0
0,249.7678,0
0,249.7808,1
0,249.7908,1
0,249.8009,1
0,249.8111,0
0,249.8225,0
0,249.8326,0
0,249.8427,0
0,249.8531,0
0,249.8632,0
0,249.8738,0
0,249.8839,0
0,249.8941,0
0,249.9042,0
0,249.9143,0
0,249.9244,0
0,249.9345,0
0,249.9446,0
0,249.9547,0
0,249.9648,0
0,249.9748,0
0,249.9849,0
0,249.995,0
0,250.0051,0
0,250.0152,0
0,250.0254,0
0,250.0355,0
0,250.0456,0
0,250.0557,0
0,250.0659,0
0,250.076,0
0,250.0862,0
0,250.0963,0
0,250.1064,0
0,250.1166,0
0,250.1267,0
0,250.1369,0
0,250.147,0
0,250.1571,0
0,250.1672,0
0,250.1773,0
0,250.1874,0
0,250.1976,0
0,250.2077,0
0,250.218,0
0,250.2281,0
0,250.2383,0
0,250.2485,0
0,250.2586,0
0,250.2687,0
0,250.2792,0
0,250.2893,1
0,250.2994,1
0,250.3095,1
0,250.3243,1
0,250.3495,0
0,250.3653,0
0,250.3835,0
0,250.4016,0
0,250.4155,0
0,250.4291,0
0,250.4396,0
0,250.4519,0
0,250.462,0
0,250.4724,0
0,250.4826,0
0,250.4927,0
0,250.5029,0
0,250.513,0
0,250.5233,0
0,250.5334,0
0,250.5435,0
0,250.5537,0
0,250.5639,0
0,250.574,0
0,250.5844,0
0,250.5947,0
0,250.6056,0
0,250.6157,0
0,250.6258,0
0,250.6379,0
0,250.6482,0
0,250.6584,0
0,250.6685,0
0,250.6786,0
0,250.6887,0
0,250.6988,0
0,250.7089,0
0,250.719,0
0,250.7291,0
0,250.7392,0
0,250.7508,0
0,250.7616,0
0,250.7717,0
0,250.7818,0
0,250.7932,1
0,250.8032,1
0,250.8182,1
0,250.8287,1
0,250.8434,1
0,250.855,1
0,250.8651,0
0,250.8752,0
0,250.8853,0
0,250.8954,0
0,250.9055,0
0,250.9158,0
0,250.9259,0
0,250.9379,0
0,250.948,0
0,250.9581,0
0,250.9682,0
0,250.9784,0
0,250.9894,0
0,250.9996,0
0,251.0125,0
0,251.0249,0
0,251.0351,0
0,251.0457,0
0,251.0559,0
0,251.0661,0
0,251.0762,0
0,251.0887,0
0,251.0988,0
0,251.1091,0
0,251.1196,0
0,251.1299,0
0,251.14,0
0,251.1501,0
0,251.1637,0
0,251.1742,0
0,251.1863,0
0,251.1964,0
0,251.2067,0
0,251.217,0
0,251.2281,0
0,251.2383,0
0,251.2484,0
0,251.2588,0
0,251.2689,0
0,251.2792,0
0,251.2893,0
0,251.3,0
0,251.3112,1
0,251.3213,1
0,251.3324,1
0,251.3425,1
0,251.3566,0
0,251.3667,0
0,251.3782,0
0,251.3883,0
0,251.4006,0
0,251.4108,0
0,251.421,0
0,251.4311,0
0,251.4412,0
0,251.456,0
0,251.4661,0
0,251.4767,0
0,251.4868,0
0,251.4977,0
0,251.5078,0
0,251.5219,0
0,251.532,0
0,251.5421,0
0,251.5524,0
0,251.5626,0
0,251.5727,0
0,251.5829,0
0,251.593,0
0,251.6031,0
0,251.6133,0
0,251.6234,0
0,251.6335,0
0,251.6436,0
0,251.6537,0
0,251.6638,0
0,251.674,0
0,251.6841,0
0,251.6941,0
0,251.7043,0
0,251.7144,0
0,251.7245,0
0,251.7346,0
0,251.7448,0
0,251.755,0
0,251.7652,0
0,251.7754,0
0,251.7855,0
0,251.7956,0
0,251.8058,0
0,251.8178,0
0,251.8281,1
0,251.8447,1
0,251.8685,1
0,251.8841,1
0,251.8975,0
0,251.9145,0
0,251.9274,0
0,251.9401,0
0,251.9504,0
0,251.9605,0
0,251.9706,0
0,251.9807,0
0,251.9908,0
0,252.0009,0
0,252.0111,0
0,252.0212,0
0,252.0313,0
0,252.0414,0
0,252.0516,0
0,252.0617,0
0,252.0718,0
0,252.082,0
0,252.0921,0
0,252.1022,0
0,252.1123,0
0,252.1225,0
0,252.1326,0
0,252.1427,0
0,252.1528,0
0,252.1636,0
0,252.174,0
0,252.1843,0
0,252.1954,0
0,252.2057,0
0,252.2158,0
0,252.2259,0
0,252.2364,0
