,time(sec),state
0,0.1557,0
0,0.1768,0
0,0.1869,0
0,0.1972,1
0,0.2127,1
0,0.226,1
0,0.2363,0
0,0.2472,0
0,0.2573,0
0,0.2689,0
0,0.279,0
0,0.2925,0
0,0.3056,0
0,0.3159,0
0,0.326,0
0,0.3361,0
0,0.3463,0
0,0.3565,0
0,0.3666,0
0,0.3847,0
0,0.3973,0
0,0.4138,0
0,0.428,0
0,0.4479,0
0,0.458,0
0,0.4681,0
0,0.4782,0
0,0.4883,0
0,0.4984,0
0,0.5085,0
0,0.5186,0
0,0.5287,0
0,0.5388,0
0,0.5489,0
0,0.559,0
0,0.5691,0
0,0.5804,0
0,0.5905,0
0,0.6006,0
0,0.6106,0
0,0.6207,0
0,0.6308,0
0,0.6409,0
0,0.6509,0
0,0.661,0
0,0.6711,0
0,0.6812,0
0,0.6914,1
0,0.7014,1
0,0.7116,1
0,0.7249,0
0,0.7357,0
0,0.7458,0
0,0.7559,0
0,0.7659,0
0,0.776,0
0,0.793,0
0,0.8031,0
0,0.8132,0
0,0.8235,0
0,0.8337,0
0,0.8442,0
0,0.8544,0
0,0.8645,0
0,0.8746,0
0,0.8847,0
0,0.8949,0
0,0.905,0
0,0.9151,0
0,0.9252,0
0,0.9353,0
0,0.9454,0
0,0.9555,0
0,0.9662,0
0,0.9764,0
0,0.9865,0
0,0.9966,0
0,1.0067,0
0,1.0168,0
0,1.0269,0
0,1.0372,0
0,1.0533,0
0,1.0634,0
0,1.0741,0
0,1.0849,0
0,1.0981,0
0,1.1083,0
0,1.1184,0
0,1.1285,0
0,1.1387,0
0,1.1508,0
0,1.1609,0
0,1.1711,0
0,1.1812,0
0,1.1913,0
0,1.2173,1
0,1.2307,1
0,1.2509,1
0,1.2638,1
0,1.2779,0
0,1.2905,0
0,1.307,0
0,1.3172,0
0,1.3274,0
0,1.3376,0
0,1.3479,0
0,1.358,0
0,1.3682,0
0,1.3783,0
0,1.3884,0
0,1.3991,0
0,1.4108,0
0,1.4209,0
0,1.431,0
0,1.4411,0
0,1.4512,0
0,1.4613,0
0,1.4714,0
0,1.4815,0
0,1.4917,0
0,1.5018,0
0,1.5119,0
0,1.522,0
0,1.5321,0
0,1.5422,0
0,1.5523,0
0,1.5624,0
0,1.5725,0
0,1.5839,0
0,1.594,0
0,1.6041,0
0,1.6142,0
0,1.6243,0
0,1.6344,0
0,1.6445,0
0,1.6546,0
0,1.6647,0
0,1.6749,0
0,1.6851,0
0,1.6952,0
0,1.7054,0
0,1.7171,0
0,1.7376,1
0,1.7521,1
0,1.7786,1
0,1.7958,1
0,1.817,0
0,1.829,0
0,1.8435,0
0,1.8543,0
0,1.8644,0
0,1.8744,0
0,1.8845,0
0,1.8946,0
0,1.9047,0
0,1.9148,0
0,1.9249,0
0,1.935,0
0,1.9451,0
0,1.9552,0
0,1.9653,0
0,1.9754,0
0,1.9878,0
0,2.0003,0
0,2.0132,0
0,2.0233,0
0,2.0334,0
0,2.0435,0
0,2.0568,0
0,2.0669,0
0,2.0815,0
0,2.0916,0
0,2.1018,0
0,2.1118,0
0,2.122,0
0,2.1321,0
0,2.1422,0
0,2.1523,0
0,2.1624,0
0,2.1725,0
0,2.1825,0
0,2.1926,0
0,2.2027,0
0,2.2128,0
0,2.2229,0
0,2.233,0
0,2.2449,1
0,2.2569,1
0,2.267,1
0,2.2771,1
0,2.2873,0
0,2.2974,0
0,2.3075,0
0,2.3175,0
0,2.3276,0
0,2.3377,0
0,2.3478,0
0,2.3579,0
0,2.368,0
0,2.3781,0
0,2.3882,0
0,2.4053,0
0,2.4154,0
0,2.4256,0
0,2.4358,0
0,2.4459,0
0,2.456,0
0,2.4662,0
0,2.4764,0
0,2.4865,0
0,2.4966,0
0,2.5101,0
0,2.5202,0
0,2.5303,0
0,2.5404,0
0,2.5505,0
0,2.5606,0
0,2.5707,0
0,2.5808,0
0,2.591,0
0,2.6011,0
0,2.6112,0
0,2.6213,0
0,2.6321,0
0,2.6423,0
0,2.6524,0
0,2.6625,0
0,2.6727,0
0,2.6828,0
0,2.6929,0
0,2.703,0
0,2.7131,0
0,2.7232,0
0,2.7333,0
0,2.745,1
0,2.7668,1
0,2.777,1
0,2.7871,1
0,2.8001,0
0,2.8102,0
0,2.8204,0
0,2.8305,0
0,2.8406,0
0,2.8508,0
0,2.8609,0
0,2.8713,0
0,2.8844,0
0,2.8945,0
0,2.9047,0
0,2.9149,0
0,2.925,0
0,2.9351,0
0,2.9453,0
0,2.9566,0
0,2.9669,0
0,2.9771,0
0,2.988,0
0,3.0016,0
0,3.015,0
0,3.0293,0
0,3.0394,0
0,3.0495,0
0,3.0608,0
0,3.0709,0
0,3.0811,0
0,3.0912,0
0,3.1014,0
0,3.1115,0
0,3.1217,0
0,3.1318,0
0,3.1419,0
0,3.152,0
0,3.1621,0
0,3.1722,0
0,3.1824,0
0,3.1925,0
0,3.2028,0
0,3.2129,0
0,3.2229,0
0,3.233,0
0,3.2432,0
0,3.2542,1
0,3.2651,1
0,3.2755,1
0,3.2855,1
0,3.2956,1
0,3.307,0
0,3.3187,0
0,3.3345,0
0,3.354,0
0,3.3642,0
0,3.3743,0
0,3.3845,0
0,3.3967,0
0,3.4078,0
0,3.4201,0
0,3.4324,0
0,3.4427,0
0,3.4527,0
0,3.4629,0
0,3.4738,0
0,3.484,0
0,3.4941,0
0,3.5043,0
0,3.5145,0
0,3.5246,0
0,3.5349,0
0,3.545,0
0,3.5553,0
0,3.5654,0
0,3.5754,0
0,3.5855,0
0,3.5956,0
0,3.6065,0
0,3.6166,0
0,3.6267,0
0,3.6368,0
0,3.6469,0
0,3.6569,0
0,3.667,0
0,3.6771,0
0,3.6873,0
0,3.6978,0
0,3.708,0
0,3.7181,0
0,3.7283,0
0,3.7384,0
0,3.7485,0
0,3.7586,1
0,3.7687,1
0,3.7794,1
0,3.7894,1
0,3.7995,1
0,3.8123,0
0,3.8224,0
0,3.8325,0
0,3.8426,0
0,3.8527,0
0,3.8628,0
0,3.8729,0
0,3.883,0
0,3.8931,0
0,3.9034,0
0,3.914,0
0,3.9249,0
0,3.9352,0
0,3.9453,0
0,3.9555,0
0,3.9658,0
0,3.9768,0
0,3.987,0
0,4.0016,0
0,4.0118,0
0,4.0219,0
0,4.032,0
0,4.0421,0
0,4.0522,0
0,4.0624,0
0,4.0725,0
0,4.0826,0
0,4.0926,0
0,4.1027,0
0,4.1129,0
0,4.123,0
0,4.1331,0
0,4.1432,0
0,4.1533,0
0,4.1641,0
0,4.1742,0
0,4.1843,0
0,4.1944,0
0,4.2045,0
0,4.2146,0
0,4.2247,0
0,4.2348,0
0,4.2449,0
0,4.255,0
0,4.2651,1
0,4.277,1
0,4.2871,1
0,4.2988,1
0,4.3123,0
0,4.3249,0
0,4.3369,0
0,4.347,0
0,4.3609,0
0,4.3758,0
0,4.386,0
0,4.3961,0
0,4.4062,0
0,4.417,0
0,4.4271,0
0,4.4372,0
0,4.4473,0
0,4.4574,0
0,4.4678,0
0,4.4779,0
0,4.488,0
0,4.4981,0
0,4.5082,0
0,4.5183,0
0,4.5284,0
0,4.5385,0
0,4.5486,0
0,4.5587,0
0,4.5688,0
0,4.5789,0
0,4.589,0
0,4.599,0
0,4.6091,0
0,4.6192,0
0,4.6293,0
0,4.6394,0
0,4.6495,0
0,4.6595,0
0,4.6696,0
0,4.6797,0
0,4.6898,0
0,4.6999,0
0,4.71,0
0,4.72,0
0,4.7301,0
0,4.7402,0
0,4.7502,0
0,4.7603,0
0,4.7704,1
0,4.7808,1
0,4.7912,1
0,4.8014,1
0,4.8123,0
0,4.8226,0
0,4.8327,0
0,4.8428,0
0,4.8531,0
0,4.8632,0
0,4.8742,0
0,4.8843,0
0,4.8967,0
0,4.9072,0
0,4.9173,0
0,4.9274,0
0,4.9374,0
0,4.9475,0
0,4.9576,0
0,4.9676,0
0,4.9777,0
0,4.9878,0
0,4.9979,0
0,5.0079,0
0,5.018,0
0,5.0281,0
0,5.0382,0
0,5.0483,0
0,5.0583,0
0,5.0684,0
0,5.0785,0
0,5.0886,0
0,5.0986,0
0,5.1087,0
0,5.1188,0
0,5.1288,0
0,5.1389,0
0,5.149,0
0,5.1591,0
0,5.1691,0
0,5.1792,0
0,5.1893,0
0,5.1994,0
0,5.2094,0
0,5.2195,0
0,5.2296,0
0,5.2397,0
0,5.2497,0
0,5.2598,0
0,5.2699,1
0,5.28,1
0,5.2901,1
0,5.3007,1
0,5.311,0
0,5.3211,0
0,5.3313,0
0,5.3414,0
0,5.3515,0
0,5.3616,0
0,5.3718,0
0,5.3819,0
0,5.392,0
0,5.4021,0
0,5.4122,0
0,5.4223,0
0,5.4324,0
0,5.4424,0
0,5.4525,0
0,5.4626,0
0,5.4727,0
0,5.4828,0
0,5.4929,0
0,5.5029,0
0,5.513,0
0,5.5231,0
0,5.5332,0
0,5.5433,0
0,5.5534,0
0,5.5635,0
0,5.5736,0
0,5.5837,0
0,5.5944,0
0,5.6045,0
0,5.6146,0
0,5.6247,0
0,5.6348,0
0,5.6448,0
0,5.6549,0
0,5.665,0
0,5.675,0
0,5.6851,0
0,5.6952,0
0,5.7053,0
0,5.7153,0
0,5.7254,0
0,5.7355,0
0,5.7455,0
0,5.7556,0
0,5.7657,0
0,5.7763,1
0,5.7872,1
0,5.7991,0
0,5.81,0
0,5.82,0
0,5.8301,0
0,5.8402,0
0,5.8504,0
0,5.863,0
0,5.8732,0
0,5.8833,0
0,5.8933,0
0,5.9034,0
0,5.9135,0
0,5.9236,0
0,5.9337,0
0,5.9438,0
0,5.9538,0
0,5.9639,0
0,5.974,0
0,5.9841,0
0,5.9941,0
0,6.0042,0
0,6.0143,0
0,6.0244,0
0,6.0344,0
0,6.0445,0
0,6.0546,0
0,6.0646,0
0,6.0747,0
0,6.0848,0
0,6.0949,0
0,6.105,0
0,6.1151,0
0,6.1251,0
0,6.1352,0
0,6.1453,0
0,6.1554,0
0,6.1654,0
0,6.1755,0
0,6.1856,0
0,6.1956,0
0,6.2057,0
0,6.2158,0
0,6.2259,0
0,6.2359,0
0,6.246,0
0,6.2561,0
0,6.2661,0
0,6.2762,1
0,6.2877,1
0,6.2981,1
0,6.3086,0
0,6.3188,0
0,6.329,0
0,6.3391,0
0,6.3492,0
0,6.3635,0
0,6.3737,0
0,6.3838,0
0,6.3939,0
0,6.404,0
0,6.4141,0
0,6.4242,0
0,6.4343,0
0,6.4444,0
0,6.4545,0
0,6.4645,0
0,6.4746,0
0,6.4847,0
0,6.4948,0
0,6.5048,0
0,6.5149,0
0,6.525,0
0,6.535,0
0,6.5451,0
0,6.5552,0
0,6.5653,0
0,6.5753,0
0,6.5854,0
0,6.5955,0
0,6.6055,0
0,6.6156,0
0,6.6257,0
0,6.6358,0
0,6.6459,0
0,6.656,0
0,6.666,0
0,6.6761,0
0,6.6862,0
0,6.6963,0
0,6.7063,0
0,6.7164,0
0,6.7265,0
0,6.7365,0
0,6.7466,0
0,6.7567,0
0,6.7668,0
0,6.7803,1
0,6.7915,1
0,6.8017,1
0,6.8122,0
0,6.8257,0
0,6.8358,0
0,6.8459,0
0,6.856,0
0,6.8665,0
0,6.8766,0
0,6.8867,0
0,6.8969,0
0,6.9071,0
0,6.9172,0
0,6.9273,0
0,6.9374,0
0,6.9474,0
0,6.9575,0
0,6.9676,0
0,6.9777,0
0,6.9877,0
0,6.9978,0
0,7.0079,0
0,7.0179,0
0,7.028,0
0,7.0381,0
0,7.0482,0
0,7.0582,0
0,7.0683,0
0,7.0784,0
0,7.0885,0
0,7.0985,0
0,7.1086,0
0,7.1187,0
0,7.1287,0
0,7.1388,0
0,7.1489,0
0,7.1589,0
0,7.169,0
0,7.1791,0
0,7.1892,0
0,7.1992,0
0,7.2093,0
0,7.2194,0
0,7.2295,0
0,7.2395,0
0,7.2496,0
0,7.2597,0
0,7.2698,0
0,7.2809,1
0,7.2924,1
0,7.3025,1
0,7.3132,0
0,7.3233,0
0,7.3333,0
0,7.3434,0
0,7.3535,0
0,7.3637,0
0,7.3738,0
0,7.3839,0
0,7.3941,0
0,7.4042,0
0,7.4143,0
0,7.4244,0
0,7.4345,0
0,7.4446,0
0,7.4547,0
0,7.4647,0
0,7.4748,0
0,7.4849,0
0,7.4949,0
0,7.505,0
0,7.5151,0
0,7.5251,0
0,7.5352,0
0,7.5453,0
0,7.5554,0
0,7.5655,0
0,7.5755,0
0,7.5856,0
0,7.5957,0
0,7.6057,0
0,7.6158,0
0,7.6259,0
0,7.636,0
0,7.646,0
0,7.6561,0
0,7.6662,0
0,7.6762,0
0,7.6863,0
0,7.6964,0
0,7.7065,0
0,7.7165,0
0,7.7266,0
0,7.7367,0
0,7.7467,0
0,7.7568,0
0,7.7669,0
0,7.777,0
0,7.7894,1
0,7.801,1
0,7.8121,0
0,7.8222,0
0,7.8367,0
0,7.8471,0
0,7.8574,0
0,7.8677,0
0,7.8778,0
0,7.8879,0
0,7.898,0
0,7.9081,0
0,7.9181,0
0,7.9282,0
0,7.9383,0
0,7.9483,0
0,7.9584,0
0,7.9685,0
0,7.9786,0
0,7.9886,0
0,7.9987,0
0,8.0088,0
0,8.0189,0
0,8.0294,0
0,8.0394,0
0,8.0495,0
0,8.0596,0
0,8.0696,0
0,8.0797,0
0,8.0898,0
0,8.0999,0
0,8.1099,0
0,8.12,0
0,8.1301,0
0,8.1402,0
0,8.1502,0
0,8.1603,0
0,8.1704,0
0,8.1804,0
0,8.1905,0
0,8.2006,0
0,8.2107,0
0,8.2207,0
0,8.2308,0
0,8.2409,0
0,8.2509,0
0,8.261,0
0,8.2711,0
0,8.2812,0
0,8.2918,1
0,8.3035,1
0,8.3141,1
0,8.3286,0
0,8.3387,0
0,8.3491,0
0,8.3592,0
0,8.3693,0
0,8.3794,0
0,8.3896,0
0,8.3997,0
0,8.4098,0
0,8.4199,0
0,8.431,0
0,8.4411,0
0,8.4513,0
0,8.4614,0
0,8.4715,0
0,8.4816,0
0,8.4916,0
0,8.5017,0
0,8.5118,0
0,8.5219,0
0,8.5319,0
0,8.542,0
0,8.5521,0
0,8.5621,0
0,8.5722,0
0,8.5823,0
0,8.5923,0
0,8.6024,0
0,8.6125,0
0,8.6226,0
0,8.6327,0
0,8.6427,0
0,8.6528,0
0,8.6629,0
0,8.673,0
0,8.6831,0
0,8.6931,0
0,8.7032,0
0,8.7133,0
0,8.7234,0
0,8.7335,0
0,8.7436,0
0,8.7537,0
0,8.7637,0
0,8.7738,0
0,8.7839,0
0,8.7941,1
0,8.8085,1
0,8.8191,1
0,8.8335,1
0,8.8539,0
0,8.864,0
0,8.875,0
0,8.8861,0
0,8.8962,0
0,8.9063,0
0,8.9165,0
0,8.9266,0
0,8.9368,0
0,8.9468,0
0,8.9569,0
0,8.967,0
0,8.9771,0
0,8.9872,0
0,8.9973,0
0,9.0073,0
0,9.0174,0
0,9.0275,0
0,9.0375,0
0,9.0476,0
0,9.0577,0
0,9.0678,0
0,9.0779,0
0,9.088,0
0,9.098,0
0,9.1081,0
0,9.1182,0
0,9.1282,0
0,9.1383,0
0,9.1484,0
0,9.1585,0
0,9.1685,0
0,9.1786,0
0,9.1887,0
0,9.1988,0
0,9.2088,0
0,9.2189,0
0,9.229,0
0,9.2391,0
0,9.2491,0
0,9.2592,0
0,9.2693,0
0,9.2794,0
0,9.2894,0
0,9.2995,1
0,9.3135,1
0,9.3254,0
0,9.3355,0
0,9.3457,0
0,9.3561,0
0,9.3662,0
0,9.3765,0
0,9.3866,0
0,9.3968,0
0,9.4082,0
0,9.4182,0
0,9.4283,0
0,9.4384,0
0,9.4485,0
0,9.4586,0
0,9.4687,0
0,9.4788,0
0,9.4889,0
0,9.4989,0
0,9.509,0
0,9.5191,0
0,9.5291,0
0,9.5392,0
0,9.5493,0
0,9.5594,0
0,9.5694,0
0,9.5795,0
0,9.5896,0
0,9.5997,0
0,9.6098,0
0,9.6198,0
0,9.6299,0
0,9.64,0
0,9.6503,0
0,9.6604,0
0,9.6704,0
0,9.6805,0
0,9.6906,0
0,9.7007,0
0,9.7107,0
0,9.7208,0
0,9.7309,0
0,9.741,0
0,9.751,0
0,9.7611,0
0,9.7712,0
0,9.7813,0
0,9.7913,0
0,9.8017,1
0,9.8121,1
0,9.8222,1
0,9.8323,0
0,9.8424,0
0,9.8525,0
0,9.8626,0
0,9.8729,0
0,9.8845,0
0,9.8946,0
0,9.9047,0
0,9.9148,0
0,9.9249,0
0,9.935,0
0,9.9451,0
0,9.9551,0
0,9.9652,0
0,9.9753,0
0,9.9853,0
0,9.9954,0
0,10.0055,0
0,10.0155,0
0,10.0256,0
0,10.0357,0
0,10.0458,0
0,10.0558,0
0,10.0659,0
0,10.076,0
0,10.086,0
0,10.0961,0
0,10.1062,0
0,10.1163,0
0,10.1263,0
0,10.1364,0
0,10.1465,0
0,10.1566,0
0,10.1666,0
0,10.1767,0
0,10.1868,0
0,10.1969,0
0,10.207,0
0,10.217,0
0,10.2271,0
0,10.2372,0
0,10.2472,0
0,10.2573,0
0,10.2674,0
0,10.2775,0
0,10.2876,0
0,10.2979,1
0,10.308,1
0,10.3181,1
0,10.3284,1
0,10.3385,0
0,10.3486,0
0,10.3587,0
0,10.3687,0
0,10.3789,0
0,10.3908,0
0,10.4009,0
0,10.411,0
0,10.4211,0
0,10.4312,0
0,10.4413,0
0,10.4514,0
0,10.4615,0
0,10.4715,0
0,10.4816,0
0,10.4917,0
0,10.5018,0
0,10.5119,0
0,10.5219,0
0,10.5321,0
0,10.5422,0
0,10.5524,0
0,10.5624,0
0,10.5725,0
0,10.5827,0
0,10.5928,0
0,10.6029,0
0,10.613,0
0,10.6231,0
0,10.6331,0
0,10.6432,0
0,10.6533,0
0,10.6634,0
0,10.6734,0
0,10.6835,0
0,10.6936,0
0,10.7037,0
0,10.7137,0
0,10.7238,0
0,10.7339,0
0,10.744,0
0,10.754,0
0,10.7641,0
0,10.7742,0
0,10.7843,0
0,10.7943,0
0,10.8056,1
0,10.8161,1
0,10.8265,1
0,10.8367,0
0,10.8468,0
0,10.8569,0
0,10.867,0
0,10.8771,0
0,10.8873,0
0,10.8983,0
0,10.9084,0
0,10.9186,0
0,10.9287,0
0,10.9388,0
0,10.9489,0
0,10.959,0
0,10.9691,0
0,10.9791,0
0,10.9892,0
0,10.9993,0
0,11.0093,0
0,11.0194,0
0,11.0295,0
0,11.0396,0
0,11.0496,0
0,11.0597,0
0,11.0698,0
0,11.0799,0
0,11.0899,0
0,11.1,0
0,11.1101,0
0,11.1201,0
0,11.1302,0
0,11.1403,0
0,11.1504,0
0,11.1604,0
0,11.1705,0
0,11.1806,0
0,11.1907,0
0,11.2007,0
0,11.2108,0
0,11.2209,0
0,11.2309,0
0,11.241,0
0,11.2511,0
0,11.2612,0
0,11.2713,0
0,11.2813,0
0,11.2914,0
0,11.3017,1
0,11.3138,1
0,11.3241,1
0,11.3342,1
0,11.3448,0
0,11.3549,0
0,11.365,0
0,11.3751,0
0,11.3853,0
0,11.3955,0
0,11.4057,0
0,11.4158,0
0,11.4259,0
0,11.436,0
0,11.4461,0
0,11.4564,0
0,11.4665,0
0,11.4766,0
0,11.4866,0
0,11.4968,0
0,11.5069,0
0,11.5169,0
0,11.527,0
0,11.5371,0
0,11.5472,0
0,11.5572,0
0,11.5673,0
0,11.5774,0
0,11.5875,0
0,11.5975,0
0,11.6076,0
0,11.6177,0
0,11.6278,0
0,11.6379,0
0,11.648,0
0,11.6581,0
0,11.6681,0
0,11.6782,0
0,11.6883,0
0,11.6983,0
0,11.7084,0
0,11.7185,0
0,11.7286,0
0,11.7386,0
0,11.7487,0
0,11.7588,0
0,11.7689,0
0,11.7789,0
0,11.789,0
0,11.7991,0
0,11.8118,1
0,11.8223,1
0,11.8379,0
0,11.8481,0
0,11.8583,0
0,11.8684,0
0,11.8791,0
0,11.8913,0
0,11.9014,0
0,11.9115,0
0,11.9217,0
0,11.9318,0
0,11.9419,0
0,11.952,0
0,11.962,0
0,11.9721,0
0,11.9822,0
0,11.9923,0
0,12.0023,0
0,12.0124,0
0,12.0225,0
0,12.0326,0
0,12.0426,0
0,12.0527,0
0,12.0628,0
0,12.0729,0
0,12.083,0
0,12.0931,0
0,12.1031,0
0,12.1132,0
0,12.1233,0
0,12.1333,0
0,12.1434,0
0,12.1535,0
0,12.1636,0
0,12.1737,0
0,12.1837,0
0,12.1938,0
0,12.2039,0
0,12.2139,0
0,12.224,0
0,12.2341,0
0,12.2442,0
0,12.2542,0
0,12.2643,0
0,12.2744,0
0,12.2844,0
0,12.2945,0
0,12.3048,0
0,12.3149,1
0,12.3252,1
0,12.3353,1
0,12.3472,1
0,12.3577,1
0,12.3678,0
0,12.3779,0
0,12.388,0
0,12.3981,0
0,12.4083,0
0,12.4193,0
0,12.4294,0
0,12.4395,0
0,12.4496,0
0,12.4596,0
0,12.4697,0
0,12.4798,0
0,12.4899,0
0,12.4999,0
0,12.51,0
0,12.5201,0
0,12.5302,0
0,12.5404,0
0,12.5504,0
0,12.5605,0
0,12.5706,0
0,12.5806,0
0,12.5907,0
0,12.6008,0
0,12.6109,0
0,12.6209,0
0,12.631,0
0,12.6411,0
0,12.6512,0
0,12.6613,0
0,12.6714,0
0,12.6814,0
0,12.6915,0
0,12.7016,0
0,12.7117,0
0,12.7217,0
0,12.7318,0
0,12.7419,0
0,12.7519,0
0,12.762,0
0,12.7721,0
0,12.7822,0
0,12.7922,0
0,12.8023,0
0,12.816,1
0,12.8264,1
0,12.839,1
0,12.8491,0
0,12.8592,0
0,12.8717,0
0,12.8818,0
0,12.8919,0
0,12.9028,0
0,12.9131,0
0,12.9233,0
0,12.9333,0
0,12.9434,0
0,12.9535,0
0,12.9636,0
0,12.9737,0
0,12.9838,0
0,12.9938,0
0,13.0039,0
0,13.014,0
0,13.0241,0
0,13.0341,0
0,13.0442,0
0,13.0543,0
0,13.0643,0
0,13.0744,0
0,13.0845,0
0,13.0946,0
0,13.1046,0
0,13.1147,0
0,13.1248,0
0,13.1349,0
0,13.1449,0
0,13.1563,0
0,13.1663,0
0,13.1764,0
0,13.1865,0
0,13.1966,0
0,13.2066,0
0,13.2167,0
0,13.2268,0
0,13.2369,0
0,13.2469,0
0,13.257,0
0,13.2671,0
0,13.2772,0
0,13.2872,0
0,13.2973,0
0,13.3074,0
0,13.3177,1
0,13.3279,1
0,13.338,1
0,13.3486,0
0,13.3596,0
0,13.372,0
0,13.3824,0
0,13.3926,0
0,13.4027,0
0,13.4129,0
0,13.423,0
0,13.4331,0
0,13.4432,0
0,13.4533,0
0,13.4634,0
0,13.4734,0
0,13.4835,0
0,13.4936,0
0,13.5037,0
0,13.5137,0
0,13.5239,0
0,13.534,0
0,13.544,0
0,13.5541,0
0,13.5642,0
0,13.5743,0
0,13.5843,0
0,13.5944,0
0,13.6045,0
0,13.6146,0
0,13.6246,0
0,13.6347,0
0,13.6448,0
0,13.6548,0
0,13.6649,0
0,13.675,0
0,13.6851,0
0,13.6952,0
0,13.7052,0
0,13.7153,0
0,13.7254,0
0,13.7354,0
0,13.7455,0
0,13.7556,0
0,13.7657,0
0,13.7757,0
0,13.7858,0
0,13.7959,0
0,13.806,0
0,13.8161,1
0,13.8262,1
0,13.8363,1
0,13.8464,0
0,13.8569,0
0,13.867,0
0,13.8772,0
0,13.8873,0
0,13.8974,0
0,13.9076,0
0,13.9209,0
0,13.9358,0
0,13.9461,0
0,13.9562,0
0,13.9663,0
0,13.9764,0
0,13.9864,0
0,13.9965,0
0,14.0066,0
0,14.0167,0
0,14.0268,0
0,14.0368,0
0,14.0469,0
0,14.057,0
0,14.0671,0
0,14.0771,0
0,14.0872,0
0,14.0973,0
0,14.1073,0
0,14.1174,0
0,14.1275,0
0,14.1376,0
0,14.1476,0
0,14.1577,0
0,14.1678,0
0,14.1779,0
0,14.188,0
0,14.1981,0
0,14.2082,0
0,14.2182,0
0,14.2283,0
0,14.2384,0
0,14.2485,0
0,14.2585,0
0,14.2686,0
0,14.2787,0
0,14.2887,0
0,14.2988,0
0,14.3089,0
0,14.319,1
0,14.3369,1
0,14.3469,1
0,14.357,0
0,14.3671,0
0,14.382,0
0,14.3929,0
0,14.403,0
0,14.4132,0
0,14.4233,0
0,14.4334,0
0,14.4435,0
0,14.4537,0
0,14.4681,0
0,14.4782,0
0,14.4884,0
0,14.4985,0
0,14.5087,0
0,14.5338,0
0,14.5491,0
0,14.5611,0
0,14.5746,0
0,14.585,0
0,14.5952,0
0,14.6053,0
0,14.6154,0
0,14.6256,0
0,14.6357,0
0,14.6458,0
0,14.6559,0
0,14.666,0
0,14.6763,0
0,14.6902,0
0,14.7004,0
0,14.7106,0
0,14.7207,0
0,14.7308,0
0,14.7409,0
0,14.7509,0
0,14.761,0
0,14.7711,0
0,14.7812,0
0,14.7912,0
0,14.8013,0
0,14.8114,0
0,14.8234,1
0,14.8335,1
0,14.8438,1
0,14.8586,0
0,14.8687,0
0,14.8807,0
0,14.8908,0
0,14.9039,0
0,14.914,0
0,14.9242,0
0,14.9355,0
0,14.9456,0
0,14.9557,0
0,14.9658,0
0,14.9759,0
0,14.9859,0
0,14.996,0
0,15.0061,0
0,15.0162,0
0,15.0262,0
0,15.0363,0
0,15.0464,0
0,15.0565,0
0,15.0666,0
0,15.0766,0
0,15.0867,0
0,15.0968,0
0,15.1068,0
0,15.1169,0
0,15.127,0
0,15.1371,0
0,15.1471,0
0,15.1572,0
0,15.1673,0
0,15.1774,0
0,15.1874,0
0,15.1975,0
0,15.2076,0
0,15.2177,0
0,15.2277,0
0,15.2378,0
0,15.2479,0
0,15.2579,0
0,15.268,0
0,15.2781,0
0,15.2882,0
0,15.2982,0
0,15.3083,0
0,15.3186,0
0,15.3287,1
0,15.3392,1
0,15.3493,1
0,15.3606,1
0,15.3714,0
0,15.3827,0
0,15.3928,0
0,15.4029,0
0,15.4143,0
0,15.4245,0
0,15.4346,0
0,15.4447,0
0,15.4549,0
0,15.4673,0
0,15.4774,0
0,15.4875,0
0,15.4976,0
0,15.5076,0
0,15.5177,0
0,15.5278,0
0,15.5379,0
0,15.548,0
0,15.5581,0
0,15.5682,0
0,15.5783,0
0,15.5884,0
0,15.5986,0
0,15.6087,0
0,15.6188,0
0,15.6289,0
0,15.6389,0
0,15.6492,0
0,15.6592,0
0,15.6693,0
0,15.6794,0
0,15.6895,0
0,15.6996,0
0,15.7096,0
0,15.7197,0
0,15.7298,0
0,15.7399,0
0,15.7499,0
0,15.76,0
0,15.7701,0
0,15.7801,0
0,15.7902,0
0,15.8003,0
0,15.8103,0
0,15.8204,0
0,15.8324,1
0,15.8431,1
0,15.8532,1
0,15.8635,0
0,15.8736,0
0,15.8837,0
0,15.8963,0
0,15.9089,0
0,15.921,0
0,15.9337,0
0,15.9441,0
0,15.9542,0
0,15.9643,0
0,15.9744,0
0,15.9844,0
0,15.9945,0
0,16.0046,0
0,16.0147,0
0,16.0247,0
0,16.0348,0
0,16.0449,0
0,16.055,0
0,16.065,0
0,16.0751,0
0,16.0852,0
0,16.0953,0
0,16.1053,0
0,16.1154,0
0,16.1255,0
0,16.1356,0
0,16.1456,0
0,16.1557,0
0,16.1658,0
0,16.1764,0
0,16.1865,0
0,16.1966,0
0,16.2068,0
0,16.2168,0
0,16.2269,0
0,16.237,0
0,16.247,0
0,16.2571,0
0,16.2672,0
0,16.2773,0
0,16.2874,0
0,16.2974,0
0,16.3075,0
0,16.3176,0
0,16.3283,0
0,16.3385,1
0,16.3488,1
0,16.3589,1
0,16.3706,0
0,16.3807,0
0,16.3909,0
0,16.401,0
0,16.4111,0
0,16.4212,0
0,16.4315,0
0,16.4416,0
0,16.4517,0
0,16.4618,0
0,16.4719,0
0,16.4819,0
0,16.492,0
0,16.5021,0
0,16.5122,0
0,16.5223,0
0,16.5323,0
0,16.5425,0
0,16.5526,0
0,16.5626,0
0,16.5727,0
0,16.5828,0
0,16.5928,0
0,16.6029,0
0,16.6133,0
0,16.6234,0
0,16.6335,0
0,16.6435,0
0,16.6536,0
0,16.6637,0
0,16.6753,0
0,16.6854,0
0,16.6954,0
0,16.7055,0
0,16.7156,0
0,16.7256,0
0,16.7357,0
0,16.7458,0
0,16.7559,0
0,16.7659,0
0,16.776,0
0,16.7861,0
0,16.7962,0
0,16.8062,0
0,16.8163,0
0,16.8264,0
0,16.8365,1
0,16.8483,1
0,16.8601,1
0,16.8755,1
0,16.8929,0
0,16.9066,0
0,16.9177,0
0,16.9279,0
0,16.9382,0
0,16.9483,0
0,16.9584,0
0,16.9685,0
0,16.9786,0
0,16.9887,0
0,16.9988,0
0,17.0089,0
0,17.0189,0
0,17.029,0
0,17.0391,0
0,17.0491,0
0,17.0592,0
0,17.0693,0
0,17.0794,0
0,17.0894,0
0,17.0995,0
0,17.1096,0
0,17.1197,0
0,17.1297,0
0,17.1398,0
0,17.1499,0
0,17.16,0
0,17.17,0
0,17.1801,0
0,17.1902,0
0,17.2003,0
0,17.2103,0
0,17.2204,0
0,17.2305,0
0,17.2406,0
0,17.2506,0
0,17.2607,0
0,17.2708,0
0,17.2809,0
0,17.2909,0
0,17.301,0
0,17.3111,0
0,17.3211,0
0,17.3312,0
0,17.3431,1
0,17.3532,1
0,17.3634,1
0,17.3737,1
0,17.3838,0
0,17.3957,0
0,17.4058,0
0,17.4163,0
0,17.4265,0
0,17.4366,0
0,17.4467,0
0,17.4568,0
0,17.4669,0
0,17.477,0
0,17.487,0
0,17.4971,0
0,17.5072,0
0,17.5173,0
0,17.5274,0
0,17.5374,0
0,17.5475,0
0,17.5576,0
0,17.5677,0
0,17.5777,0
0,17.5878,0
0,17.5979,0
0,17.608,0
0,17.618,0
0,17.6281,0
0,17.6382,0
0,17.6483,0
0,17.6584,0
0,17.6689,0
0,17.679,0
0,17.6891,0
0,17.6991,0
0,17.7092,0
0,17.7193,0
0,17.7294,0
0,17.7394,0
0,17.7495,0
0,17.7596,0
0,17.7697,0
0,17.7797,0
0,17.7898,0
0,17.7999,0
0,17.81,0
0,17.82,0
0,17.8301,0
0,17.8449,1
0,17.855,1
0,17.8664,1
0,17.8782,1
0,17.8889,0
0,17.8991,0
0,17.9092,0
0,17.9193,0
0,17.9295,0
0,17.9396,0
0,17.9497,0
0,17.9598,0
0,17.9699,0
0,17.98,0
0,17.99,0
0,18.0001,0
0,18.0102,0
0,18.0203,0
0,18.0304,0
0,18.0404,0
0,18.0505,0
0,18.0606,0
0,18.0706,0
0,18.0807,0
0,18.0908,0
0,18.1009,0
0,18.1109,0
0,18.121,0
0,18.1311,0
0,18.1411,0
0,18.1512,0
0,18.1613,0
0,18.1714,0
0,18.1821,0
0,18.1922,0
0,18.2022,0
0,18.2123,0
0,18.2224,0
0,18.2325,0
0,18.2425,0
0,18.2526,0
0,18.2627,0
0,18.2727,0
0,18.2828,0
0,18.2929,0
0,18.3029,0
0,18.313,0
0,18.3231,0
0,18.3332,0
0,18.3433,0
0,18.3534,1
0,18.3655,1
0,18.3771,1
0,18.3875,0
0,18.3976,0
0,18.4089,0
0,18.419,0
0,18.4291,0
0,18.4395,0
0,18.4497,0
0,18.4598,0
0,18.47,0
0,18.4801,0
0,18.4902,0
0,18.5003,0
0,18.5104,0
0,18.5204,0
0,18.5305,0
0,18.5406,0
0,18.5507,0
0,18.5607,0
0,18.5708,0
0,18.5809,0
0,18.591,0
0,18.601,0
0,18.6111,0
0,18.6212,0
0,18.6313,0
0,18.6413,0
0,18.6515,0
0,18.6616,0
0,18.6716,0
0,18.6817,0
0,18.6918,0
0,18.7019,0
0,18.712,0
0,18.722,0
0,18.7321,0
0,18.7422,0
0,18.7522,0
0,18.7623,0
0,18.7724,0
0,18.7824,0
0,18.7925,0
0,18.8026,0
0,18.8127,0
0,18.8227,0
0,18.8328,0
0,18.8429,0
0,18.8569,1
0,18.8691,1
0,18.8794,1
0,18.8971,0
0,18.913,0
0,18.9231,0
0,18.9333,0
0,18.9434,0
0,18.9545,0
0,18.9646,0
0,18.9747,0
0,18.9848,0
0,18.9949,0
0,19.005,0
0,19.0151,0
0,19.0252,0
0,19.0353,0
0,19.0453,0
0,19.0554,0
0,19.0655,0
0,19.0756,0
0,19.0857,0
0,19.0958,0
0,19.1059,0
0,19.1159,0
0,19.126,0
0,19.1361,0
0,19.1462,0
0,19.1563,0
0,19.1664,0
0,19.1764,0
0,19.1866,0
0,19.1966,0
0,19.2067,0
0,19.2168,0
0,19.2269,0
0,19.237,0
0,19.2471,0
0,19.2572,0
0,19.2673,0
0,19.2774,0
0,19.2874,0
0,19.2975,0
0,19.3076,0
0,19.3177,0
0,19.3278,0
0,19.3379,0
0,19.3479,0
0,19.3581,1
0,19.3682,1
0,19.3787,1
0,19.391,1
0,19.4067,0
0,19.4199,0
0,19.4319,0
0,19.4421,0
0,19.4522,0
0,19.4623,0
0,19.4724,0
0,19.484,0
0,19.4941,0
0,19.5042,0
0,19.5144,0
0,19.5245,0
0,19.5346,0
0,19.5447,0
0,19.5547,0
0,19.5648,0
0,19.5749,0
0,19.585,0
0,19.595,0
0,19.6051,0
0,19.6152,0
0,19.6253,0
0,19.6353,0
0,19.6454,0
0,19.6555,0
0,19.6656,0
0,19.6757,0
0,19.6858,0
0,19.6959,0
0,19.7059,0
0,19.716,0
0,19.7261,0
0,19.7362,0
0,19.7463,0
0,19.7563,0
0,19.7664,0
0,19.7765,0
0,19.7865,0
0,19.7966,0
0,19.8067,0
0,19.8168,0
0,19.8268,0
0,19.8369,0
0,19.847,0
0,19.8611,1
0,19.8719,1
0,19.8826,1
0,19.8936,0
0,19.9039,0
0,19.914,0
0,19.9241,0
0,19.9342,0
0,19.9449,0
0,19.9551,0
0,19.9652,0
0,19.9753,0
0,19.9854,0
0,19.9955,0
0,20.0056,0
0,20.0157,0
0,20.0258,0
0,20.0358,0
0,20.0459,0
0,20.056,0
0,20.066,0
0,20.0761,0
0,20.0862,0
0,20.0963,0
0,20.1063,0
0,20.1164,0
0,20.1265,0
0,20.1366,0
0,20.1467,0
0,20.1567,0
0,20.1668,0
0,20.1769,0
0,20.1869,0
0,20.197,0
0,20.2071,0
0,20.2172,0
0,20.2272,0
0,20.2373,0
0,20.2474,0
0,20.2575,0
0,20.2675,0
0,20.2776,0
0,20.2877,0
0,20.2977,0
0,20.3078,0
0,20.3179,0
0,20.3281,0
0,20.3382,0
0,20.3482,0
0,20.3583,1
0,20.3686,1
0,20.3793,1
0,20.3899,1
0,20.4,0
0,20.4101,0
0,20.4202,0
0,20.4303,0
0,20.4405,0
0,20.4506,0
0,20.4607,0
0,20.4708,0
0,20.4809,0
0,20.491,0
0,20.5018,0
0,20.5119,0
0,20.522,0
0,20.5321,0
0,20.5423,0
0,20.5524,0
0,20.5625,0
0,20.5726,0
0,20.5827,0
0,20.5928,0
0,20.6029,0
0,20.613,0
0,20.6231,0
0,20.6332,0
0,20.6434,0
0,20.6534,0
0,20.6635,0
0,20.6736,0
0,20.6837,0
0,20.6938,0
0,20.7039,0
0,20.714,0
0,20.7241,0
0,20.7341,0
0,20.7442,0
0,20.7543,0
0,20.7644,0
0,20.7744,0
0,20.7845,0
0,20.7946,0
0,20.8047,0
0,20.8147,0
0,20.8248,0
0,20.8349,0
0,20.845,0
0,20.855,0
0,20.8672,1
0,20.8809,1
0,20.891,0
0,20.902,0
0,20.9121,0
0,20.9222,0
0,20.9323,0
0,20.9424,0
0,20.9525,0
0,20.9639,0
0,20.974,0
0,20.9841,0
0,20.9942,0
0,21.0043,0
0,21.0144,0
0,21.0245,0
0,21.0345,0
0,21.0446,0
0,21.0547,0
0,21.0648,0
0,21.0749,0
0,21.0849,0
0,21.095,0
0,21.1051,0
0,21.1151,0
0,21.1252,0
0,21.1353,0
0,21.1454,0
0,21.1554,0
0,21.1655,0
0,21.1756,0
0,21.1857,0
0,21.1957,0
0,21.2061,0
0,21.2161,0
0,21.2262,0
0,21.2363,0
0,21.2463,0
0,21.2564,0
0,21.2665,0
0,21.2766,0
0,21.2866,0
0,21.2967,0
0,21.3068,0
0,21.3169,0
0,21.3269,0
0,21.337,0
0,21.3471,0
0,21.3572,0
0,21.3673,1
0,21.3775,1
0,21.391,1
0,21.4032,0
0,21.4133,0
0,21.4233,0
0,21.4334,0
0,21.4456,0
0,21.4557,0
0,21.4659,0
0,21.476,0
0,21.4861,0
0,21.4962,0
0,21.5063,0
0,21.5163,0
0,21.5264,0
0,21.5365,0
0,21.5466,0
0,21.5566,0
0,21.5667,0
0,21.5768,0
0,21.5869,0
0,21.597,0
0,21.6071,0
0,21.6172,0
0,21.6273,0
0,21.6373,0
0,21.6474,0
0,21.6575,0
0,21.6676,0
0,21.6776,0
0,21.6877,0
0,21.6978,0
0,21.7079,0
0,21.718,0
0,21.7281,0
0,21.7382,0
0,21.7483,0
0,21.7583,0
0,21.7684,0
0,21.7785,0
0,21.7886,0
0,21.7986,0
0,21.8087,0
0,21.8188,0
0,21.8289,0
0,21.8389,0
0,21.849,0
0,21.8591,0
0,21.8701,1
0,21.8802,1
0,21.8937,1
0,21.9038,0
0,21.9139,0
0,21.924,0
0,21.9341,0
0,21.9442,0
0,21.9543,0
0,21.9645,0
0,21.9769,0
0,21.987,0
0,21.9971,0
0,22.0072,0
0,22.0173,0
0,22.0274,0
0,22.0375,0
0,22.0476,0
0,22.0577,0
0,22.0677,0
0,22.0778,0
0,22.0879,0
0,22.098,0
0,22.108,0
0,22.1181,0
0,22.1282,0
0,22.1383,0
0,22.1483,0
0,22.1584,0
0,22.1685,0
0,22.1786,0
0,22.1886,0
0,22.1987,0
0,22.2088,0
0,22.2189,0
0,22.229,0
0,22.2391,0
0,22.2492,0
0,22.2593,0
0,22.2694,0
0,22.2794,0
0,22.2895,0
0,22.2996,0
0,22.3097,0
0,22.3197,0
0,22.3298,0
0,22.3399,0
0,22.35,0
0,22.36,0
0,22.3705,1
0,22.3811,1
0,22.3913,1
0,22.4018,0
0,22.4119,0
0,22.422,0
0,22.4321,0
0,22.4422,0
0,22.4523,0
0,22.463,0
0,22.4731,0
0,22.4832,0
0,22.4935,0
0,22.5068,0
0,22.5169,0
0,22.527,0
0,22.5371,0
0,22.5472,0
0,22.5572,0
0,22.5673,0
0,22.5774,0
0,22.5875,0
0,22.5975,0
0,22.6076,0
0,22.6177,0
0,22.6278,0
0,22.6378,0
0,22.6479,0
0,22.658,0
0,22.6681,0
0,22.6781,0
0,22.6882,0
0,22.6983,0
0,22.7084,0
0,22.7185,0
0,22.7286,0
0,22.7386,0
0,22.7487,0
0,22.7588,0
0,22.7689,0
0,22.7789,0
0,22.789,0
0,22.7991,0
0,22.8092,0
0,22.8192,0
0,22.8293,0
0,22.8394,0
0,22.8495,0
0,22.8596,0
0,22.8731,1
0,22.8832,1
0,22.894,1
0,22.9072,1
0,22.9209,0
0,22.931,0
0,22.9411,0
0,22.9512,0
0,22.963,0
0,22.9731,0
0,22.9832,0
0,22.9934,0
0,23.0035,0
0,23.0136,0
0,23.0236,0
0,23.0337,0
0,23.0438,0
0,23.0539,0
0,23.0639,0
0,23.074,0
0,23.0841,0
0,23.0942,0
0,23.1049,0
0,23.115,0
0,23.125,0
0,23.1351,0
0,23.1452,0
0,23.1553,0
0,23.1653,0
0,23.1754,0
0,23.1855,0
0,23.1956,0
0,23.2056,0
0,23.2157,0
0,23.2258,0
0,23.2359,0
0,23.2459,0
0,23.256,0
0,23.2661,0
0,23.2761,0
0,23.2862,0
0,23.2963,0
0,23.3064,0
0,23.3164,0
0,23.3265,0
0,23.3366,0
0,23.3466,0
0,23.3567,0
0,23.3668,0
0,23.3776,1
0,23.3879,1
0,23.3984,1
0,23.4101,0
0,23.4202,0
0,23.4303,0
0,23.4404,0
0,23.4505,0
0,23.4606,0
0,23.4707,0
0,23.4808,0
0,23.4929,0
0,23.503,0
0,23.5131,0
0,23.5232,0
0,23.5333,0
0,23.5433,0
0,23.5534,0
0,23.5635,0
0,23.5736,0
0,23.5836,0
0,23.5937,0
0,23.6038,0
0,23.6139,0
0,23.6239,0
0,23.634,0
0,23.6441,0
0,23.6542,0
0,23.6642,0
0,23.6743,0
0,23.6844,0
0,23.6945,0
0,23.7045,0
0,23.7146,0
0,23.7247,0
0,23.7348,0
0,23.7449,0
0,23.755,0
0,23.7651,0
0,23.7751,0
0,23.7852,0
0,23.7953,0
0,23.8053,0
0,23.8154,0
0,23.8255,0
0,23.8355,0
0,23.8456,0
0,23.8557,0
0,23.8658,0
0,23.8759,1
0,23.8878,1
0,23.8978,1
0,23.9079,0
0,23.9179,0
0,23.928,0
0,23.9381,0
0,23.9482,0
0,23.9583,0
0,23.9685,0
0,23.9787,0
0,23.9887,0
0,23.9989,0
0,24.009,0
0,24.0191,0
0,24.0292,0
0,24.0393,0
0,24.0494,0
0,24.0595,0
0,24.0695,0
0,24.0796,0
0,24.0897,0
0,24.0998,0
0,24.1106,0
0,24.1207,0
0,24.1308,0
0,24.1408,0
0,24.1509,0
0,24.161,0
0,24.171,0
0,24.1811,0
0,24.1912,0
0,24.2013,0
0,24.2113,0
0,24.2214,0
0,24.2315,0
0,24.2415,0
0,24.2516,0
0,24.2617,0
0,24.2718,0
0,24.2818,0
0,24.2919,0
0,24.302,0
0,24.3121,0
0,24.3221,0
0,24.3322,0
0,24.3423,0
0,24.3524,0
0,24.3624,0
0,24.3725,0
0,24.3836,1
0,24.3937,1
0,24.4038,1
0,24.4139,0
0,24.424,0
0,24.4341,0
0,24.4442,0
0,24.4543,0
0,24.4645,0
0,24.4746,0
0,24.4847,0
0,24.4949,0
0,24.5052,0
0,24.5161,0
0,24.5262,0
0,24.5363,0
0,24.5464,0
0,24.5565,0
0,24.5667,0
0,24.5767,0
0,24.5868,0
0,24.5969,0
0,24.6069,0
0,24.617,0
0,24.6271,0
0,24.6372,0
0,24.6472,0
0,24.6573,0
0,24.6674,0
0,24.6775,0
0,24.6875,0
0,24.6976,0
0,24.7077,0
0,24.7178,0
0,24.7278,0
0,24.7379,0
0,24.7482,0
0,24.7583,0
0,24.7684,0
0,24.7784,0
0,24.7885,0
0,24.7986,0
0,24.8087,0
0,24.8187,0
0,24.8288,0
0,24.8389,0
0,24.8489,0
0,24.859,0
0,24.8691,0
0,24.8792,0
0,24.8904,1
0,24.9005,1
0,24.9131,0
0,24.9281,0
0,24.9382,0
0,24.9483,0
0,24.9584,0
0,24.9727,0
0,24.9829,0
0,24.993,0
0,25.0031,0
0,25.0133,0
0,25.0234,0
0,25.0335,0
0,25.0435,0
0,25.0536,0
0,25.0637,0
0,25.0737,0
0,25.0838,0
0,25.0939,0
0,25.104,0
0,25.1141,0
0,25.1242,0
0,25.1343,0
0,25.1444,0
0,25.1544,0
0,25.1645,0
0,25.1746,0
0,25.1846,0
0,25.1947,0
0,25.2048,0
0,25.2149,0
0,25.2249,0
0,25.235,0
0,25.2451,0
0,25.2552,0
0,25.2653,0
0,25.2753,0
0,25.2854,0
0,25.2955,0
0,25.3055,0
0,25.3156,0
0,25.3257,0
0,25.3358,0
0,25.3458,0
0,25.3559,0
0,25.366,0
0,25.3761,0
0,25.3862,1
0,25.3998,1
0,25.4099,1
0,25.4199,0
0,25.4301,0
0,25.4402,0
0,25.4502,0
0,25.4603,0
0,25.4704,0
0,25.484,0
0,25.4941,0
0,25.5042,0
0,25.5143,0
0,25.5244,0
0,25.5345,0
0,25.5447,0
0,25.5548,0
0,25.5649,0
0,25.575,0
0,25.5851,0
0,25.5952,0
0,25.6054,0
0,25.6154,0
0,25.6255,0
0,25.6356,0
0,25.6457,0
0,25.6557,0
0,25.6658,0
0,25.6759,0
0,25.686,0
0,25.696,0
0,25.7061,0
0,25.7162,0
0,25.7263,0
0,25.7363,0
0,25.7464,0
0,25.7565,0
0,25.7667,0
0,25.7768,0
0,25.7869,0
0,25.797,0
0,25.807,0
0,25.8171,0
0,25.8272,0
0,25.8373,0
0,25.8473,0
0,25.8574,0
0,25.8675,0
0,25.8776,0
0,25.8889,1
0,25.8992,1
0,25.9106,1
0,25.926,0
0,25.9361,0
0,25.9462,0
0,25.9563,0
0,25.9667,0
0,25.9767,0
0,25.9868,0
0,25.9969,0
0,26.0071,0
0,26.0171,0
0,26.0272,0
0,26.0373,0
0,26.0474,0
0,26.0575,0
0,26.0675,0
0,26.0776,0
0,26.0877,0
0,26.0978,0
0,26.1078,0
0,26.1179,0
0,26.128,0
0,26.1381,0
0,26.1481,0
0,26.1582,0
0,26.1683,0
0,26.1783,0
0,26.1884,0
0,26.1985,0
0,26.2086,0
0,26.2186,0
0,26.2287,0
0,26.2388,0
0,26.2489,0
0,26.2589,0
0,26.269,0
0,26.2791,0
0,26.2892,0
0,26.2993,0
0,26.3093,0
0,26.3194,0
0,26.3295,0
0,26.3396,0
0,26.3496,0
0,26.3597,0
0,26.3698,0
0,26.3798,0
0,26.3916,1
0,26.4021,1
0,26.4122,1
0,26.4223,0
0,26.4324,0
0,26.4427,0
0,26.4527,0
0,26.4629,0
0,26.4738,0
0,26.484,0
0,26.4943,0
0,26.5044,0
0,26.5145,0
0,26.5249,0
0,26.535,0
0,26.5451,0
0,26.5552,0
0,26.5653,0
0,26.5753,0
0,26.5854,0
0,26.5955,0
0,26.6056,0
0,26.6157,0
0,26.6258,0
0,26.6359,0
0,26.646,0
0,26.6561,0
0,26.6661,0
0,26.6762,0
0,26.6863,0
0,26.6963,0
0,26.7064,0
0,26.7165,0
0,26.7266,0
0,26.7367,0
0,26.7467,0
0,26.7568,0
0,26.7669,0
0,26.7771,0
0,26.7872,0
0,26.7973,0
0,26.8074,0
0,26.8174,0
0,26.8275,0
0,26.8376,0
0,26.8477,0
0,26.8577,0
0,26.8678,0
0,26.8779,0
0,26.888,0
0,26.8996,1
0,26.9097,1
0,26.9198,1
0,26.9302,0
0,26.9403,0
0,26.9505,0
0,26.9606,0
0,26.9707,0
0,26.9808,0
0,26.9909,0
0,27.001,0
0,27.0111,0
0,27.0212,0
0,27.0314,0
0,27.0415,0
0,27.0516,0
0,27.0617,0
0,27.0717,0
0,27.0818,0
0,27.0919,0
0,27.1019,0
0,27.112,0
0,27.1221,0
0,27.1322,0
0,27.1423,0
0,27.1523,0
0,27.1624,0
0,27.1725,0
0,27.1826,0
0,27.1926,0
0,27.2027,0
0,27.2128,0
0,27.2228,0
0,27.2329,0
0,27.243,0
0,27.2531,0
0,27.2631,0
0,27.2732,0
0,27.2833,0
0,27.2934,0
0,27.3034,0
0,27.3135,0
0,27.3236,0
0,27.3337,0
0,27.3437,0
0,27.3538,0
0,27.3639,0
0,27.374,0
0,27.384,0
0,27.3948,1
0,27.4087,1
0,27.421,1
0,27.4317,1
0,27.4478,0
0,27.4611,0
0,27.4712,0
0,27.4812,0
0,27.4914,0
0,27.5015,0
0,27.5116,0
0,27.5217,0
0,27.5318,0
0,27.5419,0
0,27.552,0
0,27.5621,0
0,27.5722,0
0,27.5823,0
0,27.5923,0
0,27.6024,0
0,27.6125,0
0,27.6226,0
0,27.6326,0
0,27.6427,0
0,27.6528,0
0,27.6629,0
0,27.673,0
0,27.683,0
0,27.6931,0
0,27.7032,0
0,27.7133,0
0,27.7233,0
0,27.7334,0
0,27.7435,0
0,27.7536,0
0,27.7636,0
0,27.7737,0
0,27.7838,0
0,27.7939,0
0,27.804,0
0,27.8141,0
0,27.8242,0
0,27.8342,0
0,27.8443,0
0,27.8544,0
0,27.8645,0
0,27.8745,0
0,27.8846,0
0,27.8948,0
0,27.9049,1
0,27.9169,1
0,27.927,1
0,27.9454,0
0,27.9594,0
0,27.9698,0
0,27.9799,0
0,27.99,0
0,28.0001,0
0,28.0102,0
0,28.0205,0
0,28.0306,0
0,28.0407,0
0,28.0508,0
0,28.0609,0
0,28.0709,0
0,28.081,0
0,28.0911,0
0,28.1012,0
0,28.1112,0
0,28.1213,0
0,28.1314,0
0,28.1415,0
0,28.1515,0
0,28.1616,0
0,28.1717,0
0,28.1818,0
0,28.1918,0
0,28.2019,0
0,28.212,0
0,28.2221,0
0,28.2322,0
0,28.2422,0
0,28.2523,0
0,28.2624,0
0,28.2725,0
0,28.2826,0
0,28.2926,0
0,28.3027,0
0,28.3128,0
0,28.3229,0
0,28.333,0
0,28.343,0
0,28.3531,0
0,28.3632,0
0,28.3733,0
0,28.3834,0
0,28.3934,0
0,28.4038,1
0,28.4139,1
0,28.4244,1
0,28.435,0
0,28.4459,0
0,28.456,0
0,28.4661,0
0,28.4762,0
0,28.4863,0
0,28.4964,0
0,28.5065,0
0,28.5166,0
0,28.5267,0
0,28.5368,0
0,28.5469,0
0,28.557,0
0,28.5671,0
0,28.5771,0
0,28.5872,0
0,28.5973,0
0,28.6074,0
0,28.6174,0
0,28.6275,0
0,28.6376,0
0,28.6477,0
0,28.6577,0
0,28.6678,0
0,28.6779,0
0,28.688,0
0,28.698,0
0,28.7081,0
0,28.7182,0
0,28.7283,0
0,28.7383,0
0,28.7484,0
0,28.7585,0
0,28.7686,0
0,28.7786,0
0,28.7887,0
0,28.7988,0
0,28.8089,0
0,28.8191,0
0,28.8291,0
0,28.8392,0
0,28.8494,0
0,28.8594,0
0,28.8695,0
0,28.8796,0
0,28.8897,0
0,28.8997,0
0,28.9102,1
0,28.921,1
0,28.9311,1
0,28.9411,0
0,28.9521,0
0,28.9622,0
0,28.9723,0
0,28.9824,0
0,28.9925,0
0,29.0026,0
0,29.0127,0
0,29.0231,0
0,29.0332,0
0,29.0433,0
0,29.0534,0
0,29.0635,0
0,29.0736,0
0,29.0836,0
0,29.0937,0
0,29.1038,0
0,29.1138,0
0,29.1239,0
0,29.134,0
0,29.1441,0
0,29.1542,0
0,29.1642,0
0,29.1743,0
0,29.1844,0
0,29.1944,0
0,29.2045,0
0,29.2146,0
0,29.2247,0
0,29.2347,0
0,29.2448,0
0,29.2549,0
0,29.265,0
0,29.275,0
0,29.2851,0
0,29.2952,0
0,29.3052,0
0,29.3153,0
0,29.3254,0
0,29.3355,0
0,29.3456,0
0,29.3556,0
0,29.3657,0
0,29.3758,0
0,29.3858,0
0,29.3959,0
0,29.4061,1
0,29.4162,1
0,29.4263,1
0,29.4383,0
0,29.4484,0
0,29.4585,0
0,29.4686,0
0,29.4787,0
0,29.4889,0
0,29.4991,0
0,29.5092,0
0,29.5193,0
0,29.5294,0
0,29.5395,0
0,29.5496,0
0,29.5597,0
0,29.5698,0
0,29.5799,0
0,29.59,0
0,29.6001,0
0,29.6102,0
0,29.6202,0
0,29.6303,0
0,29.6404,0
0,29.6505,0
0,29.6606,0
0,29.6707,0
0,29.6808,0
0,29.6909,0
0,29.701,0
0,29.711,0
0,29.7211,0
0,29.7312,0
0,29.7413,0
0,29.7514,0
0,29.7615,0
0,29.7716,0
0,29.7816,0
0,29.7917,0
0,29.8018,0
0,29.8119,0
0,29.822,0
0,29.8321,0
0,29.8423,0
0,29.8523,0
0,29.8624,0
0,29.8725,0
0,29.8826,0
0,29.8927,0
0,29.9028,0
0,29.9156,1
0,29.9257,1
0,29.9359,1
0,29.946,0
0,29.9566,0
0,29.9669,0
0,29.9769,0
0,29.987,0
0,29.9971,0
0,30.0074,0
0,30.0175,0
0,30.0277,0
0,30.0378,0
0,30.0479,0
0,30.058,0
0,30.0681,0
0,30.0782,0
0,30.0883,0
0,30.0984,0
0,30.1084,0
0,30.1185,0
0,30.1286,0
0,30.1387,0
0,30.1488,0
0,30.1588,0
0,30.1689,0
0,30.179,0
0,30.189,0
0,30.1991,0
0,30.2092,0
0,30.2193,0
0,30.2293,0
0,30.2394,0
0,30.2495,0
0,30.2595,0
0,30.2696,0
0,30.2797,0
0,30.2898,0
0,30.2998,0
0,30.3099,0
0,30.32,0
0,30.3301,0
0,30.3402,0
0,30.3502,0
0,30.3603,0
0,30.3704,0
0,30.3805,0
0,30.3905,0
0,30.4006,0
0,30.4107,1
0,30.4208,1
0,30.4344,1
0,30.4454,0
0,30.4555,0
0,30.4656,0
0,30.4757,0
0,30.4858,0
0,30.498,0
0,30.5081,0
0,30.5183,0
0,30.5283,0
0,30.5385,0
0,30.5486,0
0,30.5609,0
0,30.571,0
0,30.5811,0
0,30.5929,0
0,30.6031,0
0,30.6139,0
0,30.6239,0
0,30.634,0
0,30.6441,0
0,30.6542,0
0,30.6643,0
0,30.6744,0
0,30.6844,0
0,30.6945,0
0,30.7046,0
0,30.7146,0
0,30.7247,0
0,30.7348,0
0,30.7449,0
0,30.755,0
0,30.765,0
0,30.7751,0
0,30.7852,0
0,30.7952,0
0,30.8053,0
0,30.8154,0
0,30.8255,0
0,30.8356,0
0,30.8457,0
0,30.8558,0
0,30.8658,0
0,30.8759,0
0,30.886,0
0,30.8961,0
0,30.9061,0
0,30.9175,1
0,30.9278,1
0,30.9379,1
0,30.9512,0
0,30.9625,0
0,30.9727,0
0,30.9828,0
0,30.9942,0
0,31.0044,0
0,31.0145,0
0,31.0247,0
0,31.0348,0
0,31.0449,0
0,31.0551,0
0,31.0651,0
0,31.0752,0
0,31.0853,0
0,31.0954,0
0,31.1055,0
0,31.1155,0
0,31.1256,0
0,31.1357,0
0,31.1458,0
0,31.1558,0
0,31.1659,0
0,31.176,0
0,31.186,0
0,31.1961,0
0,31.2062,0
0,31.2163,0
0,31.2263,0
0,31.2364,0
0,31.2465,0
0,31.2566,0
0,31.2667,0
0,31.2768,0
0,31.2868,0
0,31.2969,0
0,31.307,0
0,31.317,0
0,31.3271,0
0,31.3372,0
0,31.3473,0
0,31.3573,0
0,31.3674,0
0,31.3775,0
0,31.3876,0
0,31.3976,0
0,31.4077,0
0,31.4192,1
0,31.4293,1
0,31.4395,1
0,31.4526,0
0,31.4642,0
0,31.4743,0
0,31.4844,0
0,31.4945,0
0,31.5047,0
0,31.5148,0
0,31.5249,0
0,31.535,0
0,31.5451,0
0,31.5552,0
0,31.5653,0
0,31.5754,0
0,31.5855,0
0,31.5955,0
0,31.6056,0
0,31.6157,0
0,31.6258,0
0,31.6359,0
0,31.646,0
0,31.6561,0
0,31.6661,0
0,31.6762,0
0,31.6863,0
0,31.6963,0
0,31.7064,0
0,31.7165,0
0,31.7266,0
0,31.7366,0
0,31.7467,0
0,31.7568,0
0,31.7669,0
0,31.777,0
0,31.787,0
0,31.7971,0
0,31.8072,0
0,31.8173,0
0,31.8273,0
0,31.8374,0
0,31.8475,0
0,31.8576,0
0,31.8677,0
0,31.8778,0
0,31.8878,0
0,31.8979,0
0,31.908,0
0,31.9184,1
0,31.929,1
0,31.9391,1
0,31.9506,0
0,31.9607,0
0,31.9709,0
0,31.981,0
0,31.9911,0
0,32.0026,0
0,32.0128,0
0,32.023,0
0,32.0331,0
0,32.0432,0
0,32.0533,0
0,32.0634,0
0,32.0734,0
0,32.0835,0
0,32.0936,0
0,32.1037,0
0,32.1138,0
0,32.1238,0
0,32.1339,0
0,32.144,0
0,32.1541,0
0,32.1641,0
0,32.1742,0
0,32.1843,0
0,32.1944,0
0,32.2044,0
0,32.2145,0
0,32.2246,0
0,32.2347,0
0,32.2447,0
0,32.2548,0
0,32.2649,0
0,32.2749,0
0,32.285,0
0,32.2951,0
0,32.3052,0
0,32.3152,0
0,32.3253,0
0,32.3354,0
0,32.3455,0
0,32.3556,0
0,32.3656,0
0,32.3757,0
0,32.3858,0
0,32.3959,0
0,32.4059,0
0,32.416,0
0,32.4271,1
0,32.4375,1
0,32.4476,1
0,32.4583,0
0,32.4684,0
0,32.4785,0
0,32.4886,0
0,32.4989,0
0,32.509,0
0,32.5192,0
0,32.5294,0
0,32.5395,0
0,32.5496,0
0,32.5597,0
0,32.5697,0
0,32.5798,0
0,32.5899,0
0,32.6,0
0,32.61,0
0,32.6201,0
0,32.6302,0
0,32.6403,0
0,32.6503,0
0,32.6604,0
0,32.6705,0
0,32.6806,0
0,32.6906,0
0,32.7007,0
0,32.7108,0
0,32.7209,0
0,32.7309,0
0,32.741,0
0,32.7511,0
0,32.7612,0
0,32.7713,0
0,32.7813,0
0,32.7914,0
0,32.8015,0
0,32.8115,0
0,32.8216,0
0,32.8317,0
0,32.8418,0
0,32.8518,0
0,32.8619,0
0,32.872,0
0,32.8821,0
0,32.8922,0
0,32.9023,0
0,32.9124,0
0,32.9224,1
0,32.9325,1
0,32.9446,1
0,32.9551,0
0,32.9676,0
0,32.978,0
0,32.9881,0
0,32.9983,0
0,33.0084,0
0,33.0185,0
0,33.029,0
0,33.0391,0
0,33.0492,0
0,33.0593,0
0,33.0694,0
0,33.0795,0
0,33.0895,0
0,33.0996,0
0,33.1097,0
0,33.1198,0
0,33.1298,0
0,33.1399,0
0,33.15,0
0,33.1601,0
0,33.1702,0
0,33.1802,0
0,33.1903,0
0,33.2004,0
0,33.2105,0
0,33.2205,0
0,33.2306,0
0,33.2407,0
0,33.2508,0
0,33.2609,0
0,33.2709,0
0,33.281,0
0,33.2911,0
0,33.3011,0
0,33.3112,0
0,33.3213,0
0,33.3314,0
0,33.3414,0
0,33.3515,0
0,33.3616,0
0,33.3717,0
0,33.3818,0
0,33.3919,0
0,33.4019,0
0,33.412,0
0,33.4221,0
0,33.4322,1
0,33.4423,1
0,33.4523,1
0,33.4628,0
0,33.4729,0
0,33.4841,0
0,33.4958,0
0,33.5065,0
0,33.5166,0
0,33.5268,0
0,33.5369,0
0,33.547,0
0,33.5571,0
0,33.5673,0
0,33.5774,0
0,33.5874,0
0,33.5975,0
0,33.6076,0
0,33.6177,0
0,33.6278,0
0,33.6379,0
0,33.648,0
0,33.6581,0
0,33.6681,0
0,33.6782,0
0,33.6883,0
0,33.6984,0
0,33.7084,0
0,33.7185,0
0,33.7286,0
0,33.7387,0
0,33.7487,0
0,33.7588,0
0,33.7689,0
0,33.779,0
0,33.7891,0
0,33.7991,0
0,33.8092,0
0,33.8193,0
0,33.8294,0
0,33.8394,0
0,33.8495,0
0,33.8596,0
0,33.8697,0
0,33.8797,0
0,33.8898,0
0,33.8999,0
0,33.91,0
0,33.9201,0
0,33.9302,1
0,33.9403,1
0,33.9504,1
0,33.9623,0
0,33.9724,0
0,33.9824,0
0,33.9925,0
0,34.0026,0
0,34.0127,0
0,34.0229,0
0,34.033,0
0,34.0431,0
0,34.0532,0
0,34.0633,0
0,34.0737,0
0,34.0837,0
0,34.0938,0
0,34.1039,0
0,34.114,0
0,34.1241,0
0,34.1342,0
0,34.1442,0
0,34.1543,0
0,34.1644,0
0,34.1745,0
0,34.1845,0
0,34.1946,0
0,34.2047,0
0,34.2148,0
0,34.2248,0
0,34.2349,0
0,34.245,0
0,34.2551,0
0,34.2651,0
0,34.2752,0
0,34.2853,0
0,34.2954,0
0,34.3055,0
0,34.3155,0
0,34.3256,0
0,34.3357,0
0,34.3458,0
0,34.3558,0
0,34.3659,0
0,34.376,0
0,34.3861,0
0,34.3961,0
0,34.4062,0
0,34.4163,0
0,34.4264,0
0,34.4365,1
0,34.4466,1
0,34.4567,1
0,34.4674,1
0,34.4785,1
0,34.491,0
0,34.5011,0
0,34.5111,0
0,34.5212,0
0,34.5314,0
0,34.5415,0
0,34.5517,0
0,34.5618,0
0,34.5719,0
0,34.582,0
0,34.592,0
0,34.6021,0
0,34.6122,0
0,34.6223,0
0,34.6324,0
0,34.6424,0
0,34.6525,0
0,34.6626,0
0,34.6727,0
0,34.6827,0
0,34.6928,0
0,34.7029,0
0,34.7129,0
0,34.723,0
0,34.7331,0
0,34.7432,0
0,34.7533,0
0,34.7633,0
0,34.7734,0
0,34.7835,0
0,34.7935,0
0,34.8036,0
0,34.8137,0
0,34.8238,0
0,34.8338,0
0,34.8439,0
0,34.854,0
0,34.8641,0
0,34.8741,0
0,34.8842,0
0,34.8943,0
0,34.9044,0
0,34.9145,0
0,34.9246,0
0,34.9347,0
0,34.9448,1
0,34.9551,1
0,34.9652,1
0,34.9775,1
0,34.9943,0
0,35.0082,0
0,35.0199,0
0,35.03,0
0,35.0401,0
0,35.0505,0
0,35.0606,0
0,35.0708,0
0,35.0809,0
0,35.091,0
0,35.1011,0
0,35.1112,0
0,35.1213,0
0,35.1314,0
0,35.1415,0
0,35.1515,0
0,35.1616,0
0,35.1717,0
0,35.1818,0
0,35.1918,0
0,35.2019,0
0,35.212,0
0,35.2221,0
0,35.2321,0
0,35.2422,0
0,35.2523,0
0,35.2623,0
0,35.2724,0
0,35.2825,0
0,35.2926,0
0,35.3026,0
0,35.3127,0
0,35.3228,0
0,35.3329,0
0,35.3429,0
0,35.353,0
0,35.3631,0
0,35.3732,0
0,35.3832,0
0,35.3933,0
0,35.4034,0
0,35.4135,0
0,35.4236,0
0,35.4337,0
0,35.4449,1
0,35.455,1
0,35.4651,1
0,35.481,0
0,35.4911,0
0,35.5012,0
0,35.5112,0
0,35.5213,0
0,35.5315,0
0,35.544,0
0,35.5554,0
0,35.5657,0
0,35.5811,0
0,35.593,0
0,35.6046,0
0,35.6147,0
0,35.6249,0
0,35.635,0
0,35.6451,0
0,35.6551,0
0,35.6652,0
0,35.6753,0
0,35.6854,0
0,35.6954,0
0,35.7055,0
0,35.7156,0
0,35.7257,0
0,35.7358,0
0,35.7458,0
0,35.7559,0
0,35.766,0
0,35.7771,0
0,35.7871,0
0,35.7972,0
0,35.8073,0
0,35.8174,0
0,35.8274,0
0,35.8375,0
0,35.8476,0
0,35.8576,0
0,35.8677,0
0,35.8778,0
0,35.8879,0
0,35.898,0
0,35.908,0
0,35.9181,0
0,35.9282,0
0,35.9383,0
0,35.949,1
0,35.9592,1
0,35.9693,1
0,35.9846,1
0,35.995,0
0,36.0058,0
0,36.0159,0
0,36.026,0
0,36.0361,0
0,36.0463,0
0,36.0564,0
0,36.0666,0
0,36.0767,0
0,36.0868,0
0,36.0969,0
0,36.1069,0
0,36.117,0
0,36.1271,0
0,36.1371,0
0,36.1473,0
0,36.1573,0
0,36.1674,0
0,36.1779,0
0,36.188,0
0,36.1981,0
0,36.2082,0
0,36.2183,0
0,36.2283,0
0,36.2384,0
0,36.2485,0
0,36.2585,0
0,36.2686,0
0,36.2787,0
0,36.2888,0
0,36.2988,0
0,36.3089,0
0,36.319,0
0,36.3291,0
0,36.3391,0
0,36.3492,0
0,36.3593,0
0,36.3694,0
0,36.3794,0
0,36.3895,0
0,36.3996,0
0,36.4097,0
0,36.4198,0
0,36.4298,0
0,36.4399,0
0,36.45,1
0,36.4601,1
0,36.4706,1
0,36.4806,1
0,36.4917,0
0,36.5018,0
0,36.5119,0
0,36.5221,0
0,36.5322,0
0,36.5449,0
0,36.555,0
0,36.5652,0
0,36.5753,0
0,36.5854,0
0,36.5955,0
0,36.6055,0
0,36.6156,0
0,36.6257,0
0,36.6358,0
0,36.6465,0
0,36.6566,0
0,36.6666,0
0,36.6767,0
0,36.6868,0
0,36.6969,0
0,36.7069,0
0,36.717,0
0,36.7271,0
0,36.7371,0
0,36.7472,0
0,36.7573,0
0,36.7674,0
0,36.7774,0
0,36.7875,0
0,36.7976,0
0,36.8077,0
0,36.8177,0
0,36.8278,0
0,36.8379,0
0,36.848,0
0,36.858,0
0,36.8681,0
0,36.8782,0
0,36.8882,0
0,36.8983,0
0,36.9084,0
0,36.9185,0
0,36.9286,0
0,36.9386,0
0,36.9489,1
0,36.9608,1
0,36.9716,1
0,36.9829,1
0,36.9955,0
0,37.0056,0
0,37.0157,0
0,37.0284,0
0,37.0393,0
0,37.0494,0
0,37.0596,0
0,37.0697,0
0,37.0798,0
0,37.0899,0
0,37.1,0
0,37.1101,0
0,37.1201,0
0,37.1302,0
0,37.1403,0
0,37.1507,0
0,37.1608,0
0,37.1709,0
0,37.1812,0
0,37.1913,0
0,37.2014,0
0,37.2115,0
0,37.2215,0
0,37.2316,0
0,37.2417,0
0,37.2518,0
0,37.2619,0
0,37.2719,0
0,37.282,0
0,37.2921,0
0,37.3022,0
0,37.3122,0
0,37.3223,0
0,37.3324,0
0,37.3425,0
0,37.3525,0
0,37.3626,0
0,37.3727,0
0,37.3828,0
0,37.3928,0
0,37.4029,0
0,37.413,0
0,37.423,0
0,37.4331,0
0,37.4432,0
0,37.4533,1
0,37.4644,1
0,37.4745,1
0,37.4877,0
0,37.4978,0
0,37.5079,0
0,37.518,0
0,37.5282,0
0,37.5386,0
0,37.5489,0
0,37.559,0
0,37.5691,0
0,37.5792,0
0,37.5893,0
0,37.5995,0
0,37.6096,0
0,37.6196,0
0,37.6297,0
0,37.6398,0
0,37.6499,0
0,37.6599,0
0,37.67,0
0,37.6801,0
0,37.6902,0
0,37.7002,0
0,37.7103,0
0,37.7204,0
0,37.7305,0
0,37.7405,0
0,37.7506,0
0,37.7607,0
0,37.7708,0
0,37.7808,0
0,37.7909,0
0,37.801,0
0,37.8111,0
0,37.8211,0
0,37.8312,0
0,37.8413,0
0,37.8514,0
0,37.8615,0
0,37.8715,0
0,37.8816,0
0,37.8917,0
0,37.9018,0
0,37.9119,0
0,37.9219,0
0,37.932,0
0,37.9421,0
0,37.9524,1
0,37.9634,1
0,37.9735,1
0,37.987,1
0,38.0043,0
0,38.017,0
0,38.0271,0
0,38.0372,0
0,38.0473,0
0,38.0574,0
0,38.0675,0
0,38.0776,0
0,38.0877,0
0,38.0978,0
0,38.1079,0
0,38.118,0
0,38.1281,0
0,38.1381,0
0,38.1482,0
0,38.1583,0
0,38.1684,0
0,38.1785,0
0,38.1888,0
0,38.1989,0
0,38.209,0
0,38.219,0
0,38.2291,0
0,38.2392,0
0,38.2493,0
0,38.2593,0
0,38.2694,0
0,38.2795,0
0,38.2896,0
0,38.2996,0
0,38.3097,0
0,38.3198,0
0,38.3299,0
0,38.3399,0
0,38.35,0
0,38.3601,0
0,38.3702,0
0,38.3802,0
0,38.3903,0
0,38.4004,0
0,38.4105,0
0,38.4206,0
0,38.4306,0
0,38.4407,0
0,38.4508,0
0,38.462,1
0,38.4726,1
0,38.483,1
0,38.4935,1
0,38.5036,0
0,38.5144,0
0,38.5245,0
0,38.5347,0
0,38.5449,0
0,38.5552,0
0,38.5654,0
0,38.5755,0
0,38.5856,0
0,38.5957,0
0,38.6058,0
0,38.6158,0
0,38.6259,0
0,38.636,0
0,38.6461,0
0,38.6561,0
0,38.667,0
0,38.677,0
0,38.6871,0
0,38.6972,0
0,38.7073,0
0,38.7173,0
0,38.7274,0
0,38.7375,0
0,38.7476,0
0,38.7576,0
0,38.7677,0
0,38.7778,0
0,38.7879,0
0,38.7979,0
0,38.808,0
0,38.8181,0
0,38.8282,0
0,38.8382,0
0,38.8483,0
0,38.8584,0
0,38.8685,0
0,38.8785,0
0,38.8886,0
0,38.8987,0
0,38.9088,0
0,38.9188,0
0,38.9289,0
0,38.939,0
0,38.949,0
0,38.9591,0
0,38.9714,1
0,38.9815,1
0,38.9926,1
0,39.0077,0
0,39.0194,0
0,39.0304,0
0,39.0409,0
0,39.0511,0
0,39.0617,0
0,39.072,0
0,39.0821,0
0,39.0922,0
0,39.1023,0
0,39.1124,0
0,39.1225,0
0,39.1326,0
0,39.1426,0
0,39.1527,0
0,39.1628,0
0,39.1729,0
0,39.183,0
0,39.193,0
0,39.2031,0
0,39.2132,0
0,39.2233,0
0,39.2334,0
0,39.2434,0
0,39.2535,0
0,39.2636,0
0,39.2736,0
0,39.2837,0
0,39.2938,0
0,39.3039,0
0,39.314,0
0,39.324,0
0,39.3341,0
0,39.3442,0
0,39.3543,0
0,39.3643,0
0,39.3744,0
0,39.3845,0
0,39.3946,0
0,39.4046,0
0,39.4147,0
0,39.4248,0
0,39.4348,0
0,39.4449,0
0,39.455,0
0,39.4651,0
0,39.4751,1
0,39.4862,1
0,39.4963,1
0,39.5079,0
0,39.5179,0
0,39.528,0
0,39.5382,0
0,39.5483,0
0,39.5584,0
0,39.5686,0
0,39.5787,0
0,39.5889,0
0,39.5992,0
0,39.6093,0
0,39.6193,0
0,39.6294,0
0,39.6395,0
0,39.6498,0
0,39.6598,0
0,39.6699,0
0,39.68,0
0,39.6901,0
0,39.7003,0
0,39.7104,0
0,39.7205,0
0,39.7306,0
0,39.7406,0
0,39.7507,0
0,39.7608,0
0,39.7709,0
0,39.7809,0
0,39.791,0
0,39.8011,0
0,39.8112,0
0,39.8212,0
0,39.8313,0
0,39.8414,0
0,39.8515,0
0,39.8615,0
0,39.8716,0
0,39.8817,0
0,39.8918,0
0,39.9018,0
0,39.9119,0
0,39.922,0
0,39.9321,0
0,39.9422,0
0,39.9522,0
0,39.9623,0
0,39.9729,1
0,39.9833,1
0,39.9934,1
0,40.0035,1
0,40.0136,0
0,40.0237,0
0,40.0338,0
0,40.0439,0
0,40.0541,0
0,40.065,0
0,40.0779,0
0,40.088,0
0,40.0991,0
0,40.1093,0
0,40.1194,0
0,40.1295,0
0,40.1396,0
0,40.1497,0
0,40.1598,0
0,40.1699,0
0,40.1799,0
0,40.19,0
0,40.2007,0
0,40.2108,0
0,40.2209,0
0,40.231,0
0,40.241,0
0,40.2511,0
0,40.2612,0
0,40.2713,0
0,40.2814,0
0,40.2914,0
0,40.3015,0
0,40.3116,0
0,40.3217,0
0,40.3317,0
0,40.3418,0
0,40.3519,0
0,40.362,0
0,40.3721,0
0,40.3821,0
0,40.3922,0
0,40.4023,0
0,40.4124,0
0,40.4224,0
0,40.4325,0
0,40.4426,0
0,40.4527,0
0,40.4627,0
0,40.4731,1
0,40.4832,1
0,40.4969,1
0,40.507,0
0,40.5171,0
0,40.5278,0
0,40.538,0
0,40.5482,0
0,40.5584,0
0,40.5687,0
0,40.5788,0
0,40.5889,0
0,40.599,0
0,40.614,0
0,40.6241,0
0,40.6342,0
0,40.6443,0
0,40.6544,0
0,40.6644,0
0,40.6745,0
0,40.6846,0
0,40.6947,0
0,40.7048,0
0,40.7148,0
0,40.7249,0
0,40.735,0
0,40.7451,0
0,40.7552,0
0,40.7652,0
0,40.7753,0
0,40.7854,0
0,40.7955,0
0,40.8055,0
0,40.8156,0
0,40.8257,0
0,40.8358,0
0,40.8459,0
0,40.856,0
0,40.866,0
0,40.8761,0
0,40.8862,0
0,40.8963,0
0,40.9063,0
0,40.9164,0
0,40.9265,0
0,40.9366,0
0,40.9467,0
0,40.9568,0
0,40.9668,0
0,40.9809,1
0,40.991,1
0,41.0011,1
0,41.0111,0
0,41.0226,0
0,41.0327,0
0,41.0428,0
0,41.053,0
0,41.0631,0
0,41.0732,0
0,41.0835,0
0,41.0937,0
0,41.1038,0
0,41.1139,0
0,41.124,0
0,41.134,0
0,41.1441,0
0,41.1542,0
0,41.1643,0
0,41.1744,0
0,41.1844,0
0,41.1945,0
0,41.2046,0
0,41.2147,0
0,41.2248,0
0,41.2348,0
0,41.2449,0
0,41.255,0
0,41.2651,0
0,41.2751,0
0,41.2852,0
0,41.2953,0
0,41.3054,0
0,41.3155,0
0,41.3256,0
0,41.3356,0
0,41.3457,0
0,41.3558,0
0,41.3659,0
0,41.376,0
0,41.386,0
0,41.3961,0
0,41.4062,0
0,41.4162,0
0,41.4263,0
0,41.4364,0
0,41.447,0
0,41.457,0
0,41.4671,0
0,41.4774,1
0,41.4875,1
0,41.5019,1
0,41.514,0
0,41.5241,0
0,41.5343,0
0,41.5444,0
0,41.5545,0
0,41.5657,0
0,41.5758,0
0,41.5859,0
0,41.596,0
0,41.6061,0
0,41.6162,0
0,41.6263,0
0,41.6364,0
0,41.6465,0
0,41.6566,0
0,41.6667,0
0,41.6767,0
0,41.6868,0
0,41.6969,0
0,41.707,0
0,41.717,0
0,41.7271,0
0,41.7372,0
0,41.7473,0
0,41.7574,0
0,41.7674,0
0,41.7775,0
0,41.7876,0
0,41.7977,0
0,41.8077,0
0,41.8178,0
0,41.8279,0
0,41.838,0
0,41.848,0
0,41.8581,0
0,41.8682,0
0,41.8783,0
0,41.8883,0
0,41.8984,0
0,41.9085,0
0,41.9185,0
0,41.9286,0
0,41.9387,0
0,41.9488,0
0,41.9589,0
0,41.9689,0
0,41.9791,1
0,41.9909,1
0,42.001,1
0,42.0122,0
0,42.0232,0
0,42.0336,0
0,42.0437,0
0,42.0545,0
0,42.0647,0
0,42.0748,0
0,42.0849,0
0,42.0951,0
0,42.1052,0
0,42.1153,0
0,42.1254,0
0,42.1355,0
0,42.1456,0
0,42.1556,0
0,42.1657,0
0,42.1758,0
0,42.1859,0
0,42.1959,0
0,42.206,0
0,42.2167,0
0,42.2268,0
0,42.2369,0
0,42.2469,0
0,42.257,0
0,42.2671,0
0,42.2772,0
0,42.2872,0
0,42.2973,0
0,42.3074,0
0,42.3175,0
0,42.3275,0
0,42.3376,0
0,42.3477,0
0,42.3577,0
0,42.3678,0
0,42.3779,0
0,42.388,0
0,42.398,0
0,42.4081,0
0,42.4182,0
0,42.4283,0
0,42.4384,0
0,42.4484,0
0,42.4585,0
0,42.4686,0
0,42.4787,0
0,42.4902,1
0,42.5004,1
0,42.5104,1
0,42.5243,0
0,42.5344,0
0,42.5453,0
0,42.556,0
0,42.5661,0
0,42.5762,0
0,42.5864,0
0,42.5965,0
0,42.6066,0
0,42.6173,0
0,42.6274,0
0,42.6375,0
0,42.6475,0
0,42.6576,0
0,42.6677,0
0,42.6778,0
0,42.6878,0
0,42.6979,0
0,42.708,0
0,42.7181,0
0,42.7282,0
0,42.7382,0
0,42.7483,0
0,42.7584,0
0,42.7685,0
0,42.7785,0
0,42.7886,0
0,42.7987,0
0,42.8088,0
0,42.8188,0
0,42.8289,0
0,42.839,0
0,42.8491,0
0,42.8591,0
0,42.8692,0
0,42.8793,0
0,42.8894,0
0,42.8994,0
0,42.9095,0
0,42.9196,0
0,42.9297,0
0,42.9397,0
0,42.9498,0
0,42.9599,0
0,42.97,0
0,42.98,0
0,42.9901,1
0,43.0003,1
0,43.0118,1
0,43.0244,1
0,43.0421,0
0,43.0522,0
0,43.0623,0
0,43.0725,0
0,43.0827,0
0,43.0928,0
0,43.1029,0
0,43.113,0
0,43.1231,0
0,43.1333,0
0,43.1434,0
0,43.1534,0
0,43.1635,0
0,43.1736,0
0,43.1837,0
0,43.1937,0
0,43.2038,0
0,43.2139,0
0,43.224,0
0,43.2341,0
0,43.2442,0
0,43.2543,0
0,43.2643,0
0,43.2744,0
0,43.2845,0
0,43.2946,0
0,43.3046,0
0,43.3147,0
0,43.3248,0
0,43.3349,0
0,43.3449,0
0,43.355,0
0,43.3651,0
0,43.3752,0
0,43.3853,0
0,43.3953,0
0,43.4054,0
0,43.4155,0
0,43.4256,0
0,43.4356,0
0,43.4457,0
0,43.4558,0
0,43.4659,0
0,43.4759,0
0,43.4864,1
0,43.4965,1
0,43.507,1
0,43.5171,1
0,43.5362,0
0,43.5463,0
0,43.5564,0
0,43.5666,0
0,43.5767,0
0,43.5877,0
0,43.5978,0
0,43.6079,0
0,43.618,0
0,43.6281,0
0,43.6382,0
0,43.6482,0
0,43.6583,0
0,43.6684,0
0,43.6785,0
0,43.6885,0
0,43.6986,0
0,43.7087,0
0,43.7188,0
0,43.7289,0
0,43.7389,0
0,43.749,0
0,43.7591,0
0,43.7692,0
0,43.7792,0
0,43.7893,0
0,43.7994,0
0,43.8095,0
0,43.8195,0
0,43.8296,0
0,43.8397,0
0,43.8498,0
0,43.8599,0
0,43.87,0
0,43.88,0
0,43.8901,0
0,43.9002,0
0,43.9103,0
0,43.9203,0
0,43.9304,0
0,43.9405,0
0,43.9506,0
0,43.9606,0
0,43.9707,0
0,43.9808,0
0,43.9909,1
0,44.0014,1
0,44.0115,1
0,44.0216,1
0,44.0316,1
0,44.0436,0
0,44.0537,0
0,44.0638,0
0,44.0741,0
0,44.0842,0
0,44.0943,0
0,44.1044,0
0,44.1145,0
0,44.1246,0
0,44.1347,0
0,44.1448,0
0,44.1549,0
0,44.165,0
0,44.1751,0
0,44.1852,0
0,44.1952,0
0,44.2053,0
0,44.2154,0
0,44.2255,0
0,44.2356,0
0,44.2456,0
0,44.2557,0
0,44.2658,0
0,44.2759,0
0,44.2859,0
0,44.296,0
0,44.3061,0
0,44.3162,0
0,44.3262,0
0,44.3363,0
0,44.3464,0
0,44.3565,0
0,44.3665,0
0,44.3766,0
0,44.3867,0
0,44.3968,0
0,44.4068,0
0,44.4169,0
0,44.427,0
0,44.4371,0
0,44.4471,0
0,44.4572,0
0,44.4673,0
0,44.4774,0
0,44.4874,0
0,44.4978,1
0,44.5082,1
0,44.5186,1
0,44.5287,0
0,44.5388,0
0,44.5489,0
0,44.559,0
0,44.5691,0
0,44.5795,0
0,44.5907,0
0,44.6009,0
0,44.6111,0
0,44.6212,0
0,44.6321,0
0,44.6421,0
0,44.6522,0
0,44.6623,0
0,44.6724,0
0,44.6824,0
0,44.6925,0
0,44.7026,0
0,44.7127,0
0,44.7227,0
0,44.7329,0
0,44.743,0
0,44.7531,0
0,44.7632,0
0,44.7732,0
0,44.7833,0
0,44.7934,0
0,44.8035,0
0,44.8135,0
0,44.8236,0
0,44.8337,0
0,44.8438,0
0,44.8538,0
0,44.8639,0
0,44.874,0
0,44.884,0
0,44.8941,0
0,44.9042,0
0,44.9143,0
0,44.9243,0
0,44.9344,0
0,44.9445,0
0,44.9546,0
0,44.9646,0
0,44.9747,0
0,44.9848,0
0,44.9957,0
0,45.0059,1
0,45.0159,1
0,45.0289,1
0,45.0428,0
0,45.0573,0
0,45.0674,0
0,45.0775,0
0,45.0876,0
0,45.0983,0
0,45.11,0
0,45.1217,0
0,45.1317,0
0,45.1436,0
0,45.1538,0
0,45.1699,0
0,45.185,0
0,45.1967,0
0,45.207,0
0,45.2171,0
0,45.2273,0
0,45.2406,0
0,45.2523,0
0,45.2688,0
0,45.2841,0
0,45.2942,0
0,45.3045,0
0,45.3146,0
0,45.328,0
0,45.3381,0
0,45.3483,0
0,45.3584,0
0,45.3685,0
0,45.3787,0
0,45.389,0
0,45.4078,0
0,45.4181,0
0,45.4281,0
0,45.4382,0
0,45.4483,0
0,45.4584,0
0,45.4684,0
0,45.4785,0
0,45.4886,0
0,45.4988,0
0,45.5102,1
0,45.5203,1
0,45.5329,1
0,45.5435,1
0,45.5546,0
0,45.565,0
0,45.5751,0
0,45.5861,0
0,45.5962,0
0,45.6063,0
0,45.6177,0
0,45.6309,0
0,45.641,0
0,45.6512,0
0,45.6613,0
0,45.6714,0
0,45.6815,0
0,45.6915,0
0,45.7016,0
0,45.7117,0
0,45.7218,0
0,45.7318,0
0,45.7419,0
0,45.7523,0
0,45.7624,0
0,45.7725,0
0,45.7826,0
0,45.7926,0
0,45.8027,0
0,45.8128,0
0,45.8228,0
0,45.8329,0
0,45.843,0
0,45.8531,0
0,45.8631,0
0,45.8732,0
0,45.8833,0
0,45.8934,0
0,45.9034,0
0,45.9135,0
0,45.9236,0
0,45.9337,0
0,45.9437,0
0,45.9538,0
0,45.9639,0
0,45.974,0
0,45.984,0
0,45.9941,0
0,46.0047,0
0,46.0164,1
0,46.0269,1
0,46.0371,1
0,46.0472,0
0,46.0592,0
0,46.0693,0
0,46.0794,0
0,46.0895,0
0,46.0997,0
0,46.1098,0
0,46.1199,0
0,46.13,0
0,46.1401,0
0,46.1502,0
0,46.1603,0
0,46.1704,0
0,46.1805,0
0,46.1905,0
0,46.2006,0
0,46.2107,0
0,46.2208,0
0,46.2309,0
0,46.241,0
0,46.2511,0
0,46.2612,0
0,46.2713,0
0,46.2814,0
0,46.2914,0
0,46.3015,0
0,46.3116,0
0,46.3217,0
0,46.3318,0
0,46.3418,0
0,46.3519,0
0,46.362,0
0,46.3721,0
0,46.3821,0
0,46.3922,0
0,46.4023,0
0,46.4124,0
0,46.4224,0
0,46.4325,0
0,46.4426,0
0,46.4526,0
0,46.4627,0
0,46.4728,0
0,46.4829,0
0,46.493,0
0,46.503,0
0,46.5161,1
0,46.5276,1
0,46.5378,1
0,46.5516,0
0,46.5618,0
0,46.5719,0
0,46.582,0
0,46.592,0
0,46.6022,0
0,46.6129,0
0,46.623,0
0,46.6332,0
0,46.6433,0
0,46.6534,0
0,46.6635,0
0,46.6736,0
0,46.6837,0
0,46.6938,0
0,46.7038,0
0,46.7139,0
0,46.724,0
0,46.7341,0
0,46.7441,0
0,46.7542,0
0,46.7649,0
0,46.775,0
0,46.7851,0
0,46.7951,0
0,46.8052,0
0,46.8153,0
0,46.8254,0
0,46.8354,0
0,46.8455,0
0,46.8556,0
0,46.8657,0
0,46.8758,0
0,46.8858,0
0,46.8959,0
0,46.906,0
0,46.9161,0
0,46.9261,0
0,46.9362,0
0,46.9463,0
0,46.9563,0
0,46.9664,0
0,46.9765,0
0,46.9866,0
0,46.9967,0
0,47.0067,0
0,47.0188,1
0,47.0301,1
0,47.0402,1
0,47.0532,0
0,47.0632,0
0,47.0734,0
0,47.0835,0
0,47.0935,0
0,47.1039,0
0,47.114,0
0,47.1242,0
0,47.135,0
0,47.1451,0
0,47.1552,0
0,47.1652,0
0,47.1753,0
0,47.1854,0
0,47.1955,0
0,47.2055,0
0,47.2156,0
0,47.2257,0
0,47.2358,0
0,47.2458,0
0,47.256,0
0,47.2662,0
0,47.2762,0
0,47.2863,0
0,47.2964,0
0,47.3064,0
0,47.3165,0
0,47.3266,0
0,47.3367,0
0,47.3468,0
0,47.3568,0
0,47.3669,0
0,47.377,0
0,47.3871,0
0,47.3972,0
0,47.4072,0
0,47.4173,0
0,47.4274,0
0,47.4375,0
0,47.4475,0
0,47.4576,0
0,47.4677,0
0,47.4778,0
0,47.4879,0
0,47.4979,0
0,47.508,0
0,47.5181,1
0,47.5283,1
0,47.5388,1
0,47.5525,0
0,47.5629,0
0,47.573,0
0,47.5832,0
0,47.5933,0
0,47.6036,0
0,47.6137,0
0,47.6238,0
0,47.6339,0
0,47.644,0
0,47.6541,0
0,47.6642,0
0,47.6742,0
0,47.6843,0
0,47.6944,0
0,47.7045,0
0,47.7146,0
0,47.7246,0
0,47.7347,0
0,47.7448,0
0,47.7548,0
0,47.7649,0
0,47.775,0
0,47.7851,0
0,47.7952,0
0,47.8053,0
0,47.8153,0
0,47.8254,0
0,47.8355,0
0,47.8456,0
0,47.8556,0
0,47.8657,0
0,47.8758,0
0,47.8859,0
0,47.896,0
0,47.906,0
0,47.9161,0
0,47.9262,0
0,47.9363,0
0,47.9463,0
0,47.9564,0
0,47.9665,0
0,47.9766,0
0,47.9867,0
0,47.9967,0
0,48.0068,0
0,48.017,1
0,48.0275,1
0,48.0378,1
0,48.0497,1
0,48.0633,1
0,48.0774,0
0,48.0876,0
0,48.0978,0
0,48.1089,0
0,48.1192,0
0,48.1314,0
0,48.1415,0
0,48.1516,0
0,48.1617,0
0,48.1718,0
0,48.1819,0
0,48.1919,0
0,48.202,0
0,48.2121,0
0,48.2222,0
0,48.2322,0
0,48.2423,0
0,48.2524,0
0,48.2625,0
0,48.2726,0
0,48.2827,0
0,48.2928,0
0,48.3029,0
0,48.3129,0
0,48.323,0
0,48.3331,0
0,48.3432,0
0,48.3532,0
0,48.3633,0
0,48.3734,0
0,48.3837,0
0,48.3938,0
0,48.4039,0
0,48.4139,0
0,48.424,0
0,48.4341,0
0,48.4442,0
0,48.4542,0
0,48.4643,0
0,48.4744,0
0,48.4845,0
0,48.4945,0
0,48.5046,0
0,48.5147,0
0,48.5248,1
0,48.5352,1
0,48.5453,1
0,48.5563,0
0,48.5664,0
0,48.5766,0
0,48.5867,0
0,48.5968,0
0,48.607,0
0,48.6171,0
0,48.6272,0
0,48.6374,0
0,48.6475,0
0,48.6576,0
0,48.6676,0
0,48.6777,0
0,48.6878,0
0,48.6979,0
0,48.7079,0
0,48.718,0
0,48.7281,0
0,48.7381,0
0,48.7482,0
0,48.7583,0
0,48.7684,0
0,48.7784,0
0,48.7886,0
0,48.7986,0
0,48.8087,0
0,48.8188,0
0,48.8289,0
0,48.8389,0
0,48.849,0
0,48.8591,0
0,48.8692,0
0,48.8792,0
0,48.8893,0
0,48.8994,0
0,48.9095,0
0,48.9195,0
0,48.9296,0
0,48.9397,0
0,48.9498,0
0,48.9598,0
0,48.9699,0
0,48.98,0
0,48.9901,0
0,49.0002,0
0,49.0102,0
0,49.0204,0
0,49.0329,1
0,49.043,1
0,49.0571,1
0,49.068,0
0,49.0783,0
0,49.0884,0
0,49.0984,0
0,49.1085,0
0,49.1203,0
0,49.1304,0
0,49.1405,0
0,49.1506,0
0,49.1607,0
0,49.1707,0
0,49.1809,0
0,49.1909,0
0,49.201,0
0,49.2111,0
0,49.2212,0
0,49.2313,0
0,49.2413,0
0,49.2514,0
0,49.2615,0
0,49.2716,0
0,49.2817,0
0,49.2918,0
0,49.3019,0
0,49.312,0
0,49.3221,0
0,49.3321,0
0,49.3422,0
0,49.3523,0
0,49.3624,0
0,49.3725,0
0,49.3825,0
0,49.3926,0
0,49.4027,0
0,49.4128,0
0,49.4228,0
0,49.4329,0
0,49.443,0
0,49.4531,0
0,49.4631,0
0,49.4732,0
0,49.4833,0
0,49.4934,0
0,49.5035,0
0,49.5135,0
0,49.5236,0
0,49.5362,1
0,49.5495,1
0,49.5624,0
0,49.573,0
0,49.5831,0
0,49.5932,0
0,49.6033,0
0,49.6135,0
0,49.6237,0
0,49.6338,0
0,49.6439,0
0,49.654,0
0,49.6641,0
0,49.6742,0
0,49.6843,0
0,49.6944,0
0,49.7045,0
0,49.7145,0
0,49.7246,0
0,49.7347,0
0,49.7448,0
0,49.7548,0
0,49.7649,0
0,49.775,0
0,49.7851,0
0,49.7954,0
0,49.8054,0
0,49.8155,0
0,49.8256,0
0,49.8357,0
0,49.8457,0
0,49.8558,0
0,49.8659,0
0,49.876,0
0,49.8861,0
0,49.8961,0
0,49.9062,0
0,49.9163,0
0,49.9264,0
0,49.9364,0
0,49.9465,0
0,49.9566,0
0,49.9667,0
0,49.9767,0
0,49.9868,0
0,49.9969,0
0,50.007,0
0,50.017,0
0,50.0271,0
0,50.0375,1
0,50.0488,1
0,50.0594,1
0,50.072,0
0,50.0821,0
0,50.0922,0
0,50.1024,0
0,50.1125,0
0,50.1226,0
0,50.1343,0
0,50.1445,0
0,50.1546,0
0,50.1647,0
0,50.1748,0
0,50.1849,0
0,50.1949,0
0,50.205,0
0,50.2151,0
0,50.2252,0
0,50.2353,0
0,50.2453,0
0,50.2554,0
0,50.2655,0
0,50.2756,0
0,50.2857,0
0,50.2958,0
0,50.3059,0
0,50.3161,0
0,50.3262,0
0,50.3363,0
0,50.3464,0
0,50.3565,0
0,50.3665,0
0,50.3766,0
0,50.3867,0
0,50.3968,0
0,50.4068,0
0,50.4169,0
0,50.427,0
0,50.4371,0
0,50.4471,0
0,50.4572,0
0,50.4673,0
0,50.4774,0
0,50.4875,0
0,50.4975,0
0,50.5076,0
0,50.5177,0
0,50.5278,0
0,50.5405,1
0,50.5508,1
0,50.5642,0
0,50.5745,0
0,50.5846,0
0,50.5948,0
0,50.6049,0
0,50.615,0
0,50.6251,0
0,50.6352,0
0,50.6454,0
0,50.6555,0
0,50.666,0
0,50.6761,0
0,50.6862,0
0,50.6963,0
0,50.7064,0
0,50.7165,0
0,50.7266,0
0,50.7366,0
0,50.7467,0
0,50.7568,0
0,50.7669,0
0,50.7769,0
0,50.787,0
0,50.7971,0
0,50.8072,0
0,50.8172,0
0,50.8273,0
0,50.8374,0
0,50.8475,0
0,50.8576,0
0,50.8676,0
0,50.8777,0
0,50.8878,0
0,50.8979,0
0,50.9079,0
0,50.918,0
0,50.9281,0
0,50.9382,0
0,50.9482,0
0,50.9583,0
0,50.9684,0
0,50.9785,0
0,50.9885,0
0,50.9986,0
0,51.0087,0
0,51.0188,0
0,51.0289,0
0,51.039,1
0,51.0501,1
0,51.0623,1
0,51.0733,0
0,51.0834,0
0,51.0934,0
0,51.1035,0
0,51.1136,0
0,51.1249,0
0,51.135,0
0,51.1453,0
0,51.1554,0
0,51.1657,0
0,51.1758,0
0,51.1859,0
0,51.196,0
0,51.206,0
0,51.2161,0
0,51.2262,0
0,51.2363,0
0,51.2464,0
0,51.2564,0
0,51.2665,0
0,51.2766,0
0,51.2867,0
0,51.2967,0
0,51.3068,0
0,51.3169,0
0,51.327,0
0,51.3371,0
0,51.3472,0
0,51.3573,0
0,51.3673,0
0,51.3774,0
0,51.3875,0
0,51.3976,0
0,51.4076,0
0,51.4177,0
0,51.4278,0
0,51.4379,0
0,51.4479,0
0,51.458,0
0,51.4681,0
0,51.4782,0
0,51.4882,0
0,51.4983,0
0,51.5084,0
0,51.5185,0
0,51.5285,0
0,51.5411,1
0,51.5557,1
0,51.5765,0
0,51.5866,0
0,51.5967,0
0,51.6068,0
0,51.6169,0
0,51.627,0
0,51.6372,0
0,51.6473,0
0,51.6575,0
0,51.6676,0
0,51.6777,0
0,51.6878,0
0,51.6979,0
0,51.708,0
0,51.7181,0
0,51.7281,0
0,51.7382,0
0,51.7483,0
0,51.7584,0
0,51.7684,0
0,51.7785,0
0,51.7886,0
0,51.7987,0
0,51.8088,0
0,51.8188,0
0,51.8289,0
0,51.839,0
0,51.849,0
0,51.8591,0
0,51.8692,0
0,51.8793,0
0,51.8894,0
0,51.8994,0
0,51.9095,0
0,51.9196,0
0,51.9297,0
0,51.9397,0
0,51.9498,0
0,51.9599,0
0,51.97,0
0,51.9801,0
0,51.9901,0
0,52.0002,0
0,52.0103,0
0,52.0204,0
0,52.0304,0
0,52.0405,0
0,52.0526,1
0,52.0672,1
0,52.0773,0
0,52.0949,0
0,52.1089,0
0,52.119,0
0,52.1319,0
0,52.1449,0
0,52.1551,0
0,52.1651,0
0,52.1752,0
0,52.1853,0
0,52.1954,0
0,52.2055,0
0,52.2156,0
0,52.2257,0
0,52.2357,0
0,52.2458,0
0,52.2559,0
0,52.266,0
0,52.276,0
0,52.2861,0
0,52.2962,0
0,52.3063,0
0,52.3164,0
0,52.3265,0
0,52.3365,0
0,52.3466,0
0,52.3568,0
0,52.3668,0
0,52.3769,0
0,52.387,0
0,52.3971,0
0,52.4072,0
0,52.4172,0
0,52.4273,0
0,52.4374,0
0,52.4475,0
0,52.4575,0
0,52.4676,0
0,52.4777,0
0,52.4877,0
0,52.4978,0
0,52.5079,0
0,52.518,0
0,52.5281,0
0,52.5381,0
0,52.5491,1
0,52.5592,1
0,52.5694,1
0,52.5817,1
0,52.5988,0
0,52.6089,0
0,52.619,0
0,52.6296,0
0,52.6398,0
0,52.6499,0
0,52.66,0
0,52.6701,0
0,52.6802,0
0,52.6903,0
0,52.7004,0
0,52.7105,0
0,52.7206,0
0,52.7307,0
0,52.7407,0
0,52.7508,0
0,52.7609,0
0,52.771,0
0,52.781,0
0,52.7911,0
0,52.8012,0
0,52.8113,0
0,52.8214,0
0,52.8315,0
0,52.8415,0
0,52.8516,0
0,52.8617,0
0,52.8718,0
0,52.8819,0
0,52.892,0
0,52.902,0
0,52.9121,0
0,52.9222,0
0,52.9323,0
0,52.9424,0
0,52.9524,0
0,52.9625,0
0,52.9726,0
0,52.9827,0
0,52.9927,0
0,53.0028,0
0,53.0129,0
0,53.023,0
0,53.033,0
0,53.0431,0
0,53.0532,0
0,53.0633,1
0,53.0778,1
0,53.0889,1
0,53.0993,0
0,53.1094,0
0,53.1196,0
0,53.1297,0
0,53.1398,0
0,53.1499,0
0,53.16,0
0,53.1701,0
0,53.1802,0
0,53.1903,0
0,53.2004,0
0,53.2105,0
0,53.2205,0
0,53.2306,0
0,53.2407,0
0,53.2507,0
0,53.2608,0
0,53.2709,0
0,53.281,0
0,53.2911,0
0,53.3011,0
0,53.3112,0
0,53.3213,0
0,53.3314,0
0,53.3415,0
0,53.3516,0
0,53.3617,0
0,53.3718,0
0,53.3819,0
0,53.392,0
0,53.402,0
0,53.4121,0
0,53.4222,0
0,53.4322,0
0,53.4423,0
0,53.4524,0
0,53.4625,0
0,53.4726,0
0,53.4827,0
0,53.4927,0
0,53.5028,0
0,53.5129,0
0,53.5229,0
0,53.533,0
0,53.5431,0
0,53.5532,0
0,53.5649,1
0,53.575,1
0,53.5871,1
0,53.598,0
0,53.6092,0
0,53.6193,0
0,53.6294,0
0,53.6395,0
0,53.6509,0
0,53.6613,0
0,53.6714,0
0,53.6815,0
0,53.6916,0
0,53.7017,0
0,53.7118,0
0,53.7219,0
0,53.7319,0
0,53.742,0
0,53.7521,0
0,53.7621,0
0,53.7722,0
0,53.7823,0
0,53.7924,0
0,53.8024,0
0,53.8125,0
0,53.8226,0
0,53.8329,0
0,53.843,0
0,53.8531,0
0,53.8631,0
0,53.8732,0
0,53.8833,0
0,53.8934,0
0,53.9035,0
0,53.9135,0
0,53.9236,0
0,53.9337,0
0,53.9438,0
0,53.9538,0
0,53.9639,0
0,53.974,0
0,53.9841,0
0,53.9941,0
0,54.0042,0
0,54.0143,0
0,54.0244,0
0,54.0345,0
0,54.0445,0
0,54.0546,0
0,54.0649,1
0,54.076,1
0,54.087,1
0,54.0971,0
0,54.1072,0
0,54.1173,0
0,54.1273,0
0,54.1375,0
0,54.1476,0
0,54.1581,0
0,54.1682,0
0,54.1783,0
0,54.1886,0
0,54.1987,0
0,54.2088,0
0,54.2188,0
0,54.2289,0
0,54.239,0
0,54.2491,0
0,54.2591,0
0,54.2692,0
0,54.2793,0
0,54.2894,0
0,54.2994,0
0,54.3095,0
0,54.3196,0
0,54.3297,0
0,54.3398,0
0,54.3499,0
0,54.3599,0
0,54.37,0
0,54.3802,0
0,54.3903,0
0,54.4004,0
0,54.4105,0
0,54.4206,0
0,54.4306,0
0,54.4407,0
0,54.4508,0
0,54.4609,0
0,54.4709,0
0,54.481,0
0,54.4911,0
0,54.5012,0
0,54.5112,0
0,54.5213,0
0,54.5314,0
0,54.5415,0
0,54.5515,0
0,54.5616,0
0,54.5717,1
0,54.5843,1
0,54.6006,0
0,54.6107,0
0,54.6209,0
0,54.6309,0
0,54.6412,0
0,54.6513,0
0,54.6615,0
0,54.6716,0
0,54.6817,0
0,54.692,0
0,54.7021,0
0,54.7121,0
0,54.7222,0
0,54.7323,0
0,54.7424,0
0,54.7524,0
0,54.7625,0
0,54.7726,0
0,54.7827,0
0,54.7927,0
0,54.8028,0
0,54.8129,0
0,54.823,0
0,54.8331,0
0,54.8432,0
0,54.8532,0
0,54.8633,0
0,54.8734,0
0,54.8835,0
0,54.8935,0
0,54.9036,0
0,54.9137,0
0,54.9238,0
0,54.9338,0
0,54.9439,0
0,54.954,0
0,54.9641,0
0,54.9741,0
0,54.9842,0
0,54.9943,0
0,55.0044,0
0,55.0145,0
0,55.0245,0
0,55.0346,0
0,55.0447,0
0,55.0548,0
0,55.0648,0
0,55.0769,1
0,55.0889,1
0,55.0993,1
0,55.1094,0
0,55.1195,0
0,55.133,0
0,55.1431,0
0,55.1532,0
0,55.1649,0
0,55.1752,0
0,55.1854,0
0,55.1955,0
0,55.2056,0
0,55.2157,0
0,55.2258,0
0,55.2358,0
0,55.2459,0
0,55.256,0
0,55.2661,0
0,55.2761,0
0,55.2862,0
0,55.2963,0
0,55.3064,0
0,55.3164,0
0,55.3265,0
0,55.3366,0
0,55.3467,0
0,55.3568,0
0,55.3669,0
0,55.3769,0
0,55.387,0
0,55.3971,0
0,55.4073,0
0,55.4174,0
0,55.4275,0
0,55.4375,0
0,55.4476,0
0,55.4578,0
0,55.4679,0
0,55.478,0
0,55.4881,0
0,55.4982,0
0,55.5082,0
0,55.5183,0
0,55.5284,0
0,55.5386,0
0,55.5488,0
0,55.5589,0
0,55.569,0
0,55.58,1
0,55.5901,1
0,55.6034,1
0,55.616,0
0,55.645,0
0,55.6564,0
0,55.6665,0
0,55.6766,0
0,55.6867,0
0,55.7011,0
0,55.7112,0
0,55.7213,0
0,55.7314,0
0,55.7415,0
0,55.7516,0
0,55.7617,0
0,55.7717,0
0,55.7818,0
0,55.7919,0
0,55.802,0
0,55.812,0
0,55.8221,0
0,55.8322,0
0,55.8422,0
0,55.8527,0
0,55.8628,0
0,55.8729,0
0,55.883,0
0,55.893,0
0,55.9031,0
0,55.9132,0
0,55.9233,0
0,55.9333,0
0,55.9434,0
0,55.9535,0
0,55.9636,0
0,55.9736,0
0,55.9837,0
0,55.9938,0
0,56.0039,0
0,56.0139,0
0,56.024,0
0,56.0341,0
0,56.0442,0
0,56.0542,0
0,56.0643,0
0,56.0744,0
0,56.0845,1
0,56.0946,1
0,56.1064,1
0,56.118,1
0,56.1293,0
0,56.1393,0
0,56.1494,0
0,56.1596,0
0,56.1712,0
0,56.1814,0
0,56.1929,0
0,56.203,0
0,56.2131,0
0,56.2232,0
0,56.2333,0
0,56.2433,0
0,56.2534,0
0,56.2635,0
0,56.2736,0
0,56.2836,0
0,56.2937,0
0,56.3038,0
0,56.3139,0
0,56.3239,0
0,56.334,0
0,56.3441,0
0,56.3542,0
0,56.3643,0
0,56.3744,0
0,56.3845,0
0,56.3945,0
0,56.4046,0
0,56.4147,0
0,56.4249,0
0,56.4349,0
0,56.445,0
0,56.4551,0
0,56.4652,0
0,56.4753,0
0,56.4853,0
0,56.4954,0
0,56.5055,0
0,56.5156,0
0,56.5256,0
0,56.5357,0
0,56.5458,0
0,56.5559,0
0,56.5659,0
0,56.576,0
0,56.5861,1
0,56.5962,1
0,56.6063,1
0,56.6219,0
0,56.632,0
0,56.6421,0
0,56.6522,0
0,56.6624,0
0,56.6726,0
0,56.6849,0
0,56.695,0
0,56.7052,0
0,56.7154,0
0,56.7255,0
0,56.7356,0
0,56.7456,0
0,56.7557,0
0,56.7658,0
0,56.7759,0
0,56.7859,0
0,56.796,0
0,56.8061,0
0,56.8161,0
0,56.8262,0
0,56.8363,0
0,56.8464,0
0,56.8565,0
0,56.8666,0
0,56.8767,0
0,56.8867,0
0,56.8968,0
0,56.9069,0
0,56.917,0
0,56.927,0
0,56.9371,0
0,56.9472,0
0,56.9573,0
0,56.9673,0
0,56.9774,0
0,56.9875,0
0,56.9975,0
0,57.0076,0
0,57.0177,0
0,57.0278,0
0,57.0378,0
0,57.0481,0
0,57.0582,0
0,57.0683,0
0,57.0783,0
0,57.0884,1
0,57.0985,1
0,57.112,1
0,57.1221,0
0,57.1322,0
0,57.1423,0
0,57.1524,0
0,57.1624,0
0,57.1725,0
0,57.1827,0
0,57.1928,0
0,57.2031,0
0,57.2131,0
0,57.2233,0
0,57.2333,0
0,57.2434,0
0,57.2535,0
0,57.2636,0
0,57.2737,0
0,57.2837,0
0,57.2938,0
0,57.304,0
0,57.3141,0
0,57.3241,0
0,57.3342,0
0,57.3443,0
0,57.3544,0
0,57.3645,0
0,57.3746,0
0,57.3847,0
0,57.3948,0
0,57.4048,0
0,57.4149,0
0,57.425,0
0,57.4351,0
0,57.4452,0
0,57.4553,0
0,57.4654,0
0,57.4754,0
0,57.4855,0
0,57.4956,0
0,57.5057,0
0,57.5157,0
0,57.5258,0
0,57.5359,0
0,57.546,0
0,57.556,0
0,57.5661,0
0,57.5762,0
0,57.5863,0
0,57.5964,1
0,57.6065,1
0,57.6166,1
0,57.6282,1
0,57.6383,0
0,57.6487,0
0,57.659,0
0,57.6692,0
0,57.6811,0
0,57.6912,0
0,57.7014,0
0,57.7145,0
0,57.7246,0
0,57.7347,0
0,57.7448,0
0,57.7548,0
0,57.7649,0
0,57.775,0
0,57.785,0
0,57.7951,0
0,57.8052,0
0,57.8153,0
0,57.8253,0
0,57.8354,0
0,57.8455,0
0,57.8556,0
0,57.8658,0
0,57.8758,0
0,57.8859,0
0,57.896,0
0,57.9061,0
0,57.9161,0
0,57.9262,0
0,57.9363,0
0,57.9464,0
0,57.9564,0
0,57.9665,0
0,57.9766,0
0,57.9867,0
0,57.9967,0
0,58.0068,0
0,58.0169,0
0,58.027,0
0,58.037,0
0,58.0471,0
0,58.0572,0
0,58.0673,0
0,58.0773,0
0,58.0874,0
0,58.1009,1
0,58.1146,1
0,58.1249,1
0,58.135,0
0,58.1451,0
0,58.1552,0
0,58.1654,0
0,58.1777,0
0,58.1879,0
0,58.1981,0
0,58.2082,0
0,58.2183,0
0,58.2284,0
0,58.2385,0
0,58.2486,0
0,58.2587,0
0,58.2688,0
0,58.2789,0
0,58.2889,0
0,58.299,0
0,58.3091,0
0,58.3192,0
0,58.3293,0
0,58.3394,0
0,58.3494,0
0,58.3595,0
0,58.3696,0
0,58.3797,0
0,58.3898,0
0,58.3999,0
0,58.4099,0
0,58.42,0
0,58.4301,0
0,58.4402,0
0,58.4503,0
0,58.4604,0
0,58.4704,0
0,58.4805,0
0,58.4906,0
0,58.5007,0
0,58.5107,0
0,58.5208,0
0,58.5309,0
0,58.541,0
0,58.551,0
0,58.5611,0
0,58.5712,0
0,58.5813,0
0,58.5913,0
0,58.6019,1
0,58.612,1
0,58.6249,1
0,58.635,0
0,58.6452,0
0,58.6553,0
0,58.6657,0
0,58.6758,0
0,58.6859,0
0,58.6961,0
0,58.7062,0
0,58.7163,0
0,58.7264,0
0,58.7365,0
0,58.7466,0
0,58.7567,0
0,58.7668,0
0,58.7769,0
0,58.7869,0
0,58.797,0
0,58.8071,0
0,58.8172,0
0,58.8273,0
0,58.8373,0
0,58.8474,0
0,58.8575,0
0,58.8676,0
0,58.8777,0
0,58.8878,0
0,58.8978,0
0,58.9079,0
0,58.918,0
0,58.9281,0
0,58.9382,0
0,58.9482,0
0,58.9583,0
0,58.9684,0
0,58.9785,0
0,58.9886,0
0,58.9986,0
0,59.0087,0
0,59.0188,0
0,59.0289,0
0,59.0389,0
0,59.049,0
0,59.0591,0
0,59.0692,0
0,59.0792,0
0,59.0893,0
0,59.0995,1
0,59.1125,1
0,59.1226,1
0,59.1366,1
0,59.1467,0
0,59.1568,0
0,59.1669,0
0,59.1775,0
0,59.1876,0
0,59.2001,0
0,59.2102,0
0,59.2203,0
0,59.2304,0
0,59.2405,0
0,59.2507,0
0,59.2607,0
0,59.2708,0
0,59.2809,0
0,59.291,0
0,59.301,0
0,59.3111,0
0,59.3212,0
0,59.3313,0
0,59.3413,0
0,59.3514,0
0,59.3615,0
0,59.3716,0
0,59.3818,0
0,59.3919,0
0,59.402,0
0,59.4121,0
0,59.4221,0
0,59.4322,0
0,59.4423,0
0,59.4524,0
0,59.4625,0
0,59.4726,0
0,59.4827,0
0,59.4928,0
0,59.5028,0
0,59.5129,0
0,59.523,0
0,59.5331,0
0,59.5431,0
0,59.5532,0
0,59.5633,0
0,59.5734,0
0,59.5834,0
0,59.5935,0
0,59.6049,1
0,59.6155,1
0,59.6261,1
0,59.6388,0
0,59.6489,0
0,59.659,0
0,59.6691,0
0,59.6792,0
0,59.6913,0
0,59.7014,0
0,59.7116,0
0,59.7218,0
0,59.7319,0
0,59.742,0
0,59.7521,0
0,59.7622,0
0,59.7722,0
0,59.7823,0
0,59.7924,0
0,59.8025,0
0,59.8125,0
0,59.8226,0
0,59.8327,0
0,59.8428,0
0,59.8529,0
0,59.8629,0
0,59.873,0
0,59.8831,0
0,59.8932,0
0,59.9033,0
0,59.9134,0
0,59.9235,0
0,59.9335,0
0,59.9436,0
0,59.9537,0
0,59.9638,0
0,59.9738,0
0,59.9839,0
0,59.994,0
0,60.0041,0
0,60.0141,0
0,60.0242,0
0,60.0343,0
0,60.0444,0
0,60.0545,0
0,60.0646,0
0,60.0746,0
0,60.0847,0
0,60.0948,0
0,60.109,1
0,60.1197,1
0,60.1341,1
0,60.145,0
0,60.157,0
0,60.1671,0
0,60.1782,0
0,60.1883,0
0,60.1987,0
0,60.2089,0
0,60.219,0
0,60.2291,0
0,60.2392,0
0,60.2493,0
0,60.2593,0
0,60.2694,0
0,60.2795,0
0,60.2896,0
0,60.2997,0
0,60.3097,0
0,60.3198,0
0,60.3299,0
0,60.34,0
0,60.3501,0
0,60.3601,0
0,60.3702,0
0,60.3803,0
0,60.3904,0
0,60.4005,0
0,60.4106,0
0,60.4207,0
0,60.4307,0
0,60.4408,0
0,60.4509,0
0,60.461,0
0,60.471,0
0,60.4811,0
0,60.4913,0
0,60.5013,0
0,60.5114,0
0,60.5215,0
0,60.5316,0
0,60.5418,0
0,60.5519,0
0,60.562,0
0,60.5721,0
0,60.5822,0
0,60.5923,0
0,60.6024,0
0,60.6127,1
0,60.6228,1
0,60.6329,1
0,60.648,0
0,60.6586,0
0,60.6687,0
0,60.6788,0
0,60.6889,0
0,60.699,0
0,60.7091,0
0,60.7199,0
0,60.7344,0
0,60.7445,0
0,60.7549,0
0,60.765,0
0,60.7751,0
0,60.7852,0
0,60.7953,0
0,60.8054,0
0,60.8155,0
0,60.8256,0
0,60.8356,0
0,60.8457,0
0,60.8558,0
0,60.8659,0
0,60.8759,0
0,60.886,0
0,60.8961,0
0,60.9062,0
0,60.9163,0
0,60.9263,0
0,60.9364,0
0,60.9465,0
0,60.9565,0
0,60.9666,0
0,60.9767,0
0,60.9868,0
0,60.9968,0
0,61.0069,0
0,61.017,0
0,61.0271,0
0,61.0371,0
0,61.0472,0
0,61.0573,0
0,61.0674,0
0,61.0774,0
0,61.0875,0
0,61.0976,0
0,61.1077,0
0,61.1184,1
0,61.1285,1
0,61.1386,1
0,61.1524,0
0,61.1638,0
0,61.1739,0
0,61.1841,0
0,61.1954,0
0,61.2056,0
0,61.2157,0
0,61.229,0
0,61.2391,0
0,61.2495,0
0,61.2596,0
0,61.2697,0
0,61.2797,0
0,61.2898,0
0,61.2999,0
0,61.3099,0
0,61.32,0
0,61.3301,0
0,61.3402,0
0,61.3503,0
0,61.3603,0
0,61.3704,0
0,61.3805,0
0,61.3906,0
0,61.4007,0
0,61.4107,0
0,61.4208,0
0,61.4309,0
0,61.4409,0
0,61.451,0
0,61.4611,0
0,61.4712,0
0,61.4812,0
0,61.4913,0
0,61.5014,0
0,61.5115,0
0,61.5216,0
0,61.5317,0
0,61.5417,0
0,61.5518,0
0,61.5619,0
0,61.572,0
0,61.582,0
0,61.5921,0
0,61.6022,0
0,61.6126,0
0,61.6232,1
0,61.6333,1
0,61.6444,1
0,61.6623,0
0,61.6724,0
0,61.6825,0
0,61.6926,0
0,61.7027,0
0,61.7129,0
0,61.723,0
0,61.7336,0
0,61.7437,0
0,61.7538,0
0,61.7639,0
0,61.774,0
0,61.7841,0
0,61.7942,0
0,61.8042,0
0,61.8143,0
0,61.8244,0
0,61.8345,0
0,61.8445,0
0,61.8546,0
0,61.8647,0
0,61.8748,0
0,61.8849,0
0,61.8949,0
0,61.9054,0
0,61.9155,0
0,61.9256,0
0,61.9356,0
0,61.9457,0
0,61.9558,0
0,61.9659,0
0,61.9759,0
0,61.986,0
0,61.9961,0
0,62.0062,0
0,62.0162,0
0,62.0263,0
0,62.0364,0
0,62.0465,0
0,62.0565,0
0,62.0666,0
0,62.0767,0
0,62.0868,0
0,62.0968,0
0,62.1069,0
0,62.117,0
0,62.1271,1
0,62.1374,1
0,62.1485,1
0,62.1586,1
0,62.1719,0
0,62.1841,0
0,62.1942,0
0,62.2043,0
0,62.2145,0
0,62.2246,0
0,62.2347,0
0,62.2449,0
0,62.255,0
0,62.2651,0
0,62.2752,0
0,62.2853,0
0,62.2954,0
0,62.3054,0
0,62.3155,0
0,62.3256,0
0,62.3357,0
0,62.3458,0
0,62.3558,0
0,62.3659,0
0,62.376,0
0,62.3861,0
0,62.3961,0
0,62.4062,0
0,62.4163,0
0,62.4264,0
0,62.4365,0
0,62.4466,0
0,62.4566,0
0,62.4667,0
0,62.4768,0
0,62.4869,0
0,62.4969,0
0,62.507,0
0,62.5181,0
0,62.5282,0
0,62.5383,0
0,62.5484,0
0,62.5584,0
0,62.5685,0
0,62.5786,0
0,62.5887,0
0,62.5987,0
0,62.6088,0
0,62.6189,0
0,62.6331,1
0,62.6432,1
0,62.6533,1
0,62.6661,0
0,62.6766,0
0,62.6867,0
0,62.6968,0
0,62.7069,0
0,62.7171,0
0,62.7274,0
0,62.7377,0
0,62.7479,0
0,62.758,0
0,62.7681,0
0,62.7781,0
0,62.7882,0
0,62.7983,0
0,62.8084,0
0,62.8185,0
0,62.8285,0
0,62.8386,0
0,62.8487,0
0,62.8588,0
0,62.8689,0
0,62.8789,0
0,62.889,0
0,62.8991,0
0,62.9092,0
0,62.9193,0
0,62.9293,0
0,62.9394,0
0,62.9495,0
0,62.9596,0
0,62.9697,0
0,62.9797,0
0,62.9898,0
0,62.9999,0
0,63.01,0
0,63.02,0
0,63.0301,0
0,63.0402,0
0,63.0503,0
0,63.0604,0
0,63.0705,0
0,63.0806,0
0,63.0907,0
0,63.1007,0
0,63.1108,0
0,63.1209,0
0,63.131,1
0,63.1413,1
0,63.152,1
0,63.1627,0
0,63.1746,0
0,63.1847,0
0,63.1948,0
0,63.2049,0
0,63.2187,0
0,63.2288,0
0,63.239,0
0,63.2492,0
0,63.2593,0
0,63.2694,0
0,63.2795,0
0,63.2895,0
0,63.2996,0
0,63.3097,0
0,63.3198,0
0,63.3299,0
0,63.3399,0
0,63.35,0
0,63.3601,0
0,63.3702,0
0,63.3802,0
0,63.3903,0
0,63.4004,0
0,63.4105,0
0,63.4206,0
0,63.4307,0
0,63.4408,0
0,63.4508,0
0,63.4609,0
0,63.471,0
0,63.4811,0
0,63.4913,0
0,63.5014,0
0,63.5115,0
0,63.5216,0
0,63.5317,0
0,63.5418,0
0,63.5519,0
0,63.562,0
0,63.572,0
0,63.5821,0
0,63.5922,0
0,63.6023,0
0,63.6123,0
0,63.6224,0
0,63.6326,1
0,63.6429,1
0,63.653,1
0,63.6654,0
0,63.6758,0
0,63.6859,0
0,63.696,0
0,63.7061,0
0,63.7163,0
0,63.7265,0
0,63.7366,0
0,63.7471,0
0,63.7572,0
0,63.7673,0
0,63.7775,0
0,63.7875,0
0,63.7976,0
0,63.8077,0
0,63.8178,0
0,63.8278,0
0,63.8379,0
0,63.848,0
0,63.8581,0
0,63.8682,0
0,63.8782,0
0,63.8883,0
0,63.8984,0
0,63.9085,0
0,63.9186,0
0,63.9286,0
0,63.9387,0
0,63.9488,0
0,63.9589,0
0,63.969,0
0,63.979,0
0,63.9891,0
0,63.9992,0
0,64.0093,0
0,64.0193,0
0,64.0294,0
0,64.0395,0
0,64.0496,0
0,64.0596,0
0,64.0697,0
0,64.0798,0
0,64.0899,0
0,64.0999,0
0,64.11,0
0,64.1201,0
0,64.1302,0
0,64.141,1
0,64.1511,1
0,64.1628,0
0,64.1729,0
0,64.183,0
0,64.1931,0
0,64.2032,0
0,64.2133,0
0,64.2243,0
0,64.2346,0
0,64.2447,0
0,64.2549,0
0,64.265,0
0,64.2751,0
0,64.2852,0
0,64.2953,0
0,64.3054,0
0,64.3154,0
0,64.3255,0
0,64.3356,0
0,64.3456,0
0,64.3557,0
0,64.3658,0
0,64.3759,0
0,64.3859,0
0,64.396,0
0,64.4061,0
0,64.4162,0
0,64.4263,0
0,64.4364,0
0,64.4464,0
0,64.4565,0
0,64.4666,0
0,64.4767,0
0,64.4867,0
0,64.4968,0
0,64.5069,0
0,64.517,0
0,64.5271,0
0,64.5371,0
0,64.5473,0
0,64.5574,0
0,64.5675,0
0,64.5775,0
0,64.5876,0
0,64.5977,0
0,64.6078,0
0,64.6179,0
0,64.6279,0
0,64.638,1
0,64.6481,1
0,64.6585,1
0,64.6685,1
0,64.6801,0
0,64.6921,0
0,64.7022,0
0,64.7123,0
0,64.7224,0
0,64.7328,0
0,64.7438,0
0,64.755,0
0,64.7651,0
0,64.7752,0
0,64.7853,0
0,64.7954,0
0,64.8054,0
0,64.8155,0
0,64.8256,0
0,64.8357,0
0,64.8457,0
0,64.8558,0
0,64.8659,0
0,64.876,0
0,64.8861,0
0,64.8962,0
0,64.9062,0
0,64.9163,0
0,64.9264,0
0,64.9365,0
0,64.9466,0
0,64.9566,0
0,64.9667,0
0,64.9768,0
0,64.9869,0
0,64.9969,0
0,65.007,0
0,65.0171,0
0,65.0272,0
0,65.0372,0
0,65.0473,0
0,65.0574,0
0,65.0675,0
0,65.0775,0
0,65.0876,0
0,65.0977,0
0,65.1078,0
0,65.1178,0
0,65.1279,0
0,65.138,0
0,65.149,1
0,65.1599,1
0,65.1708,1
0,65.1809,0
0,65.191,0
0,65.2016,0
0,65.2116,0
0,65.2218,0
0,65.2319,0
0,65.242,0
0,65.2521,0
0,65.2622,0
0,65.2723,0
0,65.2824,0
0,65.2925,0
0,65.3026,0
0,65.3127,0
0,65.3227,0
0,65.3328,0
0,65.3429,0
0,65.3535,0
0,65.3636,0
0,65.3737,0
0,65.3837,0
0,65.3938,0
0,65.4039,0
0,65.414,0
0,65.4241,0
0,65.4342,0
0,65.4443,0
0,65.4544,0
0,65.4644,0
0,65.4745,0
0,65.4846,0
0,65.4947,0
0,65.5047,0
0,65.5148,0
0,65.5249,0
0,65.5351,0
0,65.5452,0
0,65.5553,0
0,65.5654,0
0,65.5769,0
0,65.5872,0
0,65.5973,0
0,65.6074,0
0,65.6175,0
0,65.6276,0
0,65.6377,0
0,65.6489,1
0,65.6594,1
0,65.6695,1
0,65.6796,0
0,65.6897,0
0,65.6998,0
0,65.7099,0
0,65.7202,0
0,65.7303,0
0,65.7405,0
0,65.7505,0
0,65.7607,0
0,65.7708,0
0,65.7809,0
0,65.791,0
0,65.8011,0
0,65.8112,0
0,65.8214,0
0,65.8314,0
0,65.8415,0
0,65.8516,0
0,65.8617,0
0,65.8718,0
0,65.8819,0
0,65.8919,0
0,65.902,0
0,65.9121,0
0,65.9222,0
0,65.9323,0
0,65.9423,0
0,65.9524,0
0,65.9625,0
0,65.9726,0
0,65.9827,0
0,65.9928,0
0,66.0028,0
0,66.0129,0
0,66.023,0
0,66.0331,0
0,66.0432,0
0,66.0532,0
0,66.0633,0
0,66.0734,0
0,66.0835,0
0,66.0936,0
0,66.1036,0
0,66.1137,0
0,66.1238,0
0,66.1339,0
0,66.1439,0
0,66.1568,1
0,66.1669,1
0,66.1793,0
0,66.1894,0
0,66.1995,0
0,66.2095,0
0,66.2196,0
0,66.2298,0
0,66.2402,0
0,66.2503,0
0,66.2604,0
0,66.2706,0
0,66.2807,0
0,66.2907,0
0,66.3008,0
0,66.3109,0
0,66.321,0
0,66.3311,0
0,66.3411,0
0,66.3512,0
0,66.3613,0
0,66.3714,0
0,66.3814,0
0,66.3915,0
0,66.4016,0
0,66.4117,0
0,66.4218,0
0,66.4318,0
0,66.4419,0
0,66.452,0
0,66.4621,0
0,66.4722,0
0,66.4822,0
0,66.4923,0
0,66.5024,0
0,66.5125,0
0,66.5225,0
0,66.5326,0
0,66.5427,0
0,66.5528,0
0,66.5628,0
0,66.5729,0
0,66.583,0
0,66.5932,0
0,66.6033,0
0,66.6135,0
0,66.6237,0
0,66.6338,0
0,66.6439,0
0,66.657,1
0,66.6671,1
0,66.6772,1
0,66.6913,1
0,66.7056,1
0,66.717,0
0,66.729,0
0,66.7391,0
0,66.7492,0
0,66.7594,0
0,66.7696,0
0,66.7797,0
0,66.7898,0
0,66.7999,0
0,66.81,0
0,66.82,0
0,66.8301,0
0,66.8402,0
0,66.8503,0
0,66.8603,0
0,66.8704,0
0,66.8805,0
0,66.8906,0
0,66.9007,0
0,66.9107,0
0,66.9208,0
0,66.9309,0
0,66.941,0
0,66.9514,0
0,66.9614,0
0,66.9715,0
0,66.9816,0
0,66.9917,0
0,67.0017,0
0,67.0118,0
0,67.0219,0
0,67.032,0
0,67.042,0
0,67.0521,0
0,67.0622,0
0,67.0723,0
0,67.0823,0
0,67.0924,0
0,67.1025,0
0,67.1126,0
0,67.1227,0
0,67.1327,0
0,67.1428,0
0,67.1535,1
0,67.1636,1
0,67.1742,1
0,67.1859,0
0,67.1959,0
0,67.2063,0
0,67.2164,0
0,67.2265,0
0,67.2366,0
0,67.2467,0
0,67.2568,0
0,67.2669,0
0,67.2771,0
0,67.2872,0
0,67.2973,0
0,67.3073,0
0,67.3174,0
0,67.3275,0
0,67.3376,0
0,67.3476,0
0,67.3585,0
0,67.3686,0
0,67.3787,0
0,67.3888,0
0,67.3988,0
0,67.4089,0
0,67.419,0
0,67.4291,0
0,67.4391,0
0,67.4496,0
0,67.4597,0
0,67.4698,0
0,67.4798,0
0,67.4899,0
0,67.5,0
0,67.5101,0
0,67.5202,0
0,67.5302,0
0,67.5403,0
0,67.5504,0
0,67.5605,0
0,67.5705,0
0,67.5806,0
0,67.5907,0
0,67.6008,0
0,67.6109,0
0,67.621,0
0,67.6311,0
0,67.6412,0
0,67.6512,0
0,67.6613,1
0,67.6718,1
0,67.6818,1
0,67.6947,0
0,67.7048,0
0,67.7149,0
0,67.7289,0
0,67.7391,0
0,67.7492,0
0,67.7594,0
0,67.7695,0
0,67.7796,0
0,67.7897,0
0,67.7998,0
0,67.8099,0
0,67.82,0
0,67.83,0
0,67.8401,0
0,67.8504,0
0,67.8605,0
0,67.8705,0
0,67.8806,0
0,67.8907,0
0,67.9008,0
0,67.9108,0
0,67.9209,0
0,67.931,0
0,67.9411,0
0,67.9512,0
0,67.9613,0
0,67.9713,0
0,67.9814,0
0,67.9915,0
0,68.0016,0
0,68.0116,0
0,68.0217,0
0,68.0318,0
0,68.0419,0
0,68.0519,0
0,68.062,0
0,68.0721,0
0,68.0822,0
0,68.0922,0
0,68.1023,0
0,68.1124,0
0,68.1225,0
0,68.1325,0
0,68.1426,0
0,68.1527,0
0,68.1628,1
0,68.1729,1
0,68.1835,1
0,68.1945,0
0,68.2046,0
0,68.2147,0
0,68.2249,0
0,68.2369,0
0,68.2471,0
0,68.2572,0
0,68.2674,0
0,68.2775,0
0,68.2876,0
0,68.2977,0
0,68.3077,0
0,68.3178,0
0,68.3279,0
0,68.338,0
0,68.348,0
0,68.3581,0
0,68.3682,0
0,68.3783,0
0,68.3884,0
0,68.3984,0
0,68.4085,0
0,68.4186,0
0,68.4287,0
0,68.4388,0
0,68.4489,0
0,68.459,0
0,68.4691,0
0,68.4792,0
0,68.4892,0
0,68.4993,0
0,68.5094,0
0,68.5195,0
0,68.5295,0
0,68.5396,0
0,68.5497,0
0,68.5598,0
0,68.5699,0
0,68.5799,0
0,68.59,0
0,68.6001,0
0,68.6102,0
0,68.6203,0
0,68.6304,0
0,68.6405,0
0,68.6506,0
0,68.6606,0
0,68.6709,1
0,68.6838,1
0,68.694,1
0,68.7064,0
0,68.7173,0
0,68.7274,0
0,68.7376,0
0,68.7478,0
0,68.758,0
0,68.7681,0
0,68.7782,0
0,68.7883,0
0,68.7984,0
0,68.8085,0
0,68.8186,0
0,68.8287,0
0,68.8388,0
0,68.8489,0
0,68.8589,0
0,68.869,0
0,68.8791,0
0,68.8892,0
0,68.8992,0
0,68.9093,0
0,68.9194,0
0,68.9295,0
0,68.9395,0
0,68.9496,0
0,68.9598,0
0,68.9699,0
0,68.98,0
0,68.9901,0
0,69.0002,0
0,69.0102,0
0,69.0203,0
0,69.0304,0
0,69.0405,0
0,69.0506,0
0,69.0606,0
0,69.0707,0
0,69.0808,0
0,69.0909,0
0,69.101,0
0,69.1111,0
0,69.1211,0
0,69.1312,0
0,69.1413,0
0,69.1514,0
0,69.1614,0
0,69.1716,1
0,69.183,1
0,69.1936,1
0,69.2037,0
0,69.2138,0
0,69.225,0
0,69.2351,0
0,69.2452,0
0,69.2557,0
0,69.2658,0
0,69.2759,0
0,69.286,0
0,69.2961,0
0,69.3062,0
0,69.3163,0
0,69.3264,0
0,69.3365,0
0,69.3465,0
0,69.3566,0
0,69.3667,0
0,69.3768,0
0,69.3869,0
0,69.3969,0
0,69.407,0
0,69.4171,0
0,69.4272,0
0,69.4372,0
0,69.4473,0
0,69.4574,0
0,69.4675,0
0,69.4776,0
0,69.4877,0
0,69.4977,0
0,69.5078,0
0,69.5179,0
0,69.528,0
0,69.5381,0
0,69.5481,0
0,69.5582,0
0,69.5683,0
0,69.5784,0
0,69.5885,0
0,69.5985,0
0,69.6086,0
0,69.6187,0
0,69.6288,0
0,69.6389,0
0,69.6491,0
0,69.6592,0
0,69.6693,0
0,69.6794,1
0,69.6895,1
0,69.6996,1
0,69.7099,0
0,69.7205,0
0,69.7306,0
0,69.7408,0
0,69.7508,0
0,69.7609,0
0,69.7731,0
0,69.7844,0
0,69.7946,0
0,69.8047,0
0,69.8148,0
0,69.8249,0
0,69.835,0
0,69.845,0
0,69.8551,0
0,69.8652,0
0,69.8753,0
0,69.8854,0
0,69.8954,0
0,69.9055,0
0,69.9156,0
0,69.9257,0
0,69.9357,0
0,69.9458,0
0,69.9559,0
0,69.967,0
0,69.9773,0
0,69.9873,0
0,69.9974,0
0,70.0075,0
0,70.0176,0
0,70.0277,0
0,70.0377,0
0,70.0478,0
0,70.0579,0
0,70.068,0
0,70.078,0
0,70.0881,0
0,70.0982,0
0,70.1083,0
0,70.1183,0
0,70.1284,0
0,70.1385,0
0,70.1486,0
0,70.1587,0
0,70.1687,0
0,70.1789,1
0,70.1892,1
0,70.2019,1
0,70.212,0
0,70.2221,0
0,70.2333,0
0,70.2433,0
0,70.2534,0
0,70.2637,0
0,70.2738,0
0,70.2839,0
0,70.2941,0
0,70.3042,0
0,70.3143,0
0,70.3244,0
0,70.3345,0
0,70.3446,0
0,70.3547,0
0,70.3647,0
0,70.3748,0
0,70.3849,0
0,70.395,0
0,70.405,0
0,70.4152,0
0,70.4252,0
0,70.4353,0
0,70.4454,0
0,70.4555,0
0,70.4655,0
0,70.4756,0
0,70.4857,0
0,70.4958,0
0,70.5059,0
0,70.5159,0
0,70.526,0
0,70.5361,0
0,70.5463,0
0,70.5564,0
0,70.5665,0
0,70.5766,0
0,70.5867,0
0,70.5968,0
0,70.607,0
0,70.617,0
0,70.6271,0
0,70.6372,0
0,70.6473,0
0,70.6574,0
0,70.6675,0
0,70.6779,0
0,70.688,1
0,70.6981,1
0,70.7082,1
0,70.7183,0
0,70.7289,0
0,70.7401,0
0,70.7502,0
0,70.7603,0
0,70.7719,0
0,70.782,0
0,70.7921,0
0,70.8022,0
0,70.8123,0
0,70.8224,0
0,70.8325,0
0,70.8425,0
0,70.8526,0
0,70.8627,0
0,70.8728,0
0,70.8829,0
0,70.893,0
0,70.9031,0
0,70.9132,0
0,70.9233,0
0,70.9334,0
0,70.9435,0
0,70.9536,0
0,70.9636,0
0,70.9743,0
0,70.9844,0
0,70.9945,0
0,71.0046,0
0,71.0147,0
0,71.0248,0
0,71.0349,0
0,71.0449,0
0,71.055,0
0,71.0651,0
0,71.0752,0
0,71.0853,0
0,71.0954,0
0,71.1055,0
0,71.1156,0
0,71.1257,0
0,71.1358,0
0,71.1459,0
0,71.156,0
0,71.166,0
0,71.1761,0
0,71.1863,1
0,71.201,1
0,71.2111,1
0,71.2212,1
0,71.2323,0
0,71.2429,0
0,71.253,0
0,71.2631,0
0,71.2732,0
0,71.2834,0
0,71.2936,0
0,71.3037,0
0,71.3138,0
0,71.3239,0
0,71.334,0
0,71.3441,0
0,71.3542,0
0,71.3643,0
0,71.3744,0
0,71.3845,0
0,71.3946,0
0,71.4046,0
0,71.4147,0
0,71.4248,0
0,71.4349,0
0,71.4449,0
0,71.455,0
0,71.4651,0
0,71.4752,0
0,71.4853,0
0,71.4954,0
0,71.5055,0
0,71.5155,0
0,71.5256,0
0,71.5357,0
0,71.5458,0
0,71.5558,0
0,71.5659,0
0,71.576,0
0,71.586,0
0,71.5961,0
0,71.6062,0
0,71.6163,0
0,71.6264,0
0,71.6365,0
0,71.6465,0
0,71.6566,0
0,71.6667,0
0,71.6769,0
0,71.687,1
0,71.7009,1
0,71.711,1
0,71.7218,1
0,71.7336,0
0,71.745,0
0,71.7551,0
0,71.7654,0
0,71.7773,0
0,71.7875,0
0,71.7976,0
0,71.8077,0
0,71.8178,0
0,71.8279,0
0,71.838,0
0,71.8481,0
0,71.8582,0
0,71.8683,0
0,71.8783,0
0,71.8884,0
0,71.8985,0
0,71.9086,0
0,71.9186,0
0,71.9287,0
0,71.9388,0
0,71.9489,0
0,71.959,0
0,71.969,0
0,71.9791,0
0,71.9892,0
0,71.9993,0
0,72.0094,0
0,72.0195,0
0,72.0295,0
0,72.0396,0
0,72.0497,0
0,72.0598,0
0,72.0699,0
0,72.08,0
0,72.09,0
0,72.1001,0
0,72.1102,0
0,72.1203,0
0,72.1304,0
0,72.1404,0
0,72.1505,0
0,72.1606,0
0,72.1707,0
0,72.1807,0
0,72.193,1
0,72.204,1
0,72.2141,1
0,72.2257,0
0,72.2361,0
0,72.2462,0
0,72.2591,0
0,72.2693,0
0,72.2794,0
0,72.2897,0
0,72.3011,0
0,72.3112,0
0,72.3214,0
0,72.3315,0
0,72.3415,0
0,72.3516,0
0,72.3617,0
0,72.3718,0
0,72.3819,0
0,72.3919,0
0,72.402,0
0,72.4121,0
0,72.4222,0
0,72.4323,0
0,72.4423,0
0,72.4524,0
0,72.4625,0
0,72.4726,0
0,72.4826,0
0,72.4927,0
0,72.5029,0
0,72.5129,0
0,72.523,0
0,72.5331,0
0,72.5432,0
0,72.5533,0
0,72.5634,0
0,72.5735,0
0,72.5835,0
0,72.5936,0
0,72.6037,0
0,72.6138,0
0,72.6238,0
0,72.6339,0
0,72.644,0
0,72.6541,0
0,72.6642,0
0,72.6743,0
0,72.6844,0
0,72.6965,1
0,72.7106,1
0,72.7207,1
0,72.7308,0
0,72.7409,0
0,72.751,0
0,72.7611,0
0,72.7712,0
0,72.7821,0
0,72.7923,0
0,72.8026,0
0,72.8127,0
0,72.8228,0
0,72.8329,0
0,72.843,0
0,72.8531,0
0,72.8631,0
0,72.8732,0
0,72.8833,0
0,72.8934,0
0,72.9035,0
0,72.9135,0
0,72.9236,0
0,72.9337,0
0,72.9438,0
0,72.9539,0
0,72.9639,0
0,72.974,0
0,72.9841,0
0,72.9942,0
0,73.0043,0
0,73.0144,0
0,73.0245,0
0,73.0345,0
0,73.0446,0
0,73.0547,0
0,73.0648,0
0,73.0748,0
0,73.0849,0
0,73.095,0
0,73.1051,0
0,73.1152,0
0,73.1252,0
0,73.1353,0
0,73.1454,0
0,73.1555,0
0,73.1655,0
0,73.1756,0
0,73.1857,0
0,73.1958,1
0,73.2059,1
0,73.216,1
0,73.2265,1
0,73.2369,0
0,73.247,0
0,73.2571,0
0,73.2672,0
0,73.2774,0
0,73.2876,0
0,73.2978,0
0,73.3089,0
0,73.319,0
0,73.3292,0
0,73.3392,0
0,73.3493,0
0,73.3594,0
0,73.3695,0
0,73.3796,0
0,73.3897,0
0,73.3998,0
0,73.4098,0
0,73.4199,0
0,73.43,0
0,73.4401,0
0,73.4501,0
0,73.4602,0
0,73.4703,0
0,73.4804,0
0,73.4904,0
0,73.5005,0
0,73.5106,0
0,73.5207,0
0,73.5308,0
0,73.5409,0
0,73.5509,0
0,73.561,0
0,73.5711,0
0,73.5812,0
0,73.5913,0
0,73.6014,0
0,73.6114,0
0,73.6215,0
0,73.6316,0
0,73.6417,0
0,73.6517,0
0,73.6618,0
0,73.6719,0
0,73.682,0
0,73.692,0
0,73.7044,1
0,73.7169,1
0,73.7272,0
0,73.739,0
0,73.7491,0
0,73.7593,0
0,73.7694,0
0,73.7795,0
0,73.7904,0
0,73.8005,0
0,73.8106,0
0,73.8207,0
0,73.8308,0
0,73.8409,0
0,73.851,0
0,73.8611,0
0,73.8712,0
0,73.8813,0
0,73.8914,0
0,73.9015,0
0,73.9115,0
0,73.9216,0
0,73.9317,0
0,73.9418,0
0,73.9519,0
0,73.9619,0
0,73.972,0
0,73.9821,0
0,73.9922,0
0,74.0023,0
0,74.0124,0
0,74.0225,0
0,74.0325,0
0,74.0426,0
0,74.0527,0
0,74.0628,0
0,74.0729,0
0,74.083,0
0,74.093,0
0,74.1031,0
0,74.1132,0
0,74.1233,0
0,74.1333,0
0,74.1434,0
0,74.1535,0
0,74.1636,0
0,74.1736,0
0,74.1837,0
0,74.1938,0
0,74.204,1
0,74.2147,1
0,74.2262,1
0,74.2377,0
0,74.248,0
0,74.2581,0
0,74.2682,0
0,74.2783,0
0,74.289,0
0,74.299,0
0,74.3091,0
0,74.3192,0
0,74.3293,0
0,74.3394,0
0,74.3495,0
0,74.3596,0
0,74.3697,0
0,74.3797,0
0,74.3898,0
0,74.3999,0
0,74.41,0
0,74.42,0
0,74.4301,0
0,74.4402,0
0,74.4503,0
0,74.4604,0
0,74.4705,0
0,74.4805,0
0,74.4906,0
0,74.5007,0
0,74.5108,0
0,74.5209,0
0,74.531,0
0,74.541,0
0,74.5511,0
0,74.5612,0
0,74.5712,0
0,74.5813,0
0,74.5914,0
0,74.6015,0
0,74.6116,0
0,74.6216,0
0,74.6317,0
0,74.6418,0
0,74.6519,0
0,74.6619,0
0,74.672,0
0,74.6821,0
0,74.6921,0
0,74.7022,0
0,74.7123,1
0,74.7233,1
0,74.7334,1
0,74.7435,1
0,74.7536,0
0,74.7637,0
0,74.7738,0
0,74.7839,0
0,74.794,0
0,74.8042,0
0,74.8144,0
0,74.8245,0
0,74.8346,0
0,74.8447,0
0,74.8548,0
0,74.8649,0
0,74.875,0
0,74.8851,0
0,74.8952,0
0,74.9053,0
0,74.9153,0
0,74.9254,0
0,74.9355,0
0,74.9456,0
0,74.9557,0
0,74.9657,0
0,74.9758,0
0,74.9859,0
0,74.996,0
0,75.006,0
0,75.0161,0
0,75.0274,0
0,75.0375,0
0,75.0476,0
0,75.0576,0
0,75.0677,0
0,75.0778,0
0,75.0879,0
0,75.0979,0
0,75.108,0
0,75.1181,0
0,75.1282,0
0,75.1382,0
0,75.1483,0
0,75.1584,0
0,75.1685,0
0,75.1786,0
0,75.1886,0
0,75.1987,0
0,75.21,1
0,75.2206,1
0,75.2307,1
0,75.2443,0
0,75.2548,0
0,75.2649,0
0,75.2751,0
0,75.2872,0
0,75.2975,0
0,75.3076,0
0,75.3178,0
0,75.3279,0
0,75.338,0
0,75.348,0
0,75.3581,0
0,75.3682,0
0,75.3783,0
0,75.3883,0
0,75.3984,0
0,75.4085,0
0,75.4186,0
0,75.4287,0
0,75.4387,0
0,75.4488,0
0,75.4589,0
0,75.469,0
0,75.4791,0
0,75.4891,0
0,75.4992,0
0,75.5093,0
0,75.5194,0
0,75.5295,0
0,75.5396,0
0,75.5497,0
0,75.56,0
0,75.5701,0
0,75.5802,0
0,75.5903,0
0,75.6004,0
0,75.6105,0
0,75.6206,0
0,75.6306,0
0,75.6407,0
0,75.651,0
0,75.6611,0
0,75.6712,0
0,75.6812,0
0,75.6913,0
0,75.7014,0
0,75.713,1
0,75.7234,1
0,75.7335,1
0,75.7459,0
0,75.756,0
0,75.766,0
0,75.7776,0
0,75.7883,0
0,75.7986,0
0,75.8095,0
0,75.8249,0
0,75.8351,0
0,75.8464,0
0,75.8578,0
0,75.8679,0
0,75.8788,0
0,75.8889,0
0,75.9011,0
0,75.9112,0
0,75.9214,0
0,75.9315,0
0,75.9416,0
0,75.9518,0
0,75.965,0
0,75.9752,0
0,75.9854,0
0,75.9955,0
0,76.0084,0
0,76.0188,0
0,76.0289,0
0,76.039,0
0,76.0492,0
0,76.0593,0
0,76.0695,0
0,76.0817,0
0,76.0953,0
0,76.1069,0
0,76.117,0
0,76.127,0
0,76.1371,0
0,76.1472,0
0,76.1573,0
0,76.1674,0
0,76.1774,0
0,76.1875,0
0,76.1976,0
0,76.2077,0
0,76.2199,1
0,76.2301,1
0,76.2402,1
0,76.2543,0
0,76.2645,0
0,76.2747,0
0,76.2849,0
0,76.2956,0
0,76.3058,0
0,76.3158,0
0,76.3262,0
0,76.3363,0
0,76.3464,0
0,76.3566,0
0,76.3667,0
0,76.3768,0
0,76.3869,0
0,76.397,0
0,76.4071,0
0,76.4172,0
0,76.4273,0
0,76.4373,0
0,76.4474,0
0,76.4575,0
0,76.4676,0
0,76.4777,0
0,76.4877,0
0,76.4978,0
0,76.5079,0
0,76.518,0
0,76.5281,0
0,76.5385,0
0,76.5487,0
0,76.5587,0
0,76.5688,0
0,76.5789,0
0,76.589,0
0,76.5993,0
0,76.6094,0
0,76.6195,0
0,76.6296,0
0,76.6397,0
0,76.6497,0
0,76.6598,0
0,76.6699,0
0,76.68,0
0,76.6901,0
0,76.7001,0
0,76.7102,0
0,76.7221,1
0,76.7322,1
0,76.7426,1
0,76.7529,0
0,76.763,0
0,76.7731,0
0,76.7832,0
0,76.7934,0
0,76.8035,0
0,76.8139,0
0,76.8241,0
0,76.8342,0
0,76.8443,0
0,76.8545,0
0,76.8646,0
0,76.8747,0
0,76.8847,0
0,76.8948,0
0,76.9049,0
0,76.915,0
0,76.925,0
0,76.9351,0
0,76.9452,0
0,76.9553,0
0,76.9653,0
0,76.9754,0
0,76.9855,0
0,76.9956,0
0,77.0057,0
0,77.0157,0
0,77.0258,0
0,77.0359,0
0,77.046,0
0,77.0561,0
0,77.0661,0
0,77.0762,0
0,77.0863,0
0,77.0964,0
0,77.1065,0
0,77.1165,0
0,77.1266,0
0,77.1367,0
0,77.1468,0
0,77.1569,0
0,77.1669,0
0,77.177,0
0,77.1871,0
0,77.1972,0
0,77.2073,0
0,77.2174,1
0,77.2275,1
0,77.2376,1
0,77.2477,1
0,77.2604,0
0,77.2705,0
0,77.2806,0
0,77.2929,0
0,77.3035,0
0,77.3136,0
0,77.3237,0
0,77.3348,0
0,77.3449,0
0,77.355,0
0,77.3651,0
0,77.3752,0
0,77.3853,0
0,77.3954,0
0,77.4054,0
0,77.4155,0
0,77.4256,0
0,77.4357,0
0,77.4458,0
0,77.4559,0
0,77.466,0
0,77.476,0
0,77.4861,0
0,77.4962,0
0,77.5063,0
0,77.5163,0
0,77.5264,0
0,77.5365,0
0,77.5466,0
0,77.5567,0
0,77.5668,0
0,77.5769,0
0,77.5869,0
0,77.597,0
0,77.6071,0
0,77.6172,0
0,77.6273,0
0,77.6373,0
0,77.6474,0
0,77.6575,0
0,77.6675,0
0,77.6776,0
0,77.6877,0
0,77.6978,0
0,77.7079,0
0,77.7179,0
0,77.728,1
0,77.7401,1
0,77.7509,1
0,77.7612,0
0,77.7729,0
0,77.783,0
0,77.7931,0
0,77.8032,0
0,77.815,0
0,77.8251,0
0,77.8352,0
0,77.8455,0
0,77.8557,0
0,77.8658,0
0,77.8758,0
0,77.8859,0
0,77.896,0
0,77.906,0
0,77.9161,0
0,77.9262,0
0,77.9363,0
0,77.9463,0
0,77.9564,0
0,77.9665,0
0,77.9766,0
0,77.9866,0
0,77.9967,0
0,78.0068,0
0,78.0169,0
0,78.0269,0
0,78.037,0
0,78.0471,0
0,78.0572,0
0,78.0673,0
0,78.0774,0
0,78.0874,0
0,78.0975,0
0,78.1076,0
0,78.1177,0
0,78.1277,0
0,78.1378,0
0,78.1479,0
0,78.158,0
0,78.168,0
0,78.1781,0
0,78.1882,0
0,78.1983,0
0,78.2083,0
0,78.2184,0
0,78.2285,1
0,78.2387,1
0,78.2487,1
0,78.2625,1
0,78.2726,0
0,78.2829,0
0,78.293,0
0,78.3031,0
0,78.3133,0
0,78.3234,0
0,78.3336,0
0,78.3437,0
0,78.3538,0
0,78.3639,0
0,78.374,0
0,78.3841,0
0,78.3941,0
0,78.4042,0
0,78.4143,0
0,78.4244,0
0,78.4345,0
0,78.4445,0
0,78.4546,0
0,78.4647,0
0,78.4748,0
0,78.4849,0
0,78.4949,0
0,78.505,0
0,78.5151,0
0,78.5252,0
0,78.5352,0
0,78.5453,0
0,78.5554,0
0,78.5655,0
0,78.5756,0
0,78.5856,0
0,78.5958,0
0,78.6059,0
0,78.6159,0
0,78.626,0
0,78.6361,0
0,78.6462,0
0,78.6563,0
0,78.6663,0
0,78.6764,0
0,78.6865,0
0,78.6966,0
0,78.7066,0
0,78.7167,0
0,78.7268,0
0,78.7381,1
0,78.7505,1
0,78.7624,0
0,78.7725,0
0,78.7826,0
0,78.7938,0
0,78.8038,0
0,78.8171,0
0,78.8273,0
0,78.8374,0
0,78.8487,0
0,78.8588,0
0,78.8689,0
0,78.879,0
0,78.8891,0
0,78.8992,0
0,78.9093,0
0,78.9193,0
0,78.9294,0
0,78.9395,0
0,78.9496,0
0,78.9596,0
0,78.9697,0
0,78.9798,0
0,78.9898,0
0,78.9999,0
0,79.01,0
0,79.0201,0
0,79.0302,0
0,79.0403,0
0,79.0503,0
0,79.0604,0
0,79.0705,0
0,79.0806,0
0,79.0907,0
0,79.1007,0
0,79.1108,0
0,79.1209,0
0,79.131,0
0,79.1411,0
0,79.1511,0
0,79.1612,0
0,79.1713,0
0,79.1814,0
0,79.1914,0
0,79.2015,0
0,79.2116,0
0,79.2217,0
0,79.2318,1
0,79.242,1
0,79.2543,1
0,79.2645,1
0,79.2816,0
0,79.292,0
0,79.3021,0
0,79.3123,0
0,79.3225,0
0,79.3326,0
0,79.3427,0
0,79.3528,0
0,79.3629,0
0,79.373,0
0,79.3831,0
0,79.3932,0
0,79.4033,0
0,79.4133,0
0,79.4234,0
0,79.4335,0
0,79.4436,0
0,79.4537,0
0,79.4637,0
0,79.4738,0
0,79.4839,0
0,79.494,0
0,79.504,0
0,79.5141,0
0,79.5242,0
0,79.5343,0
0,79.5443,0
0,79.5544,0
0,79.5645,0
0,79.5746,0
0,79.5847,0
0,79.5948,0
0,79.6048,0
0,79.6149,0
0,79.625,0
0,79.6351,0
0,79.6451,0
0,79.6552,0
0,79.6653,0
0,79.6754,0
0,79.6854,0
0,79.6955,0
0,79.7056,0
0,79.7157,0
0,79.7257,0
0,79.7359,1
0,79.7477,1
0,79.7578,1
0,79.7707,0
0,79.7827,0
0,79.7928,0
0,79.8029,0
0,79.8159,0
0,79.8271,0
0,79.838,0
0,79.849,0
0,79.8595,0
0,79.8696,0
0,79.8797,0
0,79.8898,0
0,79.8999,0
0,79.91,0
0,79.9202,0
0,79.9302,0
0,79.9403,0
0,79.9504,0
0,79.9605,0
0,79.9705,0
0,79.9806,0
0,79.9907,0
0,80.0008,0
0,80.0109,0
0,80.0209,0
0,80.031,0
0,80.0411,0
0,80.0512,0
0,80.0613,0
0,80.0714,0
0,80.0815,0
0,80.0915,0
0,80.1016,0
0,80.1117,0
0,80.1218,0
0,80.1319,0
0,80.1419,0
0,80.152,0
0,80.1621,0
0,80.1722,0
0,80.1822,0
0,80.1923,0
0,80.2024,0
0,80.2125,0
0,80.2225,0
0,80.2326,0
0,80.2449,1
0,80.2559,1
0,80.266,1
0,80.2768,1
0,80.2869,0
0,80.297,0
0,80.3071,0
0,80.3172,0
0,80.3274,0
0,80.3375,0
0,80.3477,0
0,80.3578,0
0,80.368,0
0,80.3781,0
0,80.3883,0
0,80.3984,0
0,80.4085,0
0,80.4185,0
0,80.4286,0
0,80.4387,0
0,80.449,0
0,80.459,0
0,80.4691,0
0,80.4792,0
0,80.4893,0
0,80.4993,0
0,80.5094,0
0,80.5195,0
0,80.5296,0
0,80.5397,0
0,80.5498,0
0,80.5599,0
0,80.57,0
0,80.5805,0
0,80.5906,0
0,80.6007,0
0,80.6108,0
0,80.6212,0
0,80.6313,0
0,80.6414,0
0,80.6515,0
0,80.6615,0
0,80.6716,0
0,80.6817,0
0,80.6918,0
0,80.7018,0
0,80.7119,0
0,80.722,0
0,80.7321,0
0,80.7422,1
0,80.7525,1
0,80.765,1
0,80.7755,1
0,80.7856,0
0,80.7968,0
0,80.8069,0
0,80.817,0
0,80.8271,0
0,80.8373,0
0,80.8475,0
0,80.8575,0
0,80.8677,0
0,80.8778,0
0,80.8879,0
0,80.898,0
0,80.9081,0
0,80.9182,0
0,80.9282,0
0,80.9383,0
0,80.9484,0
0,80.9585,0
0,80.9686,0
0,80.9786,0
0,80.9887,0
0,80.9988,0
0,81.0089,0
0,81.0189,0
0,81.029,0
0,81.0391,0
0,81.0493,0
0,81.0594,0
0,81.0695,0
0,81.0796,0
0,81.0902,0
0,81.1003,0
0,81.1103,0
0,81.1204,0
0,81.1305,0
0,81.1406,0
0,81.1506,0
0,81.1607,0
0,81.1708,0
0,81.1809,0
0,81.191,0
0,81.201,0
0,81.2111,0
0,81.2212,0
0,81.2313,0
0,81.2414,1
0,81.2515,1
0,81.2616,1
0,81.2722,0
0,81.2823,0
0,81.2924,0
0,81.3025,0
0,81.3126,0
0,81.3227,0
0,81.3329,0
0,81.3431,0
0,81.3532,0
0,81.3633,0
0,81.3735,0
0,81.3836,0
0,81.3937,0
0,81.4038,0
0,81.4139,0
0,81.424,0
0,81.4341,0
0,81.4442,0
0,81.4543,0
0,81.4644,0
0,81.4744,0
0,81.4845,0
0,81.4946,0
0,81.5047,0
0,81.5148,0
0,81.5248,0
0,81.5349,0
0,81.545,0
0,81.5551,0
0,81.5652,0
0,81.5753,0
0,81.5853,0
0,81.5956,0
0,81.6056,0
0,81.6158,0
0,81.6259,0
0,81.6359,0
0,81.646,0
0,81.6561,0
0,81.6662,0
0,81.6762,0
0,81.6863,0
0,81.6964,0
0,81.7065,0
0,81.7165,0
0,81.7266,0
0,81.7367,0
0,81.7493,1
0,81.7596,1
0,81.7697,1
0,81.7813,1
0,81.7925,0
0,81.8029,0
0,81.813,0
0,81.8231,0
0,81.8334,0
0,81.8435,0
0,81.8537,0
0,81.8638,0
0,81.874,0
0,81.8841,0
0,81.8942,0
0,81.9043,0
0,81.9144,0
0,81.9245,0
0,81.9346,0
0,81.9446,0
0,81.9547,0
0,81.9648,0
0,81.9749,0
0,81.985,0
0,81.995,0
0,82.0051,0
0,82.0152,0
0,82.0253,0
0,82.0353,0
0,82.0454,0
0,82.0555,0
0,82.0656,0
0,82.0757,0
0,82.0857,0
0,82.0958,0
0,82.1059,0
0,82.116,0
0,82.1261,0
0,82.1362,0
0,82.1463,0
0,82.1563,0
0,82.1664,0
0,82.1765,0
0,82.1866,0
0,82.1967,0
0,82.2067,0
0,82.2168,0
0,82.2269,0
0,82.237,0
0,82.2471,1
0,82.2578,1
0,82.2679,1
0,82.2792,1
0,82.2928,0
0,82.3029,0
0,82.313,0
0,82.3231,0
0,82.3355,0
0,82.3457,0
0,82.3558,0
0,82.3661,0
0,82.3764,0
0,82.3865,0
0,82.3966,0
0,82.4067,0
0,82.4167,0
0,82.4268,0
0,82.4369,0
0,82.447,0
0,82.457,0
0,82.4671,0
0,82.4772,0
0,82.4873,0
0,82.4974,0
0,82.5074,0
0,82.5175,0
0,82.5276,0
0,82.5377,0
0,82.5478,0
0,82.5578,0
0,82.5679,0
0,82.578,0
0,82.5881,0
0,82.5982,0
0,82.6082,0
0,82.6183,0
0,82.6284,0
0,82.6385,0
0,82.6486,0
0,82.6586,0
0,82.6687,0
0,82.6788,0
0,82.6889,0
0,82.699,0
0,82.709,0
0,82.7191,0
0,82.7292,0
0,82.7393,0
0,82.7507,1
0,82.7631,1
0,82.7739,1
0,82.7865,0
0,82.7966,0
0,82.8067,0
0,82.8168,0
0,82.8269,0
0,82.837,0
0,82.8474,0
0,82.8575,0
0,82.8676,0
0,82.8778,0
0,82.8879,0
0,82.898,0
0,82.908,0
0,82.9181,0
0,82.9282,0
0,82.9383,0
0,82.9484,0
0,82.9585,0
0,82.9685,0
0,82.9786,0
0,82.9887,0
0,82.9988,0
0,83.0089,0
0,83.0189,0
0,83.029,0
0,83.0391,0
0,83.0492,0
0,83.0592,0
0,83.0693,0
0,83.0794,0
0,83.0895,0
0,83.0999,0
0,83.11,0
0,83.12,0
0,83.1301,0
0,83.1402,0
0,83.1503,0
0,83.1603,0
0,83.1704,0
0,83.1805,0
0,83.1906,0
0,83.2007,0
0,83.2107,0
0,83.2208,0
0,83.2309,0
0,83.241,0
0,83.253,1
0,83.2641,1
0,83.2744,1
0,83.2866,0
0,83.2967,0
0,83.3068,0
0,83.3169,0
0,83.327,0
0,83.3372,0
0,83.3473,0
0,83.3605,0
0,83.3713,0
0,83.3814,0
0,83.3915,0
0,83.4016,0
0,83.4117,0
0,83.4217,0
0,83.4318,0
0,83.4419,0
0,83.452,0
0,83.4621,0
0,83.4722,0
0,83.4823,0
0,83.4923,0
0,83.5024,0
0,83.5125,0
0,83.5226,0
0,83.5326,0
0,83.5427,0
0,83.5528,0
0,83.5629,0
0,83.573,0
0,83.583,0
0,83.5931,0
0,83.6032,0
0,83.6133,0
0,83.6234,0
0,83.6334,0
0,83.6435,0
0,83.6536,0
0,83.6637,0
0,83.6738,0
0,83.6838,0
0,83.6939,0
0,83.704,0
0,83.7141,0
0,83.7241,0
0,83.7342,0
0,83.7443,0
0,83.7569,1
0,83.767,1
0,83.7775,1
0,83.7876,0
0,83.7981,0
0,83.8081,0
0,83.8182,0
0,83.8283,0
0,83.8386,0
0,83.849,0
0,83.8593,0
0,83.8696,0
0,83.8797,0
0,83.8898,0
0,83.8999,0
0,83.91,0
0,83.9201,0
0,83.9302,0
0,83.9403,0
0,83.9504,0
0,83.9605,0
0,83.9706,0
0,83.9806,0
0,83.9907,0
0,84.0008,0
0,84.0109,0
0,84.021,0
0,84.0311,0
0,84.0411,0
0,84.0512,0
0,84.0613,0
0,84.0714,0
0,84.0815,0
0,84.0916,0
0,84.1016,0
0,84.1118,0
0,84.1218,0
0,84.1319,0
0,84.142,0
0,84.1521,0
0,84.1621,0
0,84.1722,0
0,84.1823,0
0,84.1924,0
0,84.2024,0
0,84.2125,0
0,84.2226,0
0,84.2327,0
0,84.2427,0
0,84.2533,0
0,84.2644,1
0,84.2745,1
0,84.2846,1
0,84.2972,0
0,84.3074,0
0,84.3183,0
0,84.3284,0
0,84.3386,0
0,84.3487,0
0,84.3589,0
0,84.369,0
0,84.3791,0
0,84.3892,0
0,84.3993,0
0,84.4094,0
0,84.4195,0
0,84.4296,0
0,84.4397,0
0,84.4498,0
0,84.4598,0
0,84.4699,0
0,84.48,0
0,84.4901,0
0,84.5002,0
0,84.5102,0
0,84.5203,0
0,84.5304,0
0,84.5405,0
0,84.5505,0
0,84.5606,0
0,84.5707,0
0,84.5808,0
0,84.5908,0
0,84.6009,0
0,84.611,0
0,84.6215,0
0,84.6316,0
0,84.6417,0
0,84.6518,0
0,84.6619,0
0,84.6719,0
0,84.682,0
0,84.6921,0
0,84.7022,0
0,84.7123,0
0,84.7223,0
0,84.7324,0
0,84.7425,0
0,84.7526,0
0,84.7627,1
0,84.7737,1
0,84.7863,1
0,84.7975,0
0,84.8086,0
0,84.8187,0
0,84.8288,0
0,84.8409,0
0,84.8511,0
0,84.8612,0
0,84.8713,0
0,84.8814,0
0,84.8915,0
0,84.9016,0
0,84.9117,0
0,84.9217,0
0,84.9318,0
0,84.9419,0
0,84.952,0
0,84.9621,0
0,84.9722,0
0,84.9823,0
0,84.9923,0
0,85.0024,0
0,85.0125,0
0,85.0231,0
0,85.0331,0
0,85.0433,0
0,85.0534,0
0,85.0635,0
0,85.0736,0
0,85.0837,0
0,85.0937,0
0,85.1038,0
0,85.1139,0
0,85.124,0
0,85.1342,0
0,85.1442,0
0,85.1543,0
0,85.1644,0
0,85.1745,0
0,85.1845,0
0,85.1946,0
0,85.2047,0
0,85.2148,0
0,85.2249,0
0,85.2349,0
0,85.245,0
0,85.2551,0
0,85.2672,1
0,85.2782,1
0,85.2883,1
0,85.2984,0
0,85.3085,0
0,85.3187,0
0,85.3288,0
0,85.3391,0
0,85.3492,0
0,85.3597,0
0,85.3698,0
0,85.3799,0
0,85.39,0
0,85.4001,0
0,85.4101,0
0,85.4203,0
0,85.4303,0
0,85.4404,0
0,85.4505,0
0,85.4606,0
0,85.4707,0
0,85.4807,0
0,85.4908,0
0,85.5009,0
0,85.511,0
0,85.521,0
0,85.5311,0
0,85.5412,0
0,85.5514,0
0,85.5616,0
0,85.5717,0
0,85.5818,0
0,85.5919,0
0,85.6021,0
0,85.6122,0
0,85.6222,0
0,85.6329,0
0,85.643,0
0,85.6531,0
0,85.6632,0
0,85.6733,0
0,85.6833,0
0,85.6934,0
0,85.7035,0
0,85.7136,0
0,85.7236,0
0,85.7337,0
0,85.7438,0
0,85.7539,0
0,85.7673,1
0,85.7774,1
0,85.7875,1
0,85.7982,0
0,85.8086,0
0,85.8209,0
0,85.831,0
0,85.8416,0
0,85.8523,0
0,85.8624,0
0,85.8726,0
0,85.8828,0
0,85.8929,0
0,85.9031,0
0,85.9132,0
0,85.9233,0
0,85.9334,0
0,85.9434,0
0,85.9535,0
0,85.9636,0
0,85.9737,0
0,85.9838,0
0,85.9939,0
0,86.004,0
0,86.0141,0
0,86.0241,0
0,86.0342,0
0,86.0443,0
0,86.0544,0
0,86.0644,0
0,86.0745,0
0,86.0846,0
0,86.0947,0
0,86.1048,0
0,86.1148,0
0,86.1249,0
0,86.135,0
0,86.1451,0
0,86.1552,0
0,86.1653,0
0,86.1753,0
0,86.1854,0
0,86.1955,0
0,86.2056,0
0,86.2157,0
0,86.2257,0
0,86.2358,0
0,86.2459,0
0,86.256,0
0,86.2691,1
0,86.2794,1
0,86.2894,1
0,86.3013,0
0,86.3114,0
0,86.3216,0
0,86.3317,0
0,86.3418,0
0,86.352,0
0,86.3622,0
0,86.3723,0
0,86.3835,0
0,86.3936,0
0,86.4037,0
0,86.4138,0
0,86.4239,0
0,86.4339,0
0,86.444,0
0,86.4541,0
0,86.4642,0
0,86.4743,0
0,86.4844,0
0,86.4945,0
0,86.5046,0
0,86.5146,0
0,86.5247,0
0,86.5351,0
0,86.5452,0
0,86.5553,0
0,86.5654,0
0,86.5755,0
0,86.5856,0
0,86.5957,0
0,86.6057,0
0,86.6159,0
0,86.626,0
0,86.6361,0
0,86.6462,0
0,86.6563,0
0,86.6664,0
0,86.6765,0
0,86.6865,0
0,86.6966,0
0,86.7067,0
0,86.7168,0
0,86.7269,0
0,86.737,0
0,86.7471,0
0,86.7572,0
0,86.7677,1
0,86.7778,1
0,86.7882,1
0,86.8,1
0,86.814,0
0,86.8241,0
0,86.8354,0
0,86.8472,0
0,86.8573,0
0,86.8674,0
0,86.8775,0
0,86.8876,0
0,86.9007,0
0,86.9129,0
0,86.923,0
0,86.9332,0
0,86.9433,0
0,86.9533,0
0,86.9634,0
0,86.9735,0
0,86.9836,0
0,86.9937,0
0,87.0038,0
0,87.0139,0
0,87.0239,0
0,87.034,0
0,87.0449,0
0,87.055,0
0,87.065,0
0,87.0751,0
0,87.0852,0
0,87.0953,0
0,87.1053,0
0,87.1154,0
0,87.1255,0
0,87.1356,0
0,87.1457,0
0,87.1558,0
0,87.1659,0
0,87.176,0
0,87.186,0
0,87.1961,0
0,87.2062,0
0,87.2163,0
0,87.2263,0
0,87.2364,0
0,87.2465,0
0,87.2566,0
0,87.2666,0
0,87.2777,1
0,87.2889,1
0,87.3012,1
0,87.3127,0
0,87.3249,0
0,87.335,0
0,87.3451,0
0,87.3552,0
0,87.3653,0
0,87.3756,0
0,87.3857,0
0,87.3958,0
0,87.406,0
0,87.4161,0
0,87.4262,0
0,87.4362,0
0,87.4464,0
0,87.4565,0
0,87.4665,0
0,87.4766,0
0,87.4867,0
0,87.4968,0
0,87.5069,0
0,87.5169,0
0,87.527,0
0,87.5371,0
0,87.5472,0
0,87.5573,0
0,87.5673,0
0,87.5774,0
0,87.5875,0
0,87.5976,0
0,87.6076,0
0,87.6177,0
0,87.6278,0
0,87.6379,0
0,87.648,0
0,87.6581,0
0,87.6681,0
0,87.6782,0
0,87.6883,0
0,87.6984,0
0,87.7084,0
0,87.7185,0
0,87.7286,0
0,87.7387,0
0,87.7487,0
0,87.7588,0
0,87.7689,0
0,87.779,1
0,87.7892,1
0,87.7992,1
0,87.8098,0
0,87.8199,0
0,87.83,0
0,87.8401,0
0,87.8503,0
0,87.8603,0
0,87.8709,0
0,87.881,0
0,87.8912,0
0,87.9013,0
0,87.9114,0
0,87.9215,0
0,87.9316,0
0,87.9416,0
0,87.9517,0
0,87.9618,0
0,87.9719,0
0,87.9819,0
0,87.992,0
0,88.0021,0
0,88.0122,0
0,88.0223,0
0,88.0324,0
0,88.0425,0
0,88.0525,0
0,88.0626,0
0,88.0727,0
0,88.0828,0
0,88.0929,0
0,88.1029,0
0,88.113,0
0,88.1231,0
0,88.1332,0
0,88.1433,0
0,88.1534,0
0,88.1634,0
0,88.1735,0
0,88.1836,0
0,88.1937,0
0,88.2038,0
0,88.2138,0
0,88.2239,0
0,88.234,0
0,88.2441,0
0,88.2542,0
0,88.2643,0
0,88.2744,0
0,88.2858,1
0,88.301,1
0,88.3111,1
0,88.3212,1
0,88.3315,0
0,88.3416,0
0,88.3517,0
0,88.3618,0
0,88.3728,0
0,88.3829,0
0,88.393,0
0,88.4031,0
0,88.4132,0
0,88.4233,0
0,88.4334,0
0,88.4435,0
0,88.4535,0
0,88.4636,0
0,88.4737,0
0,88.4838,0
0,88.4939,0
0,88.5039,0
0,88.514,0
0,88.5241,0
0,88.5342,0
0,88.5443,0
0,88.5544,0
0,88.5645,0
0,88.5745,0
0,88.5846,0
0,88.5947,0
0,88.6048,0
0,88.6148,0
0,88.6249,0
0,88.635,0
0,88.6451,0
0,88.6552,0
0,88.6653,0
0,88.6753,0
0,88.6854,0
0,88.6955,0
0,88.7056,0
0,88.7156,0
0,88.7257,0
0,88.7358,0
0,88.7459,0
0,88.7559,0
0,88.766,0
0,88.7761,0
0,88.7935,1
0,88.8059,1
0,88.8159,1
0,88.8282,0
0,88.8383,0
0,88.8506,0
0,88.8609,0
0,88.8711,0
0,88.8812,0
0,88.8914,0
0,88.9014,0
0,88.9115,0
0,88.9216,0
0,88.9317,0
0,88.9418,0
0,88.9519,0
0,88.962,0
0,88.972,0
0,88.9821,0
0,88.9922,0
0,89.0023,0
0,89.0123,0
0,89.0224,0
0,89.0326,0
0,89.0426,0
0,89.0527,0
0,89.0628,0
0,89.0729,0
0,89.0829,0
0,89.093,0
0,89.1031,0
0,89.1132,0
0,89.1233,0
0,89.1334,0
0,89.1434,0
0,89.1535,0
0,89.1636,0
0,89.1737,0
0,89.1838,0
0,89.1939,0
0,89.2039,0
0,89.214,0
0,89.2241,0
0,89.2342,0
0,89.2442,0
0,89.2543,0
0,89.2644,0
0,89.2745,0
0,89.2849,1
0,89.2951,1
0,89.3051,1
0,89.3152,1
0,89.3277,0
0,89.3378,0
0,89.3479,0
0,89.358,0
0,89.3681,0
0,89.3783,0
0,89.3889,0
0,89.3991,0
0,89.4092,0
0,89.4193,0
0,89.4294,0
0,89.4394,0
0,89.4502,0
0,89.4603,0
0,89.4704,0
0,89.4805,0
0,89.4906,0
0,89.5006,0
0,89.5107,0
0,89.5211,0
0,89.5311,0
0,89.5412,0
0,89.5513,0
0,89.5614,0
0,89.5714,0
0,89.5815,0
0,89.5916,0
0,89.6017,0
0,89.6118,0
0,89.6218,0
0,89.6319,0
0,89.642,0
0,89.6521,0
0,89.6621,0
0,89.6722,0
0,89.6823,0
0,89.6924,0
0,89.7025,0
0,89.7126,0
0,89.7226,0
0,89.7327,0
0,89.7428,0
0,89.7529,0
0,89.763,0
0,89.773,0
0,89.7831,0
0,89.7948,1
0,89.8053,1
0,89.8185,0
0,89.8296,0
0,89.8398,0
0,89.8514,0
0,89.8615,0
0,89.8719,0
0,89.882,0
0,89.8922,0
0,89.9025,0
0,89.9126,0
0,89.9227,0
0,89.9328,0
0,89.9429,0
0,89.9529,0
0,89.963,0
0,89.9731,0
0,89.9832,0
0,89.9932,0
0,90.0033,0
0,90.0134,0
0,90.0235,0
0,90.0336,0
0,90.0437,0
0,90.0538,0
0,90.0639,0
0,90.074,0
0,90.084,0
0,90.0941,0
0,90.1042,0
0,90.1143,0
0,90.1243,0
0,90.1344,0
0,90.1445,0
0,90.1546,0
0,90.1647,0
0,90.1748,0
0,90.1849,0
0,90.1949,0
0,90.205,0
0,90.2151,0
0,90.2252,0
0,90.2353,0
0,90.2453,0
0,90.2554,0
0,90.2655,0
0,90.2756,0
0,90.2857,0
0,90.2958,1
0,90.3059,1
0,90.3164,1
0,90.3283,0
0,90.3391,0
0,90.3492,0
0,90.3593,0
0,90.3708,0
0,90.3813,0
0,90.3914,0
0,90.4015,0
0,90.4116,0
0,90.4217,0
0,90.4318,0
0,90.4419,0
0,90.4522,0
0,90.4622,0
0,90.4723,0
0,90.4824,0
0,90.4925,0
0,90.5025,0
0,90.5126,0
0,90.5227,0
0,90.5328,0
0,90.5429,0
0,90.553,0
0,90.5631,0
0,90.5732,0
0,90.5834,0
0,90.5935,0
0,90.6036,0
0,90.6137,0
0,90.6237,0
0,90.6338,0
0,90.6439,0
0,90.654,0
0,90.6641,0
0,90.6742,0
0,90.6842,0
0,90.6943,0
0,90.7044,0
0,90.7145,0
0,90.7246,0
0,90.7346,0
0,90.7447,0
0,90.7548,0
0,90.7649,0
0,90.7749,0
0,90.785,0
0,90.7969,1
0,90.8082,1
0,90.8184,1
0,90.8314,0
0,90.8415,0
0,90.8547,0
0,90.8648,0
0,90.8765,0
0,90.8866,0
0,90.8968,0
0,90.9069,0
0,90.917,0
0,90.9271,0
0,90.9372,0
0,90.9473,0
0,90.9573,0
0,90.9674,0
0,90.9775,0
0,90.9876,0
0,90.9976,0
0,91.0077,0
0,91.0178,0
0,91.0279,0
0,91.0379,0
0,91.048,0
0,91.0581,0
0,91.0682,0
0,91.0783,0
0,91.0884,0
0,91.0985,0
0,91.1086,0
0,91.1186,0
0,91.1287,0
0,91.1388,0
0,91.1489,0
0,91.159,0
0,91.169,0
0,91.1791,0
0,91.1892,0
0,91.1993,0
0,91.2094,0
0,91.2194,0
0,91.2295,0
0,91.2396,0
0,91.2498,0
0,91.2599,0
0,91.27,0
0,91.28,0
0,91.2901,0
0,91.3002,1
0,91.3104,1
0,91.3212,1
0,91.3334,0
0,91.3435,0
0,91.3546,0
0,91.3647,0
0,91.375,0
0,91.3852,0
0,91.3955,0
0,91.4058,0
0,91.4159,0
0,91.426,0
0,91.4363,0
0,91.4463,0
0,91.4564,0
0,91.4665,0
0,91.4766,0
0,91.4867,0
0,91.4967,0
0,91.5068,0
0,91.5169,0
0,91.527,0
0,91.537,0
0,91.5471,0
0,91.5572,0
0,91.5673,0
0,91.5774,0
0,91.5874,0
0,91.5975,0
0,91.6076,0
0,91.618,0
0,91.6281,0
0,91.6382,0
0,91.6483,0
0,91.6583,0
0,91.6684,0
0,91.6785,0
0,91.6886,0
0,91.6987,0
0,91.7087,0
0,91.7188,0
0,91.7289,0
0,91.739,0
0,91.7491,0
0,91.7591,0
0,91.7692,0
0,91.7793,0
0,91.7894,0
0,91.805,1
0,91.815,1
0,91.8252,1
0,91.8352,0
0,91.8453,0
0,91.8563,0
0,91.8709,0
0,91.881,0
0,91.8912,0
0,91.9014,0
0,91.9115,0
0,91.9216,0
0,91.9317,0
0,91.9419,0
0,91.952,0
0,91.9621,0
0,91.9722,0
0,91.9823,0
0,91.9924,0
0,92.0025,0
0,92.0126,0
0,92.0226,0
0,92.0327,0
0,92.0428,0
0,92.0529,0
0,92.063,0
0,92.073,0
0,92.0834,0
0,92.0935,0
0,92.1036,0
0,92.1137,0
0,92.1237,0
0,92.1338,0
0,92.1439,0
0,92.154,0
0,92.164,0
0,92.1741,0
0,92.1842,0
0,92.1943,0
0,92.2044,0
0,92.2145,0
0,92.2245,0
0,92.2346,0
0,92.2447,0
0,92.2548,0
0,92.2649,0
0,92.2749,0
0,92.285,0
0,92.2951,0
0,92.3087,1
0,92.3207,1
0,92.3326,0
0,92.3427,0
0,92.3529,0
0,92.363,0
0,92.3731,0
0,92.3835,0
0,92.3942,0
0,92.4043,0
0,92.4145,0
0,92.4245,0
0,92.4346,0
0,92.4447,0
0,92.4548,0
0,92.4649,0
0,92.475,0
0,92.4851,0
0,92.4952,0
0,92.5052,0
0,92.5153,0
0,92.5254,0
0,92.5355,0
0,92.5456,0
0,92.5557,0
0,92.5658,0
0,92.5758,0
0,92.5859,0
0,92.596,0
0,92.6061,0
0,92.6161,0
0,92.6262,0
0,92.6363,0
0,92.6464,0
0,92.6565,0
0,92.6665,0
0,92.6766,0
0,92.6867,0
0,92.6968,0
0,92.7069,0
0,92.7169,0
0,92.727,0
0,92.7371,0
0,92.7472,0
0,92.7573,0
0,92.7673,0
0,92.7774,0
0,92.7875,0
0,92.7976,0
0,92.8077,1
0,92.8178,1
0,92.8279,1
0,92.8383,0
0,92.8484,0
0,92.8609,0
0,92.871,0
0,92.8811,0
0,92.8926,0
0,92.9027,0
0,92.9128,0
0,92.9229,0
0,92.933,0
0,92.9431,0
0,92.9541,0
0,92.9641,0
0,92.9742,0
0,92.9843,0
0,92.9944,0
0,93.0044,0
0,93.0145,0
0,93.0246,0
0,93.0347,0
0,93.0447,0
0,93.0548,0
0,93.0649,0
0,93.075,0
0,93.0851,0
0,93.0952,0
0,93.1053,0
0,93.1154,0
0,93.1255,0
0,93.1355,0
0,93.1456,0
0,93.1557,0
0,93.1658,0
0,93.1758,0
0,93.1859,0
0,93.196,0
0,93.2061,0
0,93.2162,0
0,93.2263,0
0,93.2363,0
0,93.2464,0
0,93.2565,0
0,93.2666,0
0,93.2767,0
0,93.2867,0
0,93.2968,0
0,93.3091,1
0,93.3196,1
0,93.33,1
0,93.3401,1
0,93.3518,0
0,93.3619,0
0,93.372,0
0,93.3834,0
0,93.3935,0
0,93.4037,0
0,93.4138,0
0,93.4248,0
0,93.4349,0
0,93.445,0
0,93.4551,0
0,93.4652,0
0,93.4753,0
0,93.4853,0
0,93.4954,0
0,93.5055,0
0,93.5156,0
0,93.5257,0
0,93.5357,0
0,93.5458,0
0,93.5559,0
0,93.566,0
0,93.576,0
0,93.5861,0
0,93.5962,0
0,93.6063,0
0,93.6164,0
0,93.6264,0
0,93.6365,0
0,93.6466,0
0,93.6567,0
0,93.6667,0
0,93.6769,0
0,93.687,0
0,93.6971,0
0,93.7072,0
0,93.7173,0
0,93.7273,0
0,93.7374,0
0,93.7475,0
0,93.7576,0
0,93.7676,0
0,93.7777,0
0,93.7878,0
0,93.7979,0
0,93.808,0
0,93.8188,1
0,93.8291,1
0,93.8398,0
0,93.8498,0
0,93.86,0
0,93.8701,0
0,93.8802,0
0,93.8929,0
0,93.9049,0
0,93.9169,0
0,93.927,0
0,93.9372,0
0,93.9472,0
0,93.9573,0
0,93.9674,0
0,93.9775,0
0,93.9876,0
0,93.9976,0
0,94.0077,0
0,94.0178,0
0,94.0279,0
0,94.038,0
0,94.048,0
0,94.0581,0
0,94.0682,0
0,94.0783,0
0,94.0883,0
0,94.0984,0
0,94.1085,0
0,94.1187,0
0,94.1287,0
0,94.1388,0
0,94.1489,0
0,94.159,0
0,94.1691,0
0,94.1791,0
0,94.1892,0
0,94.1993,0
0,94.2097,0
0,94.2198,0
0,94.2299,0
0,94.2399,0
0,94.2503,0
0,94.2604,0
0,94.2705,0
0,94.2805,0
0,94.2906,0
0,94.3007,0
0,94.3108,0
0,94.3244,1
0,94.3369,1
0,94.3474,1
0,94.3575,1
0,94.3729,0
0,94.383,0
0,94.3931,0
0,94.4033,0
0,94.4134,0
0,94.4235,0
0,94.4336,0
0,94.4437,0
0,94.4538,0
0,94.4639,0
0,94.474,0
0,94.4841,0
0,94.4942,0
0,94.5042,0
0,94.5143,0
0,94.5244,0
0,94.5345,0
0,94.5445,0
0,94.5546,0
0,94.5647,0
0,94.5748,0
0,94.5849,0
0,94.595,0
0,94.6051,0
0,94.6152,0
0,94.6253,0
0,94.6353,0
0,94.6454,0
0,94.6555,0
0,94.6656,0
0,94.6757,0
0,94.6857,0
0,94.6958,0
0,94.7059,0
0,94.7162,0
0,94.7263,0
0,94.7364,0
0,94.7465,0
0,94.7566,0
0,94.7666,0
0,94.7767,0
0,94.7868,0
0,94.7968,0
0,94.8069,0
0,94.817,1
0,94.8277,1
0,94.8397,1
0,94.8515,0
0,94.8616,0
0,94.8717,0
0,94.8818,0
0,94.8919,0
0,94.902,0
0,94.9121,0
0,94.9223,0
0,94.9341,0
0,94.9442,0
0,94.9543,0
0,94.9644,0
0,94.9744,0
0,94.9845,0
0,94.9946,0
0,95.0047,0
0,95.0147,0
0,95.0248,0
0,95.0349,0
0,95.045,0
0,95.0551,0
0,95.0651,0
0,95.0752,0
0,95.0853,0
0,95.0954,0
0,95.1055,0
0,95.1155,0
0,95.1257,0
0,95.1358,0
0,95.1458,0
0,95.1559,0
0,95.166,0
0,95.1761,0
0,95.1861,0
0,95.1962,0
0,95.2063,0
0,95.2167,0
0,95.2268,0
0,95.2368,0
0,95.2469,0
0,95.257,0
0,95.2671,0
0,95.2771,0
0,95.2872,0
0,95.2973,0
0,95.3074,0
0,95.3175,0
0,95.3276,1
0,95.3384,1
0,95.3484,1
0,95.3609,0
0,95.371,0
0,95.3811,0
0,95.3912,0
0,95.4013,0
0,95.4115,0
0,95.4216,0
0,95.4318,0
0,95.4419,0
0,95.452,0
0,95.4621,0
0,95.4731,0
0,95.4832,0
0,95.4932,0
0,95.5033,0
0,95.5134,0
0,95.5235,0
0,95.5336,0
0,95.5449,0
0,95.5551,0
0,95.5652,0
0,95.5753,0
0,95.5854,0
0,95.5955,0
0,95.6062,0
0,95.6163,0
0,95.6263,0
0,95.6364,0
0,95.6465,0
0,95.6566,0
0,95.6667,0
0,95.6768,0
0,95.6868,0
0,95.6969,0
0,95.707,0
0,95.7175,0
0,95.7276,0
0,95.7376,0
0,95.7477,0
0,95.7578,0
0,95.7679,0
0,95.778,0
0,95.788,0
0,95.7981,0
0,95.8082,0
0,95.8183,0
0,95.8284,1
0,95.8407,1
0,95.8508,1
0,95.8609,0
0,95.8711,0
0,95.8829,0
0,95.8929,0
0,95.903,0
0,95.916,0
0,95.9261,0
0,95.9362,0
0,95.9463,0
0,95.9564,0
0,95.9665,0
0,95.9766,0
0,95.9867,0
0,95.9968,0
0,96.0068,0
0,96.0169,0
0,96.027,0
0,96.0371,0
0,96.0471,0
0,96.0572,0
0,96.0673,0
0,96.0774,0
0,96.0875,0
0,96.0976,0
0,96.1076,0
0,96.1177,0
0,96.1278,0
0,96.1379,0
0,96.148,0
0,96.1581,0
0,96.1682,0
0,96.1782,0
0,96.1883,0
0,96.1984,0
0,96.2085,0
0,96.2186,0
0,96.2287,0
0,96.2388,0
0,96.2488,0
0,96.2589,0
0,96.269,0
0,96.2791,0
0,96.2892,0
0,96.2992,0
0,96.3093,0
0,96.3194,0
0,96.3307,1
0,96.3418,1
0,96.352,1
0,96.3625,0
0,96.3731,0
0,96.3832,0
0,96.3933,0
0,96.4034,0
0,96.4135,0
0,96.4237,0
0,96.4338,0
0,96.444,0
0,96.4541,0
0,96.4641,0
0,96.4743,0
0,96.4844,0
0,96.4945,0
0,96.5046,0
0,96.5147,0
0,96.5247,0
0,96.5348,0
0,96.5449,0
0,96.555,0
0,96.5651,0
0,96.5751,0
0,96.5852,0
0,96.5953,0
0,96.6054,0
0,96.6155,0
0,96.6256,0
0,96.6357,0
0,96.6457,0
0,96.6558,0
0,96.6659,0
0,96.676,0
0,96.6861,0
0,96.6962,0
0,96.7063,0
0,96.7163,0
0,96.7264,0
0,96.7365,0
0,96.7466,0
0,96.7567,0
0,96.7667,0
0,96.7768,0
0,96.7869,0
0,96.797,0
0,96.807,0
0,96.8171,0
0,96.828,0
0,96.8381,1
0,96.8498,1
0,96.8599,1
0,96.8701,0
0,96.8802,0
0,96.8941,0
0,96.9042,0
0,96.9153,0
0,96.9254,0
0,96.9356,0
0,96.9457,0
0,96.9558,0
0,96.9659,0
0,96.976,0
0,96.9861,0
0,96.9962,0
0,97.0063,0
0,97.0164,0
0,97.0265,0
0,97.0366,0
0,97.0467,0
0,97.0568,0
0,97.0668,0
0,97.0769,0
0,97.087,0
0,97.0971,0
0,97.1071,0
0,97.1172,0
0,97.1273,0
0,97.1374,0
0,97.1475,0
0,97.1576,0
0,97.1677,0
0,97.1778,0
0,97.1879,0
0,97.1979,0
0,97.208,0
0,97.2181,0
0,97.2291,0
0,97.2392,0
0,97.2493,0
0,97.2594,0
0,97.2695,0
0,97.2796,0
0,97.2897,0
0,97.2997,0
0,97.3098,0
0,97.3199,0
0,97.33,0
0,97.3405,1
0,97.3506,1
0,97.3607,1
0,97.3712,1
0,97.3828,0
0,97.3931,0
0,97.4032,0
0,97.4146,0
0,97.4247,0
0,97.4348,0
0,97.445,0
0,97.4551,0
0,97.4652,0
0,97.4753,0
0,97.4854,0
0,97.4954,0
0,97.5055,0
0,97.5156,0
0,97.5257,0
0,97.5358,0
0,97.5458,0
0,97.5559,0
0,97.566,0
0,97.5761,0
0,97.5861,0
0,97.5962,0
0,97.6063,0
0,97.6164,0
0,97.6264,0
0,97.6365,0
0,97.6466,0
0,97.6567,0
0,97.6668,0
0,97.6768,0
0,97.6869,0
0,97.697,0
0,97.7071,0
0,97.7172,0
0,97.7272,0
0,97.7374,0
0,97.7474,0
0,97.7575,0
0,97.7676,0
0,97.7777,0
0,97.7877,0
0,97.7978,0
0,97.8079,0
0,97.818,0
0,97.8281,0
0,97.8405,1
0,97.8506,1
0,97.8607,1
0,97.8708,1
0,97.8819,0
0,97.892,0
0,97.9028,0
0,97.9137,0
0,97.9241,0
0,97.9343,0
0,97.9444,0
0,97.9545,0
0,97.9646,0
0,97.9747,0
0,97.9847,0
0,97.9948,0
0,98.0049,0
0,98.015,0
0,98.025,0
0,98.0351,0
0,98.0452,0
0,98.0553,0
0,98.0654,0
0,98.0754,0
0,98.0855,0
0,98.0956,0
0,98.1057,0
0,98.1158,0
0,98.1258,0
0,98.1359,0
0,98.146,0
0,98.1561,0
0,98.1661,0
0,98.1763,0
0,98.1865,0
0,98.1965,0
0,98.2066,0
0,98.2167,0
0,98.2268,0
0,98.2369,0
0,98.247,0
0,98.257,0
0,98.2671,0
0,98.2772,0
0,98.2873,0
0,98.2974,0
0,98.3074,0
0,98.3175,0
0,98.3276,0
0,98.3383,1
0,98.3493,1
0,98.361,1
0,98.3718,0
0,98.3819,0
0,98.392,0
0,98.4021,0
0,98.4122,0
0,98.4223,0
0,98.4324,0
0,98.4425,0
0,98.4526,0
0,98.4627,0
0,98.4729,0
0,98.483,0
0,98.493,0
0,98.5031,0
0,98.5132,0
0,98.5233,0
0,98.5334,0
0,98.5435,0
0,98.5535,0
0,98.5636,0
0,98.5737,0
0,98.5838,0
0,98.5939,0
0,98.604,0
0,98.6141,0
0,98.6241,0
0,98.6342,0
0,98.6443,0
0,98.6544,0
0,98.6644,0
0,98.6745,0
0,98.6846,0
0,98.6947,0
0,98.7047,0
0,98.7148,0
0,98.7249,0
0,98.735,0
0,98.7451,0
0,98.7552,0
0,98.7652,0
0,98.7753,0
0,98.7854,0
0,98.7955,0
0,98.8056,0
0,98.8156,0
0,98.8257,0
0,98.8358,0
0,98.8459,1
0,98.8562,1
0,98.8664,1
0,98.8765,0
0,98.8866,0
0,98.8967,0
0,98.9067,0
0,98.9174,0
0,98.9276,0
0,98.9377,0
0,98.9478,0
0,98.9579,0
0,98.968,0
0,98.9781,0
0,98.9882,0
0,98.9983,0
0,99.0084,0
0,99.0185,0
0,99.0286,0
0,99.0387,0
0,99.0489,0
0,99.059,0
0,99.0691,0
0,99.0791,0
0,99.0892,0
0,99.0993,0
0,99.1094,0
0,99.1194,0
0,99.1295,0
0,99.1396,0
0,99.1497,0
0,99.1597,0
0,99.1698,0
0,99.1799,0
0,99.19,0
0,99.2001,0
0,99.2102,0
0,99.2203,0
0,99.2303,0
0,99.2404,0
0,99.2505,0
0,99.2606,0
0,99.2707,0
0,99.2808,0
0,99.2908,0
0,99.3009,0
0,99.311,0
0,99.3211,0
0,99.3312,0
0,99.3414,0
0,99.3514,1
0,99.3618,1
0,99.3719,1
0,99.3823,0
0,99.3924,0
0,99.4027,0
0,99.4128,0
0,99.4229,0
0,99.4339,0
0,99.444,0
0,99.4541,0
0,99.4645,0
0,99.4746,0
0,99.4848,0
0,99.4949,0
0,99.505,0
0,99.5151,0
0,99.5251,0
0,99.5352,0
0,99.5453,0
0,99.5554,0
0,99.5655,0
0,99.5755,0
0,99.5856,0
0,99.5957,0
0,99.6058,0
0,99.6158,0
0,99.6259,0
0,99.636,0
0,99.6461,0
0,99.6562,0
0,99.6662,0
0,99.6763,0
0,99.6864,0
0,99.6965,0
0,99.7065,0
0,99.7166,0
0,99.7267,0
0,99.7368,0
0,99.7468,0
0,99.7569,0
0,99.7671,0
0,99.7771,0
0,99.7872,0
0,99.7973,0
0,99.8074,0
0,99.8174,0
0,99.8275,0
0,99.8376,0
0,99.8477,0
0,99.8578,1
0,99.8679,1
0,99.878,1
0,99.8895,1
0,99.9008,0
0,99.912,0
0,99.9221,0
0,99.9322,0
0,99.9423,0
0,99.9544,0
0,99.9645,0
0,99.9769,0
0,99.987,0
0,99.9971,0
0,100.0072,0
0,100.0173,0
0,100.0274,0
0,100.0374,0
0,100.0475,0
0,100.0576,0
0,100.0677,0
0,100.0778,0
0,100.0886,0
0,100.0986,0
0,100.1087,0
0,100.1188,0
0,100.1289,0
0,100.1389,0
0,100.149,0
0,100.1591,0
0,100.1692,0
0,100.1793,0
0,100.1893,0
0,100.1994,0
0,100.2095,0
0,100.2196,0
0,100.2297,0
0,100.2398,0
0,100.2499,0
0,100.26,0
0,100.2701,0
0,100.2802,0
0,100.2902,0
0,100.3003,0
0,100.3104,0
0,100.3205,0
0,100.3306,0
0,100.3406,0
0,100.3507,0
0,100.3608,1
0,100.3713,1
0,100.3814,1
0,100.3925,1
0,100.4052,0
0,100.4153,0
0,100.4254,0
0,100.4355,0
0,100.4462,0
0,100.4563,0
0,100.4664,0
0,100.4765,0
0,100.4866,0
0,100.4967,0
0,100.5068,0
0,100.5169,0
0,100.527,0
0,100.5372,0
0,100.5473,0
0,100.5574,0
0,100.5675,0
0,100.5776,0
0,100.5877,0
0,100.5978,0
0,100.608,0
0,100.6181,0
0,100.6281,0
0,100.6382,0
0,100.6483,0
0,100.6584,0
0,100.6685,0
0,100.6785,0
0,100.6886,0
0,100.6987,0
0,100.7088,0
0,100.7188,0
0,100.7289,0
0,100.739,0
0,100.7491,0
0,100.7591,0
0,100.7701,0
0,100.7802,0
0,100.7903,0
0,100.8003,0
0,100.8104,0
0,100.8205,0
0,100.8306,0
0,100.8407,0
0,100.8508,0
0,100.8609,1
0,100.8729,1
0,100.8837,1
0,100.8955,0
0,100.909,0
0,100.9191,0
0,100.9294,0
0,100.9395,0
0,100.9497,0
0,100.9598,0
0,100.9702,0
0,100.9804,0
0,100.9915,0
0,101.0018,0
0,101.012,0
0,101.0226,0
0,101.0327,0
0,101.0433,0
0,101.0534,0
0,101.0635,0
0,101.0736,0
0,101.0837,0
0,101.0943,0
0,101.1045,0
0,101.1146,0
0,101.1247,0
0,101.1349,0
0,101.145,0
0,101.1559,0
0,101.166,0
0,101.1761,0
0,101.1863,0
0,101.1964,0
0,101.2065,0
0,101.2168,0
0,101.2269,0
0,101.237,0
0,101.2474,0
0,101.2582,0
0,101.2683,0
0,101.2786,0
0,101.2887,0
0,101.2988,0
0,101.3089,0
0,101.319,0
0,101.3291,0
0,101.3393,0
0,101.3494,0
0,101.3598,0
0,101.3729,1
0,101.3831,1
0,101.3958,1
0,101.4098,0
0,101.4212,0
0,101.4342,0
0,101.4519,0
0,101.4627,0
0,101.4728,0
0,101.483,0
0,101.4931,0
0,101.5036,0
0,101.5138,0
0,101.5239,0
0,101.5342,0
0,101.5444,0
0,101.5545,0
0,101.5647,0
0,101.5749,0
0,101.585,0
0,101.5951,0
0,101.6086,0
0,101.6187,0
0,101.6289,0
0,101.639,0
0,101.6491,0
0,101.6592,0
0,101.6693,0
0,101.6794,0
0,101.6895,0
0,101.7001,0
0,101.7106,0
0,101.7208,0
0,101.7309,0
0,101.7411,0
0,101.7512,0
0,101.7613,0
0,101.7714,0
0,101.7815,0
0,101.7916,0
0,101.8017,0
0,101.8118,0
0,101.8219,0
0,101.832,0
0,101.8421,0
0,101.8522,0
0,101.8623,0
0,101.8724,1
0,101.8825,1
0,101.8926,1
0,101.9053,1
0,101.9155,0
0,101.9355,0
0,101.9489,0
0,101.959,0
0,101.9691,0
0,101.9792,0
0,101.9893,0
0,101.9995,0
0,102.0096,0
0,102.0198,0
0,102.0307,0
0,102.0408,0
0,102.0509,0
0,102.061,0
0,102.0711,0
0,102.0812,0
0,102.0913,0
0,102.1014,0
0,102.1123,0
0,102.1224,0
0,102.1325,0
0,102.1426,0
0,102.1527,0
0,102.1627,0
0,102.1728,0
0,102.1829,0
0,102.193,0
0,102.203,0
0,102.2131,0
0,102.2232,0
0,102.2333,0
0,102.2433,0
0,102.2534,0
0,102.2635,0
0,102.2736,0
0,102.2837,0
0,102.2938,0
0,102.3038,0
0,102.3139,0
0,102.324,0
0,102.3341,0
0,102.3442,0
0,102.3542,0
0,102.3643,0
0,102.377,1
0,102.3873,1
0,102.3974,1
0,102.4076,0
0,102.4177,0
0,102.4278,0
0,102.4379,0
0,102.448,0
0,102.4581,0
0,102.4684,0
0,102.4785,0
0,102.4886,0
0,102.4987,0
0,102.509,0
0,102.5192,0
0,102.5293,0
0,102.5394,0
0,102.5494,0
0,102.5595,0
0,102.5696,0
0,102.5797,0
0,102.5898,0
0,102.5998,0
0,102.6099,0
0,102.62,0
0,102.6301,0
0,102.6402,0
0,102.6503,0
0,102.6604,0
0,102.6704,0
0,102.6805,0
0,102.6906,0
0,102.7007,0
0,102.7107,0
0,102.7208,0
0,102.7309,0
0,102.741,0
0,102.7511,0
0,102.7611,0
0,102.7712,0
0,102.7813,0
0,102.7914,0
0,102.8015,0
0,102.8115,0
0,102.8216,0
0,102.8317,0
0,102.8418,0
0,102.8519,0
0,102.8619,0
0,102.8721,1
0,102.8821,1
0,102.8957,1
0,102.9076,0
0,102.9177,0
0,102.9287,0
0,102.939,0
0,102.9491,0
0,102.9592,0
0,102.9694,0
0,102.9795,0
0,102.9897,0
0,102.9999,0
0,103.01,0
0,103.0201,0
0,103.0302,0
0,103.0403,0
0,103.0503,0
0,103.0604,0
0,103.0705,0
0,103.0806,0
0,103.0906,0
0,103.1007,0
0,103.1108,0
0,103.1209,0
0,103.1309,0
0,103.141,0
0,103.1511,0
0,103.1612,0
0,103.1712,0
0,103.1813,0
0,103.1914,0
0,103.2015,0
0,103.2116,0
0,103.2216,0
0,103.2317,0
0,103.2418,0
0,103.2519,0
0,103.262,0
0,103.2721,0
0,103.2822,0
0,103.2923,0
0,103.3024,0
0,103.3125,0
0,103.3226,0
0,103.3326,0
0,103.3427,0
0,103.3528,0
0,103.3629,0
0,103.3731,1
0,103.3833,1
0,103.3954,1
0,103.4067,0
0,103.4168,0
0,103.4282,0
0,103.4383,0
0,103.4484,0
0,103.4585,0
0,103.4686,0
0,103.4787,0
0,103.4888,0
0,103.4989,0
0,103.509,0
0,103.5191,0
0,103.5292,0
0,103.5393,0
0,103.5493,0
0,103.5594,0
0,103.5695,0
0,103.5796,0
0,103.5897,0
0,103.5997,0
0,103.6099,0
0,103.6199,0
0,103.63,0
0,103.6401,0
0,103.6502,0
0,103.6602,0
0,103.6703,0
0,103.6804,0
0,103.6905,0
0,103.7005,0
0,103.7106,0
0,103.7207,0
0,103.7308,0
0,103.7409,0
0,103.7509,0
0,103.761,0
0,103.7711,0
0,103.7812,0
0,103.7912,0
0,103.8013,0
0,103.8114,0
0,103.8215,0
0,103.8315,0
0,103.8416,0
0,103.8517,0
0,103.8618,0
0,103.8719,0
0,103.8837,1
0,103.8937,1
0,103.9038,1
0,103.9141,0
0,103.9275,0
0,103.9376,0
0,103.9478,0
0,103.9579,0
0,103.968,0
0,103.9782,0
0,103.9883,0
0,103.9984,0
0,104.0085,0
0,104.0186,0
0,104.0287,0
0,104.0388,0
0,104.0489,0
0,104.059,0
0,104.0691,0
0,104.0791,0
0,104.0892,0
0,104.0993,0
0,104.1094,0
0,104.1195,0
0,104.1295,0
0,104.1396,0
0,104.1497,0
0,104.1598,0
0,104.1699,0
0,104.1799,0
0,104.19,0
0,104.2001,0
0,104.2102,0
0,104.2203,0
0,104.2303,0
0,104.2404,0
0,104.2505,0
0,104.2606,0
0,104.2706,0
0,104.2807,0
0,104.2908,0
0,104.3009,0
0,104.311,0
0,104.3211,0
0,104.3312,0
0,104.3413,0
0,104.3513,0
0,104.3614,0
0,104.3715,0
0,104.383,1
0,104.3933,1
0,104.4073,0
0,104.4174,0
0,104.4275,0
0,104.4376,0
0,104.4477,0
0,104.4577,0
0,104.468,0
0,104.4781,0
0,104.4883,0
0,104.4984,0
0,104.5085,0
0,104.5193,0
0,104.5294,0
0,104.5395,0
0,104.5496,0
0,104.5597,0
0,104.5698,0
0,104.5798,0
0,104.5899,0
0,104.6,0
0,104.6101,0
0,104.6202,0
0,104.6303,0
0,104.6403,0
0,104.6504,0
0,104.6605,0
0,104.6706,0
0,104.6806,0
0,104.6907,0
0,104.7008,0
0,104.7109,0
0,104.721,0
0,104.731,0
0,104.7411,0
0,104.7512,0
0,104.7613,0
0,104.7713,0
0,104.7814,0
0,104.7915,0
0,104.8016,0
0,104.8117,0
0,104.8218,0
0,104.8319,0
0,104.8419,0
0,104.852,0
0,104.8621,0
0,104.8722,0
0,104.8823,1
0,104.8924,1
0,104.9035,1
0,104.9192,0
0,104.9334,0
0,104.9435,0
0,104.9543,0
0,104.9645,0
0,104.9746,0
0,104.9847,0
0,104.9949,0
0,105.0072,0
0,105.0207,0
0,105.0329,0
0,105.0451,0
0,105.0556,0
0,105.0731,0
0,105.0834,0
0,105.0946,0
0,105.1061,0
0,105.12,0
0,105.132,0
0,105.1423,0
0,105.1524,0
0,105.1629,0
0,105.173,0
0,105.1832,0
0,105.1933,0
0,105.2034,0
0,105.2135,0
0,105.2238,0
0,105.2371,0
0,105.2541,0
0,105.2686,0
0,105.2787,0
0,105.2888,0
0,105.2989,0
0,105.309,0
0,105.3191,0
0,105.3292,0
0,105.3393,0
0,105.3493,0
0,105.3594,0
0,105.3695,0
0,105.3798,0
0,105.3899,1
0,105.4,1
0,105.4108,1
0,105.425,1
0,105.4363,0
0,105.4464,0
0,105.4565,0
0,105.4673,0
0,105.4774,0
0,105.4875,0
0,105.4976,0
0,105.5077,0
0,105.5178,0
0,105.5279,0
0,105.538,0
0,105.5482,0
0,105.5585,0
0,105.5686,0
0,105.5787,0
0,105.5888,0
0,105.5989,0
0,105.6094,0
0,105.6194,0
0,105.6295,0
0,105.6396,0
0,105.6502,0
0,105.6602,0
0,105.6703,0
0,105.6804,0
0,105.6905,0
0,105.7005,0
0,105.7106,0
0,105.7207,0
0,105.7308,0
0,105.7409,0
0,105.751,0
0,105.761,0
0,105.7711,0
0,105.7812,0
0,105.7913,0
0,105.8013,0
0,105.8115,0
0,105.8215,0
0,105.8316,0
0,105.8417,0
0,105.8518,0
0,105.8618,0
0,105.8719,0
0,105.882,0
0,105.8921,1
0,105.9022,1
0,105.9123,1
0,105.9291,1
0,105.945,0
0,105.9552,0
0,105.9654,0
0,105.9756,0
0,105.9857,0
0,105.9957,0
0,106.0059,0
0,106.016,0
0,106.0261,0
0,106.0362,0
0,106.0463,0
0,106.0563,0
0,106.0664,0
0,106.0765,0
0,106.0866,0
0,106.0967,0
0,106.1068,0
0,106.1169,0
0,106.127,0
0,106.1371,0
0,106.1472,0
0,106.1573,0
0,106.1673,0
0,106.1774,0
0,106.1875,0
0,106.1976,0
0,106.2076,0
0,106.2177,0
0,106.2278,0
0,106.2379,0
0,106.248,0
0,106.2581,0
0,106.2682,0
0,106.2782,0
0,106.2883,0
0,106.2984,0
0,106.3085,0
0,106.3186,0
0,106.3287,0
0,106.3388,0
0,106.3493,0
0,106.3594,0
0,106.3695,0
0,106.3796,0
0,106.3896,1
0,106.3997,1
0,106.4109,1
0,106.4257,0
0,106.4358,0
0,106.4459,0
0,106.456,0
0,106.4661,0
0,106.4762,0
0,106.4865,0
0,106.4967,0
0,106.5069,0
0,106.5171,0
0,106.5301,0
0,106.5402,0
0,106.5504,0
0,106.5605,0
0,106.5733,0
0,106.5853,0
0,106.5956,0
0,106.6059,0
0,106.616,0
0,106.6263,0
0,106.6366,0
0,106.6467,0
0,106.6568,0
0,106.667,0
0,106.6771,0
0,106.6897,0
0,106.6999,0
0,106.71,0
0,106.7201,0
0,106.7306,0
0,106.7407,0
0,106.7508,0
0,106.7609,0
0,106.7711,0
0,106.7812,0
0,106.7913,0
0,106.8014,0
0,106.8115,0
0,106.8216,0
0,106.8317,0
0,106.8418,0
0,106.8519,0
0,106.862,0
0,106.8721,0
0,106.8828,0
0,106.893,0
0,106.9053,1
0,106.9159,1
0,106.9337,1
0,106.9516,0
0,106.9668,0
0,106.9797,0
0,106.9905,0
0,107.0054,0
0,107.0158,0
0,107.0259,0
0,107.0362,0
0,107.0536,0
0,107.0637,0
0,107.0739,0
0,107.084,0
0,107.0958,0
0,107.1066,0
0,107.117,0
0,107.1272,0
0,107.1391,0
0,107.1492,0
0,107.1593,0
0,107.1695,0
0,107.1846,0
0,107.1977,0
0,107.2086,0
0,107.2187,0
0,107.2322,0
0,107.2439,0
0,107.254,0
0,107.2642,0
0,107.2743,0
0,107.2844,0
0,107.2947,0
0,107.3048,0
0,107.3154,0
0,107.3256,0
0,107.3357,0
0,107.3458,0
0,107.3569,0
0,107.367,0
0,107.3771,0
0,107.3873,0
0,107.3975,0
0,107.4125,0
0,107.4331,1
0,107.4439,1
0,107.454,1
0,107.4653,1
0,107.4771,1
0,107.4908,0
0,107.5035,0
0,107.5136,0
0,107.5237,0
0,107.5339,0
0,107.544,0
0,107.5541,0
0,107.5643,0
0,107.5744,0
0,107.5845,0
0,107.5946,0
0,107.6047,0
0,107.6148,0
0,107.6249,0
0,107.635,0
0,107.6452,0
0,107.6553,0
0,107.6655,0
0,107.6756,0
0,107.6951,0
0,107.7067,0
0,107.7168,0
0,107.7269,0
0,107.743,0
0,107.7557,0
0,107.7699,0
0,107.78,0
0,107.7901,0
0,107.8002,0
0,107.8103,0
0,107.8205,0
0,107.8306,0
0,107.8407,0
0,107.8508,0
0,107.8609,0
0,107.871,0
0,107.8811,0
0,107.8912,0
0,107.9013,0
0,107.9115,0
0,107.9216,0
0,107.9318,1
0,107.9445,1
0,107.9546,1
0,107.9669,1
0,107.9781,0
0,107.9883,0
0,107.9983,0
0,108.0084,0
0,108.0185,0
0,108.0287,0
0,108.0388,0
0,108.0489,0
0,108.059,0
0,108.0691,0
0,108.0792,0
0,108.0894,0
0,108.0994,0
0,108.1095,0
0,108.1196,0
0,108.1298,0
0,108.1404,0
0,108.1505,0
0,108.1606,0
0,108.1709,0
0,108.1812,0
0,108.1913,0
0,108.2027,0
0,108.2149,0
0,108.2275,0
0,108.2499,0
0,108.2608,0
0,108.2767,0
0,108.2868,0
0,108.297,0
0,108.3071,0
