epoch,loss,output_1_loss,output_1_mean_absolute_error,output_1_mean_absolute_percentage_error,output_2_loss,output_2_mean_absolute_error,output_2_mean_absolute_percentage_error,output_3_loss,output_3_mean_absolute_error,output_3_mean_absolute_percentage_error,val_loss,val_output_1_loss,val_output_1_mean_absolute_error,val_output_1_mean_absolute_percentage_error,val_output_2_loss,val_output_2_mean_absolute_error,val_output_2_mean_absolute_percentage_error,val_output_3_loss,val_output_3_mean_absolute_error,val_output_3_mean_absolute_percentage_error
0,1963306.75,1231629.0,1002.154052734375,99.99737548828125,1231646.375,1002.156982421875,99.99623107910156,1224324.125,998.6254272460938,99.51380920410156,1985371.875,1255168.0,1006.2355346679688,99.97779846191406,1255176.25,1006.2296142578125,99.97319793701172,1232268.625,994.5455932617188,98.310302734375
1,1925377.25,1229903.0,1001.3279418945312,99.87445831298828,1228761.375,1000.6430053710938,99.73309326171875,1187777.875,979.8722534179688,97.0218276977539,1928301.125,1250103.0,1003.755615234375,99.59334564208984,1246422.625,1001.8771362304688,99.27027130126953,1179343.375,967.2479248046875,94.77249908447266
2,1856127.5,1220770.125,996.6726684570312,99.11243438720703,1212206.75,992.2362670898438,98.4162368774414,1126234.375,947.2772216796875,92.94607543945312,1843840.375,1235485.75,996.414794921875,98.396484375,1219831.0,988.4623413085938,97.2447738647461,1107245.25,929.0870361328125,90.10781860351562
3,1757893.5,1201262.5,986.793701171875,97.5729751586914,1176790.375,974.2078857421875,95.8565673828125,1044477.25,902.8219604492188,87.73748779296875,1729290.5,1210097.125,983.6151123046875,96.47264099121094,1172641.125,964.3442993164062,93.94717407226562,1014469.0625,877.9203491210938,84.202880859375
4,1632712.75,1171833.875,971.8278198242188,95.44134521484375,1121084.0,945.2576904296875,92.14115905761719,944837.375,846.3818969726562,81.62973022460938,1590266.875,1174309.875,965.3612670898438,93.97218322753906,1105621.875,929.1488037109375,89.57486724853516,906287.4375,815.519775390625,77.66948699951172
5,1484937.125,1131892.5,951.1618041992188,92.73448944091797,1045747.5625,904.95166015625,87.46833801269531,831645.125,779.6649780273438,75.25514221191406,1431593.0,1128379.125,941.4156494140625,90.92937469482422,1019753.1875,882.4259033203125,84.23905944824219,787153.1875,745.4586791992188,71.77347564697266
6,1323637.0,1081363.125,924.5565185546875,89.56106567382812,954136.6875,853.7745361328125,81.97766876220703,712987.125,709.2705688476562,70.3195571899414,1265534.875,1072209.875,911.5504760742188,87.39827728271484,920352.375,825.5909423828125,78.19536590576172,667766.25,676.0552978515625,68.23857116699219
7,1159108.625,1021813.9375,892.394287109375,85.99132537841797,851356.4375,793.1585693359375,75.89466857910156,597157.4375,639.5607299804688,67.3850326538086,1102172.875,1007901.8125,876.3567504882812,83.47636413574219,812952.625,761.25927734375,72.02375793457031,555916.5,608.6810302734375,66.54077911376953
8,1001725.625,954931.875,855.1017456054688,82.051513671875,743359.4375,727.4864501953125,70.30118560791016,492238.1875,573.7935791015625,66.31775665283203,951624.8125,937390.125,836.3544921875,79.21965789794922,703942.25,696.4933471679688,67.59318542480469,459224.96875,548.1423950195312,66.84065246582031
9,857446.625,882870.375,813.1741333007812,77.7641372680664,636410.875,662.6597290039062,66.0323486328125,401662.3125,511.28448486328125,64.8057861328125,819616.9375,862608.5,792.09814453125,74.70317840576172,599507.8125,635.6141357421875,65.5359878540039,380982.0,496.9067077636719,68.30420684814453
10,726486.0,807526.625,767.7100830078125,73.27750396728516,534674.3125,598.1587524414062,61.455265045166016,323825.65625,451.05126953125,61.35074996948242,701144.0,785854.8125,745.0751342773438,70.09072875976562,508123.15625,573.077880859375,59.840415954589844,312950.59375,443.4798278808594,63.18937301635742
11,602890.9375,731612.9375,721.6080932617188,68.9247817993164,441181.4375,532.9595336914062,52.3410530090332,251052.703125,380.072021484375,49.97311782836914,638581.9375,709459.625,699.4896240234375,65.62032318115234,457551.28125,527.2059936523438,48.90884017944336,288478.625,414.5759582519531,53.27515411376953
12,496165.8125,656049.9375,677.0074462890625,63.84270477294922,359379.21875,481.1961364746094,46.288143157958984,191537.03125,313.1952209472656,37.66731262207031,543043.5625,633394.0,653.7700805664062,59.84349822998047,387074.1875,481.53204345703125,42.984169006347656,236903.09375,361.8404846191406,42.055633544921875
13,408175.90625,580951.0625,626.158935546875,57.42454528808594,287320.125,423.5030822753906,40.83269500732422,147694.546875,263.0216979980469,30.94032096862793,453675.4375,559912.8125,605.314208984375,54.52214050292969,312214.125,420.03173828125,37.647247314453125,192037.359375,317.2334899902344,35.19837188720703
14,332769.78125,509062.5625,571.711669921875,50.8612174987793,220740.484375,342.79351806640625,31.163618087768555,113828.8671875,218.30471801757812,22.579219818115234,366389.5,490428.0625,555.0653076171875,48.88343048095703,230297.828125,346.2999572753906,31.483909606933594,150171.734375,268.8763732910156,25.21489715576172
15,273512.8125,442897.8125,521.1196899414062,46.055633544921875,171287.75,279.53057861328125,23.664016723632812,89257.1484375,187.5477294921875,17.844968795776367,307212.5625,427117.1875,509.4475402832031,45.19355773925781,173373.5,298.7891845703125,28.256391525268555,127065.375,255.90562438964844,25.549156188964844
16,225926.53125,382633.53125,472.9842529296875,41.29121017456055,135691.625,238.3715057373047,20.342723846435547,70428.9609375,162.84593200683594,15.854340553283691,264098.53125,369209.4375,461.29010009765625,40.669986724853516,140444.546875,258.69512939453125,24.87451934814453,111202.3203125,228.17611694335938,21.97482681274414
17,187024.859375,328589.71875,427.47344970703125,37.51511001586914,108490.0625,204.6478729248047,17.722217559814453,55900.9140625,141.74752807617188,14.176521301269531,220637.3125,317727.15625,416.0675048828125,36.484554290771484,114006.546875,222.41175842285156,21.611892700195312,91117.1953125,198.9609375,19.18954849243164
18,155258.75,280732.8125,384.0581359863281,33.53401565551758,88018.875,179.55331420898438,15.890982627868652,44633.2578125,124.20531463623047,12.976811408996582,206655.203125,273280.375,379.74053955078125,34.079830169677734,103789.7578125,212.08853149414062,21.714895248413086,93534.15625,196.14918518066406,19.140789031982422
19,129426.265625,239371.296875,345.3461608886719,30.303075790405273,72313.2421875,160.17970275878906,14.507526397705078,35920.91015625,108.27902221679688,11.704565048217773,164997.4375,233188.8125,335.5353698730469,28.947004318237305,79008.7109375,187.47564697265625,18.411745071411133,71338.1796875,179.0016326904297,17.05390739440918
20,108221.78125,203572.734375,309.22796630859375,26.982311248779297,59749.51953125,142.06423950195312,13.010505676269531,29225.1015625,94.97164916992188,10.585718154907227,143745.328125,199370.265625,298.51904296875,25.051769256591797,71249.7265625,182.55348205566406,17.5247859954834,62559.32421875,173.43162536621094,16.537269592285156
21,91181.4921875,173132.1875,277.56903076171875,24.478870391845703,49587.921875,127.68131256103516,12.14150619506836,24365.462890625,86.44754791259766,10.052955627441406,125399.0078125,170763.703125,269.751708984375,22.77349853515625,64536.57421875,181.13768005371094,17.81460952758789,54808.91796875,169.7543487548828,16.956363677978516
22,77288.8359375,147373.671875,248.16407775878906,22.069904327392578,41422.91796875,114.09353637695312,11.085384368896484,20649.861328125,78.74662017822266,9.382598876953125,112018.3359375,146403.234375,241.3912353515625,20.51171875,60717.81640625,182.62191772460938,18.603662490844727,49882.02734375,171.96176147460938,18.045320510864258
23,65788.3984375,125775.8828125,221.4124755859375,19.971837997436523,34836.94140625,102.52489471435547,10.333745956420898,17604.552734375,72.59180450439453,9.09031867980957,120943.8125,126469.53125,222.00950622558594,20.08803367614746,66139.46875,157.638427734375,15.713998794555664,63161.109375,153.2694854736328,14.646655082702637
24,56262.421875,107740.2109375,197.30667114257812,17.926942825317383,29448.173828125,91.8353042602539,9.49254322052002,15105.904296875,66.7204818725586,8.448351860046387,74282.9296875,108999.0859375,193.8460693359375,16.66209602355957,35976.640625,125.32251739501953,13.304810523986816,30790.21484375,140.85899353027344,16.118804931640625
25,48466.95703125,92938.9765625,178.13253784179688,16.314697265625,25121.388671875,82.8879623413086,8.872496604919434,13048.845703125,61.780460357666016,8.094685554504395,60591.58984375,95382.6171875,180.04977416992188,16.010501861572266,30485.91015625,112.52593231201172,12.741517066955566,22831.033203125,115.61500549316406,13.492170333862305
26,42039.33984375,80820.171875,161.92343139648438,14.821356773376465,21656.951171875,75.65425872802734,8.265172958374023,11296.197265625,57.10569763183594,7.673214912414551,61040.75,84012.4453125,166.7622528076172,14.53203010559082,30563.583984375,96.66492462158203,10.381278991699219,26667.943359375,92.52609252929688,9.885125160217285
27,36619.203125,70672.96875,149.07577514648438,13.929483413696289,18925.71484375,70.20040893554688,8.005748748779297,9739.59375,53.155845642089844,7.412144660949707,62373.5625,74651.734375,158.70523071289062,13.933551788330078,34650.27734375,107.51335144042969,11.253060340881348,29582.955078125,96.03852844238281,9.62459659576416
28,32086.0703125,61893.453125,137.9423065185547,13.332595825195312,16664.353515625,66.05250549316406,7.860105991363525,8518.7275390625,50.349300384521484,7.3920793533325195,48660.578125,66394.015625,152.33685302734375,13.85512924194336,24689.17578125,101.48241424560547,11.857853889465332,21335.62109375,93.52642059326172,10.492889404296875
29,28203.876953125,54361.390625,127.38849639892578,12.342545509338379,14776.341796875,62.354305267333984,7.609015464782715,7462.5556640625,47.52894973754883,7.220833778381348,45569.28515625,58783.9609375,140.72805786132812,12.719584465026855,23374.17578125,89.29839324951172,9.93191909790039,20921.84375,83.28152465820312,8.742630004882812
30,24809.02734375,47699.16015625,117.67122650146484,11.612977027893066,13072.06640625,58.463314056396484,7.157416820526123,6577.66064453125,44.74365234375,6.840388298034668,44147.58984375,52289.6875,133.83712768554688,12.403663635253906,23702.384765625,93.81989288330078,10.747849464416504,21349.96875,87.89450073242188,9.544105529785156
31,21941.4296875,41995.63671875,109.20386505126953,11.085145950317383,11654.2724609375,55.970462799072266,7.088129997253418,5846.4609375,42.96540832519531,6.754220485687256,35887.09375,46287.97265625,122.90264129638672,11.498666763305664,17752.03125,80.42456817626953,8.583215713500977,16675.09375,85.05792236328125,9.54163646697998
32,19359.890625,37045.296875,101.05099487304688,10.497057914733887,10327.9609375,52.8353385925293,6.889317035675049,5147.9150390625,40.446285247802734,6.69584321975708,35129.140625,40731.3515625,111.51766967773438,10.60039234161377,19360.236328125,80.7378921508789,9.490358352661133,17101.662109375,73.77336120605469,8.148756980895996
33,17182.3671875,32770.1953125,92.89334106445312,9.895828247070312,9182.689453125,49.92803955078125,6.651911735534668,4596.49853515625,38.270015716552734,6.4089789390563965,28648.25,36492.140625,103.93016815185547,10.081925392150879,14378.3115234375,73.4642105102539,8.132746696472168,13387.1142578125,72.9238510131836,8.306127548217773
34,15417.08203125,29182.66015625,86.38895416259766,9.566494941711426,8245.880859375,48.17338943481445,6.644674301147461,4188.5185546875,37.08060073852539,6.385551452636719,20851.4140625,32390.828125,95.01236724853516,9.392518043518066,11983.78125,74.52909088134766,8.924149513244629,7539.03076171875,61.43097686767578,7.547737121582031
35,13816.8046875,26028.595703125,80.04390716552734,9.1768159866333,7368.1962890625,45.59785461425781,6.476580619812012,3797.765869140625,35.255882263183594,6.320903778076172,23221.466796875,29335.171875,91.3738784790039,9.545405387878418,12454.6552734375,75.91305541992188,9.44039249420166,10684.5166015625,70.64108276367188,8.458532333374023
36,12485.3623046875,23385.9765625,74.31130981445312,8.427160263061523,6610.8955078125,43.23900604248047,6.236357688903809,3486.3017578125,33.72013473510742,6.1411051750183105,19242.203125,26288.103515625,83.0443344116211,8.804852485656738,9995.4111328125,65.96991729736328,8.629548072814941,8357.1494140625,59.423500061035156,7.57756233215332
37,11359.302734375,21165.498046875,69.99605560302734,8.320744514465332,5960.94775390625,41.57371139526367,6.203623294830322,3221.368896484375,32.35138702392578,6.057909965515137,16313.74609375,23887.23046875,77.92565155029297,8.351320266723633,9747.529296875,67.88636016845703,8.52760124206543,6223.3173828125,55.09649658203125,7.249839782714844
38,10481.5537109375,19236.7109375,67.30509185791016,8.153996467590332,5433.5673828125,41.0943717956543,6.205624580383301,3080.4677734375,32.90386199951172,6.1411027908325195,17542.935546875,21828.6328125,74.8420181274414,8.338420867919922,8543.6611328125,62.864173889160156,8.737103462219238,8431.244140625,58.89937973022461,8.09331226348877
39,9673.400390625,17601.7734375,64.0090560913086,8.000890731811523,4971.81884765625,39.45204544067383,6.172272682189941,2901.322021484375,31.389493942260742,6.036307334899902,14629.6943359375,19977.8515625,69.4946517944336,7.506998062133789,6905.39013671875,51.73815155029297,6.936237335205078,6564.7216796875,47.754207611083984,6.346447944641113
40,8998.36328125,16208.8193359375,62.05788803100586,7.91485595703125,4537.2158203125,38.3371696472168,6.202009201049805,2774.552490234375,31.25871467590332,6.229599475860596,12845.5234375,18461.990234375,67.03782653808594,7.251697063446045,6054.71142578125,47.419857025146484,6.375137805938721,5490.51123046875,43.07611846923828,5.816733360290527
41,8239.955078125,14837.412109375,58.38334655761719,7.512790203094482,4136.96044921875,35.67715072631836,5.779906272888184,2547.642578125,28.80504035949707,5.872860908508301,11199.2568359375,16935.560546875,63.84815979003906,7.0038628578186035,5522.37841796875,46.21210861206055,6.345074653625488,4461.87646484375,41.193241119384766,5.871413707733154
42,7665.451171875,13593.087890625,56.32313919067383,7.476105690002441,3773.377197265625,34.66831970214844,5.7707905769348145,2455.511962890625,28.639469146728516,5.812950134277344,9611.0927734375,15563.2783203125,61.97062301635742,7.076834678649902,5444.26171875,49.581241607666016,6.836941242218018,3308.829833984375,38.783905029296875,6.091954231262207
43,7176.4921875,12529.8505859375,54.026710510253906,7.202508926391602,3519.17919921875,33.12172317504883,5.594176292419434,2361.783203125,27.628446578979492,5.660590648651123,11797.580078125,14649.5322265625,61.614505767822266,6.927277565002441,7377.86181640625,56.66404342651367,7.258769512176514,5189.361328125,47.1077995300293,6.634769916534424
44,6816.109375,11607.4873046875,52.9356575012207,7.15672492980957,3345.852294921875,33.19957733154297,5.694162845611572,2330.10791015625,28.351999282836914,5.776241302490234,7879.04833984375,13357.5087890625,59.06135940551758,7.459985256195068,4166.9853515625,41.31627655029297,6.08612585067749,2621.699462890625,32.8282585144043,5.74139404296875
45,6489.6884765625,10744.4013671875,52.1622200012207,7.490420818328857,3166.6484375,32.95774841308594,5.997652530670166,2316.373291015625,28.585813522338867,6.142462253570557,7994.09375,12178.833984375,54.61416244506836,6.516220569610596,4377.8505859375,43.772560119628906,6.5604987144470215,3027.08837890625,36.775062561035156,6.158034801483154
46,6057.07373046875,9881.6015625,49.590087890625,6.932717323303223,2957.785400390625,31.242727279663086,5.52767276763916,2205.25830078125,27.422914505004883,5.739500522613525,7435.984375,11231.265625,52.616065979003906,6.499753475189209,3945.898193359375,42.674705505371094,6.72128963470459,2882.834228515625,38.153114318847656,6.623686790466309
47,5762.79052734375,9140.8369140625,47.923587799072266,6.890320301055908,2802.60888671875,30.214445114135742,5.482910633087158,2179.755859375,27.05585479736328,5.6793694496154785,7252.3046875,10607.2197265625,52.82126235961914,6.292482852935791,3676.238525390625,38.72941970825195,5.894205093383789,2967.267333984375,34.723758697509766,5.674867153167725
48,5533.970703125,8471.8369140625,47.203067779541016,6.923041820526123,2699.619873046875,30.571577072143555,5.631194114685059,2182.532958984375,28.039871215820312,5.819110870361328,6221.49365234375,9708.9326171875,50.486328125,6.324472904205322,3188.18505859375,35.60775375366211,5.757401943206787,2352.358154296875,31.65147590637207,5.572380065917969
49,5257.70849609375,7828.11767578125,45.56581115722656,6.693303108215332,2568.51513671875,29.559640884399414,5.534492015838623,2138.717529296875,27.506181716918945,5.788398742675781,6153.27001953125,8775.58984375,44.844295501708984,5.987185478210449,3122.554931640625,32.51251983642578,5.524185657501221,2583.826904296875,29.898117065429688,5.4158406257629395
50,5011.927734375,7261.87841796875,43.87985610961914,6.6710524559021,2450.539306640625,28.545997619628906,5.49126672744751,2098.201904296875,26.703699111938477,5.707960605621338,6871.19873046875,8204.474609375,44.99140167236328,5.954578399658203,3548.15673828125,40.92548370361328,6.622869491577148,3345.408935546875,40.3919792175293,6.649470329284668
51,4804.2255859375,6734.7314453125,42.37520980834961,6.557029724121094,2393.5498046875,28.199491500854492,5.4036688804626465,2065.7412109375,26.723875045776367,5.6436004638671875,6445.3759765625,7577.36767578125,42.317012786865234,5.691622734069824,3552.140625,42.016998291015625,6.695825099945068,3106.523193359375,39.45880126953125,6.525580406188965
52,4652.12939453125,6286.6796875,41.31877136230469,6.393387794494629,2335.955078125,27.970478057861328,5.400346755981445,2065.33935546875,26.719602584838867,5.706445693969727,6518.0888671875,7358.39892578125,46.72248840332031,6.197318077087402,3581.20703125,42.67229461669922,6.926948070526123,3236.208251953125,41.115238189697266,7.0384016036987305
53,4472.3056640625,5878.5771484375,40.831199645996094,6.566381931304932,2275.349365234375,27.827402114868164,5.394342422485352,2026.127197265625,26.61213493347168,5.651487827301025,5124.33837890625,6562.44384765625,40.665000915527344,5.707491397857666,2787.802490234375,34.272769927978516,6.0315022468566895,2319.263916015625,31.672971725463867,6.029684543609619
54,4253.16259765625,5451.6904296875,38.982234954833984,6.252368927001953,2157.095703125,26.72362518310547,5.288086414337158,1970.5272216796875,26.052230834960938,5.643311500549316,4767.625,6042.9287109375,38.15052795410156,5.583285808563232,2575.3623046875,31.231258392333984,5.68389892578125,2182.137451171875,29.71940803527832,5.7802252769470215
55,4108.01611328125,5081.068359375,37.95392608642578,6.250556468963623,2117.533447265625,26.51872444152832,5.276618957519531,1948.435546875,25.720195770263672,5.579134464263916,5246.4345703125,5585.03515625,35.20648956298828,5.22538948059082,2778.1279296875,33.71023178100586,5.864984512329102,2737.486572265625,34.88469696044922,6.120626449584961
56,4010.4970703125,4778.15478515625,37.56463623046875,6.375240802764893,2093.0341796875,26.80210304260254,5.3355255126953125,1949.140380859375,26.16472053527832,5.629917621612549,5489.11083984375,5220.638671875,34.46381759643555,5.268221855163574,3020.80517578125,37.396392822265625,6.5328168869018555,3016.677490234375,38.863128662109375,6.877835750579834
57,3925.66015625,4495.96484375,36.58698654174805,6.1249775886535645,2074.095458984375,26.482450485229492,5.29175329208374,1954.64208984375,26.007596969604492,5.621283054351807,4522.9873046875,4899.08544921875,33.99473571777344,5.319123268127441,2396.69287109375,29.221166610717773,5.35992956161499,2334.25390625,29.718280792236328,5.477898597717285
58,3769.824462890625,4213.39111328125,35.176727294921875,6.0567097663879395,2017.786376953125,25.760732650756836,5.229024410247803,1900.4710693359375,25.295974731445312,5.532708168029785,4085.38525390625,4719.37548828125,36.15510177612305,5.491148471832275,2142.672119140625,27.653413772583008,5.164792060852051,2026.7706298828125,28.57969856262207,5.458493709564209
59,3688.460693359375,3974.580078125,34.6442985534668,5.981477737426758,1978.908203125,25.496471405029297,5.184978008270264,1902.4140625,25.1398983001709,5.450218677520752,3804.759521484375,4418.19580078125,34.96865463256836,5.392269134521484,1984.510009765625,25.235553741455078,4.859193325042725,1883.947998046875,26.331928253173828,5.121673107147217
60,3642.955322265625,3772.251953125,34.76628875732422,6.08513879776001,1979.615966796875,26.44654655456543,5.297194004058838,1917.3948974609375,26.164215087890625,5.570573806762695,4340.42626953125,4034.285400390625,30.963645935058594,5.384537220001221,2231.244384765625,27.63117027282715,5.271902084350586,2460.767578125,33.069862365722656,5.8560404777526855
61,3576.59619140625,3581.53955078125,33.519081115722656,6.054655075073242,1967.2861328125,25.961584091186523,5.312873840332031,1911.94775390625,25.60652732849121,5.5764923095703125,4016.284423828125,3803.72705078125,29.494279861450195,4.798490047454834,2139.330810546875,29.201671600341797,5.532200813293457,2233.3671875,33.557987213134766,6.295166492462158
62,3458.458251953125,3399.94140625,32.87847900390625,6.108515739440918,1903.056884765625,25.6414852142334,5.327760219573975,1867.5587158203125,25.520620346069336,5.583198070526123,4200.7763671875,3554.798095703125,27.73952293395996,4.984802722930908,2085.122802734375,28.457998275756836,5.449958324432373,2508.800048828125,37.170101165771484,6.44215726852417
63,3434.957275390625,3263.232421875,31.961668014526367,5.831451416015625,1919.369873046875,25.382068634033203,5.1829514503479,1880.1766357421875,25.08557891845703,5.4606032371521,4063.668212890625,3487.4501953125,30.10432243347168,5.094157695770264,2164.061279296875,29.607742309570312,5.256196975708008,2368.21484375,35.28311538696289,6.059635162353516
64,3445.6298828125,3156.8623046875,32.536956787109375,5.9169020652771,1945.3839111328125,26.546905517578125,5.287028789520264,1914.9559326171875,26.17667007446289,5.56412935256958,4045.387451171875,3196.978515625,26.459169387817383,5.175213813781738,1957.143798828125,26.992307662963867,5.405437469482422,2499.15087890625,37.06824493408203,6.404602527618408
65,3284.09130859375,2980.79345703125,30.764928817749023,5.831282615661621,1876.16748046875,25.243663787841797,5.2140374183654785,1827.0030517578125,24.55275535583496,5.427015781402588,3769.702880859375,3049.242431640625,25.89678192138672,4.921533584594727,1846.798828125,24.747827529907227,4.9427642822265625,2300.89013671875,35.52046585083008,5.973465919494629
66,3267.203857421875,2856.5712890625,30.614408493041992,6.121379375457764,1874.757080078125,25.534542083740234,5.419500827789307,1847.8050537109375,25.37457275390625,5.681947231292725,3508.149169921875,2878.93896484375,24.482023239135742,4.701953887939453,1826.509765625,24.236568450927734,4.964073657989502,2096.5146484375,32.38507843017578,5.808776378631592
67,3172.9521484375,2731.58642578125,29.415481567382812,5.635707378387451,1820.4962158203125,24.586158752441406,5.125300884246826,1807.327392578125,24.48560905456543,5.425297260284424,3901.19091796875,2762.294921875,23.944385528564453,4.4689555168151855,2081.880615234375,28.28731346130371,5.614901065826416,2447.938232421875,36.42423629760742,6.637657165527344
68,3136.5068359375,2614.613037109375,29.09141731262207,5.6828813552856445,1820.1314697265625,24.982460021972656,5.147998809814453,1806.083251953125,24.868587493896484,5.414514064788818,3584.905029296875,2643.808837890625,23.538002014160156,4.901129722595215,1875.2227783203125,25.604629516601562,5.114675521850586,2229.195556640625,33.60392379760742,5.807212829589844
69,3066.418701171875,2528.047119140625,28.401700973510742,5.627986907958984,1777.9910888671875,24.408262252807617,5.108622074127197,1774.6070556640625,24.377107620239258,5.384575843811035,3633.807373046875,2517.7568359375,22.477928161621094,4.686084747314453,1931.914306640625,26.29938316345215,5.200547218322754,2298.906005859375,34.17665481567383,5.93092155456543
70,3102.177734375,2498.4326171875,28.79573631286621,5.8254499435424805,1811.43115234375,25.064424514770508,5.302545547485352,1809.218505859375,24.999385833740234,5.573848247528076,2969.173095703125,2427.846435546875,21.775571823120117,4.69517707824707,1686.2705078125,22.59284019470215,4.868436336517334,1734.93798828125,26.619670867919922,5.291578769683838
71,3116.78466796875,2471.296142578125,29.202905654907227,5.935893535614014,1838.0015869140625,25.706003189086914,5.359213352203369,1823.99462890625,25.345346450805664,5.575985908508301,3288.0673828125,2345.84814453125,21.038345336914062,4.3472466468811035,1839.4212646484375,26.25331687927246,5.0995306968688965,2032.4862060546875,32.190711975097656,5.816275119781494
72,3032.96484375,2350.782470703125,27.622894287109375,5.505514621734619,1775.6796875,24.444974899291992,5.086061954498291,1795.0262451171875,24.60340118408203,5.389082431793213,3011.920166015625,2275.865478515625,20.926071166992188,4.494837760925293,1690.0711669921875,24.371809005737305,4.803465843200684,1822.1392822265625,28.805925369262695,5.247516632080078
73,2978.11962890625,2284.62158203125,27.260921478271484,5.555093288421631,1751.3211669921875,24.377994537353516,5.112138271331787,1767.3367919921875,24.541147232055664,5.423624038696289,3220.68798828125,2201.95361328125,20.674367904663086,4.399219036102295,1744.5689697265625,25.35136604309082,5.0594706535339355,2036.7310791015625,31.95089340209961,5.890851974487305
74,2969.04296875,2233.54296875,26.977813720703125,5.532668590545654,1756.0987548828125,24.36831283569336,5.106945037841797,1772.1507568359375,24.562883377075195,5.420339107513428,3289.0400390625,2163.615234375,21.721891403198242,4.625424861907959,1792.1368408203125,27.082427978515625,5.122763633728027,2102.314453125,33.3576774597168,5.8085408210754395
75,2991.52783203125,2235.75537109375,27.914936065673828,5.906127452850342,1770.4422607421875,25.30999183654785,5.359079360961914,1789.668701171875,25.41033363342285,5.662952899932861,3462.986572265625,2104.57568359375,20.872678756713867,4.383026123046875,1857.692138671875,26.935882568359375,5.353684425354004,2274.305908203125,34.58852005004883,6.334918022155762
76,3005.53369140625,2224.715087890625,27.748008728027344,5.822481632232666,1785.0411376953125,25.162155151367188,5.316869258880615,1802.6070556640625,25.325462341308594,5.606965065002441,2941.08984375,2061.406982421875,21.31251335144043,4.8544416427612305,1676.75537109375,24.964462280273438,4.954496383666992,1819.6409912109375,28.712024688720703,5.371664047241211
77,2912.628173828125,2119.092041015625,26.127967834472656,5.502425670623779,1734.8131103515625,23.986698150634766,5.0486741065979,1756.456787109375,24.10743522644043,5.3377861976623535,2612.0078125,2020.0535888671875,21.15140724182129,4.554491996765137,1524.9447021484375,20.477703094482422,4.47744607925415,1548.50830078125,22.528297424316406,4.807012557983398
78,2876.17822265625,2083.175537109375,26.326568603515625,5.522372245788574,1707.39404296875,24.202138900756836,5.093216419219971,1739.0069580078125,24.30553436279297,5.388955116271973,2925.79541015625,1982.5782470703125,21.473873138427734,4.620622158050537,1691.2457275390625,25.14143943786621,4.9767961502075195,1823.64794921875,28.497222900390625,5.3672590255737305
79,2900.62255859375,2085.222412109375,26.19917106628418,5.523509979248047,1732.844482421875,24.250951766967773,5.11651611328125,1755.20263671875,24.36370849609375,5.396982669830322,2662.388427734375,1910.6531982421875,18.933006286621094,4.303368091583252,1556.4185791015625,21.435754776000977,4.588504791259766,1622.2667236328125,23.97008514404297,4.911635875701904
80,2857.7109375,2037.1591796875,25.958635330200195,5.470381259918213,1705.9176025390625,24.043331146240234,5.058887004852295,1734.7880859375,24.221229553222656,5.346794128417969,2616.823974609375,1872.484375,18.821435928344727,4.475203990936279,1523.951904296875,21.80047607421875,4.7845916748046875,1597.89306640625,24.564908981323242,5.1200666427612305
81,2922.48681640625,2084.603515625,27.014060974121094,5.872183322906494,1756.696533203125,25.11164665222168,5.369102478027344,1770.0966796875,24.933176040649414,5.590273380279541,3226.106201171875,1895.124755859375,20.767200469970703,4.4073286056518555,1777.0819091796875,26.081472396850586,5.345806121826172,2124.444091796875,32.369903564453125,6.213397979736328
82,2864.35107421875,2022.8814697265625,26.002214431762695,5.581932067871094,1707.3546142578125,24.017475128173828,5.12506628036499,1745.280517578125,24.327085494995117,5.3887176513671875,2356.383056640625,1818.4608154296875,18.615304946899414,4.654840469360352,1434.6639404296875,20.251602172851562,4.768425941467285,1380.4456787109375,20.246883392333984,4.7898359298706055
83,2849.586181640625,1996.9075927734375,26.18234634399414,5.65524435043335,1707.405029296875,24.419588088989258,5.251158237457275,1738.2919921875,24.635719299316406,5.560575485229492,2552.00537109375,1787.7205810546875,19.033384323120117,4.482710838317871,1516.6270751953125,21.541839599609375,4.760781288146973,1560.701171875,23.824344635009766,5.0749192237854
84,2793.129638671875,1946.9615478515625,25.052276611328125,5.377964496612549,1671.390625,23.478145599365234,4.986794471740723,1707.6241455078125,23.708932876586914,5.28642463684082,2401.4228515625,1757.2554931640625,18.340656280517578,4.427000999450684,1455.114990234375,19.767026901245117,4.5843048095703125,1437.71142578125,20.434673309326172,4.685357093811035
85,2795.401123046875,1937.4732666015625,25.462636947631836,5.3726091384887695,1676.47412109375,23.912717819213867,4.977446556091309,1711.2169189453125,24.10917091369629,5.272303581237793,2856.0869140625,1832.155029296875,21.903390884399414,5.29412841796875,1694.0526123046875,27.50724220275879,5.772091865539551,1798.224609375,29.843284606933594,6.035103797912598
86,2887.425048828125,1992.229248046875,26.204896926879883,5.6300177574157715,1736.5634765625,24.709848403930664,5.204936981201172,1768.7869873046875,24.795475006103516,5.457789421081543,2614.49072265625,1726.4991455078125,18.34343147277832,4.282179355621338,1553.283447265625,22.15064239501953,4.804889678955078,1630.555908203125,24.896944046020508,5.164802074432373
87,2811.370361328125,1925.52734375,25.858774185180664,5.503320693969727,1688.2318115234375,24.34977912902832,5.111311912536621,1727.2425537109375,24.635093688964844,5.409035682678223,2616.3564453125,1708.745849609375,19.096330642700195,4.631719589233398,1527.2158203125,21.89098358154297,4.941028118133545,1645.568115234375,25.479228973388672,5.296585559844971
88,2762.48095703125,1884.2579345703125,25.10118293762207,5.444126129150391,1659.283203125,23.767772674560547,5.071504592895508,1699.418701171875,24.055377960205078,5.36155366897583,2857.51513671875,1684.935302734375,18.795921325683594,4.3947834968566895,1625.003173828125,22.733837127685547,4.900638580322266,1864.533447265625,28.065473556518555,5.483880519866943
89,2768.294189453125,1886.27197265625,25.15122413635254,5.420321464538574,1669.417724609375,23.70306396484375,5.030810832977295,1701.58740234375,23.910703659057617,5.314494609832764,2298.1259765625,1685.1529541015625,18.829591751098633,4.950554847717285,1394.1524658203125,19.222553253173828,4.927670955657959,1374.334228515625,20.63494110107422,5.028552532196045
90,2796.17822265625,1904.92578125,25.64018440246582,5.520812034606934,1680.7880859375,24.226898193359375,5.116957187652588,1720.4639892578125,24.264925003051758,5.39493465423584,2539.767578125,1655.85595703125,18.858732223510742,4.641857147216797,1516.1767578125,21.348304748535156,4.92799711227417,1588.1578369140625,23.932554244995117,5.180490016937256
91,2773.966064453125,1885.4580078125,25.678865432739258,5.637024402618408,1668.7044677734375,24.260038375854492,5.176262378692627,1707.7174072265625,24.43527603149414,5.442472457885742,2592.908203125,1667.318115234375,19.087175369262695,4.289365768432617,1567.094970703125,22.648378372192383,4.661966800689697,1622.58447265625,24.766067504882812,4.987598419189453
92,2776.22607421875,1878.297119140625,25.759489059448242,5.685846328735352,1669.947021484375,24.27048683166504,5.22753381729126,1711.7528076171875,24.451190948486328,5.482654571533203,2277.7666015625,1612.1646728515625,17.661714553833008,4.483616352081299,1396.860107421875,18.951139450073242,4.504520416259766,1375.058837890625,20.162168502807617,4.623394012451172
93,2714.634521484375,1817.4598388671875,24.795162200927734,5.357730865478516,1633.3778076171875,23.66671371459961,5.012560844421387,1679.3829345703125,23.9251766204834,5.324707508087158,2250.413330078125,1576.814208984375,17.33524513244629,4.457794666290283,1381.7532958984375,18.208576202392578,4.570093154907227,1362.8428955078125,18.865135192871094,4.624727249145508
94,2711.9775390625,1799.2677001953125,24.670673370361328,5.390780925750732,1638.0008544921875,23.582887649536133,5.0227508544921875,1680.796630859375,23.824596405029297,5.295223712921143,2482.079833984375,1583.45947265625,18.2404727935791,4.382906913757324,1526.5928955078125,21.88543701171875,4.851660251617432,1549.0638427734375,23.65212631225586,4.9949259757995605
95,2744.17431640625,1832.053955078125,25.19550323486328,5.487791061401367,1655.3677978515625,24.0387020111084,5.118295192718506,1697.947998046875,24.13597869873047,5.343886375427246,2681.238525390625,1654.3681640625,21.550865173339844,4.848868370056152,1637.8165283203125,26.202545166015625,5.326908588409424,1693.5830078125,28.086069107055664,5.449753761291504
96,2748.837646484375,1830.4677734375,25.069976806640625,5.495017051696777,1657.607177734375,24.06184959411621,5.105673789978027,1702.4150390625,24.26638412475586,5.364820957183838,2618.65869140625,1538.4866943359375,17.076501846313477,4.23369026184082,1575.372314453125,22.85218048095703,4.896636009216309,1684.5010986328125,25.87579345703125,5.262587547302246
97,2752.700927734375,1834.06201171875,25.662626266479492,5.553859233856201,1662.8323974609375,24.423583984375,5.162905216217041,1703.63232421875,24.483684539794922,5.42147159576416,2707.44970703125,1637.896484375,21.90294075012207,5.024885177612305,1525.2327880859375,24.13890266418457,5.3189377784729,1758.5108642578125,29.40839958190918,5.780267715454102
98,2760.407958984375,1820.871337890625,24.898794174194336,5.448078632354736,1683.929443359375,24.07408332824707,5.05724573135376,1708.9678955078125,24.1259822845459,5.301871299743652,2918.10693359375,1533.7655029296875,17.80721664428711,4.328783988952637,1822.865478515625,26.50099754333496,5.041254043579102,1911.1177978515625,30.003293991088867,5.55186653137207
99,2716.77587890625,1809.970947265625,25.29439926147461,5.509912490844727,1644.227783203125,24.182537078857422,5.128506183624268,1680.5162353515625,24.27741050720215,5.375872611999512,2224.6767578125,1520.20068359375,17.546953201293945,4.664495944976807,1318.8653564453125,19.016225814819336,4.812094688415527,1372.9569091796875,21.953123092651367,5.11351203918457
100,2719.81103515625,1792.685791015625,24.792448043823242,5.58769416809082,1643.43212890625,23.835983276367188,5.160257816314697,1688.9759521484375,23.86614418029785,5.394059181213379,2607.251220703125,1622.649658203125,21.376163482666016,5.085935115814209,1488.4117431640625,23.964506149291992,5.311443328857422,1673.932861328125,28.227954864501953,5.756576061248779
101,2704.94970703125,1794.0152587890625,24.397262573242188,5.357206344604492,1628.806640625,23.263473510742188,4.997692108154297,1678.1031494140625,23.538734436035156,5.29764986038208,2158.633544921875,1506.217041015625,17.84130859375,4.664999008178711,1326.0743408203125,18.527563095092773,4.548956394195557,1308.9462890625,18.676164627075195,4.50840425491333
102,2685.310546875,1768.6416015625,24.96293067932129,5.469757080078125,1622.92333984375,23.99681282043457,5.0909743309021,1667.8411865234375,24.048391342163086,5.356616497039795,2209.89990234375,1454.0098876953125,16.211088180541992,4.260257720947266,1344.4300537109375,18.166513442993164,4.496354103088379,1370.3675537109375,19.17961883544922,4.566556930541992
103,2657.859130859375,1745.308837890625,24.112812042236328,5.330924987792969,1614.0224609375,23.25605583190918,4.980939865112305,1650.059814453125,23.280410766601562,5.208838939666748,2222.92822265625,1449.2064208984375,16.106815338134766,4.3287153244018555,1370.0264892578125,19.075422286987305,4.626298427581787,1377.158203125,20.35671615600586,4.692135334014893
104,2674.447265625,1752.525634765625,24.39338493347168,5.441956043243408,1615.9129638671875,23.589534759521484,5.074361801147461,1663.9156494140625,23.922006607055664,5.338995456695557,2180.06591796875,1444.5823974609375,16.345897674560547,4.548727512359619,1311.65966796875,18.21409034729004,4.691923141479492,1353.193115234375,20.76264762878418,4.866194248199463
105,2656.54736328125,1745.6392822265625,24.437885284423828,5.352454662322998,1609.0450439453125,23.5355281829834,5.001410484313965,1650.1419677734375,23.48223304748535,5.2335920333862305,2216.2041015625,1443.927734375,16.770408630371094,4.583255767822266,1360.222412109375,19.593936920166016,4.873821258544922,1374.958984375,21.28046226501465,5.023002624511719
106,2657.855224609375,1733.9691162109375,24.232906341552734,5.38822603225708,1602.3623046875,23.441516876220703,5.024188041687012,1656.95556640625,23.667625427246094,5.3025054931640625,2352.79833984375,1426.462646484375,16.40297508239746,4.284843444824219,1419.06982421875,20.6088924407959,4.749533176422119,1499.138427734375,23.341196060180664,5.023194789886475
107,2652.27978515625,1729.5487060546875,24.356122970581055,5.423551559448242,1606.704833984375,23.50420570373535,5.0438995361328125,1651.40380859375,23.673873901367188,5.304567813873291,2363.8212890625,1453.5081787109375,16.833152770996094,4.12299108505249,1433.5181884765625,20.854331970214844,4.49796724319458,1497.7135009765625,23.633426666259766,4.79891300201416
108,2691.718505859375,1735.70068359375,24.68307113647461,5.427131652832031,1631.441650390625,24.04568862915039,5.065640926361084,1681.575927734375,24.27260398864746,5.337219715118408,2047.302490234375,1435.8790283203125,17.11574363708496,4.746631622314453,1283.82080078125,18.057640075683594,4.793859004974365,1231.392333984375,17.666536331176758,4.760740756988525
109,2669.757080078125,1737.1124267578125,25.00524139404297,5.55829381942749,1613.9425048828125,24.148395538330078,5.177483558654785,1664.440673828125,24.23291778564453,5.425858497619629,2167.650634765625,1439.2403564453125,17.64742660522461,4.806552410125732,1363.398681640625,21.38939666748047,5.038528919219971,1326.85888671875,21.29862403869629,5.030282497406006
110,2679.073974609375,1733.4703369140625,24.412473678588867,5.4095659255981445,1623.771484375,23.906095504760742,5.050260543823242,1671.901123046875,24.072486877441406,5.317502975463867,2073.505126953125,1426.2796630859375,17.087007522583008,4.692703723907471,1309.8304443359375,18.570207595825195,4.887382507324219,1252.6719970703125,17.591720581054688,4.843985080718994
111,2634.328857421875,1708.085693359375,24.070451736450195,5.349431037902832,1599.0582275390625,23.37537956237793,5.017332553863525,1642.185791015625,23.504440307617188,5.271699905395508,2167.57421875,1434.5870361328125,17.939640045166016,4.95526647567749,1370.0484619140625,20.950462341308594,5.226552486419678,1326.1832275390625,20.578510284423828,5.2212910652160645
112,2629.772705078125,1695.8079833984375,24.1226806640625,5.404298782348633,1587.708740234375,23.2667236328125,5.029167175292969,1644.717529296875,23.525705337524414,5.286068439483643,2362.4814453125,1392.50048828125,16.62383270263672,4.376193523406982,1494.1729736328125,21.170494079589844,4.88134241104126,1496.4791259765625,21.88585090637207,4.887319087982178
113,2663.3310546875,1717.6400146484375,24.54062843322754,5.439774990081787,1614.9161376953125,23.93732452392578,5.1118011474609375,1663.5640869140625,24.0721378326416,5.339384078979492,2321.965576171875,1385.2117919921875,16.320911407470703,4.322804927825928,1431.3297119140625,20.906055450439453,4.745300769805908,1477.0029296875,22.38967514038086,4.83674430847168
114,2642.741455078125,1700.504638671875,24.17205810546875,5.367156982421875,1605.40380859375,23.52556800842285,5.060109615325928,1650.9688720703125,23.674959182739258,5.302599906921387,2119.3291015625,1436.1217041015625,18.3774356842041,4.768209457397461,1349.9622802734375,20.84164810180664,4.956509113311768,1283.50390625,19.674102783203125,4.879685878753662
115,2664.44091796875,1720.41748046875,24.67980194091797,5.396475315093994,1613.9903564453125,23.881656646728516,5.030420780181885,1664.1185302734375,24.14639663696289,5.315637588500977,2089.845947265625,1367.9083251953125,16.326364517211914,4.380969524383545,1320.7027587890625,19.135820388793945,4.680575847625732,1283.2628173828125,19.02911376953125,4.647651672363281
116,2634.214599609375,1701.025390625,24.433969497680664,5.38985538482666,1602.3779296875,23.883331298828125,5.047420978546143,1643.1937255859375,23.93093490600586,5.3063225746154785,2475.81787109375,1507.947021484375,20.14708709716797,5.155367851257324,1453.9996337890625,23.2324275970459,5.440498352050781,1587.2337646484375,26.31698989868164,5.747525691986084
117,2636.64794921875,1696.029296875,24.5473575592041,5.565789699554443,1605.315185546875,23.86632537841797,5.1436076164245605,1646.244384765625,24.026460647583008,5.399388790130615,2249.51953125,1359.8404541015625,16.302230834960938,4.269575119018555,1363.947021484375,20.486392974853516,4.71868896484375,1432.38330078125,22.588579177856445,4.9195780754089355
118,2595.919189453125,1677.64892578125,23.837390899658203,5.3252458572387695,1566.509765625,23.08445930480957,4.958990097045898,1622.67138671875,23.431272506713867,5.25040340423584,2078.7001953125,1323.994140625,14.374277114868164,4.1315436363220215,1282.6461181640625,18.325838088989258,4.382699489593506,1296.7080078125,19.206193923950195,4.406488418579102
119,2593.603271484375,1666.4234619140625,24.134355545043945,5.356147766113281,1574.297119140625,23.511825561523438,5.003910541534424,1621.3873291015625,23.492488861083984,5.228320121765137,2106.91357421875,1363.626220703125,17.02305793762207,4.5323333740234375,1317.2379150390625,20.129335403442383,4.898189544677734,1302.6544189453125,20.495481491088867,4.875739574432373
120,2589.843017578125,1657.890380859375,24.022939682006836,5.399019241333008,1574.9638671875,23.435501098632812,5.028478622436523,1619.986572265625,23.510128021240234,5.250584602355957,2277.617919921875,1403.2606201171875,18.45958709716797,4.906910419464111,1417.3043212890625,23.046451568603516,5.3848981857299805,1431.4482421875,24.112529754638672,5.469985485076904
121,2596.107666015625,1666.4473876953125,23.63072967529297,5.320316314697266,1576.28759765625,23.105636596679688,4.9777421951293945,1623.2872314453125,23.172142028808594,5.203066825866699,2028.503173828125,1335.755859375,15.662458419799805,4.650407314300537,1269.9288330078125,18.20611000061035,4.899011611938477,1246.7977294921875,17.963605880737305,4.86226224899292
122,2594.1064453125,1662.806640625,23.68870735168457,5.2722601890563965,1572.364990234375,23.201448440551758,4.956727504730225,1623.5546875,23.260778427124023,5.179278373718262,2182.092041015625,1334.547607421875,16.29604721069336,4.576575756072998,1340.5902099609375,19.443668365478516,4.99567174911499,1379.55078125,20.94564437866211,5.130517959594727
123,2593.38818359375,1661.9598388671875,23.61425018310547,5.333285808563232,1570.6739501953125,23.120582580566406,4.995017051696777,1623.5980224609375,23.208782196044922,5.228949069976807,2337.616943359375,1338.9573974609375,16.919626235961914,4.425636291503906,1428.2142333984375,21.45107078552246,4.866132736206055,1507.46533203125,22.290651321411133,4.876267433166504
124,2595.95263671875,1660.203369140625,24.00587272644043,5.3500847816467285,1580.11181640625,23.47536277770996,5.006716251373291,1623.8582763671875,23.5217342376709,5.1996870040893555,2046.439453125,1335.9647216796875,16.22163200378418,4.704379081726074,1275.2720947265625,18.756242752075195,4.932661056518555,1263.0684814453125,19.061185836791992,4.949998378753662
125,2583.219482421875,1648.0589599609375,23.867368698120117,5.3227739334106445,1570.6627197265625,23.372465133666992,5.031251430511475,1617.6029052734375,23.40190315246582,5.2709574699401855,2102.3154296875,1379.9769287109375,17.774377822875977,5.093700408935547,1295.5965576171875,19.808876037597656,5.2457966804504395,1299.6434326171875,20.34901237487793,5.38805627822876
126,2581.58544921875,1648.0926513671875,23.717998504638672,5.458021640777588,1566.0235595703125,23.198932647705078,5.069464206695557,1617.3505859375,23.300106048583984,5.275895118713379,1956.7261962890625,1337.409912109375,16.399641036987305,4.912271022796631,1226.3441162109375,17.90049171447754,5.003391265869141,1187.60009765625,17.12087631225586,4.99315881729126
127,2599.216552734375,1659.03369140625,23.7969913482666,5.261861801147461,1575.8878173828125,23.180952072143555,4.9303741455078125,1628.740234375,23.392568588256836,5.1841864585876465,1980.224853515625,1300.82080078125,15.29875373840332,4.348030090332031,1248.604248046875,17.909767150878906,4.611964702606201,1215.3973388671875,17.90159797668457,4.548674583435059
128,2597.314453125,1669.326171875,24.419212341308594,5.4881205558776855,1581.798095703125,23.78373146057129,5.0954508781433105,1621.9771728515625,23.618022918701172,5.274595260620117,2375.982666015625,1358.6591796875,16.8438663482666,4.313421726226807,1479.157470703125,22.461591720581055,4.77268648147583,1524.6378173828125,22.902585983276367,4.778707504272461
129,2572.549560546875,1651.0208740234375,23.945140838623047,5.358574867248535,1562.934814453125,23.356101989746094,5.024026870727539,1608.36279296875,23.64866065979004,5.264366626739502,2157.049560546875,1315.867431640625,16.241466522216797,4.717750072479248,1316.3367919921875,20.25098419189453,5.123072624206543,1367.3883056640625,22.173776626586914,5.357519626617432
130,2598.2060546875,1660.8447265625,24.09849739074707,5.515600681304932,1576.92529296875,23.33513832092285,5.131924152374268,1626.8753662109375,23.554452896118164,5.355763912200928,2397.6083984375,1332.857666015625,16.422359466552734,4.177097320556641,1482.2882080078125,22.176061630249023,4.712050437927246,1553.064697265625,23.069536209106445,4.800943374633789
131,2633.98779296875,1695.4991455078125,24.668176651000977,5.506903648376465,1612.970947265625,23.996074676513672,5.127920150756836,1641.446533203125,23.806690216064453,5.29148530960083,2173.039794921875,1349.37158203125,17.059715270996094,4.4075751304626465,1348.4813232421875,21.032798767089844,4.6587090492248535,1363.68408203125,21.385854721069336,4.598760604858398
132,2647.061279296875,1687.667724609375,24.389677047729492,5.402702331542969,1610.7315673828125,23.86893081665039,5.070799350738525,1657.5416259765625,23.91944694519043,5.2754316329956055,2573.4208984375,1477.9761962890625,20.150278091430664,4.9663920402526855,1599.46826171875,24.91164207458496,5.2899956703186035,1650.1873779296875,24.929136276245117,5.373691082000732
133,2595.62890625,1653.742919921875,24.119251251220703,5.400151252746582,1568.958251953125,23.397686004638672,5.030293941497803,1628.8187255859375,23.71009635925293,5.282803535461426,2480.084228515625,1521.4217529296875,21.376802444458008,5.423648834228516,1508.16357421875,23.75667381286621,5.624472618103027,1571.20849609375,24.593647003173828,5.829438209533691
134,2596.70703125,1662.2894287109375,24.64249038696289,5.416883945465088,1568.5460205078125,23.728055953979492,5.040070533752441,1627.45654296875,23.863018035888672,5.279508590698242,1937.306884765625,1290.9732666015625,15.738814353942871,4.6642327308654785,1220.893310546875,17.83258628845215,4.9746222496032715,1183.746826171875,17.198078155517578,4.986431121826172
135,2568.4140625,1637.9600830078125,23.630842208862305,5.332867622375488,1554.468505859375,22.97553062438965,4.954668998718262,1610.685302734375,23.133888244628906,5.189216613769531,2077.066162109375,1291.0859375,15.882242202758789,4.42606782913208,1301.96240234375,20.2763729095459,4.818599224090576,1299.151611328125,20.058385848999023,4.734370231628418
136,2578.432373046875,1637.55224609375,24.056303024291992,5.4373884201049805,1571.867431640625,23.400205612182617,5.020800590515137,1615.6063232421875,23.467252731323242,5.231399059295654,1973.1453857421875,1314.4283447265625,16.708499908447266,4.733034133911133,1250.2703857421875,18.860191345214844,4.885932922363281,1203.7357177734375,17.812803268432617,4.823052883148193
137,2578.017822265625,1634.5966796875,23.891542434692383,5.370873928070068,1566.6221923828125,23.452518463134766,5.029208183288574,1617.6522216796875,23.625568389892578,5.277856349945068,2158.0400390625,1287.5240478515625,15.753615379333496,4.4539079666137695,1353.23974609375,20.39879035949707,4.9604387283325195,1365.81103515625,20.691242218017578,5.0433244705200195
138,2573.33056640625,1632.8526611328125,23.917156219482422,5.441432476043701,1562.927978515625,23.442296981811523,5.03582239151001,1614.595947265625,23.508464813232422,5.254172325134277,2177.14306640625,1267.037841796875,15.146828651428223,4.209632873535156,1286.12548828125,18.955862045288086,4.519252777099609,1411.1939697265625,21.79638671875,4.815914630889893
139,2539.09228515625,1609.992431640625,23.422685623168945,5.213881492614746,1535.2763671875,22.983320236206055,4.930661678314209,1595.51171875,23.140562057495117,5.164083003997803,2142.4482421875,1289.3359375,16.145565032958984,4.668571949005127,1300.359375,20.424701690673828,5.035734176635742,1365.539794921875,22.02106475830078,5.184435844421387
140,2547.607666015625,1630.3302001953125,24.243885040283203,5.4680633544921875,1549.621337890625,23.37883758544922,5.053096771240234,1593.6221923828125,23.32868766784668,5.242065906524658,2153.48193359375,1265.131591796875,15.650444984436035,4.4727559089660645,1236.6749267578125,18.69828224182129,4.868137836456299,1402.940185546875,22.56972312927246,5.286823749542236
141,2545.5537109375,1613.055419921875,23.062959671020508,5.219602108001709,1547.104248046875,22.714637756347656,4.89762020111084,1597.505615234375,22.95505714416504,5.129160404205322,1950.1505126953125,1271.2412109375,15.555458068847656,4.59868049621582,1251.8023681640625,19.07246971130371,4.906208038330078,1193.2374267578125,18.25517463684082,4.881514072418213
142,2613.244384765625,1666.8297119140625,24.70301055908203,5.412363529205322,1588.725341796875,23.946020126342773,5.024726390838623,1636.57763671875,23.890607833862305,5.2363200187683105,2543.207275390625,1333.0191650390625,17.2542667388916,4.4424848556518555,1676.4329833984375,24.686967849731445,5.002695083618164,1640.3717041015625,25.044450759887695,5.088157653808594
143,2586.51953125,1647.856689453125,24.25239372253418,5.425899028778076,1573.6522216796875,23.623233795166016,5.052728652954102,1620.0665283203125,23.840530395507812,5.263721942901611,2418.41552734375,1385.9150390625,19.26101303100586,5.124801158905029,1562.6710205078125,25.408916473388672,5.613162517547607,1533.83935546875,24.053115844726562,5.5973639488220215
144,2551.21142578125,1624.74951171875,24.021339416503906,5.379225730895996,1556.74658203125,23.351421356201172,4.995593070983887,1596.7625732421875,23.306564331054688,5.192205905914307,2153.330078125,1316.9462890625,17.31728172302246,4.758605480194092,1346.7459716796875,21.47942352294922,5.114981174468994,1354.22265625,21.487077713012695,5.159765243530273
145,2517.716796875,1599.7506103515625,23.450559616088867,5.2609333992004395,1537.02197265625,22.965770721435547,4.923768997192383,1576.6854248046875,22.946123123168945,5.127214431762695,1968.61669921875,1283.7093505859375,16.813735961914062,4.64700984954834,1239.8673095703125,19.6705322265625,4.944356441497803,1211.543701171875,19.344690322875977,4.892214298248291
146,2561.9033203125,1626.7169189453125,23.97368049621582,5.348636150360107,1558.6688232421875,23.403566360473633,4.986261367797852,1606.287353515625,23.509048461914062,5.1737284660339355,2193.141845703125,1366.237060546875,18.937131881713867,5.161195755004883,1390.53466796875,22.45107078552246,5.429091453552246,1366.1104736328125,21.871036529541016,5.409869194030762
147,2536.041015625,1611.9906005859375,23.928556442260742,5.2959089279174805,1544.627197265625,23.252458572387695,4.968498229980469,1589.0560302734375,23.276832580566406,5.149055004119873,1928.6712646484375,1243.04443359375,15.086978912353516,4.5405073165893555,1164.2200927734375,16.457365036010742,4.752340793609619,1206.4918212890625,18.19379425048828,4.966200351715088
148,2527.14111328125,1602.8233642578125,23.970029830932617,5.4266767501831055,1528.4219970703125,23.216644287109375,5.043214797973633,1587.7674560546875,23.438310623168945,5.215751647949219,1998.8756103515625,1238.99169921875,15.04255199432373,4.39316463470459,1203.3538818359375,18.20085334777832,4.644365310668945,1266.171875,19.770336151123047,4.809325218200684
149,2506.4169921875,1594.9058837890625,23.456558227539062,5.364518165588379,1531.452880859375,22.860218048095703,4.995529651641846,1568.5091552734375,22.86997413635254,5.149803638458252,2078.068603515625,1307.6478271484375,16.93473243713379,4.78019380569458,1266.3250732421875,18.746198654174805,4.957525730133057,1305.876708984375,19.96916389465332,5.092873573303223
150,2508.92578125,1592.6923828125,23.21404266357422,5.222733974456787,1518.699951171875,22.645151138305664,4.939849853515625,1575.5081787109375,22.774551391601562,5.0982985496521,2029.1173095703125,1317.5797119140625,17.52610206604004,4.822396755218506,1267.4420166015625,19.372379302978516,5.0192108154296875,1253.61083984375,19.466476440429688,5.054365158081055
151,2525.828369140625,1617.40576171875,24.053518295288086,5.391328811645508,1529.90087890625,23.27313804626465,5.057814598083496,1581.6365966796875,23.240406036376953,5.190504550933838,2092.06396484375,1301.64697265625,16.90559959411621,4.938114166259766,1319.907470703125,19.943744659423828,5.280538082122803,1305.5975341796875,19.499225616455078,5.333775520324707
152,2538.079345703125,1609.06005859375,23.75394630432129,5.3242506980896,1538.491943359375,23.06539535522461,5.004036903381348,1593.8134765625,23.1893253326416,5.160244464874268,2162.2470703125,1277.100341796875,16.872058868408203,4.427067279815674,1364.1146240234375,21.260732650756836,4.683438777923584,1369.882568359375,21.289777755737305,4.681056976318359
153,2562.419677734375,1626.71826171875,24.019079208374023,5.3375444412231445,1556.205810546875,23.34135627746582,5.004578590393066,1607.5426025390625,23.52832794189453,5.160527229309082,2097.94677734375,1375.634521484375,19.75469970703125,4.9596452713012695,1354.9124755859375,21.95998191833496,5.1270432472229,1278.78271484375,20.6983642578125,5.018298625946045
154,2539.82763671875,1614.6114501953125,23.674850463867188,5.268489360809326,1557.52099609375,23.253597259521484,4.951847076416016,1588.1878662109375,23.260282516479492,5.120324611663818,1953.94677734375,1272.8868408203125,16.385671615600586,5.002325534820557,1212.434326171875,18.208011627197266,5.27480411529541,1208.35009765625,18.110258102416992,5.3197503089904785
155,2530.488037109375,1611.83935546875,23.58413314819336,5.46207857131958,1537.4078369140625,22.94146728515625,5.07890510559082,1585.7139892578125,22.979961395263672,5.2034592628479,1911.1566162109375,1276.3812255859375,17.029052734375,4.806710243225098,1192.1494140625,18.3747501373291,4.901229381561279,1170.5975341796875,18.317333221435547,4.849915981292725
156,2564.54052734375,1634.64306640625,24.376522064208984,5.450016975402832,1556.310302734375,23.494205474853516,5.0830159187316895,1607.2545166015625,23.68868064880371,5.247880935668945,1954.24853515625,1308.8402099609375,18.060232162475586,5.070310115814209,1230.3209228515625,19.378894805908203,5.258509159088135,1192.5003662109375,18.88394546508789,5.175064563751221
157,2514.002685546875,1590.739990234375,24.074462890625,5.450534820556641,1529.8443603515625,23.249643325805664,5.061479091644287,1577.8272705078125,23.25681495666504,5.194098949432373,2141.498779296875,1285.8458251953125,17.82335662841797,4.837393283843994,1328.784423828125,21.851665496826172,5.318343639373779,1357.109619140625,22.547300338745117,5.357306480407715
158,2507.418212890625,1590.7967529296875,23.37018585205078,5.293981075286865,1526.468017578125,22.901601791381836,4.9899749755859375,1572.2391357421875,23.000925064086914,5.144764423370361,2080.92431640625,1285.19189453125,16.94874382019043,5.233518600463867,1284.4210205078125,19.930944442749023,5.687780857086182,1310.040283203125,21.171403884887695,5.7775092124938965
159,2512.489501953125,1600.0850830078125,23.85927391052246,5.4071364402771,1523.3375244140625,23.16168785095215,5.029359817504883,1575.4627685546875,23.288591384887695,5.175163745880127,2030.2227783203125,1218.2003173828125,15.435993194580078,4.303051948547363,1182.1171875,17.665447235107422,4.576747894287109,1310.1273193359375,20.9971923828125,4.82319450378418
160,2543.201416015625,1615.113037109375,24.154659271240234,5.378387451171875,1555.870361328125,23.586345672607422,5.0532379150390625,1591.9063720703125,23.47218132019043,5.175912857055664,2058.3955078125,1254.6732177734375,16.438173294067383,4.464834690093994,1298.7528076171875,19.78072166442871,4.731322765350342,1292.3677978515625,21.31057357788086,4.8563361167907715
161,2522.09228515625,1597.9296875,24.010347366333008,5.321596622467041,1534.8480224609375,23.399656295776367,5.002206325531006,1582.2589111328125,23.334564208984375,5.14325475692749,2135.93115234375,1281.930908203125,17.460338592529297,4.676847457885742,1296.646484375,20.4200382232666,5.01278018951416,1362.35791015625,22.365427017211914,5.1900315284729
162,2526.78369140625,1603.923583984375,23.944175720214844,5.296412944793701,1535.1695556640625,23.22440528869629,4.96499490737915,1585.0560302734375,23.593339920043945,5.155510425567627,1878.5404052734375,1211.78857421875,14.972664833068848,4.483436584472656,1157.820068359375,16.906646728515625,4.81244421005249,1167.65771484375,17.49054527282715,4.818206310272217
163,2466.729736328125,1568.153564453125,23.413311004638672,5.307751655578613,1502.115966796875,22.625473022460938,4.942134380340576,1545.648681640625,22.636320114135742,5.076578140258789,1840.1748046875,1205.077880859375,14.814519882202148,4.364839553833008,1130.374267578125,16.018903732299805,4.605996131896973,1139.5390625,16.691329956054688,4.6144914627075195
164,2477.375244140625,1585.6981201171875,23.345020294189453,5.285181045532227,1512.2021484375,22.730073928833008,4.94522762298584,1548.0054931640625,22.795679092407227,5.077426433563232,1872.4361572265625,1205.969482421875,14.676054000854492,4.505785942077637,1138.677001953125,16.221782684326172,4.7498979568481445,1169.0419921875,17.510576248168945,4.842495918273926
165,2462.31884765625,1559.4371337890625,23.553787231445312,5.252086162567139,1495.98779296875,22.86070442199707,4.917788028717041,1545.6912841796875,23.031997680664062,5.069694995880127,2015.278076171875,1238.1949462890625,16.36159324645996,4.64365816116333,1235.906494140625,19.50812339782715,5.124214172363281,1273.047607421875,21.532804489135742,5.321251392364502
166,2483.949462890625,1579.90234375,23.7965087890625,5.4290852546691895,1510.052001953125,23.032447814941406,5.082878112792969,1556.9632568359375,23.18919563293457,5.185052871704102,2018.79736328125,1225.5426025390625,16.225374221801758,4.391789436340332,1196.0595703125,18.78866195678711,4.746859073638916,1292.3167724609375,22.007686614990234,5.0435380935668945
167,2475.516845703125,1564.509521484375,23.210556030273438,5.21995210647583,1506.556640625,22.676071166992188,4.928491115570068,1554.19677734375,22.797603607177734,5.05841588973999,1995.08837890625,1221.156005859375,15.968493461608887,4.534890651702881,1166.2548828125,17.427595138549805,4.7933244705200195,1278.8653564453125,21.4150333404541,5.167414665222168
168,2481.7607421875,1572.0262451171875,23.52505874633789,5.322881698608398,1517.7203369140625,23.043169021606445,4.993130207061768,1554.8365478515625,23.074731826782227,5.112705230712891,2052.28369140625,1218.80712890625,15.61955738067627,4.755911827087402,1189.0220947265625,18.13404655456543,5.237490177154541,1329.934814453125,23.092309951782227,5.705963134765625
169,2517.37109375,1607.9718017578125,23.98647689819336,5.466246604919434,1537.35791015625,23.27332878112793,5.1110053062438965,1573.7724609375,23.255237579345703,5.203802585601807,2024.2799072265625,1239.906005859375,16.243730545043945,5.037322521209717,1205.95458984375,18.08669090270996,5.454665660858154,1290.5216064453125,21.340452194213867,5.7393012046813965
170,2537.778076171875,1617.5072021484375,23.91050148010254,5.389983654022217,1546.83447265625,23.234188079833984,5.055387020111084,1588.47509765625,23.28223419189453,5.143765449523926,1915.76416015625,1215.9776611328125,16.000995635986328,4.538493633270264,1153.684814453125,17.588815689086914,4.799075126647949,1204.8653564453125,19.35454750061035,4.926117420196533
171,2474.427490234375,1569.26953125,23.10788917541504,5.1414642333984375,1511.833984375,22.528167724609375,4.903018951416016,1550.0963134765625,22.46134376525879,5.019625186920166,1834.2694091796875,1209.8558349609375,16.04018783569336,4.601046085357666,1152.3004150390625,17.348155975341797,4.894263744354248,1125.6224365234375,17.19373321533203,4.879384517669678
172,2475.662841796875,1572.4493408203125,23.5683536529541,5.358949184417725,1510.84814453125,23.018352508544922,5.019528388977051,1550.673828125,23.007421493530273,5.128077507019043,1856.1689453125,1211.68896484375,15.37593936920166,4.466223239898682,1139.009521484375,16.642486572265625,4.667402267456055,1150.959228515625,17.451078414916992,4.736895561218262
173,2451.8056640625,1550.86474609375,22.927654266357422,5.145449161529541,1495.581787109375,22.466571807861328,4.873024940490723,1537.87158203125,22.517221450805664,5.013263702392578,2225.775390625,1270.5340576171875,16.880651473999023,4.3920416831970215,1340.9437255859375,20.016393661499023,4.7248148918151855,1442.3319091796875,22.518911361694336,4.9529194831848145
174,2500.161376953125,1586.94140625,23.835071563720703,5.355190277099609,1514.2987060546875,23.028772354125977,5.009324550628662,1569.7889404296875,23.277700424194336,5.142152786254883,1953.229248046875,1216.1787109375,16.117280960083008,4.5863471031188965,1195.6724853515625,18.991920471191406,5.019556999206543,1229.674072265625,19.909387588500977,5.136128902435303
175,2497.315673828125,1564.3544921875,22.99401092529297,5.1681318283081055,1521.832275390625,22.58931541442871,4.899134159088135,1571.4595947265625,22.72985076904297,5.022517681121826,2015.159912109375,1254.7593994140625,16.587072372436523,5.164368629455566,1243.037109375,17.927331924438477,5.597268104553223,1265.82080078125,19.805700302124023,5.7886199951171875
176,2464.9052734375,1563.976318359375,23.25324821472168,5.273708343505859,1495.5074462890625,22.674631118774414,4.974254608154297,1547.060302734375,22.787334442138672,5.085952281951904,1888.113525390625,1213.718994140625,16.137035369873047,4.812282562255859,1176.7593994140625,17.442434310913086,5.2070488929748535,1170.969970703125,18.311548233032227,5.323005199432373
177,2441.475830078125,1552.181640625,23.01451873779297,5.24366569519043,1494.19482421875,22.418975830078125,4.912661552429199,1527.563232421875,22.474538803100586,5.018989086151123,1876.9552001953125,1216.1536865234375,15.803983688354492,4.8992600440979,1205.50732421875,17.65753936767578,5.323777675628662,1150.4569091796875,17.156957626342773,5.264878749847412
178,2469.22509765625,1567.00341796875,23.32525634765625,5.3377532958984375,1512.126220703125,22.91795539855957,5.034415245056152,1545.486328125,22.909353256225586,5.125949859619141,2040.6697998046875,1273.8831787109375,17.938339233398438,4.918757915496826,1276.6063232421875,20.13365936279297,5.22131872177124,1275.522705078125,20.831485748291016,5.2748494148254395
179,2462.28369140625,1563.9962158203125,23.173091888427734,5.23356294631958,1499.22607421875,22.556638717651367,4.931498050689697,1543.3170166015625,22.700376510620117,5.041900634765625,1904.92578125,1207.2646484375,16.13009262084961,4.671973705291748,1153.8721923828125,17.569927215576172,4.968894958496094,1196.5845947265625,19.16787338256836,5.112224102020264
180,2436.525390625,1541.573486328125,22.787643432617188,5.136471271514893,1478.814453125,22.179040908813477,4.856462478637695,1530.408935546875,22.33959197998047,4.980849742889404,1880.659423828125,1204.5377197265625,15.362424850463867,4.838284015655518,1150.025390625,16.06745719909668,5.115325450897217,1174.2904052734375,17.91423797607422,5.316692352294922
181,2439.06494140625,1541.203125,23.18963050842285,5.296502590179443,1493.5743408203125,22.61690330505371,4.951096057891846,1528.6318359375,22.568479537963867,5.035182952880859,1860.0916748046875,1199.852783203125,15.954510688781738,4.4655303955078125,1141.965087890625,17.27070426940918,4.678023338317871,1157.54638671875,18.246328353881836,4.749396800994873
182,2457.875732421875,1562.1297607421875,23.661476135253906,5.321707725524902,1494.1611328125,23.0319766998291,5.004665851593018,1540.9886474609375,23.198421478271484,5.09193754196167,1993.214599609375,1242.5506591796875,16.955612182617188,4.951678276062012,1242.7752685546875,19.508302688598633,5.339737892150879,1247.6168212890625,20.797624588012695,5.4854736328125
183,2480.21435546875,1569.5655517578125,23.680030822753906,5.324234962463379,1507.5902099609375,23.136302947998047,5.007802963256836,1557.0673828125,23.337596893310547,5.114013671875,2006.8062744140625,1228.673095703125,15.598259925842285,4.6810383796691895,1246.5079345703125,17.88848304748535,5.092618465423584,1264.2520751953125,19.859142303466797,5.247941970825195
184,2441.396728515625,1546.5836181640625,23.433841705322266,5.23728609085083,1486.111328125,22.89924430847168,4.980988502502441,1531.588623046875,22.98381805419922,5.084704399108887,1770.5611572265625,1161.8074951171875,13.972488403320312,4.393847942352295,1081.1116943359375,14.173453330993652,4.582817077636719,1097.685302734375,16.727846145629883,4.771452903747559
185,2453.075439453125,1562.4630126953125,23.8367919921875,5.296704292297363,1491.852783203125,22.972517013549805,4.958331108093262,1536.7808837890625,23.097721099853516,5.067420482635498,1971.9051513671875,1182.603271484375,15.618782997131348,4.2048869132995605,1107.4991455078125,16.669740676879883,4.4166975021362305,1284.8743896484375,21.815942764282227,4.879292011260986
186,2444.833740234375,1562.142578125,23.679780960083008,5.347630977630615,1488.48828125,22.876585006713867,4.968910217285156,1529.6444091796875,23.117488861083984,5.0666046142578125,2128.1796875,1225.2159423828125,16.927343368530273,4.461840629577637,1183.8096923828125,18.815452575683594,4.755319118499756,1405.471923828125,23.889183044433594,5.162588596343994
187,2456.2783203125,1566.4979248046875,23.00177764892578,5.170730113983154,1504.847900390625,22.41747283935547,4.90594482421875,1534.874267578125,22.471921920776367,4.995972156524658,1791.4412841796875,1178.0880126953125,14.442460060119629,4.712832450866699,1118.6358642578125,15.076737403869629,5.068572044372559,1102.4239501953125,15.8677396774292,5.078530311584473
188,2452.309326171875,1560.5137939453125,23.45855140686035,5.245859146118164,1496.95263671875,22.819854736328125,4.961919784545898,1535.0692138671875,22.872467041015625,5.045753479003906,1750.2314453125,1153.2794189453125,13.765950202941895,4.392980098724365,1096.881103515625,15.253510475158691,4.781265735626221,1075.1832275390625,15.760658264160156,4.799771308898926
189,2500.657958984375,1595.428955078125,24.098194122314453,5.329789638519287,1525.7615966796875,23.440032958984375,5.036230564117432,1564.301025390625,23.570446014404297,5.122641086578369,1916.3514404296875,1226.9088134765625,15.574501991271973,5.18191385269165,1207.759521484375,17.13232421875,5.7321014404296875,1185.950927734375,17.4326171875,5.7565598487854
190,2463.975830078125,1572.154296875,23.460180282592773,5.226944446563721,1509.9849853515625,22.944379806518555,4.941222667694092,1539.3341064453125,22.884727478027344,5.015198230743408,2161.2119140625,1205.78662109375,16.618507385253906,4.853729724884033,1274.0552978515625,20.85646629333496,5.603769779205322,1417.259521484375,24.967561721801758,5.936247825622559
191,2456.411376953125,1552.955322265625,23.284164428710938,5.3041863441467285,1502.7353515625,22.690725326538086,4.956646919250488,1539.7044677734375,22.742839813232422,5.018280029296875,1890.7188720703125,1195.1021728515625,15.494985580444336,4.572190761566162,1186.17041015625,18.271554946899414,4.954719066619873,1176.3370361328125,18.192916870117188,4.895331859588623
192,2438.8388671875,1557.857177734375,23.13442039489746,5.2297749519348145,1498.19287109375,22.56338119506836,4.949996471405029,1522.024169921875,22.465768814086914,5.015414237976074,1786.1610107421875,1173.6201171875,15.12985897064209,4.365248203277588,1106.7760009765625,16.542531967163086,4.575207710266113,1102.042236328125,17.092254638671875,4.555123805999756
193,2420.493896484375,1530.9156494140625,23.553810119628906,5.282708644866943,1477.377685546875,23.03105926513672,4.940995693206787,1518.0059814453125,23.046836853027344,5.013101100921631,1974.412109375,1195.108642578125,16.268203735351562,4.798863887786865,1229.96728515625,19.711023330688477,5.357419967651367,1246.889404296875,20.63075828552246,5.427700519561768
194,2408.657470703125,1527.2713623046875,22.743650436401367,5.16475248336792,1463.8587646484375,22.307239532470703,4.903713226318359,1511.318603515625,22.49717140197754,4.98765754699707,1861.44677734375,1210.380126953125,15.665345191955566,5.083316802978516,1175.851318359375,16.88906478881836,5.4331560134887695,1145.577392578125,17.230960845947266,5.3885498046875
195,2392.9560546875,1524.586669921875,22.80234146118164,5.185260772705078,1457.154052734375,22.22202491760254,4.893460273742676,1498.433837890625,22.364341735839844,4.9780144691467285,1947.43701171875,1206.621337890625,15.318602561950684,5.110291004180908,1243.671142578125,19.68581199645996,5.7190399169921875,1212.34912109375,19.80755615234375,5.696711540222168
196,2428.681396484375,1551.7857666015625,23.874034881591797,5.379260540008545,1490.9141845703125,23.13243865966797,4.996712684631348,1515.87158203125,23.058570861816406,5.042271137237549,2029.5791015625,1211.9732666015625,15.945210456848145,5.031856536865234,1283.025390625,21.103193283081055,5.649299144744873,1281.0794677734375,22.029727935791016,5.678576469421387
197,2446.740478515625,1556.406005859375,23.643741607666016,5.458032131195068,1499.939208984375,23.164443969726562,5.104261875152588,1529.837158203125,23.152828216552734,5.1393938064575195,2044.38330078125,1277.2774658203125,16.627216339111328,5.801281929016113,1313.625,18.977994918823242,6.3911051750183105,1267.1126708984375,19.063499450683594,6.244661331176758
198,2431.440185546875,1546.464599609375,23.261375427246094,5.284360408782959,1486.479248046875,22.67709732055664,5.031020641326904,1521.5570068359375,22.669212341308594,5.078073978424072,1727.0594482421875,1154.5859375,14.054847717285156,4.534270286560059,1107.6634521484375,15.154458999633789,4.992359638214111,1048.384521484375,14.078932762145996,4.777676582336426
199,2437.38720703125,1553.9884033203125,23.400981903076172,5.2412614822387695,1488.7509765625,22.875919342041016,4.961328983306885,1524.56494140625,22.92053985595703,5.022252559661865,1820.791259765625,1202.6766357421875,16.4386043548584,5.001739978790283,1217.15185546875,18.93145751953125,5.523194789886475,1094.8426513671875,15.423225402832031,4.954442977905273
200,2439.552001953125,1561.799560546875,23.846189498901367,5.288269996643066,1494.2740478515625,23.03054428100586,4.895273685455322,1522.7294921875,22.901765823364258,4.952274799346924,2139.026123046875,1333.64208984375,19.09003448486328,4.905970573425293,1346.0849609375,21.497251510620117,5.497471332550049,1335.1080322265625,23.052995681762695,5.644839763641357
201,2434.783203125,1570.7369384765625,23.462818145751953,5.292382717132568,1479.7130126953125,22.721769332885742,4.92092227935791,1519.64794921875,22.959667205810547,5.006973743438721,1815.9447021484375,1187.44189453125,15.653792381286621,4.342015743255615,1125.1258544921875,16.461153030395508,4.5946478843688965,1122.17431640625,17.243623733520508,4.6378984451293945
202,2420.62158203125,1536.4241943359375,23.171550750732422,5.32809591293335,1491.7723388671875,22.853097915649414,5.018608093261719,1512.1624755859375,22.734037399291992,5.041934490203857,1934.55078125,1266.976806640625,17.95474624633789,4.696365833282471,1223.8502197265625,19.21023941040039,5.019769668579102,1187.3026123046875,18.952804565429688,4.965673446655273
203,2424.045166015625,1540.9407958984375,23.016992568969727,5.226432800292969,1477.7030029296875,22.386228561401367,4.885385036468506,1518.4521484375,22.549116134643555,4.938041687011719,1854.19091796875,1234.61376953125,17.098175048828125,4.4986701011657715,1148.45166015625,17.27448844909668,4.730307579040527,1139.271240234375,18.119766235351562,4.743283271789551
204,2421.25,1551.945556640625,23.29254722595215,5.166365146636963,1483.1820068359375,22.71781349182129,4.902158260345459,1510.7119140625,22.714935302734375,4.961667537689209,1825.7008056640625,1169.75732421875,15.578347206115723,4.737905979156494,1149.466552734375,17.0327205657959,5.192539691925049,1129.9337158203125,17.243755340576172,5.229881763458252
205,2411.9931640625,1551.9345703125,23.391468048095703,5.18752908706665,1474.8035888671875,22.592926025390625,4.887874603271484,1503.97119140625,22.4224853515625,4.950402736663818,1881.2279052734375,1194.9503173828125,15.623282432556152,5.005898475646973,1185.906982421875,16.699167251586914,5.6227264404296875,1166.970947265625,17.63410758972168,5.689494609832764
206,2421.380126953125,1542.966552734375,23.4063663482666,5.32367467880249,1484.1663818359375,22.886978149414062,4.9878387451171875,1513.239990234375,22.92149543762207,5.033372402191162,1928.1097412109375,1211.2144775390625,16.680612564086914,4.65519905090332,1222.3045654296875,18.50745391845703,5.143816947937012,1198.0540771484375,18.9044246673584,5.160633087158203
207,2402.938720703125,1526.689697265625,23.219013214111328,5.221573829650879,1468.28857421875,22.708423614501953,4.8994035720825195,1504.4451904296875,22.847362518310547,4.973076820373535,1861.5673828125,1196.8658447265625,16.40399932861328,4.822931289672852,1163.467041015625,17.17190933227539,5.1827898025512695,1153.4674072265625,18.410499572753906,5.252286911010742
208,2391.08642578125,1525.8450927734375,23.3134708404541,5.214473724365234,1460.083740234375,22.687040328979492,4.88861083984375,1495.307373046875,22.794618606567383,4.952062129974365,1823.678955078125,1180.10546875,16.189022064208984,4.805271148681641,1146.718505859375,16.438810348510742,5.219642639160156,1125.6319580078125,17.102266311645508,5.3037872314453125
209,2386.029296875,1533.088134765625,22.81239891052246,5.184314250946045,1460.2523193359375,22.318328857421875,4.872901916503906,1488.0272216796875,22.29722785949707,4.912691116333008,1881.4178466796875,1188.9305419921875,16.881460189819336,4.877964019775391,1191.3685302734375,17.942668914794922,5.420504093170166,1167.3280029296875,18.623485565185547,5.457656383514404
210,2393.580810546875,1542.4859619140625,23.426645278930664,5.2815728187561035,1462.1961669921875,22.68042755126953,4.917499542236328,1492.176025390625,22.61771011352539,4.949713230133057,1742.8203125,1166.7030029296875,16.139511108398438,4.289905071258545,1101.07470703125,16.502920150756836,4.554508209228516,1062.4869384765625,16.446033477783203,4.530557632446289
211,2420.2685546875,1561.0135498046875,23.723711013793945,5.319899559020996,1488.884033203125,22.97305679321289,4.922792911529541,1505.2989501953125,22.907798767089844,4.955472946166992,1883.9306640625,1162.271240234375,15.028100967407227,4.678384304046631,1251.7371826171875,19.97821617126465,5.739322662353516,1159.7279052734375,17.60552215576172,5.448644161224365
212,2453.81640625,1583.89013671875,23.74104118347168,5.285545349121094,1507.804931640625,23.109882354736328,4.968649864196777,1526.3076171875,22.957334518432617,5.012050151824951,1949.8515625,1186.828125,16.454479217529297,4.693701267242432,1285.3382568359375,21.380163192749023,5.707077503204346,1208.20166015625,19.46949577331543,5.366894721984863
213,2405.0185546875,1532.5673828125,22.891679763793945,5.173799991607666,1473.3126220703125,22.516820907592773,4.881346702575684,1503.2547607421875,22.649024963378906,4.944607257843018,1795.39208984375,1161.106201171875,15.32081413269043,4.806891441345215,1152.4598388671875,16.57428550720215,5.599147319793701,1101.322265625,16.064271926879883,5.50074577331543
214,2367.881103515625,1512.9361572265625,22.705791473388672,5.17334508895874,1454.554931640625,22.338871002197266,4.897041320800781,1477.634033203125,22.339977264404297,4.9551897048950195,1758.6219482421875,1143.4896240234375,14.938987731933594,4.6883015632629395,1125.022216796875,16.630334854125977,5.358675956726074,1078.068359375,15.779767036437988,5.233975410461426
215,2360.2626953125,1506.34765625,22.605201721191406,5.113488674163818,1442.8182373046875,22.2478084564209,4.845656871795654,1475.5130615234375,22.229223251342773,4.896585941314697,2828.8046875,1338.8699951171875,18.661895751953125,4.754825115203857,2193.53662109375,32.61402130126953,6.818667888641357,1769.08251953125,27.175020217895508,5.991147994995117
216,2361.738525390625,1521.5528564453125,23.179931640625,5.209014415740967,1444.15087890625,22.500940322875977,4.869210243225098,1472.027587890625,22.43008041381836,4.897124767303467,2510.919189453125,1197.62158203125,16.33409309387207,4.930514812469482,2101.81884765625,31.240983963012695,7.569105625152588,1521.0867919921875,24.70189094543457,6.608824729919434
217,2379.00244140625,1536.5521240234375,23.227439880371094,5.2933831214904785,1462.5084228515625,22.54982566833496,4.94830322265625,1479.2843017578125,22.414031982421875,4.963431358337402,2662.4130859375,1249.4691162109375,17.850086212158203,4.410306453704834,2149.43115234375,33.94327163696289,6.5244927406311035,1642.7430419921875,26.858478546142578,5.4579973220825195
218,2407.908203125,1540.1610107421875,23.528671264648438,5.262521266937256,1476.76904296875,23.11646270751953,4.945847511291504,1502.829345703125,23.087270736694336,4.987387657165527,2482.208984375,1183.8162841796875,15.642960548400879,4.978060245513916,2252.66455078125,33.34732437133789,8.039363861083984,1451.2645263671875,23.52635383605957,6.590931415557861
219,2366.373291015625,1515.669921875,23.288118362426758,5.266116142272949,1451.868896484375,22.751100540161133,4.946313858032227,1476.111572265625,22.79217529296875,4.97628927230835,2142.20849609375,1274.783203125,20.148834228515625,5.411842346191406,1722.3377685546875,26.67437171936035,7.611256122589111,1243.072021484375,19.05856704711914,6.32151985168457
220,2364.83251953125,1528.052978515625,22.640274047851562,5.169210433959961,1443.9603271484375,22.137569427490234,4.859970569610596,1473.2283935546875,22.145166397094727,4.879152297973633,1938.76611328125,1184.578857421875,16.026742935180664,5.024939060211182,1411.6104736328125,22.724258422851562,6.643040180206299,1159.909423828125,17.259838104248047,5.758951187133789
221,2421.011474609375,1596.2066650390625,24.249113082885742,5.420511245727539,1493.236328125,23.128049850463867,5.014642715454102,1494.178466796875,22.85393714904785,4.9980878829956055,1749.395263671875,1123.93994140625,14.81235408782959,4.171476364135742,1247.183349609375,20.689693450927734,5.346042156219482,1038.0582275390625,16.070823669433594,4.576104640960693
222,2388.285400390625,1556.8865966796875,23.276288986206055,5.216222763061523,1450.4755859375,22.39221954345703,4.865384101867676,1486.076416015625,22.368392944335938,4.878459453582764,2478.083740234375,1300.7823486328125,19.985395431518555,4.820294380187988,1879.6456298828125,31.305370330810547,7.212528228759766,1523.9556884765625,27.33919334411621,6.626364231109619
223,2389.536865234375,1561.783203125,23.424766540527344,5.203880786895752,1467.7220458984375,22.662002563476562,4.918406963348389,1480.68505859375,22.478069305419922,4.930247783660889,2139.385498046875,1153.2769775390625,15.223345756530762,4.757464408874512,1576.8367919921875,24.32280921936035,7.008068084716797,1320.3514404296875,21.2853946685791,6.590743064880371
224,2413.881103515625,1567.694580078125,24.01663589477539,5.336551189422607,1479.9630126953125,23.213829040527344,4.996942520141602,1499.583984375,23.15277099609375,5.023775577545166,2306.660400390625,1197.8560791015625,16.349075317382812,4.937411308288574,1897.3685302734375,29.32561492919922,7.6245598793029785,1378.093017578125,23.07384490966797,6.732016563415527
225,2396.2509765625,1561.0877685546875,24.019519805908203,5.336385726928711,1468.176513671875,23.151386260986328,4.992835998535156,1487.471923828125,23.0029296875,4.990518093109131,2570.334228515625,1264.0240478515625,17.282733917236328,5.881895065307617,2196.052490234375,31.29237174987793,8.684491157531738,1532.311279296875,24.326190948486328,7.577141761779785
226,2335.250244140625,1503.0068359375,23.1641902923584,5.258470058441162,1433.6248779296875,22.66379165649414,4.86995792388916,1454.260986328125,22.649106979370117,4.89436149597168,2730.63720703125,1164.717041015625,15.660727500915527,5.032158374786377,2500.3134765625,36.26220703125,8.597552299499512,1631.1279296875,27.1524715423584,7.251830101013184
227,2333.015380859375,1524.0343017578125,23.12141227722168,5.280494689941406,1433.0145263671875,22.564905166625977,4.936697483062744,1445.9007568359375,22.297515869140625,4.913575649261475,3080.020751953125,1197.4144287109375,16.5996036529541,5.385075092315674,3013.29296875,38.64289474487305,9.494779586791992,1816.8084716796875,28.187711715698242,7.901861667633057
228,2315.766357421875,1483.20751953125,22.484254837036133,5.160009860992432,1422.078125,22.141437530517578,4.842860221862793,1444.1805419921875,22.172435760498047,4.892309188842773,2589.15673828125,1126.998291015625,14.446100234985352,4.5926289558410645,2515.006591796875,35.12752151489258,8.103838920593262,1496.555419921875,25.15726661682129,6.543876647949219
229,2331.01171875,1516.3526611328125,22.796598434448242,5.16026496887207,1435.989501953125,22.39515495300293,4.8481550216674805,1445.309326171875,22.17400360107422,4.853481292724609,2574.829833984375,1169.221923828125,15.654776573181152,4.898814678192139,2372.4208984375,34.71120834350586,8.31658935546875,1512.3367919921875,25.853971481323242,6.963026523590088
230,2339.1650390625,1521.368896484375,23.094308853149414,5.218892574310303,1431.5809326171875,22.358154296875,4.848948955535889,1453.2801513671875,22.258153915405273,4.850036144256592,2201.378173828125,1158.92138671875,16.13351821899414,4.980245590209961,1951.1439208984375,28.935997009277344,7.664468288421631,1268.358642578125,20.452373504638672,6.288327693939209
231,2320.16357421875,1505.1109619140625,23.069238662719727,5.15885591506958,1422.039794921875,22.29668426513672,4.838500499725342,1442.018310546875,22.345911026000977,4.8778791427612305,2027.14306640625,1188.5450439453125,16.880203247070312,5.106244087219238,1528.251953125,25.34267234802246,6.876723766326904,1212.10400390625,19.965065002441406,6.012149333953857
232,2342.73193359375,1527.8695068359375,23.60457420349121,5.281211853027344,1435.19921875,22.81404685974121,4.9055256843566895,1453.8114013671875,22.690824508666992,4.900906085968018,1824.5540771484375,1160.63330078125,16.491140365600586,4.808559894561768,1261.7459716796875,20.54530906677246,5.945225238800049,1097.84033203125,16.826171875,5.377683639526367
233,2307.466064453125,1496.1656494140625,22.903039932250977,5.134061813354492,1413.3514404296875,22.15692901611328,4.783409595489502,1434.6112060546875,22.228588104248047,4.806003093719482,1932.8551025390625,1329.09619140625,21.643741607666016,4.966489791870117,1339.30224609375,22.904861450195312,5.810027599334717,1132.33544921875,18.833332061767578,5.163920879364014
234,2292.75927734375,1491.9071044921875,22.667945861816406,5.098204135894775,1411.56103515625,22.24300193786621,4.826977252960205,1421.7186279296875,22.301311492919922,4.841639041900635,2128.255615234375,1306.6380615234375,21.24521827697754,5.740299224853516,1379.22998046875,23.278745651245117,6.577020168304443,1322.495361328125,21.783740997314453,6.438668251037598
235,2309.53173828125,1516.46044921875,23.38471794128418,5.423283100128174,1427.9273681640625,22.65576171875,5.029128074645996,1426.21533203125,22.386180877685547,4.966979026794434,1924.834716796875,1173.4197998046875,17.12848663330078,5.087940216064453,1414.879638671875,23.143680572509766,6.670722961425781,1148.3447265625,19.058040618896484,5.998477458953857
236,2325.60009765625,1533.4356689453125,23.692062377929688,5.338141918182373,1426.5989990234375,22.771242141723633,4.9755144119262695,1437.589599609375,22.640077590942383,4.945122241973877,1960.3218994140625,1205.3565673828125,17.376916885375977,4.764788627624512,1355.1705322265625,23.415206909179688,6.093520641326904,1192.1636962890625,20.242555618286133,5.651623249053955
237,2295.7509765625,1495.974365234375,22.015230178833008,5.022777080535889,1411.05712890625,21.853269577026367,4.770803451538086,1423.641357421875,21.824909210205078,4.782021522521973,1957.45751953125,1115.007080078125,14.185792922973633,4.685246467590332,1398.74658203125,24.32192039489746,6.47027063369751,1203.331298828125,21.256919860839844,6.043022155761719
238,2301.462890625,1512.010009765625,23.57025718688965,5.192435264587402,1412.5677490234375,22.38910484313965,4.794033527374268,1424.0897216796875,22.335580825805664,4.8123674392700195,1997.6923828125,1306.397216796875,20.7548885345459,5.072857856750488,1329.1566162109375,22.210708618164062,6.285391807556152,1207.0262451171875,20.42557144165039,6.116971015930176
239,2293.373779296875,1507.219970703125,23.18904685974121,5.223455905914307,1412.758544921875,22.718477249145508,4.855787754058838,1417.3804931640625,22.699310302734375,4.847709655761719,1802.57080078125,1172.92529296875,17.0924072265625,4.744475364685059,1159.3134765625,18.226539611816406,5.531287670135498,1102.8990478515625,16.994516372680664,5.438698768615723
240,2270.66259765625,1494.015869140625,22.81601905822754,5.160747528076172,1401.23974609375,22.169992446899414,4.782991409301758,1402.085693359375,21.910430908203125,4.774641513824463,1948.417724609375,1201.8564453125,18.41149139404297,5.105216979980469,1305.2838134765625,20.24972915649414,6.470461368560791,1196.2757568359375,18.40157699584961,6.270949363708496
241,2289.177490234375,1508.289306640625,23.298551559448242,5.292799472808838,1410.632568359375,22.531330108642578,4.8848371505737305,1413.500732421875,22.3192138671875,4.851454734802246,1937.64306640625,1305.6806640625,21.785785675048828,5.2658209800720215,1307.4600830078125,20.463455200195312,6.179566860198975,1153.7008056640625,18.187156677246094,5.889265537261963
242,2267.447998046875,1505.4674072265625,22.64324188232422,5.0921173095703125,1389.443359375,21.968524932861328,4.781808376312256,1398.97509765625,21.931568145751953,4.781712055206299,1677.6077880859375,1173.2952880859375,17.41139793395996,4.800091743469238,1079.70458984375,16.592571258544922,5.126177787780762,1001.7080078125,15.74231243133545,4.943991184234619
243,2267.1923828125,1506.100341796875,22.978351593017578,5.064809322357178,1388.3199462890625,22.23067855834961,4.777597904205322,1398.8660888671875,22.200138092041016,4.766907215118408,2276.655029296875,1478.5274658203125,25.869190216064453,5.928953647613525,1485.5892333984375,24.245901107788086,6.922155380249023,1387.4200439453125,23.278728485107422,6.663875102996826
244,2262.1728515625,1517.612060546875,23.17185401916504,5.239055633544922,1393.4573974609375,22.111896514892578,4.769425868988037,1388.852294921875,21.991619110107422,4.748622417449951,2288.3173828125,1323.3927001953125,22.181806564331055,5.277227401733398,1575.8433837890625,26.137035369873047,7.173277854919434,1418.546630859375,23.847522735595703,6.853541374206543
245,2282.305419921875,1513.32958984375,23.517168045043945,5.316127300262451,1411.997802734375,22.873008728027344,4.966167449951172,1404.7071533203125,22.541606903076172,4.901276111602783,3091.2138671875,1331.77197265625,22.192211151123047,5.59443473815918,2452.994384765625,33.98534393310547,9.416918754577637,1955.783935546875,30.291379928588867,8.798317909240723
246,2274.38525390625,1496.368896484375,23.230796813964844,5.238201141357422,1406.5103759765625,22.898839950561523,4.975386619567871,1403.5211181640625,22.614761352539062,4.91774320602417,2290.556884765625,1150.1717529296875,16.118955612182617,4.82297945022583,1571.1949462890625,24.84307861328125,7.053092956542969,1474.146728515625,24.22330665588379,7.13848876953125
247,2293.341796875,1542.0576171875,23.69155502319336,5.283925533294678,1412.3890380859375,22.663389205932617,4.9246673583984375,1407.0078125,22.456172943115234,4.888547897338867,3083.72021484375,1214.984619140625,17.530292510986328,5.260417938232422,2267.412841796875,37.55825424194336,8.439462661743164,2039.0013427734375,35.14691162109375,8.008652687072754
248,2283.5791015625,1520.634765625,23.336101531982422,5.2676191329956055,1416.5562744140625,22.75035285949707,4.955644130706787,1402.4217529296875,22.57717514038086,4.893593788146973,2533.748779296875,1162.0579833984375,17.12500762939453,4.956005096435547,2131.454833984375,33.56544494628906,8.488832473754883,1545.6947021484375,26.742910385131836,7.570892810821533
249,2218.3134765625,1484.4476318359375,22.679357528686523,5.1205220222473145,1376.4320068359375,21.91855239868164,4.749667644500732,1360.0494384765625,21.818811416625977,4.76229190826416,2620.48779296875,1115.0189208984375,14.859855651855469,4.777450084686279,2211.677490234375,33.051883697509766,8.955212593078613,1622.4788818359375,27.135000228881836,7.914248466491699
250,2229.98291015625,1492.8009033203125,23.2496395111084,5.471402168273926,1377.8699951171875,22.33863067626953,4.899744987487793,1368.781982421875,22.1246280670166,4.831715106964111,3697.789794921875,1199.9449462890625,18.93754768371582,4.9623212814331055,3201.733154296875,40.87867736816406,10.191217422485352,2377.286376953125,34.37078094482422,9.10208511352539
251,2217.360107421875,1487.9686279296875,22.636226654052734,5.087954044342041,1370.7724609375,22.079471588134766,4.769340515136719,1359.737548828125,21.985212326049805,4.754052639007568,2381.11328125,1171.5338134765625,17.778148651123047,5.015321254730225,1869.0516357421875,29.006742477416992,8.132417678833008,1468.9376220703125,24.16407012939453,7.343820095062256
252,2223.725341796875,1504.284912109375,23.351913452148438,5.2171430587768555,1374.6103515625,22.43973159790039,4.84382438659668,1360.056396484375,21.94933319091797,4.759882926940918,3783.984375,1343.113037109375,23.0698184967041,5.6431884765625,2987.1689453125,37.759273529052734,10.75352954864502,2484.8994140625,34.94234085083008,10.114867210388184
253,2200.39794921875,1486.68505859375,22.59092903137207,5.182174205780029,1359.9910888671875,21.939359664916992,4.799178123474121,1346.39501953125,21.834171295166016,4.763758182525635,4217.01806640625,1186.36962890625,17.754100799560547,5.217670917510986,3434.03662109375,44.38454818725586,11.094571113586426,2830.896240234375,39.77219009399414,10.388601303100586
254,2174.221923828125,1478.3021240234375,23.175745010375977,5.204714298248291,1348.4111328125,22.1441707611084,4.771587371826172,1326.2081298828125,21.925689697265625,4.746912479400635,5307.88525390625,1294.0611572265625,21.264925003051758,5.322118282318115,3807.597412109375,42.88389205932617,11.345848083496094,3777.3876953125,43.46958541870117,11.154742240905762
255,2167.591796875,1494.3262939453125,22.919660568237305,5.193138122558594,1347.7840576171875,22.03693199157715,4.749117851257324,1314.9586181640625,21.68927001953125,4.680947303771973,4862.8828125,1289.1253662109375,20.849435806274414,5.197704792022705,3245.19921875,39.43992233276367,10.933942794799805,3502.585205078125,42.40548324584961,11.092498779296875
256,2181.71484375,1509.6968994140625,23.496265411376953,5.246732234954834,1359.0009765625,22.5103702545166,4.887790679931641,1321.105712890625,22.046415328979492,4.8067426681518555,27568.2109375,1349.6954345703125,22.655010223388672,5.4126458168029785,17630.384765625,100.0282974243164,21.637752532958984,21874.185546875,108.8648681640625,21.807891845703125
257,2186.0517578125,1513.291259765625,22.98688316345215,5.114865779876709,1359.076171875,22.124130249023438,4.707059383392334,1324.3416748046875,21.881380081176758,4.647205352783203,52016.74609375,1470.39404296875,24.665645599365234,5.384931564331055,39361.90234375,151.3984375,27.907411575317383,39767.05859375,154.1835174560547,26.903972625732422
258,2171.09375,1488.9307861328125,23.04641342163086,5.19431209564209,1346.0694580078125,22.317363739013672,4.79154634475708,1320.5936279296875,21.873924255371094,4.731283664703369,87677.28125,1160.324462890625,17.525068283081055,5.086568355560303,46650.12890625,181.86891174316406,31.329627990722656,73334.140625,222.80374145507812,35.01162338256836
259,2155.8154296875,1499.3927001953125,23.47426414489746,5.244030952453613,1342.4342041015625,22.34740447998047,4.7662248611450195,1303.2677001953125,21.865371704101562,4.700486183166504,101981.4375,1239.6177978515625,20.042036056518555,5.5256547927856445,54910.64453125,200.09219360351562,34.571266174316406,85136.359375,244.31201171875,39.21253967285156
260,2141.799072265625,1494.0050048828125,23.51319122314453,5.2580952644348145,1325.3890380859375,22.344675064086914,4.797252178192139,1295.98095703125,22.1425724029541,4.728348731994629,96909.484375,1176.3026123046875,17.17125701904297,5.229824542999268,46719.6953125,175.3556671142578,32.614990234375,82540.6796875,233.2146453857422,38.63577651977539
261,2092.6640625,1480.2088623046875,23.05841636657715,5.117706775665283,1305.943603515625,21.991750717163086,4.703036785125732,1256.818359375,21.491846084594727,4.628422737121582,87789.8515625,1200.2158203125,18.912965774536133,4.972809791564941,40538.56640625,153.204833984375,29.270938873291016,75268.21875,213.45350646972656,35.17006301879883
262,2083.69384765625,1473.5255126953125,22.631933212280273,5.141928195953369,1299.470947265625,22.009225845336914,4.7093706130981445,1251.7947998046875,21.61686134338379,4.655655384063721,90692.28125,1194.740966796875,18.69278907775879,4.874782085418701,47198.61328125,180.79745483398438,30.855649948120117,76174.28125,233.6012420654297,35.15263366699219
263,2136.712646484375,1518.666748046875,23.289682388305664,5.28566312789917,1319.532470703125,22.184019088745117,4.753678798675537,1285.253173828125,21.67691421508789,4.649856090545654,88777.0078125,1286.12451171875,21.440887451171875,5.690535068511963,39600.2734375,150.73687744140625,29.122814178466797,76511.0859375,213.99545288085938,35.074031829833984
264,2094.655517578125,1503.9605712890625,23.32221031188965,5.373324394226074,1294.212890625,22.122608184814453,4.862793445587158,1255.203369140625,21.7220516204834,4.760189056396484,121440.1328125,1240.086181640625,20.098112106323242,5.453494548797607,67130.8984375,218.14808654785156,39.08949661254883,100928.8203125,270.0879211425781,42.92307662963867
265,2050.0693359375,1472.1993408203125,22.566041946411133,5.003421783447266,1279.4873046875,21.608943939208984,4.620883941650391,1224.5631103515625,21.180280685424805,4.559458255767822,99743.3359375,1268.30224609375,20.738439559936523,5.132211685180664,46849.765625,172.13796997070312,30.658220291137695,85307.9140625,232.725830078125,35.85674285888672
266,2028.68603515625,1481.1717529296875,22.179967880249023,5.103724479675293,1258.28564453125,21.2997989654541,4.62396240234375,1206.8485107421875,20.843891143798828,4.527039527893066,69819.546875,1158.233642578125,16.815444946289062,4.995967864990234,32407.9921875,141.5158233642578,24.41376495361328,59749.67578125,191.31362915039062,28.929712295532227
267,2052.8818359375,1510.4312744140625,23.30946922302246,5.050415992736816,1272.5478515625,21.91612434387207,4.684470176696777,1217.9881591796875,21.45299530029297,4.607564449310303,47614.05078125,1279.479736328125,21.369218826293945,5.289516925811768,26046.654296875,116.18610382080078,21.344524383544922,39416.2109375,148.04788208007812,23.55392837524414
268,2026.46875,1475.733154296875,22.79259490966797,5.172698974609375,1260.8699951171875,21.558401107788086,4.667226314544678,1205.4879150390625,21.09480094909668,4.553882598876953,44577.5703125,1280.565673828125,20.906354904174805,5.149072647094727,22408.74609375,112.84595489501953,20.65928840637207,37470.77734375,147.1612091064453,23.296810150146484
269,2000.773193359375,1466.59228515625,22.708086013793945,5.0583319664001465,1236.9903564453125,21.71638298034668,4.666642665863037,1189.6983642578125,21.225236892700195,4.551370143890381,52206.56640625,1178.9111328125,18.131393432617188,5.203700065612793,28838.935546875,131.15838623046875,25.701866149902344,43201.20703125,163.84996032714844,27.806550979614258
270,2009.067138671875,1509.5423583984375,23.880578994750977,5.378582954406738,1246.9971923828125,22.07010269165039,4.8082990646362305,1182.10546875,21.433441162109375,4.645525932312012,33723.3359375,1172.2252197265625,18.625051498413086,5.058891773223877,20170.80078125,104.92149353027344,20.608701705932617,27320.427734375,124.06859588623047,21.388551712036133
271,1964.002197265625,1471.2222900390625,22.695758819580078,5.111140727996826,1215.277587890625,21.34524917602539,4.614851951599121,1158.0521240234375,20.70349884033203,4.492168426513672,25571.46875,1225.3614501953125,20.58713150024414,5.092469215393066,17268.552734375,99.16332244873047,20.074960708618164,20023.298828125,111.04967498779297,19.719276428222656
272,1955.0225830078125,1485.8092041015625,23.165498733520508,5.1504597663879395,1211.1016845703125,21.567119598388672,4.607765197753906,1145.94921875,20.911376953125,4.477181911468506,45607.74609375,1200.5997314453125,19.139801025390625,5.163571357727051,26073.154296875,124.49846649169922,24.20362091064453,37425.62109375,150.79745483398438,25.77106475830078
273,1962.8900146484375,1478.4522705078125,22.888891220092773,5.080829620361328,1208.931640625,21.568016052246094,4.6513848304748535,1156.6748046875,21.135576248168945,4.562857627868652,6393.43115234375,1155.3984375,17.030071258544922,5.019558906555176,5082.57080078125,56.60036849975586,11.802895545959473,4522.04052734375,51.750179290771484,9.753862380981445
274,1967.0501708984375,1499.645263671875,23.03104019165039,5.093461513519287,1209.069091796875,21.203872680664062,4.623314380645752,1154.4356689453125,20.6124267578125,4.452287673950195,27877.166015625,1161.474365234375,18.15266990661621,5.11609411239624,17476.9921875,106.30184173583984,19.453737258911133,22285.626953125,120.9615478515625,19.255828857421875
275,1926.674072265625,1451.7589111328125,22.36483383178711,5.059470176696777,1192.332763671875,21.238908767700195,4.5771050453186035,1133.4466552734375,20.748783111572266,4.444562911987305,12137.6748046875,1226.04052734375,20.157236099243164,5.484375476837158,8398.0966796875,72.33665466308594,14.370038986206055,9250.4326171875,75.80909729003906,13.466072082519531
276,1927.6070556640625,1462.259765625,22.494760513305664,5.04860258102417,1179.0889892578125,21.200592041015625,4.604534149169922,1135.2025146484375,20.83052635192871,4.529287338256836,7194.6416015625,1163.68408203125,18.33930206298828,5.178965091705322,5108.1572265625,55.9282112121582,11.467080116271973,5313.0888671875,55.68806838989258,10.039612770080566
277,1900.91748046875,1471.8594970703125,22.613008499145508,5.065256118774414,1170.28564453125,21.107669830322266,4.534189224243164,1108.2738037109375,20.48154067993164,4.387373924255371,7271.57666015625,1172.93896484375,18.39000129699707,5.293824195861816,6410.66064453125,62.63671875,13.375216484069824,4996.4970703125,54.69066619873047,11.067630767822266
278,1877.4798583984375,1460.9473876953125,22.874481201171875,5.115427494049072,1145.81103515625,21.129444122314453,4.561182975769043,1095.4522705078125,20.572494506835938,4.423971176147461,2333.71728515625,1242.8553466796875,20.91509246826172,5.255989074707031,1721.4102783203125,26.662612915039062,6.750256061553955,1444.4375,26.5892391204834,6.248594760894775
279,1879.234375,1458.9290771484375,22.508825302124023,5.056839942932129,1156.9161376953125,21.204181671142578,4.556633949279785,1094.4808349609375,20.670469284057617,4.3946533203125,2294.05126953125,1241.7637939453125,21.143619537353516,5.303428649902344,2081.113525390625,32.048255920410156,8.536544799804688,1297.1878662109375,24.340696334838867,6.8691864013671875
280,1921.2991943359375,1478.964599609375,23.194623947143555,5.273910999298096,1186.433837890625,21.627838134765625,4.764980316162109,1121.6795654296875,20.848726272583008,4.5573649406433105,2393.3701171875,1197.207275390625,18.890125274658203,4.7805352210998535,1466.800048828125,26.93012046813965,5.596408843994141,1594.1680908203125,30.923858642578125,5.809516429901123
281,1917.1932373046875,1512.9122314453125,23.480194091796875,5.2278008460998535,1179.447021484375,21.457374572753906,4.6391282081604,1109.4853515625,20.800432205200195,4.417537212371826,5002.46142578125,1295.266357421875,22.62056541442871,5.5808329582214355,4837.5126953125,51.13774108886719,12.692706108093262,3162.6279296875,40.120140075683594,10.247698783874512
282,1859.337890625,1471.613037109375,22.876609802246094,5.1103291511535645,1144.5736083984375,21.12985610961914,4.636700630187988,1074.4815673828125,20.367408752441406,4.42838191986084,8489.10546875,1244.4542236328125,20.91034507751465,5.599597930908203,6597.11865234375,61.827449798583984,14.065495491027832,6136.63330078125,56.63975524902344,12.158768653869629
283,1866.6329345703125,1470.3408203125,22.355329513549805,5.158317565917969,1129.131591796875,20.91604232788086,4.614197731018066,1086.7911376953125,20.49786949157715,4.415682792663574,1677.5606689453125,1152.5540771484375,18.525104522705078,4.969238758087158,1086.4578857421875,20.687639236450195,5.628081321716309,1005.8570556640625,22.652570724487305,5.502765655517578
284,1830.83056640625,1460.2462158203125,22.412275314331055,4.959249496459961,1126.9608154296875,20.563488006591797,4.451893329620361,1054.668701171875,19.873291015625,4.279295921325684,1649.9716796875,1248.234619140625,21.292150497436523,5.144805431365967,1008.762451171875,19.201038360595703,5.122028350830078,972.8724365234375,22.992332458496094,5.254788398742676
285,1796.9832763671875,1444.14599609375,22.441883087158203,5.007350444793701,1087.801025390625,20.5815486907959,4.456833839416504,1037.3990478515625,20.077774047851562,4.311338424682617,2043.3109130859375,1286.0552978515625,22.43297004699707,5.322006702423096,1409.620361328125,23.63604736328125,6.612818241119385,1234.6082763671875,24.346250534057617,6.244751930236816
286,1803.027587890625,1456.4739990234375,22.783287048339844,5.05783748626709,1096.553466796875,20.81462860107422,4.44874906539917,1037.119140625,20.33236312866211,4.311987400054932,1895.1602783203125,1362.815673828125,24.541786193847656,5.558181285858154,1278.52099609375,20.71515464782715,6.423126697540283,1102.75927734375,21.814697265625,6.299731254577637
287,1802.9725341796875,1466.238037109375,22.49785614013672,5.06516695022583,1090.4166259765625,20.673776626586914,4.462850093841553,1035.97607421875,20.169824600219727,4.308969497680664,1723.4615478515625,1317.7132568359375,23.327362060546875,5.268260955810547,1234.0347900390625,20.498802185058594,6.064362525939941,957.9369506835938,18.91987419128418,5.495359420776367
288,1854.86669921875,1490.2515869140625,22.902084350585938,5.065825462341309,1133.8521728515625,20.94035530090332,4.520484447479248,1067.6353759765625,20.316926956176758,4.326226234436035,1852.456298828125,1366.8651123046875,23.796772003173828,5.3939008712768555,1215.8275146484375,22.792402267456055,6.2548065185546875,1077.6485595703125,23.063213348388672,5.845392227172852
289,1805.2093505859375,1465.4525146484375,22.78108024597168,5.160732269287109,1099.4722900390625,20.80040740966797,4.605714321136475,1035.7318115234375,20.27410316467285,4.411139488220215,1725.7637939453125,1156.6427001953125,18.106365203857422,4.756075382232666,1128.115966796875,22.128604888916016,5.070408821105957,1040.3360595703125,24.198978424072266,5.078798294067383
290,1792.273193359375,1468.3277587890625,22.914669036865234,5.142639636993408,1084.09130859375,20.96033477783203,4.494571685791016,1026.54736328125,20.29412841796875,4.2887396812438965,1311.9375,1187.8763427734375,20.36034393310547,4.916676044464111,832.0520629882812,15.906668663024902,4.725043773651123,705.9589233398438,16.721466064453125,4.5254974365234375
291,1829.7515869140625,1495.4736328125,23.102190017700195,5.099092960357666,1111.2852783203125,20.889663696289062,4.474343776702881,1047.723876953125,20.161108016967773,4.289463043212891,1561.7091064453125,1347.0712890625,23.684484481811523,5.066281795501709,921.3224487304688,20.673370361328125,4.962427616119385,881.19091796875,22.716245651245117,4.937878131866455
292,1799.939208984375,1469.736083984375,22.528711318969727,5.167217254638672,1092.6502685546875,20.699291229248047,4.542122840881348,1031.22314453125,20.13844108581543,4.323788166046143,3067.952880859375,1289.34326171875,22.420862197875977,5.3533124923706055,2446.30126953125,31.216690063476562,7.625407695770264,1947.259521484375,29.222949981689453,6.721240997314453
293,1760.5494384765625,1452.5264892578125,22.770751953125,4.952963829040527,1065.4451904296875,20.546356201171875,4.448243618011475,1005.1578979492188,20.040597915649414,4.272130966186523,1922.0091552734375,1152.7723388671875,18.33606719970703,5.089890480041504,1470.1488037109375,26.18126678466797,6.866884708404541,1135.1326904296875,21.01844596862793,5.8045477867126465
294,1739.7022705078125,1449.2120361328125,22.20390510559082,5.046374320983887,1052.6513671875,20.296920776367188,4.342254161834717,989.1433715820312,19.61634635925293,4.196104526519775,1195.319580078125,1138.65576171875,18.271371841430664,4.695707321166992,714.3482055664062,14.508087158203125,4.387906551361084,639.4183349609375,16.44784927368164,4.4322733879089355
295,1716.01171875,1433.6473388671875,22.190732955932617,4.984000205993652,1027.34814453125,20.17713165283203,4.322326183319092,977.713134765625,19.68086051940918,4.175289154052734,1401.83349609375,1161.3043212890625,18.945396423339844,5.10943078994751,877.7317504882812,16.347728729248047,5.0979743003845215,790.1226196289062,17.972959518432617,5.059657573699951
296,1708.0438232421875,1422.9464111328125,21.960636138916016,4.96010160446167,1026.267333984375,19.87929916381836,4.301405906677246,973.2797241210938,19.381874084472656,4.154196262359619,1426.317138671875,1182.745361328125,19.528242111206055,5.331960678100586,836.66650390625,18.28745460510254,5.2022833824157715,820.4935913085938,20.121295928955078,5.238332748413086
297,1721.0758056640625,1435.0245361328125,22.276214599609375,4.988095760345459,1025.2882080078125,20.09947967529297,4.306676387786865,982.9818725585938,19.6125431060791,4.143863201141357,1473.593017578125,1132.0263671875,17.871307373046875,5.22932243347168,863.4893798828125,16.99448585510254,5.186588764190674,874.9382934570312,20.921640396118164,5.474308967590332
298,1709.347900390625,1431.9664306640625,22.305570602416992,5.041176795959473,1018.713623046875,20.168174743652344,4.296504974365234,974.14404296875,19.60848045349121,4.138113975524902,1272.03466796875,1116.8758544921875,16.21092987060547,5.237375259399414,783.9419555664062,15.93244743347168,4.9921722412109375,701.7893676757812,17.705528259277344,5.0620269775390625
299,1693.6827392578125,1437.574462890625,22.524221420288086,5.0841755867004395,1004.3756713867188,20.07646369934082,4.327208518981934,961.097900390625,19.56485939025879,4.147562026977539,1366.418701171875,1084.978515625,15.447011947631836,4.8893022537231445,897.6879272460938,19.18329620361328,4.964466571807861,771.6187744140625,19.085681915283203,4.840962886810303
300,1697.1820068359375,1443.9200439453125,22.76103973388672,5.050269603729248,1007.4578857421875,20.238140106201172,4.315006732940674,961.7686157226562,19.690359115600586,4.170821666717529,1234.763916015625,1123.6673583984375,17.78407859802246,5.166973114013672,779.6868896484375,15.283175468444824,4.961320400238037,663.7575073242188,15.609755516052246,4.909535884857178
301,1702.0313720703125,1445.5438232421875,22.134639739990234,5.0132856369018555,1011.564453125,19.91266632080078,4.262030601501465,964.8989868164062,19.51481819152832,4.116392135620117,1209.9893798828125,1095.3880615234375,14.88526725769043,5.134439468383789,790.46533203125,17.259693145751953,4.979783535003662,644.2333374023438,15.868590354919434,4.717446327209473
302,1698.8223876953125,1441.4261474609375,22.604141235351562,5.045986175537109,1005.532958984375,20.060375213623047,4.276978969573975,964.7347412109375,19.645748138427734,4.144078254699707,1284.4468994140625,1145.8040771484375,17.739709854125977,5.505876541137695,807.8656005859375,18.00773048400879,5.166295528411865,698.345947265625,17.311859130859375,4.9932122230529785
303,1688.035888671875,1447.0240478515625,22.816448211669922,5.133458137512207,1003.66259765625,20.367002487182617,4.337160587310791,952.8297729492188,19.634973526000977,4.145411491394043,1158.271240234375,1091.290771484375,16.115617752075195,5.089245319366455,729.2860717773438,15.289031982421875,4.443790435791016,612.09814453125,15.294393539428711,4.347843647003174
304,1674.5404052734375,1437.5013427734375,22.36800765991211,4.990872859954834,991.6555786132812,19.93950653076172,4.245903015136719,945.7932739257812,19.491539001464844,4.092791557312012,1190.0244140625,1086.0977783203125,15.590156555175781,4.941849231719971,730.9951171875,17.257667541503906,4.7243218421936035,644.8966674804688,17.51361846923828,4.683689117431641
305,1655.440185546875,1436.2088623046875,22.355072021484375,4.950376033782959,976.244873046875,19.661697387695312,4.191684722900391,931.703857421875,19.064964294433594,4.028444290161133,1408.267333984375,1145.760009765625,17.922706604003906,5.264667987823486,914.0059204101562,21.209070205688477,4.9421706199646,790.3375244140625,20.911964416503906,4.8392252922058105
306,1651.7935791015625,1427.2830810546875,22.44219207763672,5.041110038757324,980.156494140625,20.014015197753906,4.231658935546875,929.5618896484375,19.38688087463379,4.075799465179443,1355.8184814453125,1125.37255859375,17.811817169189453,4.956331729888916,830.774658203125,20.1370849609375,4.6490349769592285,768.9744262695312,20.852136611938477,4.629153251647949
307,1639.703125,1422.0062255859375,22.18998908996582,4.947453498840332,964.2691650390625,19.674331665039062,4.185671329498291,923.8204956054688,19.142892837524414,4.026567459106445,1656.335205078125,1097.3043212890625,16.983972549438477,4.976602554321289,1126.898681640625,19.927215576171875,5.324556350708008,989.0742797851562,19.990737915039062,5.21248197555542
308,1661.7928466796875,1449.5828857421875,22.477405548095703,4.996152400970459,974.5844116210938,19.72962760925293,4.173276901245117,934.5426635742188,19.095834732055664,4.016387939453125,1177.4700927734375,1141.8458251953125,18.34558868408203,5.256378650665283,709.3408813476562,17.049283981323242,5.1861677169799805,622.1140747070312,16.607898712158203,5.088885307312012
309,1689.921875,1468.519287109375,23.367107391357422,5.233193397521973,1000.7877807617188,20.335432052612305,4.3703694343566895,949.1298217773438,19.655054092407227,4.161160945892334,1483.990966796875,1101.521728515625,15.800273895263672,5.063718318939209,1019.5860595703125,23.48654556274414,5.467874526977539,847.65869140625,21.381162643432617,5.100320339202881
310,1665.4091796875,1427.451171875,22.57634735107422,4.944364070892334,981.1829223632812,20.108591079711914,4.2187886238098145,942.8189697265625,19.583642959594727,4.07366418838501,1299.857421875,1082.0045166015625,15.555206298828125,4.9083356857299805,839.3113403320312,19.723812103271484,4.74807596206665,723.4627075195312,19.36985206604004,4.617215633392334
311,1645.0927734375,1426.730712890625,22.394874572753906,5.01519250869751,964.0316162109375,20.037960052490234,4.185399532318115,927.864013671875,19.477529525756836,4.056663990020752,1200.5302734375,1111.2313232421875,16.519227981567383,5.349969863891602,780.7413330078125,18.012325286865234,4.928126811981201,632.9385986328125,16.587736129760742,4.7217183113098145
312,1608.490234375,1402.511962890625,21.863222122192383,4.943656921386719,948.5816650390625,19.423587799072266,4.117128372192383,903.1620483398438,18.92630386352539,3.9840333461761475,1022.0852661132812,1063.6737060546875,15.86893367767334,4.789153575897217,644.9074096679688,15.433614730834961,4.138726234436035,509.51092529296875,13.736222267150879,3.8343329429626465
313,1640.23779296875,1418.106689453125,22.182893753051758,4.938564777374268,955.4655151367188,19.871536254882812,4.189803123474121,928.1660766601562,19.540842056274414,4.0778727531433105,1093.117919921875,1093.276123046875,15.642719268798828,5.293904781341553,659.5464477539062,15.5700101852417,4.616604328155518,567.2711181640625,15.011609077453613,4.448246955871582
314,1637.8037109375,1454.7086181640625,23.236055374145508,5.146599769592285,956.955322265625,20.143617630004883,4.25448751449585,914.3043212890625,19.469615936279297,4.08212947845459,1167.1556396484375,1104.415771484375,16.62934684753418,5.313645839691162,666.5336303710938,14.989763259887695,4.150205612182617,635.8707885742188,15.86113166809082,4.203874588012695
315,1655.187255859375,1428.8006591796875,22.66180419921875,5.082249164581299,974.2364501953125,20.033336639404297,4.25305700302124,934.2761840820312,19.366687774658203,4.0453104972839355,1323.592041015625,1141.313232421875,18.990144729614258,4.847402572631836,713.4862060546875,16.58473777770996,4.397681713104248,767.1522216796875,19.426513671875,4.531538963317871
316,1632.724853515625,1434.765380859375,22.624053955078125,5.002371788024902,951.0023803710938,19.826749801635742,4.18691349029541,916.9942626953125,19.222532272338867,4.02030611038208,1126.8946533203125,1176.53564453125,19.158906936645508,5.314546585083008,644.4034423828125,16.042036056518555,5.0310139656066895,580.6129760742188,15.985445022583008,4.944168567657471
317,1656.423095703125,1471.3779296875,23.11873435974121,5.165078639984131,958.7455444335938,19.96929359436035,4.226147174835205,927.385986328125,19.384233474731445,4.042336940765381,1057.2117919921875,1124.7889404296875,18.877487182617188,4.971353530883789,657.0882568359375,17.592906951904297,4.461058616638184,522.6486206054688,15.614618301391602,4.199743270874023
318,1626.7230224609375,1430.7886962890625,22.858592987060547,5.059568881988525,944.7806396484375,19.912120819091797,4.190710067749023,914.0523071289062,19.350597381591797,4.0268168449401855,1206.38818359375,1158.8779296875,19.342397689819336,5.2139129638671875,786.55322265625,20.503639221191406,4.897017955780029,622.7587890625,17.775711059570312,4.631377220153809
319,1595.5560302734375,1403.3271484375,22.103862762451172,4.960763454437256,924.7247314453125,19.631772994995117,4.135344505310059,897.1405029296875,19.1633358001709,3.9806458950042725,1076.5966796875,1141.1595458984375,18.635095596313477,5.198705196380615,603.53369140625,15.074636459350586,4.445672512054443,553.1888427734375,15.59186840057373,4.380551815032959
320,1606.665283203125,1432.8380126953125,22.36075210571289,4.982432842254639,931.8392944335938,19.379817962646484,4.090301513671875,897.2620849609375,18.800031661987305,3.9406702518463135,1156.685546875,1158.6038818359375,19.199174880981445,5.125508785247803,700.354248046875,19.08733367919922,4.418213367462158,598.9981689453125,17.975025177001953,4.264254570007324
321,1573.4189453125,1396.8009033203125,22.012496948242188,4.96170711517334,908.0172119140625,19.220001220703125,4.10548210144043,881.9735717773438,18.812885284423828,3.964053153991699,1076.6934814453125,1110.7572021484375,16.62505531311035,5.271241188049316,611.8088989257812,14.863968849182129,4.380621910095215,559.923583984375,15.403019905090332,4.330128192901611
322,1577.5015869140625,1405.625,22.3848876953125,5.009284496307373,908.6870727539062,19.54680061340332,4.084893703460693,883.2078247070312,19.093671798706055,3.9396309852600098,1153.166259765625,1125.9700927734375,17.589744567871094,5.469857215881348,702.53955078125,18.00782585144043,4.757188320159912,604.6133422851562,17.22715187072754,4.652406692504883
323,1566.7000732421875,1405.4093017578125,22.266624450683594,4.97529935836792,902.9217529296875,19.196197509765625,4.030191421508789,874.2008056640625,18.68321418762207,3.901156425476074,1040.670654296875,1066.7677001953125,16.445003509521484,4.93505334854126,628.9684448242188,16.197525024414062,4.296587944030762,531.9498901367188,15.497393608093262,4.146209239959717
324,1556.5938720703125,1400.9093017578125,21.904115676879883,4.893248081207275,896.286865234375,19.063589096069336,3.989520311355591,867.4348754882812,18.50057029724121,3.8489303588867188,1042.056396484375,1064.415771484375,16.497337341308594,4.87254524230957,651.83349609375,17.056129455566406,4.33522367477417,527.1817016601562,15.377646446228027,4.062292575836182
325,1556.269287109375,1397.29833984375,22.541831970214844,4.992063999176025,891.8359375,19.249265670776367,4.0048747062683105,869.5289306640625,18.761720657348633,3.8754663467407227,1429.0665283203125,1288.3050537109375,22.249094009399414,5.439785480499268,894.3751220703125,23.562021255493164,5.096309661865234,774.2623901367188,22.062660217285156,4.871342658996582
326,1597.6566162109375,1432.9605712890625,22.584779739379883,5.084591865539551,919.8594970703125,19.661935806274414,4.160934925079346,891.8106689453125,19.15530776977539,3.9867777824401855,1052.7056884765625,1081.03125,14.524730682373047,5.283533573150635,623.3421630859375,15.686408996582031,4.501140117645264,541.3934936523438,14.716217041015625,4.33456563949585
327,1638.7027587890625,1484.930908203125,24.07734489440918,5.159974098205566,944.5908813476562,20.411943435668945,4.159438133239746,909.8462524414062,19.82764434814453,3.9929962158203125,1236.4417724609375,1154.095947265625,17.05663299560547,5.646821022033691,725.766357421875,18.230863571166992,5.076061248779297,672.48291015625,17.416547775268555,4.928686141967773
328,1640.917724609375,1432.3917236328125,22.944705963134766,5.215946674346924,947.8985595703125,19.89478302001953,4.235337257385254,926.8306274414062,19.35280418395996,4.063608169555664,2363.349853515625,1171.6527099609375,19.669187545776367,5.301936149597168,1617.2508544921875,26.280378341674805,5.7947998046875,1526.6785888671875,25.490114212036133,5.671806812286377
329,1611.131591796875,1424.66455078125,22.88111686706543,5.088707447052002,936.8087768554688,20.02486228942871,4.1691508293151855,902.689453125,19.371923446655273,4.014196395874023,3754.426513671875,1660.49658203125,28.82493782043457,5.630742073059082,2089.720947265625,32.56769561767578,5.991814613342285,2629.361328125,36.66979217529297,6.303597450256348
330,1570.2137451171875,1407.365234375,22.379459381103516,5.0252203941345215,894.321044921875,19.242021560668945,4.051913261413574,879.7078857421875,18.87664794921875,3.9176127910614014,2057.855224609375,1461.81787109375,25.735315322875977,5.225911617279053,1195.1439208984375,23.759384155273438,4.781473636627197,1260.7667236328125,25.469751358032227,4.911776065826416
331,1556.904296875,1401.1297607421875,22.1428279876709,4.9155097007751465,892.56005859375,19.206951141357422,4.032389163970947,868.7972412109375,18.74772834777832,3.9119439125061035,1878.5728759765625,1253.2958984375,21.68657112121582,5.065293312072754,1208.5689697265625,23.19675636291504,4.839543342590332,1140.013427734375,23.762208938598633,4.829200744628906
332,1557.3756103515625,1414.597412109375,22.680843353271484,5.004251003265381,888.6819458007812,19.359359741210938,4.03506326675415,866.3917846679688,18.86858558654785,3.895488739013672,1523.5723876953125,1303.0882568359375,23.103004455566406,5.24373722076416,916.9010620117188,21.368921279907227,4.648758888244629,857.5756225585938,20.92318344116211,4.549663066864014
333,1534.9522705078125,1395.636962890625,22.245630264282227,4.849024772644043,870.3339233398438,18.923175811767578,3.9045016765594482,855.1611328125,18.490169525146484,3.7886528968811035,1665.3553466796875,1417.533447265625,25.797061920166016,6.020202159881592,977.7579345703125,22.35433578491211,5.08937931060791,946.767822265625,23.497825622558594,5.128983974456787
334,1522.692138671875,1388.1015625,22.089038848876953,4.944148540496826,864.3999633789062,18.91524887084961,3.9256348609924316,846.9415283203125,18.507173538208008,3.805589437484741,1657.650390625,1244.5157470703125,22.404232025146484,5.515928268432617,1148.831787109375,24.753883361816406,5.103766918182373,939.6461791992188,23.542316436767578,4.903817176818848
335,1551.0592041015625,1417.0234375,22.241209030151367,4.934014320373535,884.2268676757812,19.02876091003418,3.971715211868286,860.684326171875,18.537506103515625,3.8342957496643066,1783.509521484375,1238.8363037109375,22.305089950561523,5.719048023223877,1334.581298828125,28.263553619384766,5.61985445022583,1011.4842529296875,25.678504943847656,5.305952072143555
336,1542.19384765625,1403.788330078125,22.295948028564453,5.028353691101074,884.5621948242188,19.21286392211914,4.009127140045166,855.6888427734375,18.563106536865234,3.8400869369506836,1570.5830078125,1142.7130126953125,19.717456817626953,5.3345866203308105,1180.738525390625,25.50132942199707,5.2946696281433105,873.547607421875,22.582027435302734,4.8431315422058105
337,1545.8349609375,1405.1253662109375,22.528207778930664,4.9484381675720215,871.3992919921875,19.184694290161133,4.008769989013672,862.8776245117188,18.881603240966797,3.8810489177703857,1408.0689697265625,1216.009033203125,21.0675048828125,5.943339824676514,854.1031494140625,21.198028564453125,5.191666126251221,787.0352783203125,20.643634796142578,5.1273112297058105
338,1541.4886474609375,1407.344970703125,22.928300857543945,5.209327697753906,880.6848754882812,19.58042335510254,4.1130547523498535,855.079833984375,18.851041793823242,3.923369884490967,1281.44384765625,1138.6109619140625,17.88384246826172,5.512269020080566,770.7355346679688,18.94482421875,4.661855220794678,708.639892578125,18.77643394470215,4.630764007568359
339,1530.386474609375,1409.2821044921875,22.306135177612305,4.959690570831299,868.5198974609375,19.089113235473633,3.9950201511383057,847.0457153320312,18.703872680664062,3.8445088863372803,1206.6072998046875,1093.9854736328125,16.76466178894043,5.337003231048584,677.8060913085938,16.673391342163086,4.803210258483887,675.06982421875,18.122112274169922,4.9383721351623535
340,1552.4798583984375,1417.8541259765625,22.765640258789062,5.053469657897949,882.9996948242188,19.497770309448242,4.014950752258301,862.2238159179688,18.81492042541504,3.855011224746704,1748.71044921875,1364.92724609375,24.499643325805664,5.316008567810059,1037.198974609375,26.401533126831055,5.004676342010498,1028.072509765625,27.03658676147461,5.012784004211426
341,1533.46728515625,1394.0233154296875,22.069807052612305,4.862054347991943,865.5128173828125,18.778047561645508,3.9347336292266846,855.6064453125,18.436906814575195,3.810110092163086,1051.1142578125,1048.0152587890625,16.46841812133789,4.749451160430908,578.594482421875,16.796228408813477,4.3202033042907715,563.1312866210938,17.425294876098633,4.3433661460876465
342,1532.5238037109375,1404.3115234375,22.363386154174805,4.938032627105713,860.9606323242188,19.162649154663086,3.9607949256896973,852.9420776367188,18.787151336669922,3.8350772857666016,1248.8690185546875,1072.17236328125,17.041378021240234,5.042062282562256,715.0872802734375,18.67240333557129,4.639858245849609,712.69091796875,20.153501510620117,4.753674507141113
343,1531.987060546875,1391.63427734375,22.40294647216797,4.932197093963623,857.583251953125,19.123394012451172,3.9441940784454346,857.2216186523438,18.797897338867188,3.806102752685547,1950.9383544921875,1306.158447265625,22.030385971069336,5.961556911468506,1191.11083984375,27.960079193115234,5.954326629638672,1201.757568359375,28.165205001831055,5.97527551651001
344,1593.4072265625,1417.552978515625,22.487340927124023,5.155623912811279,924.724853515625,19.677465438842773,4.234878063201904,890.7238159179688,18.945720672607422,4.035911560058594,4047.425048828125,1260.0889892578125,22.17375946044922,5.646285057067871,2618.28564453125,37.01280975341797,6.7007856369018555,2883.912841796875,38.6338996887207,6.675295829772949
345,1593.2122802734375,1414.779296875,22.78556251525879,4.925437927246094,905.5308227539062,19.559886932373047,4.097808361053467,897.1192626953125,19.239582061767578,3.9459798336029053,6408.20703125,1476.3028564453125,26.808902740478516,6.1172566413879395,4306.20361328125,47.96763610839844,8.389144897460938,4673.45556640625,51.20844650268555,8.493329048156738
346,1532.07373046875,1382.368896484375,22.295917510986328,5.0124831199646,873.233154296875,19.33516502380371,3.999107837677002,855.3931884765625,18.77815818786621,3.8442647457122803,5440.84765625,1402.9794921875,25.33135986328125,6.285010814666748,3854.764404296875,43.66898727416992,8.047056198120117,3863.5244140625,45.83067321777344,8.053542137145996
347,1476.7061767578125,1355.4945068359375,21.524456024169922,4.825061798095703,840.5933837890625,18.551902770996094,3.849268674850464,817.8798217773438,18.100706100463867,3.7291784286499023,2212.555419921875,1373.4544677734375,23.528039932250977,5.809235572814941,1362.40869140625,26.65044593811035,5.251452445983887,1391.7965087890625,27.30445671081543,5.37306547164917
348,1489.8756103515625,1366.9677734375,22.045024871826172,4.9097795486450195,848.0479125976562,18.92927360534668,3.8756234645843506,825.3709106445312,18.27851676940918,3.7721688747406006,2194.82568359375,1339.989501953125,24.00658416748047,6.030672550201416,1421.104248046875,27.93857192993164,5.564937591552734,1366.497314453125,28.362897872924805,5.688251495361328
349,1510.681640625,1393.35888671875,22.621341705322266,5.038909435272217,850.9884643554688,19.017688751220703,3.962620496749878,837.3775024414062,18.502933502197266,3.7810187339782715,2012.641845703125,1413.53955078125,25.816144943237305,6.050949573516846,1064.6749267578125,24.630434036254883,5.313075542449951,1269.1776123046875,29.242372512817383,5.7706146240234375
350,1518.1529541015625,1388.9993896484375,22.063074111938477,4.894965648651123,849.7911376953125,18.71640968322754,3.879397392272949,846.515869140625,18.4395809173584,3.7663605213165283,1871.889404296875,1390.137451171875,25.34939956665039,6.034355163574219,999.552978515625,24.640573501586914,5.750180244445801,1154.9822998046875,28.588268280029297,6.073653697967529
351,1501.212890625,1385.8890380859375,21.758201599121094,4.8167033195495605,842.8721923828125,18.45728874206543,3.8400206565856934,832.5847778320312,17.946714401245117,3.7105484008789062,1182.6575927734375,1150.3333740234375,17.235374450683594,5.932929515838623,673.2666625976562,16.604385375976562,5.154613018035889,635.5774536132812,16.63787269592285,5.178391456604004
352,1506.2646484375,1390.35986328125,22.940095901489258,5.061300277709961,844.4205932617188,19.10210609436035,3.9074418544769287,835.83056640625,18.719310760498047,3.792004346847534,1252.223876953125,1137.832275390625,17.452377319335938,5.774847507476807,717.701171875,17.451635360717773,5.051100254058838,695.5637817382812,17.840883255004883,5.164989948272705
353,1521.1705322265625,1387.9688720703125,22.605459213256836,5.097243309020996,863.7477416992188,19.300926208496094,4.041264533996582,845.655517578125,18.830717086791992,3.8708839416503906,1225.2305908203125,1078.9188232421875,16.34324836730957,5.372890472412109,683.9391479492188,16.89214324951172,4.97780179977417,696.373046875,18.55255699157715,5.150434970855713
354,1475.366455078125,1348.9808349609375,22.10869026184082,4.924596786499023,834.9837036132812,18.940160751342773,3.880032539367676,820.17724609375,18.335378646850586,3.720581293106079,1152.7159423828125,1098.132568359375,17.9069881439209,5.354521751403809,644.27734375,16.22372817993164,4.650658130645752,629.9928588867188,17.471153259277344,4.816710472106934
355,1480.3743896484375,1355.276611328125,21.898414611816406,4.8434295654296875,827.420654296875,18.59345817565918,3.8030545711517334,825.5653076171875,18.27474021911621,3.7176754474639893,1010.808837890625,1039.7650146484375,15.045660018920898,5.108715534210205,553.5723266601562,13.898836135864258,4.607324123382568,532.8076782226562,14.3399076461792,4.627895832061768
356,1482.7467041015625,1369.869140625,22.89046287536621,5.113125324249268,836.0689697265625,19.362037658691406,4.025846004486084,820.965087890625,18.72256851196289,3.845446825027466,1094.32666015625,1104.076171875,18.366968154907227,5.106201171875,573.1362915039062,16.040590286254883,4.299139499664307,591.162841796875,18.085002899169922,4.530525207519531
357,1470.3096923828125,1359.3699951171875,21.770830154418945,4.801924228668213,818.3572998046875,18.382951736450195,3.7652976512908936,816.9916381835938,18.215024948120117,3.6744205951690674,1080.2205810546875,1067.660888671875,16.704925537109375,5.1901631355285645,591.3120727539062,15.928906440734863,4.499015808105469,582.5287475585938,16.65068817138672,4.643993377685547
358,1502.8433837890625,1383.8360595703125,22.2946720123291,4.882489204406738,845.93017578125,18.872516632080078,3.852045774459839,833.9136352539062,18.48029136657715,3.7592227458953857,1525.72216796875,1076.3587646484375,16.871416091918945,5.318454265594482,1003.2271118164062,23.68504524230957,5.2105584144592285,901.846435546875,23.100997924804688,5.239340305328369
359,1482.6552734375,1353.3607177734375,21.596343994140625,4.929172039031982,822.638671875,18.523895263671875,3.824838876724243,829.855224609375,18.25043487548828,3.6968235969543457,1007.771484375,1062.057861328125,15.483366012573242,5.206923484802246,513.5288696289062,14.559436798095703,4.268990993499756,535.0953979492188,16.208538055419922,4.469363212585449
360,1464.090087890625,1355.0440673828125,21.991554260253906,4.882526397705078,818.649169921875,18.396507263183594,3.791320323944092,811.9821166992188,18.153676986694336,3.689368963241577,919.210205078125,1027.30615234375,15.241959571838379,4.883917808532715,473.3549499511719,13.290105819702148,3.8926846981048584,469.0118713378906,14.322559356689453,4.0814409255981445
361,1481.2283935546875,1375.00341796875,22.780973434448242,5.022421836853027,821.0224609375,19.03912353515625,3.8910272121429443,822.4205322265625,18.52155113220215,3.7546567916870117,1068.4178466796875,1072.1829833984375,17.661365509033203,5.025472164154053,596.2312622070312,17.67647361755371,4.2593889236450195,567.8936157226562,17.893898010253906,4.3724446296691895
362,1464.3087158203125,1341.0987548828125,21.954893112182617,4.838469982147217,816.0580444335938,18.60952377319336,3.8382887840270996,817.1617431640625,18.277128219604492,3.7034194469451904,1295.662109375,1186.154296875,20.530370712280273,5.24589204788208,699.8862915039062,19.5180721282959,4.656708717346191,729.8499145507812,20.72882652282715,4.967329978942871
363,1471.7293701171875,1378.8214111328125,22.333620071411133,4.969230651855469,817.9584350585938,18.623382568359375,3.8727195262908936,812.6952514648438,18.226299285888672,3.720808982849121,1144.6224365234375,1100.1488037109375,17.83965492248535,5.322507858276367,632.0000610351562,17.498085021972656,4.452322006225586,624.9776000976562,17.977556228637695,4.599546909332275
364,1479.5125732421875,1373.2889404296875,22.418447494506836,4.940679550170898,822.82666015625,18.68355369567871,3.77935791015625,820.677978515625,18.340381622314453,3.681875705718994,1326.82080078125,1217.0545654296875,20.808435440063477,5.180066108703613,808.5531005859375,21.698230743408203,4.430719375610352,719.1383666992188,20.0994815826416,4.428272724151611
365,1476.5474853515625,1351.565185546875,22.373859405517578,5.044957160949707,815.7537841796875,18.919469833374023,3.969071388244629,826.3516845703125,18.73433494567871,3.8258707523345947,843.0382690429688,994.64697265625,15.060264587402344,4.599424362182617,436.814453125,12.293691635131836,3.6904096603393555,413.5998840332031,12.911191940307617,3.7236368656158447
366,1462.5943603515625,1346.5484619140625,21.94082260131836,4.8313775062561035,819.5386962890625,18.78780174255371,3.790783166885376,812.7683715820312,18.343053817749023,3.656099557876587,841.2684936523438,956.9712524414062,13.426993370056152,4.5038299560546875,458.72412109375,13.116133689880371,3.5619053840637207,416.5598449707031,13.200411796569824,3.5875630378723145
367,1459.191162109375,1356.685302734375,22.53488540649414,4.925438404083252,815.43359375,18.662809371948242,3.773416042327881,807.5556030273438,18.219532012939453,3.67116641998291,1210.5545654296875,1101.2843017578125,17.93151092529297,4.949116230010986,706.251708984375,19.35003662109375,4.365511417388916,668.2938232421875,19.017791748046875,4.4274797439575195
368,1458.4295654296875,1347.7635498046875,22.518566131591797,4.885883808135986,808.6060180664062,18.992158889770508,3.876207113265991,811.5186157226562,18.6177978515625,3.738898277282715,1446.9635009765625,1163.5806884765625,19.477632522583008,5.4481682777404785,808.12744140625,21.371910095214844,4.827913284301758,855.4509887695312,22.356523513793945,5.027328014373779
369,1465.5513916015625,1356.0489501953125,21.91346549987793,4.86658239364624,810.8738403320312,18.361173629760742,3.757824659347534,815.4745483398438,18.09842872619629,3.6386749744415283,935.6680297851562,1007.7394409179688,15.823750495910645,4.959818363189697,511.2818298339844,16.072805404663086,3.9888460636138916,479.9617004394531,15.81971549987793,4.074555397033691
370,1448.8165283203125,1341.0145263671875,21.543346405029297,4.748960018157959,802.8994140625,18.256389617919922,3.705435037612915,805.642333984375,18.040008544921875,3.6133129596710205,936.1273193359375,996.9208374023438,14.4624662399292,5.0243730545043945,553.2015380859375,15.612510681152344,4.11943244934082,471.090576171875,14.351888656616211,4.056554317474365
371,1427.646240234375,1324.4842529296875,21.994577407836914,4.895044803619385,793.9628295898438,18.379783630371094,3.7281155586242676,792.1121826171875,17.927005767822266,3.6290621757507324,909.4684448242188,993.7537231445312,16.391565322875977,4.6609578132629395,511.73724365234375,15.79328441619873,3.684128761291504,457.82110595703125,15.327535629272461,3.6227054595947266
372,1439.1402587890625,1352.7860107421875,22.217540740966797,4.950528621673584,796.776611328125,18.522113800048828,3.763029098510742,794.2714233398438,18.09755516052246,3.6239066123962402,828.82568359375,959.9447021484375,13.954633712768555,4.607390403747559,463.3613586425781,13.61098575592041,3.7105894088745117,401.8338317871094,12.807968139648438,3.6242456436157227
373,1414.976806640625,1317.396728515625,21.60291862487793,4.714210510253906,781.681884765625,18.11129379272461,3.682217597961426,785.2532958984375,17.904224395751953,3.609999656677246,1060.0079345703125,1022.8580932617188,16.678884506225586,4.909222602844238,600.3189086914062,18.753013610839844,4.194962501525879,573.0547485351562,18.35236930847168,4.204785346984863
374,1410.093017578125,1318.54931640625,21.941865921020508,4.770871162414551,781.5348510742188,18.23837661743164,3.6439881324768066,780.0678100585938,17.846607208251953,3.5530974864959717,1257.0904541015625,1105.0145263671875,19.88022804260254,4.988395690917969,805.061279296875,23.32086181640625,4.492644309997559,684.0676879882812,21.266260147094727,4.303610324859619
375,1435.687744140625,1336.5050048828125,21.998865127563477,4.863409519195557,792.2360229492188,18.255796432495117,3.7197680473327637,797.0654907226562,17.936120986938477,3.5967464447021484,1266.6121826171875,1130.892333984375,19.954782485961914,5.195249080657959,773.0855712890625,22.58614158630371,4.746864318847656,695.4188232421875,21.39667510986328,4.677483558654785
376,1432.5860595703125,1325.8912353515625,21.730867385864258,4.782512187957764,792.7303466796875,18.498485565185547,3.755765438079834,796.9996948242188,18.158592224121094,3.6288325786590576,1066.5572509765625,1051.0963134765625,16.414546966552734,5.322237014770508,576.8272094726562,17.52629280090332,4.468360424041748,578.1802368164062,17.140430450439453,4.477489471435547
377,1451.9263916015625,1356.4981689453125,22.422393798828125,4.993933200836182,801.8429565429688,18.39666175842285,3.7955374717712402,804.4240112304688,17.978382110595703,3.6555495262145996,858.1469116210938,1014.791748046875,14.25786018371582,5.225274085998535,438.4983215332031,12.10545825958252,3.8564960956573486,422.1598205566406,11.293208122253418,3.8256709575653076
378,1424.26220703125,1325.4600830078125,22.3082332611084,4.912593364715576,790.564208984375,18.548080444335938,3.7257912158966064,789.455078125,18.28910255432129,3.6242847442626953,907.2803955078125,1006.5668334960938,15.393632888793945,5.054305076599121,498.4145812988281,15.283480644226074,4.0722150802612305,455.7858581542969,13.706344604492188,3.9992833137512207
379,1429.4722900390625,1327.4183349609375,22.141338348388672,4.8628339767456055,798.7503662109375,18.632097244262695,3.715221405029297,791.6217041015625,18.05121612548828,3.5896379947662354,921.2056884765625,997.1624145507812,15.193967819213867,5.093232154846191,527.5142211914062,14.924696922302246,4.064709186553955,463.8026428222656,13.631577491760254,3.9926486015319824
380,1420.245849609375,1310.2540283203125,21.948169708251953,4.7647552490234375,780.6920776367188,18.239089965820312,3.6320149898529053,792.9619750976562,17.952409744262695,3.541121482849121,1488.78271484375,1281.82763671875,22.791332244873047,5.5254974365234375,867.6126098632812,23.86273193359375,4.669154644012451,843.95068359375,22.498746871948242,4.602888584136963
381,1420.0015869140625,1325.2706298828125,22.033447265625,4.873672008514404,783.3738403320312,18.364999771118164,3.7658753395080566,787.4082641601562,18.067787170410156,3.639186382293701,1304.0458984375,1153.05029296875,20.4507999420166,5.4954376220703125,753.0353393554688,21.875896453857422,4.463051795959473,732.2202758789062,21.756399154663086,4.5205230712890625
382,1418.8365478515625,1321.7955322265625,21.739015579223633,4.7925124168396,787.49267578125,18.24163246154785,3.693657636642456,786.0501708984375,17.836570739746094,3.565711736679077,949.3067016601562,1007.0272216796875,16.505043029785156,4.940547466278076,526.1093139648438,15.453693389892578,4.041627883911133,489.3658447265625,15.113859176635742,4.07090950012207
383,1411.8741455078125,1305.4532470703125,21.479955673217773,4.734935760498047,785.9495239257812,18.193363189697266,3.694648504257202,784.4534301757812,17.88520050048828,3.58100962638855,1177.4892578125,1083.824951171875,18.125839233398438,5.180516242980957,663.2576904296875,20.100072860717773,4.868469715118408,653.3644409179688,20.046300888061523,4.841253280639648
384,1391.4134521484375,1289.7352294921875,21.32954216003418,4.651905059814453,763.6039428710938,17.842451095581055,3.6198320388793945,775.41162109375,17.558401107788086,3.526122570037842,997.6075439453125,1050.342529296875,17.39505958557129,5.077265739440918,575.5708618164062,18.119461059570312,4.189861297607422,509.83349609375,16.02443504333496,4.121242046356201
385,1415.2147216796875,1322.0489501953125,22.415578842163086,4.8419189453125,788.812744140625,18.642759323120117,3.6719768047332764,781.9561767578125,18.12190818786621,3.553518533706665,2092.359130859375,1363.42333984375,24.40224266052246,5.493675708770752,1334.6126708984375,30.994359970092773,5.249923229217529,1282.9482421875,28.969356536865234,5.0738420486450195
386,1421.287353515625,1299.1002197265625,21.60860824584961,4.820795059204102,784.6016235351562,18.27425765991211,3.736483335494995,796.1768188476562,17.999473571777344,3.6204416751861572,1236.8505859375,1107.09228515625,18.148313522338867,4.925058364868164,719.5311889648438,20.685102462768555,4.147282123565674,688.8635864257812,19.90920066833496,4.104126930236816
387,1414.2841796875,1321.0968017578125,21.8548526763916,4.78101110458374,782.1522216796875,18.136730194091797,3.667747735977173,783.3094482421875,17.73419189453125,3.5490849018096924,1060.890625,1086.4095458984375,17.920602798461914,5.417148113250732,614.37890625,18.931772232055664,4.44803524017334,550.654052734375,17.031667709350586,4.290035247802734
388,1393.1402587890625,1295.5565185546875,21.559064865112305,4.761796474456787,774.1383056640625,18.092987060546875,3.628399133682251,772.2318115234375,17.682424545288086,3.534762382507324,940.0501708984375,1021.24951171875,17.02130699157715,4.999814987182617,565.7058715820312,17.777400970458984,4.064181804656982,463.963623046875,14.93858528137207,3.804844856262207
389,1405.2877197265625,1298.539794921875,22.271404266357422,4.911401271820068,772.642333984375,18.396507263183594,3.738699197769165,783.932861328125,18.14611053466797,3.615084171295166,1126.744140625,1103.7049560546875,20.00070571899414,5.501796722412109,669.9180908203125,20.882814407348633,4.781983852386475,594.6572265625,19.092451095581055,4.649132251739502
390,1387.468505859375,1298.70068359375,21.68922996520996,4.795054912567139,770.013916015625,18.231103897094727,3.661574363708496,766.8539428710938,17.77552032470703,3.5301573276519775,1235.9991455078125,1186.4840087890625,21.214496612548828,5.083253860473633,693.8323364257812,20.65161895751953,4.1632866859436035,671.9041748046875,20.043598175048828,4.098352432250977
391,1416.6241455078125,1317.7567138671875,21.757400512695312,4.778130054473877,771.0556030273438,17.922752380371094,3.6568267345428467,789.9805297851562,17.8598690032959,3.571018934249878,1081.9710693359375,1040.7701416015625,17.071260452270508,5.26030969619751,686.3793334960938,20.52406883239746,4.9615936279296875,563.826171875,17.036148071289062,4.61609411239624
392,1390.4798583984375,1293.2696533203125,21.977737426757812,4.834433555603027,766.3043212890625,18.166412353515625,3.692049980163574,772.6074829101562,17.910900115966797,3.5802319049835205,1085.4595947265625,1085.3062744140625,19.845462799072266,5.197567939758301,696.8502197265625,21.368927001953125,4.401411056518555,550.8126220703125,17.548498153686523,4.1409807205200195
393,1385.737548828125,1276.9466552734375,21.05457878112793,4.606143474578857,762.1052856445312,17.657087326049805,3.556920289993286,774.02197265625,17.519901275634766,3.4712493419647217,810.1371459960938,930.8369750976562,13.847983360290527,4.769268989562988,488.32574462890625,14.96208381652832,4.100295543670654,384.38824462890625,11.355355262756348,3.7974071502685547
394,1403.034423828125,1279.830810546875,21.712024688720703,4.770418643951416,777.2233276367188,18.254915237426758,3.6709678173065186,785.918212890625,18.01439094543457,3.5772452354431152,859.9706420898438,971.6476440429688,15.480356216430664,4.938045024871826,493.1755065917969,16.354736328125,4.0872368812561035,420.5237121582031,13.305209159851074,3.858790636062622
395,1380.8975830078125,1277.5997314453125,21.746051788330078,4.779730319976807,770.5558471679688,18.234495162963867,3.63881516456604,766.4508666992188,17.773906707763672,3.5140738487243652,1087.4468994140625,1064.0919189453125,17.61028480529785,5.115808486938477,627.1970825195312,19.306045532226562,4.316447734832764,580.060302734375,17.24477767944336,4.224038600921631
396,1384.2613525390625,1281.6953125,21.532434463500977,4.739408016204834,759.3255615234375,17.817489624023438,3.5938591957092285,771.9549560546875,17.673919677734375,3.5134267807006836,993.366943359375,984.6583251953125,16.732633590698242,4.948859691619873,625.7037963867188,19.863157272338867,4.464046955108643,510.25830078125,16.739646911621094,4.1825642585754395
397,1408.149658203125,1307.435791015625,22.189760208129883,4.891235828399658,774.3080444335938,18.24689483642578,3.687751293182373,783.6266479492188,17.893747329711914,3.5695199966430664,864.1699829101562,918.35205078125,15.272811889648438,4.374119758605957,586.8941650390625,18.736583709716797,3.9341022968292236,412.59613037109375,14.394954681396484,3.4864938259124756
398,1395.3216552734375,1300.733154296875,21.90174674987793,4.810154438018799,761.6898803710938,17.900110244750977,3.5798158645629883,776.5946655273438,17.708251953125,3.487095832824707,832.2816772460938,936.8351440429688,14.907355308532715,4.7203369140625,501.3515930175781,16.15158462524414,4.171894073486328,400.8257141113281,13.128636360168457,3.920520544052124
399,1372.5484619140625,1273.529296875,21.352998733520508,4.63792610168457,756.4015502929688,18.061260223388672,3.5996899604797363,763.569091796875,17.8308048248291,3.5274600982666016,884.8829956054688,976.3496704101562,14.728135108947754,5.281598091125488,502.34356689453125,15.769227027893066,4.264002799987793,441.2749328613281,13.776810646057129,4.128985404968262
400,1383.0806884765625,1273.96484375,21.6413631439209,4.713832378387451,759.8361206054688,17.909597396850586,3.577042579650879,772.940185546875,17.72317886352539,3.4989326000213623,1031.409423828125,996.558349609375,16.759716033935547,5.200799942016602,613.8935546875,18.8958797454834,4.343800067901611,548.2738647460938,17.058115005493164,4.223748683929443
401,1362.847412109375,1263.37451171875,21.359025955200195,4.668624401092529,745.9481811523438,17.653873443603516,3.5206356048583984,760.0504150390625,17.554346084594727,3.446770191192627,828.6508178710938,982.850830078125,15.058444023132324,5.3933844566345215,426.1473693847656,11.643426895141602,3.843299150466919,405.95135498046875,10.81209659576416,3.8414528369903564
402,1370.9664306640625,1266.6541748046875,21.8995361328125,4.754536151885986,754.1878051757812,18.19612693786621,3.5723488330841064,764.7139282226562,17.818592071533203,3.4808127880096436,1123.7176513671875,1036.4329833984375,17.57059669494629,4.9319915771484375,642.7959594726562,19.228271484375,3.956794500350952,619.948974609375,17.964086532592773,3.8777217864990234
403,1401.0841064453125,1287.6077880859375,21.510292053222656,4.68400764465332,775.4530029296875,17.91645622253418,3.5495400428771973,782.1657104492188,17.67902946472168,3.469597101211548,782.9740600585938,910.5969848632812,13.589597702026367,4.770674705505371,444.57403564453125,14.092635154724121,3.8834164142608643,376.42279052734375,12.148874282836914,3.729139804840088
404,1382.1986083984375,1271.7413330078125,21.675561904907227,4.775008678436279,755.2669067382812,18.015771865844727,3.6302530765533447,774.0960083007812,17.949779510498047,3.538649082183838,869.718994140625,940.55078125,13.826260566711426,4.997419357299805,435.07232666015625,12.176960945129395,4.244431972503662,457.0320739746094,13.127408027648926,4.382194995880127
405,1380.3291015625,1268.651611328125,21.967824935913086,4.716025352478027,762.596923828125,18.17513656616211,3.6051559448242188,770.95458984375,17.82366371154785,3.4923436641693115,985.9373779296875,1053.390380859375,18.31961441040039,5.292556285858154,518.3671264648438,15.620197296142578,4.2471466064453125,514.4100952148438,15.699979782104492,4.265130043029785
406,1369.2845458984375,1249.1676025390625,21.23601722717285,4.6280975341796875,763.54296875,17.87632942199707,3.5471832752227783,765.4715576171875,17.611034393310547,3.4611546993255615,780.365478515625,920.2383422851562,13.775985717773438,4.8684210777282715,393.39239501953125,11.452505111694336,3.888512134552002,386.2762756347656,11.221771240234375,3.826291799545288
407,1387.002685546875,1264.8387451171875,21.619592666625977,4.772928714752197,768.6119384765625,18.192766189575195,3.6886627674102783,776.9673461914062,17.906208038330078,3.5721349716186523,829.78369140625,908.0484008789062,13.87152099609375,4.728277206420898,412.6555480957031,11.869611740112305,3.78985857963562,433.5723876953125,13.192883491516113,3.8747334480285645
408,1392.1373291015625,1282.86474609375,21.974552154541016,4.755037307739258,770.254150390625,18.285905838012695,3.6145589351654053,776.2013549804688,17.984399795532227,3.527000665664673,826.1553344726562,928.852294921875,14.413536071777344,4.8900556564331055,424.7837829589844,12.167691230773926,3.6972200870513916,420.06451416015625,12.690801620483398,3.8200035095214844
409,1359.7852783203125,1251.318359375,21.523956298828125,4.640293121337891,757.3493041992188,17.763216018676758,3.523883819580078,757.1849975585938,17.49892807006836,3.438541889190674,953.9898681640625,1008.2022094726562,17.89780616760254,5.210274696350098,510.3800354003906,16.169967651367188,4.220249176025391,498.41522216796875,16.0601749420166,4.2762603759765625
410,1388.76708984375,1262.5521240234375,21.662311553955078,4.729158401489258,761.8343505859375,18.30005645751953,3.620404005050659,781.4509887695312,18.137863159179688,3.5346953868865967,1126.828125,1015.7217407226562,17.61567497253418,5.563404560089111,693.618896484375,21.21753692626953,5.0908308029174805,614.02587890625,19.312572479248047,4.911008834838867
411,1380.5599365234375,1255.613037109375,21.642114639282227,4.739543437957764,760.737548828125,18.079496383666992,3.6369547843933105,775.6549072265625,17.808210372924805,3.502105474472046,1250.5694580078125,1133.3336181640625,20.967573165893555,5.085127353668213,661.3272094726562,19.698884963989258,4.102180480957031,712.171142578125,20.985939025878906,4.196779251098633
412,1360.7789306640625,1244.1051025390625,21.11739730834961,4.584804534912109,759.3510131835938,17.797117233276367,3.5513572692871094,759.7421264648438,17.623762130737305,3.468611001968384,852.5718994140625,924.6882934570312,14.917753219604492,4.963118076324463,450.54876708984375,14.059064865112305,4.2506327629089355,440.00079345703125,13.88089370727539,4.140939235687256
413,1360.682861328125,1237.509033203125,21.64601707458496,4.6830620765686035,756.3113403320312,18.098018646240234,3.586324453353882,762.5366821289062,17.8477725982666,3.5092215538024902,842.5175170898438,937.7236328125,16.07509422302246,4.932027816772461,439.6258239746094,14.767497062683105,3.9101665019989014,429.3126525878906,14.318758964538574,3.927232503890991
414,1344.602783203125,1231.2593994140625,21.35574722290039,4.623721599578857,751.2763061523438,18.021625518798828,3.5257527828216553,749.8419799804688,17.730121612548828,3.4584193229675293,1021.7806396484375,982.0399780273438,17.415185928344727,5.157434463500977,596.9239501953125,19.054119110107422,4.334209442138672,548.0914306640625,17.717937469482422,4.246700286865234
415,1386.285400390625,1262.112060546875,21.795888900756836,4.6825361251831055,769.5651245117188,18.09412956237793,3.568319320678711,776.7821655273438,17.762239456176758,3.4761569499969482,1083.1539306640625,958.1006469726562,17.28220558166504,4.98544454574585,628.48876953125,20.093852996826172,4.315968036651611,607.17724609375,19.5994930267334,4.19786262512207
416,1354.0845947265625,1231.5379638671875,21.315671920776367,4.7014241218566895,749.2512817382812,17.934730529785156,3.577341318130493,759.8479614257812,17.67202377319336,3.474351167678833,770.0579223632812,878.347412109375,13.842498779296875,4.517029285430908,416.1114807128906,14.179184913635254,3.599478006362915,381.72015380859375,13.276522636413574,3.4580750465393066
417,1340.2379150390625,1225.104736328125,21.527612686157227,4.688183784484863,735.9002075195312,17.975168228149414,3.5376620292663574,751.9363403320312,17.753063201904297,3.4591541290283203,1072.4559326171875,987.00146484375,19.06596565246582,4.84156608581543,634.4069213867188,20.63877296447754,4.105179786682129,586.0335083007812,19.73948097229004,4.066908836364746
418,1351.275146484375,1230.8426513671875,21.386077880859375,4.608829021453857,746.9979248046875,17.722192764282227,3.4978764057159424,757.9227905273438,17.555706024169922,3.4190917015075684,868.4447631835938,926.4268798828125,16.518787384033203,4.925503253936768,491.4436950683594,16.883895874023438,4.073602676391602,443.0835876464844,15.577713966369629,4.006466865539551
419,1357.50048828125,1225.327880859375,21.20903968811035,4.642517566680908,754.3981323242188,17.91919708251953,3.557725191116333,763.582763671875,17.671236038208008,3.463289737701416,777.5991821289062,895.7156982421875,13.851705551147461,4.982923984527588,423.9287414550781,12.981128692626953,3.793569326400757,381.7057800292969,11.562692642211914,3.6630454063415527
420,1372.132568359375,1241.2027587890625,21.836204528808594,4.733758449554443,760.2360229492188,18.427583694458008,3.5828394889831543,771.7010498046875,18.161911010742188,3.482532501220703,798.5551147460938,867.8628540039062,13.637543678283691,4.75098991394043,461.030517578125,13.750537872314453,3.7916061878204346,399.8870544433594,12.41141128540039,3.6456480026245117
421,1355.9888916015625,1237.511962890625,21.443212509155273,4.729685306549072,751.6915893554688,17.886707305908203,3.5415565967559814,759.2279052734375,17.685792922973633,3.442587375640869,1119.0545654296875,986.6817016601562,18.599597930908203,4.892373085021973,664.5829467773438,20.860637664794922,4.362689018249512,623.6751708984375,20.381275177001953,4.30952787399292
422,1348.75830078125,1213.9730224609375,21.242935180664062,4.598994255065918,747.6923828125,17.91766357421875,3.5711779594421387,760.2588500976562,17.614437103271484,3.4755444526672363,1191.0155029296875,973.5078735351562,17.22211456298828,4.793808460235596,683.2314453125,19.244274139404297,4.467643737792969,693.9935913085938,19.930692672729492,4.388985633850098
423,1366.25439453125,1231.02978515625,21.469701766967773,4.607257843017578,756.1954956054688,17.92719841003418,3.515073776245117,770.0869750976562,17.682453155517578,3.4383301734924316,1105.2142333984375,1014.4817504882812,18.745092391967773,4.897794723510742,704.1714477539062,21.451133728027344,4.457117080688477,589.6182250976562,19.402956008911133,4.168232440948486
424,1337.9910888671875,1213.479736328125,20.963726043701172,4.554528713226318,740.8236694335938,17.801403045654297,3.4913482666015625,751.6998901367188,17.619178771972656,3.4206490516662598,873.7511596679688,875.8566284179688,14.562411308288574,4.745812892913818,556.01171875,16.61312484741211,4.162117958068848,444.1906433105469,14.726935386657715,3.979509115219116
425,1338.3126220703125,1220.660400390625,21.473764419555664,4.723491191864014,741.9441528320312,17.916515350341797,3.562833309173584,749.53125,17.59245491027832,3.469587802886963,1047.2806396484375,972.2861328125,17.024995803833008,4.848426818847656,586.2477416992188,18.360673904418945,4.283979892730713,579.7203979492188,17.229106903076172,4.197353363037109
426,1357.9854736328125,1228.0181884765625,21.381797790527344,4.586766719818115,754.4537353515625,17.90431022644043,3.5058436393737793,763.2437744140625,17.723390579223633,3.428234577178955,1624.710693359375,1217.8765869140625,22.15557098388672,6.091184616088867,904.3643188476562,24.339561462402344,5.1383256912231445,988.0384521484375,24.538890838623047,5.2838568687438965
427,1367.7987060546875,1222.457763671875,21.166902542114258,4.540333271026611,763.4851684570312,17.867074966430664,3.494434356689453,772.0157470703125,17.625396728515625,3.4231719970703125,933.8941040039062,947.4052124023438,15.413190841674805,5.602895736694336,501.4348449707031,13.126270294189453,4.289389610290527,499.24212646484375,13.756464004516602,4.344415187835693
428,1340.7054443359375,1210.154541015625,21.590076446533203,4.6568603515625,746.6567993164062,17.958532333374023,3.5278987884521484,753.662109375,17.743364334106445,3.45218563079834,1018.3438110351562,970.2811279296875,15.86164665222168,5.764151573181152,608.47802734375,16.450538635253906,4.978046894073486,544.7160034179688,14.950161933898926,4.736764907836914
429,1333.486572265625,1193.9244384765625,21.39067840576172,4.538267612457275,748.90625,18.107139587402344,3.47704815864563,750.6372680664062,17.798385620117188,3.4130008220672607,793.7568359375,905.3387451171875,15.342342376708984,5.130817890167236,407.15313720703125,11.814948081970215,3.919299364089966,400.00927734375,12.069716453552246,3.9619274139404297
430,1358.0540771484375,1222.609130859375,21.48061180114746,4.71359395980835,755.4506225585938,18.210763931274414,3.5922739505767822,764.6361083984375,17.924850463867188,3.4972407817840576,815.2833251953125,909.7423095703125,14.237327575683594,5.214581489562988,427.923095703125,11.043462753295898,3.973965883255005,413.9837341308594,11.4636869430542,3.996384620666504
431,1352.1976318359375,1213.2244873046875,21.745162963867188,4.601019859313965,758.6737670898438,18.317018508911133,3.5227530002593994,760.6280517578125,18.02897071838379,3.4512939453125,824.3539428710938,897.75341796875,14.610755920410156,5.17703914642334,422.8643798828125,12.259393692016602,4.081663131713867,428.1685791015625,12.931756019592285,4.163504123687744
432,1316.460205078125,1191.9454345703125,21.192657470703125,4.557600975036621,731.3319091796875,17.665842056274414,3.4290568828582764,739.4769897460938,17.428171157836914,3.38108491897583,774.2786254882812,869.1884155273438,14.203544616699219,4.955632209777832,411.3394775390625,12.59573745727539,3.9014132022857666,390.1202697753906,11.99556827545166,3.8549442291259766
433,1337.6904296875,1205.4725341796875,21.568552017211914,4.546639442443848,744.481689453125,18.175079345703125,3.494056463241577,752.7040405273438,17.814373016357422,3.4056437015533447,848.3999633789062,877.3703002929688,14.567879676818848,5.0914716720581055,473.0146789550781,15.05534553527832,4.1557207107543945,443.28448486328125,14.118193626403809,4.12762451171875
434,1336.6280517578125,1189.4525146484375,21.37276268005371,4.6775593757629395,744.3689575195312,18.05425453186035,3.6064577102661133,756.4814453125,17.777963638305664,3.4941182136535645,778.32666015625,842.54248046875,13.72475528717041,4.701096057891846,393.33941650390625,11.732597351074219,3.4654629230499268,407.5621337890625,12.587788581848145,3.5624914169311523
435,1381.1666259765625,1232.19482421875,22.1025390625,4.65149450302124,771.8528442382812,18.55512809753418,3.5946543216705322,779.9521484375,18.3455753326416,3.5067431926727295,1006.1314697265625,939.17724609375,17.16242027282715,5.064852237701416,552.2479248046875,17.639938354492188,4.081554412841797,558.7040405273438,17.358980178833008,4.111712455749512
436,1349.143798828125,1214.3568115234375,21.548816680908203,4.550227642059326,752.0764770507812,17.94979476928711,3.474785566329956,759.2139282226562,17.72400665283203,3.414318084716797,987.123291015625,911.407470703125,17.104862213134766,5.155182361602783,506.9922790527344,16.78325080871582,4.289666175842285,561.6033935546875,18.27821922302246,4.429450988769531
437,1357.63232421875,1230.447509765625,22.366168975830078,4.830340385437012,758.8748779296875,18.55815887451172,3.661752462387085,760.8356323242188,18.071298599243164,3.524073362350464,972.3023071289062,917.8096923828125,15.809999465942383,5.168275356292725,539.4805908203125,15.384810447692871,4.113223552703857,535.115234375,15.471863746643066,4.153973579406738
438,1331.0301513671875,1195.9693603515625,21.767812728881836,4.642171859741211,748.0753173828125,18.207008361816406,3.5531158447265625,747.8165893554688,17.870540618896484,3.426131248474121,1695.28125,1255.631591796875,23.5562801361084,5.856186866760254,1002.38037109375,25.89282989501953,5.241829872131348,1017.87744140625,25.40372657775879,5.298999786376953
439,1345.4842529296875,1197.5064697265625,21.077638626098633,4.508668899536133,755.2915649414062,17.82663345336914,3.509030342102051,759.6448974609375,17.55630874633789,3.4613473415374756,3254.74365234375,1040.93701171875,19.711740493774414,5.633218288421631,2456.254150390625,35.905418395996094,6.600696086883545,2205.5859375,34.25535202026367,6.3557024002075195
440,1345.27734375,1193.2947998046875,21.55705451965332,4.6479692459106445,755.1112670898438,18.16367530822754,3.5370254516601562,760.75537109375,17.81817054748535,3.4111084938049316,2563.865966796875,923.922119140625,17.859922409057617,4.455367088317871,1814.2982177734375,30.17404556274414,5.44012975692749,1742.4000244140625,29.610946655273438,5.266256809234619
441,1362.068115234375,1221.6585693359375,21.845735549926758,4.78011417388916,771.69482421875,18.411815643310547,3.7078402042388916,764.0621337890625,17.997215270996094,3.572929620742798,1938.7093505859375,983.6091918945312,16.835046768188477,5.047195911407471,1298.89013671875,26.923526763916016,5.760091304779053,1253.9595947265625,25.731307983398438,5.660444736480713
442,1329.4180908203125,1175.3319091796875,21.303897857666016,4.601628303527832,746.3140258789062,18.036128997802734,3.577579975128174,752.92431640625,17.7799015045166,3.4588634967803955,1068.521240234375,896.6450805664062,15.928323745727539,4.786976337432861,646.653564453125,18.404321670532227,4.363391399383545,605.5316162109375,17.3453369140625,4.358827114105225
443,1325.6268310546875,1167.8114013671875,21.126018524169922,4.569974899291992,746.1382446289062,18.000446319580078,3.5787954330444336,751.4421997070312,17.643611907958984,3.4747419357299805,778.45361328125,792.4111938476562,13.58065414428711,4.294808864593506,453.02667236328125,14.704676628112793,3.931042432785034,404.8222351074219,13.359108924865723,3.895829916000366
444,1319.3868408203125,1163.583984375,21.231611251831055,4.464515209197998,739.37744140625,17.954158782958984,3.4772017002105713,748.498291015625,17.668947219848633,3.396909713745117,804.8323974609375,864.4515991210938,16.147579193115234,4.926426887512207,415.74957275390625,13.932038307189941,3.9382879734039307,420.7721252441406,13.79388427734375,4.096039295196533
445,1307.586669921875,1158.0682373046875,20.71234703063965,4.450717926025391,737.084228515625,17.568037033081055,3.443974018096924,739.040771484375,17.296754837036133,3.3684515953063965,937.7647705078125,884.1565551757812,16.50975799560547,5.037309646606445,491.967041015625,15.320258140563965,4.121275424957275,524.9275512695312,16.146547317504883,4.303407669067383
446,1316.522705078125,1168.1060791015625,21.170866012573242,4.498197555541992,734.3662719726562,17.761924743652344,3.433422565460205,745.781005859375,17.5167236328125,3.37508225440979,827.0591430664062,850.8466796875,16.26665687561035,4.591100215911865,446.75445556640625,15.031486511230469,3.6272292137145996,437.77880859375,15.141290664672852,3.742058753967285
447,1306.054931640625,1170.6624755859375,21.0352725982666,4.559133529663086,731.4638671875,17.73509979248047,3.5015761852264404,735.4169921875,17.501998901367188,3.4075045585632324,940.9825439453125,906.2457275390625,16.218021392822266,5.145971298217773,510.3482666015625,15.673130989074707,3.999314546585083,516.00439453125,15.385100364685059,4.077147960662842
448,1311.205078125,1150.9056396484375,20.41025733947754,4.390188694000244,731.7367553710938,17.418865203857422,3.4110066890716553,746.412353515625,17.31993293762207,3.3380863666534424,810.329833984375,837.6173095703125,15.734315872192383,4.644680500030518,425.5050964355469,14.062220573425293,3.6996872425079346,431.39312744140625,14.286503791809082,3.8625667095184326
449,1296.961181640625,1157.4193115234375,21.201635360717773,4.514205455780029,729.152587890625,17.700407028198242,3.484588861465454,730.989501953125,17.24395751953125,3.3953237533569336,828.8002319335938,874.3621215820312,15.664623260498047,5.135669708251953,421.599365234375,12.374871253967285,3.799572229385376,440.01177978515625,12.884406089782715,3.9548749923706055
450,1291.204833984375,1146.2423095703125,20.59623908996582,4.3697662353515625,725.0054321289062,17.515424728393555,3.367222547531128,729.8305053710938,17.296173095703125,3.309506893157959,882.2921142578125,885.6314086914062,16.737306594848633,5.263922214508057,484.0124206542969,16.11484146118164,4.296265602111816,471.3989562988281,15.395580291748047,4.29541015625
451,1309.41845703125,1165.0826416015625,21.01318359375,4.519473552703857,740.1058349609375,17.8204288482666,3.4915385246276855,737.8617553710938,17.447566986083984,3.375882625579834,1205.70556640625,954.9822387695312,18.091201782226562,5.464812755584717,691.3627319335938,20.66360092163086,4.713658809661865,711.8020629882812,21.01446533203125,4.758613109588623
452,1316.4974365234375,1161.088134765625,20.58204460144043,4.38523530960083,739.4586791992188,17.491355895996094,3.407834768295288,746.33349609375,17.3398494720459,3.3618710041046143,908.2813720703125,878.60498046875,15.394938468933105,5.376925945281982,515.6483154296875,14.880793571472168,4.306600570678711,490.0053405761719,14.433462142944336,4.293043613433838
453,1304.2569580078125,1150.107421875,21.012771606445312,4.458203315734863,728.666259765625,17.654651641845703,3.4089746475219727,740.6246948242188,17.47603416442871,3.3358185291290283,1147.7974853515625,969.634765625,19.239334106445312,5.335750102996826,666.435302734375,20.361724853515625,4.475485324859619,656.9765625,19.771318435668945,4.4656453132629395
454,1306.217041015625,1159.49267578125,21.126630783081055,4.5243144035339355,737.1434326171875,17.754838943481445,3.4615697860717773,737.2261352539062,17.292390823364258,3.3445794582366943,1018.8221435546875,921.8395385742188,19.79376983642578,4.9366888999938965,617.3602294921875,20.2086238861084,4.348963260650635,557.062255859375,18.87831687927246,4.233262062072754
455,1301.113037109375,1136.181884765625,20.73166275024414,4.402231693267822,727.5172119140625,17.514842987060547,3.4083728790283203,742.0032348632812,17.423274993896484,3.3452417850494385,715.1218872070312,796.438720703125,14.456137657165527,4.717175006866455,358.6064453125,11.476945877075195,3.7124133110046387,368.6083679199219,11.683765411376953,3.848616123199463
456,1316.7528076171875,1168.9466552734375,21.707653045654297,4.751174449920654,748.909912109375,18.540000915527344,3.6564512252807617,741.3956298828125,18.023284912109375,3.5020973682403564,987.4677734375,892.3666381835938,16.700481414794922,5.524606704711914,557.3577880859375,17.83374786376953,4.322887897491455,552.5503540039062,17.85236358642578,4.358361721038818
457,1334.484619140625,1164.2696533203125,21.36186408996582,4.506341457366943,758.8980712890625,18.158260345458984,3.5176327228546143,757.5343627929688,17.6798152923584,3.396237850189209,735.8154907226562,737.472412109375,13.543943405151367,3.963017225265503,380.28216552734375,11.813179969787598,3.1595458984375,400.48907470703125,14.197481155395508,3.3283233642578125
458,1288.628173828125,1125.7088623046875,20.758216857910156,4.443812847137451,727.0123291015625,17.712312698364258,3.454282522201538,732.811767578125,17.555652618408203,3.367487668991089,675.3248291015625,748.0233764648438,13.160264015197754,4.31453800201416,344.9429931640625,11.371759414672852,3.6038362979888916,347.43487548828125,11.352822303771973,3.6216256618499756
459,1301.98486328125,1139.2119140625,21.103939056396484,4.407159328460693,734.7265014648438,17.712995529174805,3.4313442707061768,739.8032836914062,17.509550094604492,3.373796224594116,847.944580078125,834.0274047851562,15.3771333694458,5.195854663848877,462.4413757324219,15.293295860290527,4.103278160095215,459.0038757324219,15.311370849609375,4.151300430297852
460,1286.3349609375,1120.44287109375,20.92354965209961,4.469923973083496,727.0602416992188,17.57978630065918,3.4482169151306152,732.0841674804688,17.240501403808594,3.3431177139282227,714.9151611328125,754.2178344726562,12.929510116577148,4.603975772857666,376.6918029785156,11.778005599975586,3.644613027572632,375.6421813964844,11.41657829284668,3.706784725189209
461,1280.331298828125,1104.4642333984375,21.002363204956055,4.442950248718262,723.6150512695312,17.763797760009766,3.432124137878418,731.9075317382812,17.505111694335938,3.3441872596740723,780.9300537109375,807.7971801757812,15.518726348876953,4.724107265472412,397.7804260253906,12.838818550109863,3.5337817668914795,419.2567443847656,13.588512420654297,3.802271842956543
462,1271.666259765625,1108.30810546875,20.306781768798828,4.323812484741211,715.7844848632812,17.264528274536133,3.341278553009033,724.4385375976562,17.091333389282227,3.292243719100952,681.39013671875,762.1124877929688,13.034491539001465,4.7798075675964355,348.4004821777344,10.86793041229248,3.5273077487945557,348.23614501953125,11.033967971801758,3.620144844055176
463,1269.751708984375,1103.00390625,21.179489135742188,4.4493021965026855,724.884765625,17.980985641479492,3.4280850887298584,721.3851928710938,17.513185501098633,3.3218801021575928,784.7850952148438,861.2060546875,17.97964859008789,4.671411991119385,435.14959716796875,15.128805160522461,3.5663681030273438,395.87835693359375,13.538137435913086,3.4976418018341064
464,1277.8218994140625,1107.3388671875,20.81287384033203,4.376039028167725,719.3615112304688,17.5390625,3.3933372497558594,729.8117065429688,17.406051635742188,3.3181447982788086,854.4064331054688,847.41748046875,17.63782501220703,4.802870273590088,477.8863220214844,16.007549285888672,3.951432228088379,456.81524658203125,15.196110725402832,3.989053249359131
465,1297.623046875,1116.5701904296875,20.87664222717285,4.434798240661621,735.711181640625,17.989805221557617,3.48246169090271,741.9385375976562,17.666072845458984,3.38238263130188,834.2431640625,847.0070190429688,15.280108451843262,5.520876407623291,450.28802490234375,13.604130744934082,4.132935047149658,445.0546569824219,13.14035415649414,4.2309417724609375
466,1278.0994873046875,1099.84375,20.762237548828125,4.390814304351807,727.6404418945312,17.684520721435547,3.40252685546875,729.8541870117188,17.44149398803711,3.3236780166625977,755.1133422851562,796.6327514648438,13.774044036865234,5.286246299743652,397.1522216796875,11.221461296081543,3.9303059577941895,396.9778137207031,11.81806468963623,3.9960436820983887
467,1283.52392578125,1097.6258544921875,21.000408172607422,4.524891376495361,723.870361328125,17.819345474243164,3.4451568126678467,737.0750122070312,17.539146423339844,3.3570079803466797,574.5917358398438,679.5025634765625,12.28369140625,4.053954601287842,296.4082336425781,9.280923843383789,2.916123628616333,281.8183898925781,9.354292869567871,2.9260027408599854
468,1274.7532958984375,1102.2994384765625,20.836387634277344,4.392242908477783,720.3905639648438,17.80575180053711,3.43906831741333,727.9462280273438,17.525753021240234,3.328394889831543,797.3112182617188,781.4141235351562,14.489509582519531,4.884674072265625,437.59698486328125,14.334750175476074,3.878427743911743,431.6078796386719,13.822013854980469,3.919031858444214
469,1310.551025390625,1142.9637451171875,21.598928451538086,4.540111064910889,744.8394775390625,17.830810546875,3.446951150894165,744.2100219726562,17.420263290405273,3.332108497619629,899.7581176757812,887.5927734375,18.01519012451172,4.35354471206665,476.83880615234375,14.83404541015625,3.3886592388153076,490.4286193847656,16.180923461914062,3.502168893814087
470,1299.2525634765625,1102.7855224609375,20.798694610595703,4.365777969360352,735.134033203125,17.870180130004883,3.4285144805908203,747.8766479492188,17.867202758789062,3.3898415565490723,566.2623291015625,670.4676513671875,11.941079139709473,3.968404769897461,295.1000671386719,9.649209022521973,3.200873374938965,276.5920104980469,9.336188316345215,3.0902793407440186
471,1339.1871337890625,1173.354248046875,22.63786506652832,4.821694374084473,761.472900390625,18.905363082885742,3.6782402992248535,758.7390747070312,18.321517944335938,3.496323347091675,1124.1844482421875,967.1701049804688,20.232341766357422,5.502119064331055,682.3841552734375,19.866559982299805,5.070803165435791,629.318359375,18.972286224365234,4.780694961547852
472,1336.1126708984375,1109.4852294921875,20.724016189575195,4.495767593383789,770.7296142578125,18.075206756591797,3.7332923412323,772.0480346679688,17.732629776000977,3.5701539516448975,3769.896484375,828.9271850585938,16.49852752685547,4.85787296295166,2712.1455078125,34.3618049621582,7.234492301940918,2707.574951171875,33.77737045288086,7.167240142822266
473,1296.574462890625,1095.316650390625,20.788286209106445,4.3306379318237305,738.2844848632812,17.823328018188477,3.5503804683685303,746.4942626953125,17.58521270751953,3.427180051803589,4226.35986328125,972.6277465820312,20.118955612182617,5.580889701843262,3342.119140625,41.944923400878906,7.4774065017700195,2931.935791015625,38.9502067565918,7.254471302032471
474,1274.7557373046875,1087.1590576171875,20.821861267089844,4.398066520690918,724.8062133789062,17.910436630249023,3.5048444271087646,731.1661376953125,17.52449607849121,3.3936874866485596,1568.51513671875,762.4658813476562,15.11800479888916,4.508224964141846,1127.5389404296875,23.723344802856445,5.036465167999268,1001.513671875,21.352176666259766,5.0952277183532715
475,1250.2470703125,1066.492919921875,20.289897918701172,4.262223720550537,719.2731323242188,17.655540466308594,3.3943843841552734,714.5172729492188,17.364980697631836,3.3431291580200195,1105.7442626953125,769.4805297851562,14.830816268920898,4.896445274353027,709.3655395507812,18.31924819946289,4.350292682647705,662.0904541015625,17.29776382446289,4.508720874786377
476,1269.815185546875,1085.3026123046875,20.819177627563477,4.376252174377441,722.9965209960938,17.6716251373291,3.449455976486206,727.325439453125,17.406768798828125,3.3360772132873535,907.512451171875,795.1131591796875,15.619426727294922,4.79253625869751,477.8402404785156,15.4116849899292,4.0763983726501465,525.6264038085938,15.195496559143066,4.444765090942383
477,1254.33935546875,1057.169921875,20.308225631713867,4.222259521484375,716.1497802734375,17.49403953552246,3.376213788986206,722.343505859375,17.325654983520508,3.31484055519104,678.2036743164062,696.8069458007812,13.131694793701172,4.474644184112549,352.58978271484375,11.69054889678955,3.483611822128296,363.38470458984375,11.243956565856934,3.72713041305542
478,1266.883056640625,1068.2152099609375,20.421850204467773,4.266275405883789,714.0197143554688,17.48514175415039,3.340517520904541,732.2125854492188,17.43130111694336,3.301758050918579,760.9683227539062,731.3988647460938,14.536437034606934,4.8338847160339355,393.8048095703125,12.214147567749023,3.69411563873291,423.40728759765625,12.932896614074707,4.022705078125
479,1273.2706298828125,1066.126708984375,20.668569564819336,4.344763278961182,731.8099975585938,17.864343643188477,3.4542386531829834,733.8897094726562,17.59673500061035,3.370537519454956,1093.06396484375,961.5198974609375,18.680374145507812,5.62313175201416,599.0420532226562,17.066598892211914,4.494828224182129,624.8954467773438,17.185911178588867,4.754271507263184
480,1254.2589111328125,1038.3177490234375,20.392784118652344,4.230593204498291,721.3709716796875,17.741853713989258,3.3661863803863525,726.3523559570312,17.40406608581543,3.292444944381714,916.2440795898438,839.41748046875,17.39773941040039,5.180935859680176,488.0696105957031,15.426077842712402,4.135932445526123,517.9979858398438,16.0100154876709,4.426728248596191
481,1246.23876953125,1049.8226318359375,19.913148880004883,4.1297926902771,712.8470458984375,17.17268943786621,3.284388780593872,717.4376831054688,17.025264739990234,3.245333433151245,762.26318359375,761.0748291015625,14.223023414611816,5.231837272644043,402.7345886230469,11.469563484191895,3.8624236583709717,413.120361328125,11.52685546875,4.006288051605225
482,1243.83984375,1036.779052734375,20.432233810424805,4.360556602478027,714.6658325195312,17.647090911865234,3.4307315349578857,718.4063110351562,17.314226150512695,3.3184268474578857,727.1644897460938,721.8834228515625,12.94534683227539,5.078991889953613,392.5522155761719,10.691015243530273,3.566941976547241,392.8337707519531,10.88286018371582,3.7207741737365723
483,1273.3038330078125,1065.2681884765625,20.932552337646484,4.324215412139893,731.9498291015625,17.967649459838867,3.412470817565918,734.138427734375,17.766271591186523,3.342602014541626,690.7127685546875,698.74365234375,13.555421829223633,4.648515224456787,360.3371887207031,10.249682426452637,3.4549777507781982,372.988525390625,10.746729850769043,3.6754443645477295
484,1247.16845703125,1043.4521484375,20.155960083007812,4.185839653015137,716.0276489257812,17.501739501953125,3.375425338745117,719.3245239257812,17.317018508911133,3.3004283905029297,689.9456176757812,697.0536499023438,14.391829490661621,4.653950214385986,352.4459228515625,10.820575714111328,3.5664222240448,375.095703125,11.957247734069824,3.8282644748687744
485,1244.8927001953125,1036.98095703125,20.842632293701172,4.334755897521973,716.969970703125,17.79335594177246,3.388706684112549,718.70751953125,17.393667221069336,3.2903048992156982,630.5372314453125,680.8554077148438,13.740656852722168,4.427651882171631,326.4632568359375,10.284431457519531,3.4578516483306885,328.3417053222656,10.315084457397461,3.581862211227417
486,1231.3468017578125,1011.30810546875,20.354734420776367,4.190506935119629,707.9929809570312,17.42607307434082,3.337446451187134,715.5563354492188,17.15899658203125,3.2755773067474365,732.5366821289062,738.6221313476562,14.883167266845703,4.771649360656738,395.5963439941406,11.834700584411621,3.823542833328247,392.2711486816406,11.504595756530762,3.8537545204162598
487,1255.8668212890625,1045.196533203125,21.1336669921875,4.4205121994018555,722.1807250976562,18.00638198852539,3.4495341777801514,725.6536254882812,17.697036743164062,3.348130226135254,1282.2518310546875,1063.69580078125,21.418184280395508,5.664797306060791,705.8637084960938,18.269216537475586,4.426513671875,751.3838500976562,18.561452865600586,4.716024875640869
488,1218.078857421875,1004.8150024414062,19.72081184387207,4.15642786026001,706.6731567382812,17.312679290771484,3.3235414028167725,704.63232421875,17.01280975341797,3.2421863079071045,666.9136962890625,676.1222534179688,14.578036308288574,4.371325969696045,338.1271667480469,10.21912956237793,3.240499973297119,362.63885498046875,11.240182876586914,3.6059587001800537
489,1233.7489013671875,1011.0775146484375,19.78289794921875,4.136910438537598,711.6976318359375,17.335006713867188,3.317711114883423,716.916259765625,17.20586585998535,3.253788948059082,774.8171997070312,699.013916015625,14.494035720825195,4.8003692626953125,403.0252380371094,11.987520217895508,3.766191244125366,444.2054138183594,12.8214693069458,4.082130432128906
490,1220.0882568359375,995.3895874023438,20.178485870361328,4.190596103668213,707.6148071289062,17.436405181884766,3.3598670959472656,709.1871337890625,17.16282081604004,3.280514717102051,789.290283203125,754.6689453125,15.93531608581543,4.866303443908691,413.59039306640625,12.282407760620117,3.695232391357422,438.8124694824219,12.537899017333984,3.8872992992401123
491,1236.816162109375,1016.0806884765625,20.729692459106445,4.3691606521606445,718.6929931640625,17.898462295532227,3.4338600635528564,716.3840942382812,17.491289138793945,3.328130006790161,740.1810913085938,726.6776733398438,15.642863273620605,4.8213419914245605,396.3447570800781,12.178503036499023,3.561849355697632,403.2742614746094,12.525315284729004,3.7955517768859863
492,1219.14599609375,993.42333984375,19.955204010009766,4.080898761749268,710.7107543945312,17.62204933166504,3.3159596920013428,707.9057006835938,17.265573501586914,3.2497167587280273,746.7897338867188,722.8609619140625,15.81424331665039,4.753608703613281,418.60906982421875,13.142036437988281,3.7044055461883545,404.3487854003906,12.825804710388184,3.772125005722046
493,1221.4793701171875,1002.6566162109375,19.92952537536621,4.1508893966674805,711.8182373046875,17.349464416503906,3.3163695335388184,707.136962890625,16.946304321289062,3.22489595413208,615.7916259765625,622.0826416015625,12.885076522827148,4.443202495574951,353.8368835449219,10.47558879852295,3.495694637298584,323.01568603515625,10.108256340026855,3.4398436546325684
494,1217.872314453125,987.218017578125,20.17409896850586,4.077531814575195,708.6171264648438,17.580196380615234,3.3353466987609863,709.12158203125,17.329153060913086,3.265270709991455,992.4411010742188,811.1347045898438,17.081193923950195,5.485751152038574,579.4594116210938,18.05016326904297,4.539384365081787,575.2628784179688,17.834545135498047,4.5663933753967285
495,1233.8341064453125,997.8189086914062,19.54685401916504,4.036588668823242,719.1688232421875,17.18722152709961,3.274740695953369,718.7377319335938,17.057804107666016,3.2372629642486572,753.7009887695312,663.2120361328125,14.511373519897461,4.806683540344238,461.8770751953125,15.111197471618652,4.04954719543457,416.17425537109375,13.985795974731445,3.993036985397339
496,1226.3623046875,998.9130249023438,20.140539169311523,4.226997375488281,712.0391845703125,17.532554626464844,3.3520607948303223,713.0765380859375,17.307584762573242,3.2665350437164307,583.6915893554688,602.0328369140625,13.252897262573242,4.203484058380127,348.1021423339844,12.084932327270508,3.4794857501983643,298.651123046875,10.943608283996582,3.333573579788208
497,1225.6690673828125,990.6588745117188,19.989215850830078,4.228281497955322,704.2802734375,17.41205406188965,3.3760101795196533,717.1873779296875,17.35470199584961,3.292041778564453,655.662109375,642.1476440429688,14.186882019042969,4.613398551940918,353.8824157714844,11.930706024169922,3.73238205909729,356.8531188964844,12.403617858886719,3.792508840560913
498,1213.7545166015625,963.3522338867188,19.92716407775879,4.074862003326416,700.9801025390625,17.337675094604492,3.323617458343506,714.4547119140625,17.225385665893555,3.265850305557251,655.9405517578125,655.4169311523438,14.46534538269043,4.602208614349365,352.85089111328125,11.637675285339355,3.547929048538208,353.460205078125,11.633423805236816,3.667192220687866
499,1180.5570068359375,936.109130859375,19.46991539001465,3.977360248565674,695.6736450195312,17.234548568725586,3.244654655456543,691.0222778320312,16.980545043945312,3.203573703765869,988.9151000976562,845.2560424804688,18.0401668548584,5.184875965118408,534.6712036132812,14.44828987121582,3.9109466075897217,574.9369506835938,14.923048973083496,4.065914630889893
500,1213.271240234375,954.4320068359375,19.368907928466797,4.089812278747559,716.7638549804688,17.427522659301758,3.3320529460906982,711.9124145507812,17.12448501586914,3.2406246662139893,703.964111328125,660.084716796875,14.554229736328125,4.709939956665039,382.92987060546875,12.096597671508789,3.632960319519043,391.0597229003906,12.964173316955566,3.765352249145508
501,1222.94482421875,977.738037109375,20.440027236938477,4.20359468460083,716.4495239257812,17.747350692749023,3.36722469329834,714.6885986328125,17.28662109375,3.2766189575195312,718.1212158203125,684.2003173828125,15.577649116516113,4.142282009124756,410.95989990234375,12.719672203063965,3.271097183227539,389.5731201171875,12.216262817382812,3.3348324298858643
502,1220.6868896484375,965.8333129882812,20.030372619628906,4.226513385772705,712.2888793945312,17.79383659362793,3.421393871307373,717.2501831054688,17.528966903686523,3.3289148807525635,662.795166015625,595.7835693359375,12.816961288452148,4.602982044219971,359.8990478515625,11.356714248657227,3.77457594871521,376.0903625488281,11.973227500915527,4.016040802001953
503,1215.315673828125,953.7157592773438,19.634183883666992,4.015614032745361,714.1177368164062,17.43345069885254,3.2975916862487793,714.9657592773438,17.309593200683594,3.2482147216796875,646.8079833984375,591.3310546875,12.571751594543457,4.394962787628174,353.802001953125,11.295051574707031,3.4478111267089844,363.2680969238281,11.744105339050293,3.6080455780029297
504,1203.4954833984375,962.169189453125,20.11834144592285,4.131685256958008,702.8211059570312,17.62555503845215,3.337980031967163,703.99853515625,17.2940731048584,3.252586841583252,558.132568359375,533.0853881835938,11.729179382324219,4.005539894104004,316.0635681152344,10.71022891998291,3.2945070266723633,303.3878479003906,10.306015014648438,3.3401496410369873
505,1226.26171875,965.1002807617188,19.864057540893555,4.2437286376953125,719.30419921875,17.587831497192383,3.384289503097534,720.9404907226562,17.298118591308594,3.2676823139190674,606.8095703125,561.9514770507812,11.883101463317871,4.228206634521484,337.25146484375,11.242348670959473,3.610822916030884,337.04864501953125,11.089133262634277,3.7505440711975098
506,1199.09619140625,937.0557250976562,19.7980899810791,4.102420806884766,701.0166015625,17.313037872314453,3.342287302017212,707.6743774414062,17.061899185180664,3.2489547729492188,533.1100463867188,528.9923706054688,11.245656967163086,4.097878932952881,284.9124450683594,9.427644729614258,3.0045151710510254,288.9385986328125,10.288933753967285,3.17393159866333
507,1223.4732666015625,984.043701171875,20.942119598388672,4.292137145996094,724.446044921875,18.05208396911621,3.442613363265991,710.9263916015625,17.41891098022461,3.2917656898498535,745.58984375,651.8682861328125,13.646692276000977,4.946918487548828,432.4315185546875,11.984186172485352,4.1326470375061035,420.29986572265625,12.19288444519043,4.177466869354248
508,1228.51708984375,983.2301635742188,20.997346878051758,4.3150787353515625,722.6780395507812,18.057748794555664,3.4670023918151855,716.7448120117188,17.604209899902344,3.35667085647583,958.9720458984375,767.4956665039062,16.802867889404297,5.151368141174316,563.1178588867188,15.195192337036133,4.491750240325928,559.7880249023438,15.52764892578125,4.500528335571289
509,1200.1512451171875,945.0335083007812,19.998497009277344,4.164127826690674,712.8984985351562,17.758304595947266,3.415212869644165,702.771484375,17.15993309020996,3.2725021839141846,590.7265014648438,563.2217407226562,12.86040210723877,4.457086563110352,310.4136657714844,9.51434326171875,3.213702917098999,328.6358337402344,10.299653053283691,3.4907267093658447
510,1225.2939453125,960.3552856445312,20.325288772583008,4.021842956542969,723.8275756835938,17.817222595214844,3.376439332962036,720.0390625,17.487180709838867,3.2615222930908203,752.5269165039062,628.2677001953125,14.984600067138672,4.613798141479492,424.3137512207031,13.167872428894043,3.7169361114501953,436.7524719238281,13.97116470336914,3.9135870933532715
511,1223.5947265625,964.7499389648438,20.335710525512695,4.133894443511963,724.5584716796875,18.00494956970215,3.379441738128662,716.8023071289062,17.604339599609375,3.3069815635681152,831.664794921875,640.2911987304688,15.448126792907715,4.426623344421387,445.63671875,13.614348411560059,3.4602222442626953,505.8864440917969,16.021595001220703,3.800311803817749
512,1216.1409912109375,947.2703247070312,19.92620086669922,3.9794583320617676,715.128662109375,17.641340255737305,3.3346269130706787,717.42138671875,17.56512451171875,3.2622568607330322,722.9087524414062,640.4720458984375,13.845394134521484,5.132478713989258,387.0072326660156,11.631848335266113,4.005452632904053,414.66497802734375,12.253402709960938,4.2187652587890625
513,1207.3419189453125,923.9979858398438,19.583465576171875,4.024295806884766,703.7906494140625,17.083860397338867,3.3134403228759766,719.0053100585938,17.026395797729492,3.2505462169647217,710.562744140625,598.6307373046875,12.73652172088623,4.9613823890686035,401.690185546875,11.528308868408203,3.873328924179077,410.4664001464844,11.610243797302246,4.060333251953125
514,1220.818115234375,959.9922485351562,20.625707626342773,4.243180751800537,722.9055786132812,18.08146095275879,3.432645559310913,715.94873046875,17.609678268432617,3.3290083408355713,682.7476806640625,551.9161376953125,11.860206604003906,4.572848796844482,371.8691711425781,11.23007869720459,3.7352306842803955,405.6120910644531,12.142989158630371,3.967412233352661
515,1178.52099609375,908.9223022460938,19.54656219482422,3.9416403770446777,694.9854125976562,17.429067611694336,3.2866101264953613,697.3488159179688,17.16652488708496,3.2106375694274902,685.0542602539062,603.0899658203125,14.680608749389648,4.5920538902282715,351.4743957519531,11.456571578979492,3.596946954727173,398.6849365234375,13.13485050201416,4.048006057739258
516,1182.81005859375,911.158935546875,19.387310028076172,3.921644449234009,699.7532348632812,17.293561935424805,3.260625123977661,699.5363159179688,17.039703369140625,3.1927826404571533,792.193359375,678.5958251953125,14.97084903717041,5.335804462432861,437.0372619628906,13.33626937866211,4.086379528045654,457.50341796875,13.742895126342773,4.3021416664123535
517,1197.2525634765625,900.7325439453125,19.256261825561523,3.9762697219848633,706.534423828125,17.283924102783203,3.3177576065063477,715.0724487304688,17.131221771240234,3.2206315994262695,818.2490844726562,623.0906372070312,15.262639999389648,4.668288707733154,439.3909606933594,14.357548713684082,3.762474775314331,499.504638671875,15.7482328414917,4.009597301483154
518,1176.9241943359375,894.3670654296875,19.447399139404297,3.915752410888672,702.6084594726562,17.331119537353516,3.257472038269043,697.83154296875,16.98719024658203,3.1859428882598877,757.06103515625,624.0333251953125,16.06356430053711,4.6512017250061035,433.78326416015625,15.120946884155273,3.825448513031006,439.716064453125,15.072294235229492,4.017472743988037
519,1164.052490234375,883.1796264648438,19.165483474731445,3.865910053253174,692.7936401367188,17.24281120300293,3.242056131362915,691.2605590820312,16.974102020263672,3.1686336994171143,1333.0855712890625,967.5062866210938,20.784303665161133,5.235637187957764,745.9342041015625,18.6539306640625,4.414310455322266,819.0533447265625,18.7330322265625,4.61962890625
520,1184.7303466796875,888.8594360351562,19.054645538330078,3.9221339225769043,699.4088134765625,17.2432918548584,3.2957489490509033,708.2499389648438,17.206424713134766,3.230891466140747,803.1624755859375,649.3394165039062,16.054487228393555,4.86600923538208,460.4474792480469,13.951345443725586,4.04538631439209,470.2264099121094,14.440131187438965,4.161596298217773
521,1169.7613525390625,884.0580444335938,19.615102767944336,4.0084075927734375,692.2622680664062,17.41791343688965,3.2707719802856445,696.8654174804688,17.176218032836914,3.199375629425049,694.0135498046875,613.9873046875,16.131561279296875,4.22438907623291,404.74554443359375,13.652386665344238,3.5507514476776123,388.3936767578125,12.642549514770508,3.5774576663970947
522,1187.548828125,903.85595703125,19.925228118896484,4.142889976501465,708.4666137695312,17.54517364501953,3.343141794204712,703.8519897460938,17.182401657104492,3.2120280265808105,731.2933959960938,641.6553344726562,17.521203994750977,4.133485794067383,442.8785095214844,15.504109382629395,3.6942694187164307,405.9332580566406,14.063093185424805,3.8122851848602295
523,1210.4117431640625,957.5068359375,20.65212631225586,4.187312126159668,722.6182250976562,17.89206314086914,3.4198241233825684,706.3740844726562,17.274028778076172,3.2832765579223633,730.521484375,569.1730346679688,14.404335975646973,4.534395694732666,402.7687683105469,13.219145774841309,4.194651126861572,438.9388732910156,13.099905967712402,4.492880821228027
524,1212.7872314453125,912.0484619140625,19.889890670776367,4.024044036865234,726.8030395507812,17.891000747680664,3.4336838722229004,721.1318969726562,17.53249740600586,3.3192026615142822,771.2348022460938,566.8895874023438,12.572509765625,5.064993858337402,414.12786865234375,10.759537696838379,4.3334574699401855,476.92962646484375,12.666025161743164,4.8125529289245605
525,1193.132080078125,903.88720703125,20.281421661376953,4.243180751800537,722.9465942382812,18.15833282470703,3.4889235496520996,705.08203125,17.45201873779297,3.3189446926116943,575.3707275390625,517.9194946289062,12.667055130004883,3.9333064556121826,337.5929870605469,10.899931907653809,3.1151678562164307,318.71697998046875,10.079392433166504,3.197467803955078
526,1208.18359375,904.1643676757812,19.817527770996094,3.9755043983459473,720.1636962890625,17.743127822875977,3.3326687812805176,720.8851318359375,17.521438598632812,3.2526679039001465,545.3652954101562,467.41748046875,12.355399131774902,3.730475425720215,338.5648498535156,12.15153980255127,3.2344610691070557,303.5705871582031,10.423544883728027,3.2130839824676514
527,1161.3941650390625,863.4048461914062,19.043169021606445,3.913259267807007,694.82861328125,17.274755477905273,3.275115966796875,693.924072265625,16.99602508544922,3.202263355255127,646.5806274414062,472.02972412109375,12.111605644226074,4.119010925292969,373.8274230957031,11.45877742767334,3.9389750957489014,392.823486328125,11.485390663146973,4.093981742858887
528,1159.33740234375,869.6563720703125,19.29081153869629,3.870903253555298,692.0863647460938,17.188480377197266,3.275831937789917,690.814453125,16.930654525756836,3.164597988128662,735.6253662109375,569.714111328125,14.982438087463379,4.62345552444458,405.85040283203125,12.664268493652344,4.000308036804199,442.9559631347656,13.046944618225098,4.3376641273498535
529,1165.0777587890625,864.8518676757812,19.1453914642334,3.8674631118774414,697.8950805664062,17.39382553100586,3.282275438308716,696.253662109375,17.11258888244629,3.213002920150757,643.2124633789062,465.8151550292969,11.670690536499023,4.239556312561035,354.0057373046875,11.160037994384766,3.6259231567382812,397.2660827636719,12.733973503112793,4.021822929382324
530,1167.0560302734375,860.9366455078125,19.18861198425293,3.8542871475219727,705.7479248046875,17.563112258911133,3.261563777923584,697.050537109375,17.29115867614746,3.1944665908813477,586.8992919921875,464.2320556640625,11.260558128356934,4.217175006866455,335.9036865234375,9.961956024169922,3.450545072555542,346.8585205078125,9.993202209472656,3.6190943717956543
531,1162.9278564453125,861.6630249023438,19.30352020263672,3.8263115882873535,700.1068115234375,17.418399810791016,3.288231611251831,694.3968505859375,17.21750259399414,3.2103497982025146,808.0379028320312,630.5217895507812,15.569171905517578,5.0200700759887695,463.49969482421875,14.99508285522461,4.084066390991211,479.83148193359375,14.553083419799805,4.262130260467529
532,1145.1304931640625,847.6997680664062,18.967172622680664,3.821707010269165,683.5142211914062,17.019981384277344,3.2326552867889404,685.766357421875,16.854948043823242,3.1568050384521484,834.1004028320312,640.0132446289062,15.957448959350586,5.294652462005615,473.83575439453125,13.986673355102539,4.231252670288086,499.9456787109375,14.192522048950195,4.479672908782959
533,1143.7744140625,839.695556640625,18.74508285522461,3.867884397506714,680.7577514648438,17.095993041992188,3.2754387855529785,687.6383666992188,16.888160705566406,3.181372880935669,850.1634521484375,603.430908203125,15.72640609741211,4.3885674476623535,534.2571411132812,16.808849334716797,3.6906497478485107,508.8569641113281,16.00255584716797,3.7583467960357666
534,1191.7818603515625,878.7764892578125,19.9427547454834,3.890084743499756,710.4903564453125,17.874916076660156,3.285046339035034,715.001708984375,17.58363151550293,3.2146992683410645,682.5152587890625,500.74456787109375,13.084710121154785,4.641443252563477,414.5719909667969,14.409724235534668,3.9580187797546387,407.9202880859375,13.134590148925781,4.002877712249756
535,1161.8001708984375,840.21923828125,19.069910049438477,3.8352792263031006,700.7877807617188,17.569272994995117,3.3304765224456787,699.4981079101562,17.30896759033203,3.244154214859009,628.4589233398438,501.14007568359375,12.202468872070312,4.658754825592041,371.4315185546875,10.985383033752441,3.640650749206543,366.6873779296875,10.476397514343262,3.7255492210388184
536,1156.9110107421875,851.4842529296875,19.40510368347168,3.8881893157958984,707.8075561523438,17.70159149169922,3.2824783325195312,689.12353515625,17.243234634399414,3.1943371295928955,747.0015258789062,524.3425903320312,14.647505760192871,4.5212721824646,455.9532470703125,15.138800621032715,3.976361036300659,452.9128112792969,14.242932319641113,4.043087005615234
537,1166.531982421875,843.8577880859375,18.644882202148438,3.7255306243896484,696.781005859375,16.991411209106445,3.223842144012451,704.3400268554688,16.812389373779297,3.1616220474243164,599.3087768554688,434.79498291015625,11.315377235412598,4.153228759765625,357.4621276855469,10.168213844299316,3.76773738861084,361.6316223144531,10.030192375183105,3.8653311729431152
538,1139.336669921875,825.0567016601562,19.00617790222168,3.754397392272949,685.6599731445312,17.423572540283203,3.2510204315185547,686.1217041015625,17.3101863861084,3.1990864276885986,1126.084228515625,764.3458862304688,19.306642532348633,5.313760280609131,661.5128784179688,18.065004348754883,4.393519878387451,698.3265991210938,17.888883590698242,4.543091773986816
539,1151.359375,833.5717163085938,18.86737632751465,3.846276044845581,693.8755493164062,17.474853515625,3.313821792602539,693.1251831054688,17.14467430114746,3.2170114517211914,1151.637939453125,630.3475341796875,16.662853240966797,4.54544734954834,738.0634765625,18.58823013305664,4.312938690185547,741.1146240234375,18.00811195373535,4.292113304138184
540,1260.461669921875,936.7430419921875,20.595096588134766,4.263440132141113,770.7607421875,18.683547973632812,3.5686569213867188,748.2105102539062,17.983491897583008,3.4158756732940674,20610.8046875,4231.02490234375,50.785884857177734,8.548828125,11651.7275390625,84.38748168945312,11.850390434265137,15845.9794921875,96.21692657470703,13.055817604064941
541,1200.5113525390625,909.8756713867188,19.812992095947266,3.90464186668396,724.3116455078125,17.721689224243164,3.434724807739258,710.2550659179688,17.2409610748291,3.3286566734313965,16663.75390625,2699.606689453125,39.610206604003906,7.222538948059082,10763.55078125,80.49925994873047,11.045079231262207,12624.8076171875,86.84919738769531,11.891443252563477
542,1190.0821533203125,873.5536499023438,19.730066299438477,3.909895896911621,717.1660766601562,17.817598342895508,3.3926353454589844,712.8662109375,17.472084045410156,3.2633073329925537,8222.154296875,1711.3802490234375,32.00238037109375,6.29447603225708,5720.8740234375,58.64037322998047,8.7150297164917,5992.478515625,60.35537338256836,9.211024284362793
543,1155.9017333984375,850.051513671875,18.925649642944336,3.8048176765441895,704.6437377929688,17.40941619873047,3.288170099258423,689.4931640625,16.96123695373535,3.18009090423584,3925.52294921875,1277.4345703125,26.620859146118164,5.574348449707031,2796.009765625,39.54674530029297,6.3969950675964355,2703.48974609375,37.47404479980469,6.460643768310547
544,1150.0223388671875,846.4163208007812,19.442609786987305,3.876356601715088,697.5068359375,17.611988067626953,3.3186514377593994,686.8455200195312,17.16023826599121,3.206587314605713,1087.91455078125,638.1244506835938,16.488216400146484,4.667667388916016,771.2533569335938,20.506502151489258,4.707953929901123,665.1011352539062,17.53351402282715,4.699250221252441
545,1170.169677734375,868.7576293945312,19.302274703979492,3.935762405395508,712.88671875,17.44718360900879,3.3036186695098877,695.6763305664062,17.033628463745117,3.1779017448425293,1185.8358154296875,791.310791015625,19.689302444458008,5.368032455444336,795.7233276367188,20.685792922973633,5.168163299560547,709.7254638671875,18.263568878173828,5.24289083480835
546,1161.136962890625,847.5518798828125,19.678932189941406,3.9414076805114746,700.0914916992188,17.776437759399414,3.385690450668335,696.8438720703125,17.370943069458008,3.2667641639709473,909.2807006835938,701.9244995117188,17.058488845825195,5.207451343536377,557.5015258789062,15.2249116897583,4.547342300415039,531.4529418945312,14.132932662963867,4.579241752624512
547,1132.6937255859375,819.7609252929688,18.729440689086914,3.7748401165008545,684.1295776367188,17.148860931396484,3.2313928604125977,681.526611328125,16.862226486206055,3.150844097137451,642.5394287109375,493.85687255859375,13.484160423278809,4.37921667098999,380.8103332519531,12.1635103225708,3.729325294494629,380.1392517089844,11.442734718322754,3.863574266433716
548,1126.649169921875,802.527587890625,18.656314849853516,3.6468465328216553,682.1209106445312,17.16165542602539,3.2260825634002686,681.2544555664062,16.893131256103516,3.1476104259490967,664.4761962890625,517.2933349609375,13.699748039245605,4.804439067840576,378.6414489746094,11.69482135772705,4.032534599304199,395.69573974609375,11.413023948669434,4.234130382537842
549,1134.64794921875,816.496337890625,18.957544326782227,3.732290744781494,686.956298828125,17.37576675415039,3.240687131881714,683.6122436523438,17.05234146118164,3.1665470600128174,972.407470703125,676.16162109375,17.11652183532715,5.081063270568848,535.2692260742188,15.782135963439941,4.676756858825684,608.9781494140625,16.92166519165039,5.073536396026611
550,1150.1712646484375,830.046875,18.733522415161133,3.7486982345581055,689.6786499023438,16.87471580505371,3.197190284729004,694.253662109375,16.72145652770996,3.1229493618011475,609.2288208007812,420.8624572753906,10.861352920532227,4.130923748016357,354.8101501464844,9.7169771194458,3.770156145095825,376.5269775390625,10.65182113647461,4.069432735443115
551,1177.0723876953125,862.0399169921875,19.708871841430664,3.846938371658325,714.9613037109375,17.89896011352539,3.3124144077301025,703.9720458984375,17.563819885253906,3.2259106636047363,612.68359375,445.13372802734375,12.581464767456055,4.258843898773193,346.390625,11.387391090393066,3.6980762481689453,375.22625732421875,12.303174018859863,3.9781033992767334
552,1146.8905029296875,821.8263549804688,18.849321365356445,3.686173915863037,695.5084228515625,17.223670959472656,3.2281899452209473,691.68994140625,17.022645950317383,3.1654653549194336,714.7681274414062,510.572265625,13.209579467773438,4.787803649902344,403.0038146972656,12.467804908752441,4.061729431152344,440.6952819824219,13.040483474731445,4.277477741241455
553,1131.717041015625,816.26171875,18.7291316986084,3.6958181858062744,690.1884155273438,17.312177658081055,3.2444651126861572,679.7817993164062,16.891328811645508,3.161771774291992,783.9677734375,551.9689331054688,13.542177200317383,5.180552005767822,485.1023864746094,14.070440292358398,4.746482849121094,472.846435546875,13.47489070892334,4.666866302490234
554,1159.945556640625,834.1322631835938,19.27782440185547,3.7587063312530518,704.7611083984375,17.700345993041992,3.317843437194824,698.2774658203125,17.497488021850586,3.2377851009368896,700.5735473632812,499.37335205078125,12.458922386169434,4.573827266693115,430.1723327636719,12.498250961303711,4.058985233306885,421.7098693847656,12.22694206237793,4.0493483543396
555,1127.5235595703125,814.3198852539062,19.056608200073242,3.68684983253479,688.026611328125,17.337608337402344,3.221600294113159,676.8195190429688,17.04311752319336,3.154761791229248,924.2667236328125,633.82421875,14.6610746383667,5.631649494171143,583.0170288085938,14.64238452911377,5.195334434509277,559.21435546875,14.585990905761719,5.14581823348999
556,1127.7320556640625,803.0061645507812,19.230314254760742,3.7431254386901855,692.8521728515625,17.58780860900879,3.27872371673584,678.9744873046875,17.078834533691406,3.1765897274017334,922.505615234375,673.365478515625,17.277841567993164,5.209636688232422,543.5416870117188,15.10340404510498,4.585729598999023,557.433349609375,15.343687057495117,4.725680351257324
557,1125.824462890625,794.923828125,18.51032066345215,3.63289475440979,682.6498413085938,17.278141021728516,3.209688663482666,682.55224609375,17.080646514892578,3.1529366970062256,869.0252075195312,580.5623168945312,14.152716636657715,5.061792850494385,530.3137817382812,14.19682502746582,4.688122749328613,535.76220703125,13.910745620727539,4.709461688995361
558,1115.891845703125,793.06103515625,18.840957641601562,3.688768148422241,684.1079711914062,17.261072158813477,3.2321689128875732,672.7410278320312,16.918188095092773,3.1332571506500244,786.8377685546875,538.5797119140625,14.742011070251465,4.567007064819336,443.6308288574219,12.920778274536133,4.011223316192627,492.17462158203125,14.34642219543457,4.267831325531006
559,1119.1087646484375,800.6514282226562,18.99081039428711,3.6486856937408447,681.7206420898438,17.339479446411133,3.1901049613952637,674.3971557617188,17.043867111206055,3.1216583251953125,1497.8702392578125,888.43994140625,19.893295288085938,5.521317958831787,917.4398803710938,20.135957717895508,5.101959705352783,956.1063232421875,20.512229919433594,5.3229756355285645
560,1106.3416748046875,779.9851684570312,18.381052017211914,3.641057014465332,682.1676635742188,17.236480712890625,3.226794481277466,667.6958618164062,16.88838768005371,3.1486215591430664,1162.8028564453125,655.0763549804688,17.340320587158203,4.883034706115723,704.6896362304688,19.12862777709961,4.619956016540527,754.873046875,19.136653900146484,4.797565937042236
561,1128.3023681640625,799.1486206054688,18.877277374267578,3.726500988006592,693.22119140625,17.271385192871094,3.2481844425201416,680.5916137695312,16.848630905151367,3.1292166709899902,1177.639404296875,753.5133056640625,19.49744987487793,5.1586737632751465,760.2047729492188,21.007923126220703,4.9252095222473145,723.5239868164062,19.492366790771484,4.97702169418335
562,1135.782470703125,797.5284423828125,18.40549087524414,3.737504720687866,688.7234497070312,17.18342399597168,3.2705044746398926,689.90673828125,17.032381057739258,3.1866660118103027,1080.8809814453125,599.7274169921875,15.288899421691895,5.248115539550781,676.0437622070312,17.564302444458008,5.3663105964660645,698.149658203125,17.3013916015625,5.4328742027282715
563,1139.309326171875,813.6636352539062,19.268173217773438,3.8884527683258057,699.77197265625,17.597434997558594,3.389146327972412,685.2786865234375,17.202678680419922,3.251469612121582,704.3436889648438,477.94146728515625,14.789640426635742,4.108455181121826,431.650146484375,14.352335929870605,3.5558295249938965,431.4661560058594,13.88956069946289,3.743102550506592
564,1120.9346923828125,786.5540161132812,18.437646865844727,3.5971834659576416,691.7681274414062,17.192323684692383,3.2299346923828125,677.4378662109375,16.662851333618164,3.126077651977539,650.4501953125,434.990478515625,12.00088119506836,4.455703258514404,383.62957763671875,11.645320892333984,4.071608066558838,404.86419677734375,11.211175918579102,4.29571533203125
565,1127.535400390625,784.7376098632812,18.688621520996094,3.643477201461792,693.7648315429688,17.499069213867188,3.2315292358398438,683.9848022460938,17.115694046020508,3.1232926845550537,744.0536499023438,463.6246643066406,12.767040252685547,4.622278213500977,446.9658508300781,12.853800773620605,4.453446865081787,470.8764953613281,13.890227317810059,4.697134494781494
566,1104.00048828125,767.140380859375,18.548044204711914,3.6294362545013428,674.2739868164062,17.101896286010742,3.2082009315490723,671.576171875,16.813875198364258,3.1121644973754883,724.7708129882812,466.76141357421875,12.804744720458984,4.417862892150879,446.74322509765625,12.396455764770508,4.233471870422363,450.7194519042969,12.462546348571777,4.3631744384765625
567,1129.980712890625,803.8225708007812,18.997379302978516,3.735069751739502,691.5219116210938,17.544790267944336,3.2798287868499756,681.3773803710938,17.092403411865234,3.1753313541412354,944.6266479492188,554.0537109375,15.878883361816406,4.695125579833984,611.0595092773438,18.092172622680664,4.657767295837402,595.0925903320312,17.49211311340332,4.777516841888428
568,1204.436279296875,871.32568359375,19.796899795532227,3.931190013885498,736.800537109375,18.200403213500977,3.3731472492218018,721.9984741210938,17.744842529296875,3.2684435844421387,684.6559448242188,461.4097595214844,12.441092491149902,4.445023059844971,457.10076904296875,13.636059761047363,4.40460205078125,409.1028137207031,12.117281913757324,4.324332237243652
569,1154.5174560546875,800.1111450195312,18.250362396240234,3.5755257606506348,699.7697143554688,17.30388069152832,3.274693012237549,704.5531005859375,17.192302703857422,3.192941188812256,668.4774780273438,423.11114501953125,11.404069900512695,4.377480983734131,429.9153747558594,13.270508766174316,4.3679585456848145,412.5695495605469,12.610854148864746,4.244373321533203
570,1140.417724609375,802.0552368164062,19.06498146057129,3.7631142139434814,692.7098999023438,17.570457458496094,3.310722827911377,691.9882202148438,17.25148582458496,3.2222530841827393,604.5990600585938,451.19244384765625,13.725968360900879,3.7650904655456543,374.45697021484375,11.785459518432617,3.331254005432129,356.9042053222656,11.11050796508789,3.4107136726379395
571,1136.62451171875,807.4398803710938,18.80399513244629,3.824970245361328,700.6760864257812,17.49030303955078,3.3288214206695557,684.1896362304688,17.111591339111328,3.1856606006622314,550.4813232421875,369.55084228515625,9.979477882385254,3.829279899597168,304.3420104980469,9.71798038482666,3.4356346130371094,348.31341552734375,11.180413246154785,3.8556313514709473
572,1124.5264892578125,780.3909912109375,18.47320556640625,3.6184256076812744,692.5132446289062,17.186614990234375,3.256610631942749,682.6552734375,16.944137573242188,3.1831626892089844,678.9454345703125,388.57586669921875,10.842815399169922,4.168217182159424,404.6672668457031,13.185384750366211,3.950648307800293,440.972412109375,14.088032722473145,4.260499000549316
573,1131.6893310546875,811.1102905273438,19.449295043945312,3.6608691215515137,692.0046997070312,17.592443466186523,3.255880355834961,680.7548217773438,17.098161697387695,3.1347603797912598,1221.1002197265625,698.3465576171875,16.620553970336914,5.92583703994751,753.73388671875,19.005550384521484,5.739488124847412,785.4761352539062,18.806848526000977,5.928025722503662
574,1171.443115234375,858.6493530273438,20.196598052978516,4.109382629394531,718.6021118164062,18.17348289489746,3.4859683513641357,698.267578125,17.60838508605957,3.3434102535247803,821.9459838867188,526.6870727539062,13.0856294631958,5.253697872161865,551.908935546875,15.699453353881836,4.632859230041504,498.3671875,15.005786895751953,4.597287654876709
575,1122.9840087890625,773.5262451171875,18.807252883911133,3.5898044109344482,680.7890014648438,17.44622039794922,3.2456037998199463,686.6895141601562,17.30178451538086,3.179506778717041,649.082275390625,398.8813171386719,12.469722747802734,3.762174606323242,394.38629150390625,13.62215805053711,3.6737828254699707,411.1019592285156,13.92138671875,3.873304605484009
576,1114.932373046875,772.0952758789062,18.13037872314453,3.5257811546325684,682.5317993164062,17.184019088745117,3.200185537338257,678.5441284179688,16.901052474975586,3.085712432861328,736.4188842773438,442.0107421875,12.666189193725586,4.613633155822754,420.5428771972656,13.531120300292969,4.304720401763916,477.65277099609375,14.316361427307129,4.694468021392822
577,1115.70751953125,770.9718017578125,18.620412826538086,3.643984794616699,685.6597290039062,17.359678268432617,3.2617456912994385,678.7181396484375,17.09942054748535,3.1517701148986816,804.4021606445312,450.8937072753906,13.144841194152832,4.349298000335693,469.9733581542969,14.818461418151855,4.096606254577637,528.1420288085938,15.354429244995117,4.330172061920166
578,1140.654541015625,816.3177490234375,19.419153213500977,3.8558785915374756,708.579833984375,17.656665802001953,3.3204407691955566,683.1852416992188,16.870370864868164,3.1496756076812744,801.1019897460938,466.6107177734375,14.757879257202148,3.725371837615967,433.5127258300781,12.97436809539795,3.3745129108428955,531.0648803710938,15.943047523498535,3.8074450492858887
579,1108.037353515625,752.82470703125,18.017555236816406,3.438779830932617,679.4583740234375,16.999771118164062,3.1822025775909424,678.3523559570312,16.785869598388672,3.1197917461395264,645.7564086914062,428.2789306640625,12.484030723571777,4.192137718200684,371.396240234375,11.083635330200195,3.7073299884796143,405.8538513183594,11.542950630187988,4.044450283050537
580,1101.742919921875,750.3553466796875,18.117090225219727,3.5251007080078125,669.8138427734375,16.949684143066406,3.1868953704833984,675.692138671875,16.968910217285156,3.1400976181030273,588.5390625,379.2884521484375,11.516128540039062,3.9495534896850586,348.197265625,11.131911277770996,3.6899971961975098,370.2933044433594,11.234256744384766,3.97299861907959
581,1109.64599609375,770.9205932617188,18.566741943359375,3.548215866088867,675.1376953125,17.222776412963867,3.2020249366760254,675.82861328125,16.956298828125,3.113584280014038,601.0465087890625,376.8958740234375,11.596138000488281,3.9160447120666504,349.8535461425781,11.260834693908691,3.6139848232269287,383.0216369628906,11.756646156311035,3.936141014099121
582,1142.9725341796875,789.7689208984375,19.12188148498535,3.715054988861084,694.3753662109375,17.887447357177734,3.3153302669525146,697.729248046875,17.685646057128906,3.217662811279297,902.351806640625,545.3289184570312,13.639376640319824,5.253025531768799,564.4866333007812,14.65723991394043,4.870463848114014,569.4072265625,14.644291877746582,5.124621391296387
583,1134.847900390625,798.6187744140625,18.800745010375977,3.574500560760498,702.5656127929688,17.642330169677734,3.253432512283325,684.4926147460938,17.20777702331543,3.166696786880493,886.040283203125,495.63751220703125,14.712906837463379,4.838987827301025,548.2559204101562,16.645078659057617,4.522140979766846,572.8721923828125,16.954378128051758,4.764775276184082
584,1112.383544921875,764.7447509765625,17.871912002563477,3.4290573596954346,683.5365600585938,16.866722106933594,3.147637367248535,677.899169921875,16.664505004882812,3.08115553855896,690.3223876953125,439.6740417480469,11.282267570495605,4.669698238372803,431.26953125,11.63247299194336,4.228838920593262,429.0392761230469,11.668437957763672,4.293747901916504
585,1154.457763671875,809.7073364257812,19.945589065551758,3.8034486770629883,705.751708984375,18.14699935913086,3.377580404281616,699.8201904296875,17.7525691986084,3.2433276176452637,599.3884887695312,410.8070983886719,12.819067001342773,4.23336124420166,357.70404052734375,11.002382278442383,3.581465482711792,368.8351135253906,11.271967887878418,3.788973093032837
586,1135.31884765625,795.3419189453125,18.74372100830078,3.6247081756591797,692.924072265625,17.575597763061523,3.260349750518799,688.8389892578125,17.432722091674805,3.193753242492676,720.9734497070312,443.2104187011719,12.937108039855957,4.330968379974365,478.41925048828125,14.18479061126709,4.267046928405762,444.4844970703125,13.217886924743652,4.252468585968018
587,1094.3919677734375,748.0342407226562,17.67416763305664,3.420362949371338,676.27294921875,17.013389587402344,3.1740739345550537,667.0999145507812,16.690629959106445,3.0907692909240723,704.2593994140625,410.6299133300781,12.55759048461914,4.213106632232666,433.8783874511719,13.618863105773926,4.171088218688965,450.90679931640625,14.155281066894531,4.179649829864502
588,1100.4713134765625,757.131103515625,18.294506072998047,3.470757484436035,687.093505859375,17.17487907409668,3.1887097358703613,667.2040405273438,16.681846618652344,3.0851595401763916,929.3165893554688,559.0647583007812,16.63776969909668,3.950183391571045,549.6621704101562,16.264739990234375,3.8189353942871094,596.6984252929688,17.674253463745117,4.023726940155029
589,1094.8778076171875,757.8194580078125,18.296016693115234,3.5422542095184326,671.226806640625,17.272846221923828,3.1916019916534424,666.1638793945312,17.087099075317383,3.1262497901916504,632.277587890625,396.5296325683594,12.262348175048828,3.9878907203674316,386.00506591796875,12.88692855834961,3.827921152114868,397.51708984375,12.972403526306152,3.9835002422332764
590,1106.7784423828125,763.8125610351562,18.135055541992188,3.527305841445923,677.080078125,17.223731994628906,3.231743574142456,674.5106811523438,17.046894073486328,3.1519289016723633,534.1915893554688,363.2259216308594,11.272494316101074,3.9098196029663086,324.8498229980469,11.415925979614258,3.5288500785827637,327.76885986328125,11.42125415802002,3.6100590229034424
591,1109.2794189453125,757.7742919921875,18.40916633605957,3.5217604637145996,687.56005859375,17.390151977539062,3.2504868507385254,675.6790771484375,17.06184196472168,3.163095712661743,841.2752075195312,559.71875,15.552824020385742,5.1256103515625,558.815185546875,17.232460021972656,4.559353828430176,505.71502685546875,15.528321266174316,4.388554096221924
592,1112.783935546875,767.3959350585938,18.37839126586914,3.657663345336914,684.0369262695312,17.370969772338867,3.29296612739563,677.3541259765625,17.02021598815918,3.1834585666656494,639.66650390625,388.099365234375,11.94711971282959,3.9339444637298584,403.5783996582031,14.222566604614258,3.6233248710632324,402.16314697265625,14.083313941955566,3.649463176727295
593,1102.1429443359375,745.3201293945312,17.943178176879883,3.4692015647888184,670.0969848632812,16.98430633544922,3.165320634841919,677.5177001953125,16.856914520263672,3.0966241359710693,687.0527954101562,370.0752868652344,11.627107620239258,3.8734652996063232,425.6889953613281,14.53375244140625,3.820297956466675,448.323486328125,16.037418365478516,4.031550884246826
594,1114.3466796875,771.1570434570312,17.939645767211914,3.473175525665283,681.3104248046875,17.022342681884766,3.2192811965942383,678.6065063476562,16.860136032104492,3.124072790145874,672.1231689453125,424.92242431640625,12.067657470703125,4.567005157470703,423.46099853515625,13.941225051879883,4.256995677947998,417.6081237792969,13.140711784362793,4.325100421905518
595,1124.2181396484375,779.9722900390625,18.553070068359375,3.5988752841949463,692.0470581054688,17.459758758544922,3.2828304767608643,682.6122436523438,17.151752471923828,3.1838088035583496,819.3665771484375,558.2324829101562,15.79659366607666,5.024874687194824,539.3414916992188,15.76368236541748,4.707231521606445,490.0943908691406,14.302550315856934,4.545072078704834
596,1108.8663330078125,786.226806640625,18.98396873474121,3.569627285003662,684.1804809570312,17.29987907409668,3.1912312507629395,667.744140625,16.962188720703125,3.129687786102295,897.6666870117188,530.2947387695312,14.435017585754395,5.063201427459717,560.541748046875,16.45929527282715,4.540543556213379,570.4158325195312,17.867565155029297,4.632870674133301
597,1091.823974609375,758.9459228515625,18.749448776245117,3.5446767807006836,679.4879760742188,17.40928077697754,3.2206780910491943,660.293701171875,16.926788330078125,3.106196403503418,818.8958740234375,536.7328491210938,15.150172233581543,4.737834930419922,511.431396484375,14.60913372039795,4.20419979095459,504.44647216796875,14.35389518737793,4.2858710289001465
598,1117.7353515625,773.5643310546875,17.950454711914062,3.4466257095336914,687.5423583984375,17.122678756713867,3.1750645637512207,679.4034423828125,16.91055679321289,3.0960934162139893,641.3948974609375,419.26678466796875,11.600476264953613,4.536508083343506,404.59173583984375,11.959961891174316,4.201714992523193,394.2372741699219,12.00115966796875,4.213257789611816
599,1089.9410400390625,736.9994506835938,17.860225677490234,3.437870740890503,667.07080078125,16.895320892333984,3.1620113849639893,668.7200317382812,16.730314254760742,3.0866880416870117,582.1025390625,384.6191101074219,11.186813354492188,4.168030261993408,372.83349609375,11.630022048950195,3.8036093711853027,354.8667297363281,10.698657989501953,3.792570114135742
600,1111.324462890625,760.9161376953125,18.753034591674805,3.6102263927459717,679.4741821289062,17.522552490234375,3.2764015197753906,679.2072143554688,17.202865600585938,3.1575756072998047,690.1857299804688,456.671142578125,13.229734420776367,4.350764751434326,435.1733703613281,13.095596313476562,3.90807843208313,422.6324157714844,12.32216739654541,3.996626853942871
601,1078.928955078125,729.773681640625,17.872631072998047,3.3927621841430664,666.6029663085938,17.03652572631836,3.151092290878296,660.01611328125,16.7784366607666,3.0811514854431152,752.9346923828125,502.7989196777344,14.31089973449707,4.822215557098389,455.3369140625,13.287700653076172,4.227474212646484,465.4940185546875,12.971623420715332,4.375408172607422
602,1073.146240234375,730.362060546875,17.836828231811523,3.4302690029144287,663.091552734375,16.88265609741211,3.1456668376922607,655.1101684570312,16.66834831237793,3.0684192180633545,797.0919189453125,466.11773681640625,13.52054214477539,4.465808868408203,488.6514587402344,13.974088668823242,4.155899524688721,510.66107177734375,13.862579345703125,4.330543041229248
603,1076.7559814453125,735.12744140625,17.674909591674805,3.4546289443969727,662.0523071289062,16.894399642944336,3.1588871479034424,657.60205078125,16.759883880615234,3.0765295028686523,643.7169799804688,401.6118469238281,11.693517684936523,4.350030899047852,383.9883117675781,11.15850830078125,4.065730571746826,408.0369567871094,11.120767593383789,4.2374725341796875
604,1077.575439453125,725.2630004882812,17.833721160888672,3.3805980682373047,668.053466796875,16.879535675048828,3.121718168258667,659.5806274414062,16.681486129760742,3.047029495239258,881.248779296875,545.166259765625,14.275425910949707,5.333789825439453,531.2808837890625,14.809685707092285,4.665314674377441,558.3146362304688,14.534116744995117,4.862546920776367
605,1136.9281005859375,831.2984619140625,19.797590255737305,4.006807327270508,703.5671997070312,17.952930450439453,3.449728012084961,676.4683837890625,17.258535385131836,3.244290351867676,822.8657836914062,505.29656982421875,12.702301025390625,5.092685699462891,505.2966613769531,13.651551246643066,4.558821678161621,519.687744140625,13.96992301940918,4.709265232086182
606,1107.6510009765625,763.4996337890625,18.027372360229492,3.4288477897644043,684.3735961914062,17.131284713745117,3.2129080295562744,673.2891235351562,16.922048568725586,3.140270471572876,669.341552734375,439.86236572265625,11.799070358276367,4.644781589508057,418.3251037597656,11.168924331665039,4.1627936363220215,411.88531494140625,11.225259780883789,4.222372055053711
607,1097.6124267578125,764.4200439453125,18.713581085205078,3.617105484008789,679.9810180664062,17.396129608154297,3.249417781829834,664.2919921875,17.059436798095703,3.112778425216675,574.7826538085938,386.4653015136719,11.78315544128418,4.028754234313965,352.94659423828125,10.669569969177246,3.7640061378479004,352.9590759277344,10.451769828796387,3.826580047607422
608,1113.010498046875,763.582763671875,18.53179359436035,3.6331329345703125,689.2349243164062,17.386842727661133,3.317983627319336,677.165283203125,16.975101470947266,3.175546169281006,595.5630493164062,323.3963928222656,9.705934524536133,3.654670476913452,352.39764404296875,10.160669326782227,3.650888681411743,392.8247985839844,10.630261421203613,3.9611451625823975
609,1084.263671875,742.1144409179688,18.499900817871094,3.5026848316192627,671.7861938476562,17.391124725341797,3.2532522678375244,660.0933837890625,16.89869499206543,3.140638828277588,680.3663330078125,382.2666015625,12.301237106323242,4.064046382904053,413.95068359375,13.407426834106445,3.9342615604400635,441.50115966796875,12.841680526733398,4.318121910095215
610,1090.708740234375,748.9799194335938,17.945016860961914,3.468860626220703,678.322998046875,17.082918167114258,3.1885416507720947,662.517822265625,16.584291458129883,3.0840401649475098,767.62060546875,440.38787841796875,12.57984733581543,4.097247123718262,468.30084228515625,13.224535942077637,4.028204441070557,495.01397705078125,13.380922317504883,4.412989139556885
611,1085.927001953125,739.7815551757812,17.9909725189209,3.438380241394043,664.064208984375,16.95976448059082,3.16841459274292,664.7730712890625,16.794586181640625,3.086561441421509,652.3912353515625,376.06488037109375,9.691335678100586,4.355296611785889,403.1593017578125,10.743322372436523,4.243057727813721,418.62396240234375,10.666189193725586,4.3918328285217285
612,1100.94580078125,771.452392578125,18.599987030029297,3.5267345905303955,676.2879638671875,17.27845001220703,3.200300931930542,666.6236572265625,17.002212524414062,3.102309226989746,1211.693115234375,635.2080688476562,17.86280632019043,4.924488067626953,833.2042236328125,20.536334991455078,4.853209972381592,771.1693725585938,18.88130760192871,4.780677318572998
613,1115.7081298828125,770.9675903320312,17.96479606628418,3.4275035858154297,697.3412475585938,16.94614601135254,3.1567442417144775,675.2155151367188,16.471237182617188,3.0337069034576416,718.8218383789062,387.114990234375,13.392000198364258,3.7844040393829346,459.2691650390625,14.772419929504395,3.8235883712768555,464.9065856933594,14.615189552307129,3.9341378211975098
614,1081.1129150390625,734.1202392578125,17.720544815063477,3.4737048149108887,672.2747192382812,17.264705657958984,3.1986212730407715,659.1943969726562,16.895349502563477,3.084296226501465,670.6718139648438,377.606201171875,10.572808265686035,4.307717323303223,426.44989013671875,12.816466331481934,4.3900227546691895,429.45501708984375,11.744547843933105,4.4180073738098145
615,1076.97705078125,728.1961059570312,17.889196395874023,3.410675287246704,665.1446533203125,16.92657470703125,3.1498169898986816,658.974853515625,16.84667205810547,3.0912389755249023,578.7532348632812,347.8777160644531,10.277494430541992,3.8644566535949707,373.69195556640625,11.493670463562012,3.7466254234313965,362.2822570800781,10.724899291992188,3.68526291847229
616,1085.3453369140625,731.2266845703125,17.685592651367188,3.345858573913574,671.6219482421875,17.025365829467773,3.1518654823303223,664.49072265625,16.898784637451172,3.084419012069702,594.2575073242188,367.76654052734375,10.847562789916992,4.0046844482421875,375.9776306152344,11.567194938659668,3.7555627822875977,371.1342468261719,11.622654914855957,3.7877228260040283
617,1078.5855712890625,727.935302734375,17.94042205810547,3.37947940826416,671.4560546875,17.102144241333008,3.166304349899292,658.7681274414062,16.82454490661621,3.094379186630249,1015.3081665039062,549.0475463867188,14.901582717895508,4.598062038421631,646.3299560546875,16.453393936157227,4.415725231170654,656.69482421875,16.556655883789062,4.495105266571045
618,1074.182373046875,730.3564453125,17.587276458740234,3.3684089183807373,666.2230224609375,16.854257583618164,3.1432886123657227,655.2084350585938,16.579605102539062,3.0594894886016846,843.75,492.4189758300781,13.282715797424316,4.947309494018555,530.3238525390625,14.25545597076416,4.6820292472839355,536.9271850585938,14.574633598327637,4.797505855560303
619,1087.9339599609375,733.6110229492188,18.36747169494629,3.57503604888916,679.7067260742188,17.513790130615234,3.2904529571533203,663.9386596679688,17.05609703063965,3.160825490951538,810.99560546875,469.0306396484375,14.219694137573242,4.1674485206604,496.2599182128906,14.133606910705566,3.875136613845825,521.408447265625,15.376176834106445,4.009954452514648
620,1076.2447509765625,735.4796142578125,17.825172424316406,3.4071943759918213,675.0140380859375,17.28053092956543,3.1702988147735596,653.0966796875,16.95876693725586,3.095907211303711,841.0323486328125,469.6105041503906,13.341375350952148,4.182867050170898,517.0845947265625,14.889131546020508,4.152743339538574,545.0238647460938,16.50690460205078,4.443304538726807
621,1109.876953125,743.1179809570312,17.833358764648438,3.47682523727417,677.2442016601562,17.009906768798828,3.193946361541748,683.7683715820312,16.994516372680664,3.117201805114746,553.3450317382812,316.11163330078125,9.544442176818848,3.7494056224823,331.5877380371094,10.585775375366211,3.5960891246795654,359.0351867675781,11.481756210327148,3.885657787322998
622,1071.1595458984375,719.0728759765625,17.820966720581055,3.3492202758789062,661.55859375,16.971586227416992,3.1345558166503906,656.9701538085938,16.698869705200195,3.0470163822174072,526.3610229492188,314.9920959472656,9.390582084655762,3.8176803588867188,318.2369079589844,9.988560676574707,3.601654052734375,336.3923034667969,10.724920272827148,3.7760775089263916
623,1105.099365234375,779.966552734375,18.93343734741211,3.6257691383361816,687.5768432617188,17.464611053466797,3.2476844787597656,664.836181640625,16.95629119873047,3.093010425567627,639.6353149414062,378.1325378417969,11.118178367614746,4.250755786895752,402.5909729003906,11.770417213439941,4.207648277282715,405.41827392578125,12.10680866241455,4.302433967590332
624,1094.3199462890625,751.7268676757812,18.44403076171875,3.6197428703308105,678.3853149414062,17.31806182861328,3.277521848678589,665.286376953125,16.89285659790039,3.1503849029541016,666.1143798828125,374.1615905761719,10.74067497253418,4.217133045196533,420.12799072265625,11.280287742614746,4.2419819831848145,427.8275451660156,11.787104606628418,4.36715841293335
625,1079.003662109375,748.3419799804688,17.930986404418945,3.386486291885376,668.3909912109375,16.87527084350586,3.1356148719787598,653.98388671875,16.596494674682617,3.0429084300994873,587.9664306640625,335.5989990234375,10.016176223754883,3.8349673748016357,341.3004150390625,10.319565773010254,3.6470000743865967,384.8965759277344,11.34660816192627,3.9501841068267822
626,1095.2081298828125,764.6860961914062,19.027053833007812,3.5440897941589355,679.5255126953125,17.472305297851562,3.2265658378601074,661.9446411132812,17.0936222076416,3.100189447402954,913.572509765625,472.313720703125,12.174003601074219,4.6855244636535645,557.9351806640625,14.585367202758789,4.549401760101318,604.4979248046875,15.109344482421875,4.760725021362305
627,1072.9052734375,724.2484130859375,17.78774642944336,3.3578591346740723,667.1400756835938,17.13319206237793,3.161308526992798,655.48876953125,16.797346115112305,3.073976993560791,819.7090454101562,473.4254455566406,12.371845245361328,4.550145149230957,508.69488525390625,13.946934700012207,4.30634880065918,525.0729370117188,14.16920280456543,4.298992156982422
628,1082.138671875,740.5646362304688,18.43486213684082,3.4486117362976074,670.4633178710938,17.191333770751953,3.1737911701202393,658.8302612304688,16.9586181640625,3.0813958644866943,808.5951538085938,444.2640075683594,11.888150215148926,4.52663516998291,505.3254089355469,14.162603378295898,4.373055934906006,523.7183227539062,13.846734046936035,4.253942012786865
629,1075.9700927734375,735.0814819335938,17.898778915405273,3.3484044075012207,666.7138061523438,17.09676742553711,3.1495540142059326,655.4315185546875,16.797555923461914,3.073418378829956,682.3206787109375,404.33843994140625,11.215974807739258,4.523691177368164,477.9613342285156,12.97170639038086,4.577605247497559,417.6307373046875,11.326946258544922,4.293511867523193
630,1078.035888671875,742.2562866210938,18.08769416809082,3.4923620223999023,666.418701171875,17.043575286865234,3.201970338821411,655.4334716796875,16.708276748657227,3.0694706439971924,559.0303344726562,338.3389587402344,10.371575355529785,3.8543808460235596,345.9434814453125,10.195784568786621,3.678731918334961,353.7455749511719,11.114867210388184,3.856783151626587
631,1094.00439453125,741.5343017578125,17.69696807861328,3.3943307399749756,677.757568359375,17.085527420043945,3.168668508529663,668.2168579101562,16.990205764770508,3.104631185531616,671.2335815429688,402.3802490234375,11.004554748535156,4.654514312744141,414.6384582519531,11.399092674255371,4.4452714920043945,426.12799072265625,11.076088905334473,4.581136226654053
632,1090.5360107421875,766.4367065429688,18.594594955444336,3.683458089828491,679.7062377929688,17.36551284790039,3.3468267917633057,656.6930541992188,16.844385147094727,3.183730125427246,746.0086059570312,428.6704406738281,11.436904907226562,4.3904242515563965,446.6557922363281,12.252312660217285,4.453257083892822,483.4107360839844,12.204337120056152,4.76428747177124
633,1069.3934326171875,732.2123413085938,18.295658111572266,3.444063663482666,666.4925537109375,17.198959350585938,3.169175624847412,649.781982421875,16.812339782714844,3.0818448066711426,729.981201171875,409.46002197265625,11.452016830444336,4.472466945648193,427.7554626464844,12.054734230041504,4.2519426345825195,478.8166198730469,13.289517402648926,4.708719730377197
634,1062.170166015625,715.3258666992188,17.863571166992188,3.355548858642578,654.7769165039062,17.012493133544922,3.149949312210083,651.13916015625,16.751590728759766,3.0557847023010254,674.6922607421875,418.56646728515625,12.263276100158691,4.586863040924072,416.847900390625,11.930004119873047,4.236870288848877,424.0679626464844,11.903860092163086,4.402866840362549
635,1061.560302734375,722.5399169921875,17.850135803222656,3.4002318382263184,660.9458618164062,17.170557022094727,3.1734421253204346,646.5146484375,16.73598289489746,3.0608856678009033,613.3876342773438,366.45263671875,10.57219409942627,4.229709148406982,396.2467041015625,10.624424934387207,4.028087615966797,384.5777893066406,10.534862518310547,4.088472366333008
636,1077.739501953125,734.9927978515625,18.102001190185547,3.407891273498535,669.2947387695312,17.165285110473633,3.1541824340820312,656.4530639648438,16.854726791381836,3.066802501678467,610.8368530273438,370.721435546875,11.454475402832031,4.155447959899902,390.1134338378906,12.513988494873047,3.958688974380493,382.5863952636719,11.540994644165039,4.044194221496582
637,1059.530517578125,718.53955078125,17.861042022705078,3.3438570499420166,657.2711181640625,16.962329864501953,3.139965534210205,646.7871704101562,16.59183692932129,3.028240442276001,606.0975952148438,397.7381286621094,12.731291770935059,4.240694999694824,367.7439270019531,12.708303451538086,3.857391834259033,376.4529113769531,11.533370018005371,4.016358375549316
638,1059.5638427734375,712.07373046875,17.181821823120117,3.3344531059265137,654.0993041992188,16.7419376373291,3.144354820251465,649.7118530273438,16.652950286865234,3.073690891265869,729.45556640625,432.1349792480469,12.970837593078613,4.229465961456299,447.5865173339844,14.597970962524414,4.012731075286865,465.5390319824219,14.857195854187012,4.222833156585693
639,1077.8851318359375,727.3524780273438,17.917266845703125,3.3258819580078125,667.3035278320312,17.165090560913086,3.136014699935913,659.4884643554688,17.031309127807617,3.0629024505615234,715.1710815429688,420.215087890625,11.276917457580566,4.652401924133301,441.546875,12.389249801635742,4.225954532623291,456.6424560546875,13.112500190734863,4.3898491859436035
640,1069.856201171875,735.273681640625,18.134952545166016,3.443953514099121,661.6419067382812,16.935380935668945,3.1513173580169678,650.7813720703125,16.555570602416992,3.0337133407592773,728.4683837890625,461.74578857421875,12.545273780822754,4.916104316711426,472.4432373046875,12.743478775024414,4.365085124969482,448.2117004394531,12.423337936401367,4.278676986694336
641,1050.2598876953125,712.4091796875,17.21882438659668,3.2804718017578125,648.6287231445312,16.604341506958008,3.1065964698791504,641.9484252929688,16.47403907775879,3.0304510593414307,713.2916870117188,441.3712463378906,12.574652671813965,4.495797157287598,533.1428833007812,16.84295082092285,4.523726463317871,420.9374084472656,12.995539665222168,4.056931018829346
642,1096.8448486328125,753.2791137695312,19.03257179260254,3.448491096496582,683.3607177734375,17.54745101928711,3.1659510135650635,665.8528442382812,17.19700813293457,3.0830752849578857,1105.101318359375,665.734375,18.067760467529297,4.194851398468018,695.2066040039062,17.9212703704834,4.0134053230285645,696.819091796875,17.60141944885254,3.977409601211548
643,1076.994873046875,739.4381713867188,17.99043846130371,3.412754774093628,665.8590698242188,17.202526092529297,3.160787343978882,655.4056396484375,16.899578094482422,3.0636422634124756,759.0084838867188,434.1230163574219,13.527153015136719,3.9123477935791016,478.1321105957031,14.1383638381958,3.747758388519287,485.3318786621094,14.79006576538086,3.900148630142212
644,1054.31005859375,713.5023803710938,17.14919662475586,3.2875728607177734,657.7243041992188,16.865327835083008,3.118814706802368,642.94189453125,16.671293258666992,3.0583062171936035,727.514892578125,415.3128967285156,13.150476455688477,4.100733280181885,482.02813720703125,15.297575950622559,4.188901901245117,458.3125915527344,14.201148986816406,4.280561923980713
645,1058.0643310546875,715.6205444335938,17.943405151367188,3.337724208831787,664.0454711914062,17.07720184326172,3.135559320449829,644.1644287109375,16.725379943847656,3.0381383895874023,638.3489379882812,389.9607238769531,11.148029327392578,4.335931777954102,405.8359375,11.7123441696167,4.077845096588135,399.6098937988281,11.48412036895752,4.12722635269165
646,1070.4766845703125,732.1376342773438,17.8648624420166,3.3690502643585205,664.0562744140625,16.94223976135254,3.1413962841033936,651.6185302734375,16.71239471435547,3.0476388931274414,734.2645874023438,406.73858642578125,10.965251922607422,4.650444984436035,440.741455078125,11.640384674072266,4.405593395233154,480.0205993652344,11.903414726257324,4.690812587738037
647,1065.9422607421875,719.8751831054688,17.731945037841797,3.3604588508605957,659.3917846679688,16.96302032470703,3.118699789047241,652.1621704101562,16.704519271850586,3.0311217308044434,690.7349853515625,370.3158264160156,10.100110054016113,4.294453144073486,405.15301513671875,11.833846092224121,4.089892387390137,458.09423828125,11.848977088928223,4.379270076751709
648,1072.1607666015625,719.01220703125,18.110567092895508,3.4039790630340576,664.8818359375,17.224672317504883,3.157320737838745,656.9924926757812,16.84351348876953,3.050428628921509,505.5826416015625,298.84527587890625,9.343002319335938,3.624239206314087,315.2931823730469,10.278125762939453,3.444643020629883,321.34112548828125,9.104659080505371,3.545628786087036
649,1076.63818359375,736.6314086914062,18.278873443603516,3.4494848251342773,673.1337890625,17.37671661376953,3.195939779281616,653.7086181640625,16.95550537109375,3.061101198196411,608.5432739257812,364.7837219238281,11.229231834411621,4.1339616775512695,375.54180908203125,12.106205940246582,3.971864700317383,386.4455871582031,11.539743423461914,4.07961368560791
650,1047.7723388671875,719.0493774414062,17.836885452270508,3.327922821044922,652.0531005859375,16.946367263793945,3.1192824840545654,636.4417114257812,16.60805320739746,3.041898488998413,693.5985107421875,408.0849609375,11.063511848449707,4.349809169769287,450.91156005859375,12.961639404296875,4.155811786651611,435.8995361328125,11.863715171813965,4.113961219787598
651,1049.72021484375,703.8449096679688,17.359682083129883,3.270855665206909,647.7547607421875,16.757898330688477,3.10001277923584,644.2404174804688,16.62801170349121,3.0208652019500732,732.7911987304688,405.1170654296875,11.517783164978027,3.9604105949401855,465.27789306640625,13.643896102905273,4.024494647979736,471.6727600097656,12.838680267333984,3.9755380153656006
652,1065.3101806640625,721.946533203125,17.548839569091797,3.3156867027282715,656.161376953125,16.821870803833008,3.1004912853240967,651.8777465820312,16.678821563720703,3.0230767726898193,861.8715209960938,540.4325561523438,14.700018882751465,4.575112819671631,546.9363403320312,15.164294242858887,4.373926639556885,535.6608276367188,14.194323539733887,4.268389701843262
653,1066.393798828125,724.41064453125,17.40831184387207,3.243699312210083,662.6595458984375,16.785781860351562,3.073129653930664,650.2727661132812,16.584524154663086,3.0107548236846924,682.778076171875,392.1391906738281,10.240132331848145,4.392889022827148,422.4573669433594,10.85590648651123,4.140426158905029,438.39910888671875,10.894667625427246,4.259406566619873
654,1065.328369140625,726.7266845703125,18.120933532714844,3.343057155609131,665.5370483398438,17.234291076660156,3.156857967376709,647.6490478515625,16.968900680541992,3.0673000812530518,613.628173828125,368.4757995605469,10.343639373779297,4.051368236541748,388.44000244140625,11.08382797241211,3.731142282485962,386.553466796875,10.811848640441895,3.7404139041900635
655,1052.6644287109375,702.6665649414062,17.126338958740234,3.257424831390381,654.8561401367188,16.6628360748291,3.0722434520721436,645.4076538085938,16.445755004882812,2.9945902824401855,696.5371704101562,437.53350830078125,11.560086250305176,4.687570571899414,408.2136535644531,11.130342483520508,4.154598712921143,442.8130187988281,12.359349250793457,4.448596000671387
656,1061.786376953125,730.583251953125,17.70037841796875,3.3385775089263916,655.1925659179688,16.89196014404297,3.1240506172180176,646.0537719726562,16.60432243347168,3.0200612545013428,575.467529296875,349.4124755859375,9.911836624145508,4.066890239715576,358.72515869140625,11.205787658691406,3.7939867973327637,363.0262451171875,10.011160850524902,3.841137647628784
657,1079.245849609375,717.7019653320312,18.208446502685547,3.4004223346710205,664.242431640625,17.28849220275879,3.164963960647583,664.6624755859375,17.137039184570312,3.0727598667144775,643.861083984375,423.7823486328125,12.451910018920898,4.250469207763672,409.4867858886719,12.705464363098145,3.9260761737823486,393.8803405761719,11.36756706237793,3.912740468978882
658,1076.1064453125,734.0992431640625,17.997079849243164,3.3508517742156982,673.0460815429688,17.1739501953125,3.1376190185546875,653.9630126953125,16.652921676635742,3.0304996967315674,1199.70947265625,665.2471313476562,18.289058685302734,4.517103672027588,733.7451782226562,19.1550350189209,4.492486476898193,780.0117797851562,20.242931365966797,4.686260223388672
659,1071.77978515625,734.445068359375,17.90038299560547,3.4936461448669434,672.4002685546875,17.229061126708984,3.2184720039367676,649.7262573242188,16.737356185913086,3.080673933029175,601.6740112304688,367.2934875488281,10.917938232421875,4.363262176513672,351.32135009765625,10.776185989379883,3.9560177326202393,386.0894775390625,11.702614784240723,4.233665466308594
660,1048.3345947265625,714.6097412109375,18.181337356567383,3.465639352798462,662.7762451171875,17.302215576171875,3.2077674865722656,635.1187744140625,16.808382034301758,3.0828940868377686,531.240478515625,320.5218811035156,10.811503410339355,3.7446508407592773,322.3389587402344,10.413569450378418,3.5048043727874756,338.3821716308594,10.637170791625977,3.6904296875
661,1056.780517578125,720.90185546875,17.61363410949707,3.2808187007904053,657.525634765625,17.062768936157227,3.1191353797912598,643.2522583007812,16.806509017944336,3.0404598712921143,602.1426391601562,355.7843322753906,11.540810585021973,3.911458969116211,374.0090637207031,11.595915794372559,3.724301815032959,383.20465087890625,11.881697654724121,3.8884947299957275
662,1050.76171875,706.7896728515625,17.347637176513672,3.2634925842285156,651.5742797851562,16.790176391601562,3.1150054931640625,643.2525024414062,16.57452964782715,3.0379462242126465,602.859619140625,359.09442138671875,11.556302070617676,4.165655612945557,345.4632263183594,10.839612007141113,3.6907317638397217,391.4923400878906,12.05536937713623,4.041630268096924
663,1055.5810546875,730.2374877929688,18.196138381958008,3.418903350830078,655.2425537109375,17.06682777404785,3.147944688796997,639.93701171875,16.693824768066406,3.0270607471466064,623.0936889648438,366.01263427734375,9.989152908325195,4.212890148162842,393.2203369140625,10.988288879394531,3.991072416305542,395.3238220214844,11.019664764404297,4.045022010803223
664,1050.7681884765625,721.3663940429688,18.329660415649414,3.4456989765167236,657.7559814453125,17.256694793701172,3.166553020477295,637.0314331054688,16.789884567260742,3.0343892574310303,629.8546142578125,343.81134033203125,10.105586051940918,3.9546287059783936,386.1566467285156,11.071348190307617,3.9883804321289062,410.86419677734375,11.757768630981445,4.14150857925415
665,1045.6326904296875,701.4058837890625,17.73269271850586,3.2587947845458984,652.119873046875,17.00096893310547,3.1387674808502197,639.5750122070312,16.732898712158203,3.050842761993408,1198.365478515625,646.9552612304688,16.31224250793457,5.346642017364502,796.949951171875,19.17609214782715,5.416208267211914,765.1939697265625,18.56468391418457,5.419041156768799
666,1050.9530029296875,716.7530517578125,17.64070701599121,3.284353017807007,650.1182861328125,16.742624282836914,3.086237907409668,640.8915405273438,16.585847854614258,3.0190770626068115,707.3883666992188,404.6222229003906,10.927412033081055,4.503195285797119,440.187744140625,11.571435928344727,4.269474506378174,453.94537353515625,11.495253562927246,4.444338321685791
667,1034.5919189453125,696.6054077148438,17.27655029296875,3.2661495208740234,641.6708984375,16.755361557006836,3.073957920074463,633.1092529296875,16.550888061523438,2.9857218265533447,668.841796875,369.28070068359375,9.521336555480957,4.282687664031982,406.3056945800781,10.429032325744629,4.182252407073975,436.1658630371094,10.559380531311035,4.398461818695068
668,1056.3126220703125,721.0040893554688,17.764799118041992,3.2678873538970947,649.4811401367188,16.774255752563477,3.080146074295044,645.1670532226562,16.640995025634766,3.0112314224243164,781.0569458007812,457.89837646484375,11.417598724365234,4.948877811431885,499.370361328125,12.235464096069336,4.694923400878906,493.8761901855469,11.655296325683594,4.760290145874023
669,1046.25048828125,711.8231811523438,17.83331298828125,3.3309171199798584,650.5440673828125,17.012699127197266,3.1213786602020264,637.5401611328125,16.676544189453125,3.011136054992676,707.9097900390625,438.99603271484375,11.773524284362793,4.624331474304199,443.29669189453125,12.105375289916992,4.266792297363281,443.2220153808594,12.203401565551758,4.341349124908447
670,1039.8917236328125,698.646728515625,17.552927017211914,3.243323802947998,644.1533203125,16.892658233642578,3.062317132949829,637.0515747070312,16.591449737548828,2.9932961463928223,947.0006103515625,530.866943359375,14.565010070800781,4.816164970397949,585.7672119140625,16.900178909301758,4.657848358154297,612.0103759765625,16.599332809448242,4.750998020172119
671,1048.26171875,718.5525512695312,17.783422470092773,3.3869853019714355,645.1635131835938,16.91055679321289,3.117300033569336,639.14697265625,16.57773780822754,3.0012683868408203,667.9313354492188,402.8654479980469,10.813511848449707,4.430212020874023,403.421142578125,11.792888641357422,4.06032133102417,426.0453796386719,12.013931274414062,4.237790584564209
672,1059.4351806640625,735.2782592773438,17.91092872619629,3.3573124408721924,654.3869018554688,16.874801635742188,3.1240062713623047,642.5357666015625,16.669925689697266,3.026036024093628,690.33349609375,389.8100891113281,11.668914794921875,4.23060417175293,421.39947509765625,13.427769660949707,4.080793380737305,446.9706726074219,14.02338981628418,4.291668891906738
673,1050.3648681640625,698.9965209960938,17.419214248657227,3.1914539337158203,647.3714599609375,16.713972091674805,3.072230577468872,646.45458984375,16.706586837768555,3.0267245769500732,754.4235229492188,481.664794921875,13.485894203186035,4.735188007354736,456.64215087890625,13.091612815856934,4.27158260345459,472.93145751953125,12.96084976196289,4.42750883102417
674,1049.7044677734375,707.9808959960938,17.298065185546875,3.229612350463867,651.0745849609375,16.75693702697754,3.0789897441864014,641.9878540039062,16.58112144470215,3.0120270252227783,826.7987670898438,481.2321472167969,12.825994491577148,4.895440578460693,532.7037963867188,14.246101379394531,4.555294036865234,522.617919921875,13.583023071289062,4.623072147369385
675,1051.255615234375,712.42626953125,17.669654846191406,3.334338903427124,655.2694091796875,16.89175796508789,3.092420816421509,640.94677734375,16.6156005859375,3.0105435848236084,624.791259765625,371.3450012207031,10.324007034301758,4.271363258361816,402.37725830078125,11.151076316833496,4.1273603439331055,392.6745300292969,10.786367416381836,4.173819541931152
676,1059.2752685546875,721.4628295898438,17.594728469848633,3.27549147605896,661.2067260742188,17.17523193359375,3.1049702167510986,644.4744873046875,16.841693878173828,3.013521194458008,778.2071533203125,462.3396911621094,11.811674118041992,5.0251264572143555,501.6189270019531,12.950279235839844,4.767734050750732,489.01953125,12.258035659790039,4.749261856079102
677,1038.669921875,701.3642578125,17.609033584594727,3.289944648742676,643.2158813476562,16.754810333251953,3.0794179439544678,635.2957153320312,16.514108657836914,2.9970805644989014,745.28857421875,418.42645263671875,12.242769241333008,4.356924057006836,468.9829406738281,14.282302856445312,4.264036655426025,479.0657653808594,13.988788604736328,4.352735996246338
678,1053.565673828125,718.0284423828125,17.694494247436523,3.3636624813079834,652.3596801757812,16.717552185058594,3.102973461151123,642.44921875,16.561861038208008,3.0065226554870605,731.5897827148438,424.2987060546875,12.633716583251953,4.362578868865967,449.62774658203125,13.051587104797363,4.31104850769043,469.4118347167969,12.804455757141113,4.56219482421875
679,1045.788818359375,701.8541870117188,17.388200759887695,3.2201855182647705,644.86669921875,16.637094497680664,3.0762436389923096,641.7725830078125,16.527084350585938,3.015059471130371,735.7738647460938,445.46990966796875,13.483107566833496,4.53300666809082,434.14447021484375,12.295012474060059,4.264104843139648,471.8896484375,12.755464553833008,4.5356268882751465
680,1064.46435546875,725.8944091796875,17.83942413330078,3.2628583908081055,655.076171875,16.948835372924805,3.088827133178711,650.1732788085938,16.897174835205078,3.042229413986206,905.7819213867188,545.9302368164062,15.67928409576416,4.787137985229492,541.8047485351562,14.677736282348633,4.421998977661133,579.46142578125,15.34786319732666,4.6771087646484375
681,1040.8770751953125,700.2423706054688,17.491926193237305,3.271148681640625,643.600830078125,16.94187355041504,3.1038434505462646,637.7240600585938,16.681880950927734,3.0078256130218506,918.3704223632812,532.49609375,13.438958168029785,5.319700241088867,572.984130859375,14.76401424407959,4.989629745483398,586.7263793945312,15.319391250610352,5.141789436340332
682,1042.985107421875,730.7023315429688,18.006858825683594,3.4105093479156494,656.0476684570312,16.921844482421875,3.1095361709594727,626.9598999023438,16.344785690307617,2.98088002204895,731.6104125976562,394.1114807128906,12.909486770629883,4.094851493835449,446.4168701171875,14.596933364868164,4.038046836853027,479.451904296875,15.024801254272461,4.388709545135498
683,1054.7362060546875,713.7899780273438,17.908605575561523,3.3748390674591064,649.7608032226562,16.88596534729004,3.1166903972625732,645.6710205078125,16.615238189697266,3.0181663036346436,640.3261108398438,369.25946044921875,11.035937309265137,4.161022663116455,394.385009765625,11.826617240905762,4.0572075843811035,411.2328796386719,11.534205436706543,4.273335933685303
684,1066.2947998046875,736.098876953125,18.2304630279541,3.367325782775879,663.3629760742188,17.302518844604492,3.1617846488952637,646.4562377929688,16.888282775878906,3.0517261028289795,756.1659545898438,403.5860900878906,13.187804222106934,4.090838432312012,473.025146484375,15.009872436523438,4.154779434204102,493.1825866699219,14.081319808959961,4.349778175354004
685,1061.972412109375,736.57177734375,18.268686294555664,3.4604127407073975,654.151123046875,17.09575080871582,3.13645339012146,644.7554321289062,16.868896484375,3.047755002975464,921.62158203125,553.821533203125,14.909379959106445,4.881659984588623,628.288330078125,16.25263214111328,4.789338111877441,566.988525390625,15.50908088684082,4.751997470855713
686,1054.56640625,711.0858154296875,17.668540954589844,3.2291736602783203,649.1260375976562,16.70725440979004,3.0714125633239746,646.5028076171875,16.587905883789062,3.007240056991577,859.604736328125,581.4454345703125,17.427419662475586,4.686662673950195,574.6956787109375,16.214780807495117,4.4703593254089355,512.7623291015625,14.860015869140625,4.404749393463135
687,1034.67919921875,705.6025390625,17.455015182495117,3.261906862258911,644.967529296875,16.86623191833496,3.1036605834960938,629.508056640625,16.609285354614258,3.005949020385742,767.5717163085938,408.585205078125,12.258683204650879,4.306484222412109,491.6665954589844,13.534332275390625,4.318143844604492,497.4961853027344,13.193092346191406,4.478763103485107
688,1069.620361328125,722.2225341796875,17.51622200012207,3.3395352363586426,662.2085571289062,16.906827926635742,3.148232936859131,654.2910766601562,16.696311950683594,3.0466456413269043,718.9373168945312,386.84161376953125,11.488958358764648,4.202285289764404,454.60748291015625,13.249418258666992,4.209972858428955,466.50262451171875,13.914021492004395,4.338630199432373
689,1058.0364990234375,730.0994262695312,18.182920455932617,3.3045172691345215,659.7445678710938,17.089872360229492,3.0801875591278076,641.0831298828125,16.74819564819336,2.9813320636749268,859.6320190429688,412.4205017089844,11.750288009643555,4.5512285232543945,566.22607421875,15.091352462768555,5.10350227355957,566.0379638671875,14.76598072052002,5.2383880615234375
690,1058.665283203125,712.8058471679688,17.958711624145508,3.353031873703003,653.085693359375,17.15032958984375,3.155413866043091,648.89794921875,16.828176498413086,3.058522939682007,987.5068969726562,490.8758850097656,13.499062538146973,5.102293491363525,645.318603515625,17.04143524169922,5.474412441253662,646.6485595703125,16.340761184692383,5.489680767059326
691,1051.474853515625,719.26318359375,18.201904296875,3.4379794597625732,658.7356567382812,17.19092559814453,3.158688545227051,638.0753173828125,16.639652252197266,3.0112459659576416,691.4141845703125,360.12908935546875,10.663336753845215,4.0022759437561035,479.21405029296875,13.432305335998535,4.438189506530762,439.6112365722656,11.932543754577637,4.133021831512451
692,1063.38818359375,726.62060546875,17.504920959472656,3.258047580718994,659.6361694335938,16.95655632019043,3.0817172527313232,647.5111083984375,16.81399917602539,3.0209808349609375,688.2918701171875,379.8973388671875,10.534722328186035,4.2724528312683105,446.5924072265625,12.617695808410645,4.37604284286499,440.3448791503906,12.34829044342041,4.422133445739746
693,1064.2567138671875,713.220703125,18.014856338500977,3.3712315559387207,657.0137939453125,17.123645782470703,3.1397297382354736,653.1864013671875,16.970510482788086,3.0620763301849365,565.8048706054688,325.8450012207031,10.430950164794922,3.83152174949646,344.05859375,10.250528335571289,3.680614471435547,364.833740234375,10.77220344543457,3.846926212310791
694,1054.8743896484375,705.223388671875,17.595115661621094,3.2730603218078613,649.4743041992188,16.703481674194336,3.1092920303344727,648.4651489257812,16.603498458862305,3.029512882232666,734.9478759765625,402.2799987792969,10.299837112426758,4.724818706512451,468.4100341796875,11.653459548950195,4.654149532318115,473.7408752441406,11.734563827514648,4.791507720947266
695,1058.0689697265625,724.6111450195312,18.424606323242188,3.482846260070801,654.2020263671875,17.166501998901367,3.168004035949707,644.4251708984375,16.787988662719727,3.0481717586517334,813.7388305664062,454.0081787109375,14.911864280700684,4.440474033355713,511.4200439453125,15.689544677734375,4.481252193450928,524.1103515625,15.004607200622559,4.635907173156738
696,1062.5062255859375,750.2647705078125,18.356239318847656,3.381798505783081,664.8241577148438,17.16421890258789,3.117737293243408,637.9795532226562,16.624189376831055,2.9970152378082275,651.9366455078125,364.07470703125,12.919159889221191,3.4473702907562256,431.5697937011719,14.858122825622559,3.819011926651001,413.2432861328125,13.228863716125488,3.9673376083374023
697,1082.708740234375,750.9310913085938,18.31818962097168,3.4768590927124023,668.021728515625,17.397077560424805,3.1951510906219482,657.022705078125,17.05962371826172,3.0597963333129883,706.6759643554688,387.79400634765625,11.955872535705566,3.9690027236938477,446.54449462890625,13.90436840057373,4.283275127410889,456.37432861328125,13.745867729187012,4.573824405670166
698,1043.8695068359375,703.3753662109375,17.342588424682617,3.246445894241333,652.02734375,16.96964454650879,3.1298024654388428,637.2486572265625,16.714557647705078,3.038661003112793,680.712158203125,377.97039794921875,10.473626136779785,4.061023235321045,428.8024597167969,12.11800479888916,3.960639715194702,438.6802978515625,12.3253755569458,4.135387897491455
699,1035.2489013671875,701.6396484375,17.115997314453125,3.148252010345459,649.0965576171875,16.84442138671875,3.0510752201080322,630.0281372070312,16.573566436767578,2.985931634902954,728.3622436523438,422.32391357421875,11.069785118103027,4.634774208068848,467.15118408203125,11.821126937866211,4.419600486755371,461.5196533203125,11.930980682373047,4.47921895980835
700,1048.493408203125,713.6434326171875,17.947330474853516,3.3614892959594727,648.8728637695312,16.888338088989258,3.103917360305786,639.7384033203125,16.73440170288086,3.010347843170166,573.3078002929688,341.62054443359375,10.274092674255371,3.922332763671875,354.7054748535156,10.598248481750488,3.7764267921447754,364.41009521484375,10.39607048034668,3.8939120769500732
701,1037.2725830078125,722.615966796875,18.009416580200195,3.356793165206909,645.5020751953125,16.922645568847656,3.1043784618377686,626.8372192382812,16.52852439880371,3.0043399333953857,659.3125,383.1190185546875,10.507503509521484,4.4601922035217285,404.2729797363281,11.235438346862793,4.161988735198975,423.0949401855469,12.096895217895508,4.389420032501221
702,1044.724365234375,700.099853515625,17.439373016357422,3.180006504058838,655.1499633789062,16.77956199645996,3.053110122680664,638.1494140625,16.457035064697266,2.954211711883545,718.4888305664062,397.9656066894531,13.199918746948242,4.164125442504883,453.21142578125,14.725555419921875,4.212747573852539,463.1357421875,15.037711143493652,4.332379341125488
703,1037.8309326171875,698.06640625,17.259984970092773,3.2227895259857178,645.7285766601562,16.89624786376953,3.0850493907928467,634.6923828125,16.764005661010742,3.0151453018188477,590.2640380859375,339.0681457519531,10.070773124694824,4.015993595123291,366.5935974121094,11.577342987060547,3.9779348373413086,378.56549072265625,11.793827056884766,4.148141384124756
704,1053.197265625,715.0120849609375,17.649410247802734,3.2363853454589844,653.21484375,16.988611221313477,3.0814836025238037,642.72900390625,16.830604553222656,3.0080947875976562,806.1565551757812,446.7735595703125,11.682414054870605,4.213675498962402,497.57470703125,13.580279350280762,4.096288681030273,522.8521118164062,14.597687721252441,4.260523796081543
705,1047.1048583984375,705.2045288085938,17.695941925048828,3.2437736988067627,656.718017578125,16.928617477416992,3.0842626094818115,638.5281982421875,16.564529418945312,3.0000998973846436,900.33251953125,527.503662109375,14.884627342224121,4.729294776916504,559.2035522460938,15.23738956451416,4.483117580413818,574.3204345703125,16.597030639648438,4.6322221755981445
706,1061.210693359375,731.3785400390625,18.213459014892578,3.492319107055664,656.8982543945312,17.12628173828125,3.190485954284668,644.7277221679688,16.793710708618164,3.0496232509613037,834.0953979492188,481.7879943847656,14.170823097229004,4.470250129699707,516.1097412109375,14.295570373535156,4.417832851409912,534.7260131835938,15.693730354309082,4.614249229431152
707,1060.6453857421875,737.2778930664062,17.560049057006836,3.2297282218933105,659.2699584960938,16.725175857543945,3.0787570476531982,641.6810913085938,16.592605590820312,3.0459961891174316,730.657958984375,462.1640625,13.728063583374023,4.706849098205566,449.7007141113281,13.20456314086914,4.2792158126831055,457.0985412597656,13.299661636352539,4.408240795135498
708,1049.0445556640625,707.8113403320312,17.99761199951172,3.358834981918335,652.1281127929688,17.23816680908203,3.1398329734802246,641.0626220703125,17.066909790039062,3.05397367477417,824.3541870117188,502.20391845703125,14.59288215637207,4.895184516906738,497.5609436035156,13.542163848876953,4.7544474601745605,524.4246826171875,13.46096134185791,5.01752233505249
709,1061.6943359375,723.38818359375,18.10846519470215,3.4150404930114746,656.59814453125,17.16124153137207,3.156188488006592,647.6984252929688,16.89017677307129,3.036332130432129,733.8213500976562,392.3749084472656,12.197784423828125,4.299924850463867,411.8250427246094,12.186128616333008,4.3839802742004395,492.5613098144531,13.97764778137207,4.912027835845947
710,1049.357177734375,701.189208984375,17.335323333740234,3.2272286415100098,651.28759765625,16.811920166015625,3.0889108180999756,643.6140747070312,16.70682144165039,3.0315420627593994,778.762939453125,442.876220703125,13.15933895111084,4.597387790679932,451.40277099609375,12.019807815551758,4.489953517913818,510.4792785644531,13.508241653442383,4.895776271820068
711,1051.7191162109375,717.4887084960938,18.38572120666504,3.4132986068725586,657.26318359375,17.3817081451416,3.1453046798706055,639.2935180664062,16.916839599609375,3.0265820026397705,701.9762573242188,412.9563293457031,11.024234771728516,4.606893062591553,440.1839294433594,12.031397819519043,4.403229713439941,446.0341796875,11.99588394165039,4.529751777648926
712,1068.7567138671875,727.2717895507812,17.75231170654297,3.323194742202759,661.5762939453125,16.908531188964844,3.1182923316955566,652.1021118164062,16.686363220214844,3.0166964530944824,744.9285278320312,393.8421936035156,10.173933982849121,4.590703010559082,462.0550231933594,11.980589866638184,4.672966003417969,488.15936279296875,12.032269477844238,4.8620781898498535
713,1057.0511474609375,716.4265747070312,17.649885177612305,3.394071340560913,661.8796997070312,17.028526306152344,3.146928071975708,643.559326171875,16.69412612915039,3.050989866256714,641.0523681640625,313.9217529296875,9.163679122924805,3.7784838676452637,360.9600830078125,10.939504623413086,3.9504964351654053,438.58782958984375,12.467432022094727,4.416078567504883
714,1053.84619140625,716.41748046875,17.92847442626953,3.2834134101867676,653.1732177734375,17.100492477416992,3.1021764278411865,642.9689331054688,16.9307918548584,3.016648530960083,686.9588623046875,350.72381591796875,10.95244026184082,3.8146684169769287,386.3891906738281,11.511085510253906,3.759615659713745,465.82501220703125,12.71807861328125,4.114223957061768
715,1033.7376708984375,701.2357177734375,17.4905948638916,3.2399208545684814,646.7540893554688,16.98685646057129,3.0859358310699463,629.3406982421875,16.724390029907227,2.9981746673583984,758.503173828125,456.4224548339844,14.105995178222656,4.4434614181518555,450.84588623046875,13.673418045043945,4.127427577972412,486.3226623535156,14.188984870910645,4.346965789794922
716,1015.9411010742188,686.1768188476562,17.083148956298828,3.1719095706939697,628.5509643554688,16.52452850341797,3.0158116817474365,621.522705078125,16.380634307861328,2.954360246658325,656.4813842773438,381.0614318847656,11.761683464050293,4.145527362823486,392.7503356933594,11.852932929992676,4.012281894683838,424.3378601074219,12.557621955871582,4.151960849761963
717,1050.3853759765625,721.4339599609375,17.684558868408203,3.212285280227661,657.419189453125,16.956302642822266,3.0538551807403564,636.7294311523438,16.514772415161133,2.966355085372925,851.0684814453125,450.92724609375,13.024019241333008,4.577804088592529,502.8147888183594,14.588616371154785,4.448361873626709,564.9459228515625,16.09602165222168,4.689629554748535
718,1065.0521240234375,717.6594848632812,17.9539794921875,3.312765121459961,667.1959838867188,17.54173469543457,3.177274227142334,649.5955200195312,17.242067337036133,3.0801122188568115,801.660888671875,433.75653076171875,11.736071586608887,4.237130165100098,488.9452819824219,13.72833251953125,4.195501804351807,524.850341796875,13.833769798278809,4.286808967590332
719,1050.4600830078125,716.2261962890625,18.121030807495117,3.2918856143951416,646.8607788085938,17.101001739501953,3.0953569412231445,641.5339965820312,16.932342529296875,3.0271432399749756,905.9036254882812,575.1846313476562,16.190492630004883,4.864837646484375,566.1996459960938,16.270549774169922,4.482777118682861,563.4884033203125,15.780251502990723,4.593267440795898
720,1027.0106201171875,695.4305419921875,17.192058563232422,3.170358419418335,636.671875,16.5497989654541,3.024345874786377,627.3799438476562,16.408483505249023,2.9551029205322266,662.8591918945312,400.84716796875,11.281702995300293,4.374090194702148,425.2206726074219,12.064558029174805,4.180830478668213,415.038818359375,11.415763854980469,4.172738075256348
721,1010.276611328125,685.0473022460938,17.13546371459961,3.1245431900024414,638.7161865234375,16.638364791870117,3.011655807495117,613.1475219726562,16.290586471557617,2.932692289352417,908.3570556640625,583.6678466796875,15.753226280212402,5.181366920471191,578.1116943359375,16.133193969726562,4.852177143096924,559.8231201171875,14.737198829650879,4.844898223876953
722,1034.977294921875,704.6508178710938,17.825450897216797,3.339536190032959,644.3846435546875,16.90946388244629,3.0940537452697754,630.2667236328125,16.64454460144043,3.0067708492279053,806.5928344726562,470.0535583496094,14.744828224182129,4.556190013885498,502.67218017578125,15.539727210998535,4.315993309020996,514.775146484375,14.868159294128418,4.523526191711426
723,1022.4828491210938,678.8148193359375,17.16658592224121,3.183983564376831,637.4619750976562,16.82769775390625,3.049060583114624,627.5997924804688,16.71303367614746,3.000835657119751,678.2815551757812,401.006591796875,11.767708778381348,4.020384311676025,421.28155517578125,12.569971084594727,3.9870800971984863,431.59515380859375,11.60492992401123,4.1707658767700195
724,1040.417724609375,722.9388427734375,17.848628997802734,3.3239059448242188,646.0205688476562,16.929792404174805,3.102121114730835,629.729736328125,16.618986129760742,2.981898784637451,1113.09375,603.0806274414062,16.841426849365234,4.760143756866455,698.0274658203125,19.299650192260742,4.791538238525391,722.7612915039062,19.350051879882812,5.1481709480285645
725,1048.4991455078125,712.940673828125,17.345680236816406,3.266031265258789,658.5687866210938,16.889123916625977,3.113983154296875,637.046142578125,16.633804321289062,3.0447890758514404,598.90234375,327.8785400390625,10.398127555847168,3.9728903770446777,372.5767517089844,11.252889633178711,4.095795154571533,388.7658386230469,10.58439826965332,4.254249095916748
726,1035.8297119140625,701.2930908203125,17.704774856567383,3.2431163787841797,650.6987915039062,17.10179901123047,3.0865578651428223,630.2322387695312,16.765844345092773,3.01665997505188,839.1743774414062,476.4267578125,13.925145149230957,4.315511226654053,548.0161743164062,14.725564956665039,4.4742913246154785,531.841552734375,14.423379898071289,4.69548225402832
727,1046.763427734375,704.2160034179688,17.49658203125,3.2626566886901855,648.6871948242188,16.920612335205078,3.110360860824585,640.892578125,16.719167709350586,3.011847734451294,690.2985229492188,373.66265869140625,10.67127513885498,4.227612495422363,440.26019287109375,12.412191390991211,4.32887077331543,446.12164306640625,12.019550323486328,4.526637554168701
728,1034.513916015625,708.8887939453125,17.871105194091797,3.3099358081817627,644.0471801757812,17.001596450805664,3.104963779449463,628.633056640625,16.675682067871094,3.0147430896759033,674.5826416015625,369.5332336425781,9.40829086303711,4.338132381439209,404.1859436035156,10.692364692687988,4.2633256912231445,442.46685791015625,10.75725269317627,4.545958995819092
729,1027.6226806640625,703.21240234375,17.533906936645508,3.2131218910217285,636.7442626953125,16.97861099243164,3.0730974674224854,625.6356201171875,16.67437744140625,2.980029582977295,1018.3479614257812,469.15576171875,13.025008201599121,4.509703636169434,623.0076904296875,16.52003288269043,4.7311625480651855,690.6989135742188,17.403032302856445,5.000648021697998
730,1050.02880859375,716.9485473632812,17.35355567932129,3.2104547023773193,656.7684936523438,16.976919174194336,3.107732057571411,637.9137573242188,16.70197868347168,3.0462987422943115,768.1083374023438,420.5243225097656,11.069886207580566,4.71233606338501,487.2484436035156,13.50017261505127,4.773435592651367,495.7764892578125,13.437899589538574,4.892912864685059
731,1034.702880859375,698.1640014648438,17.412179946899414,3.234806537628174,644.5008544921875,16.783823013305664,3.0538878440856934,631.9031982421875,16.63916015625,2.993717670440674,655.57470703125,377.8291015625,10.17726993560791,4.3383355140686035,416.59735107421875,11.15770149230957,4.2337775230407715,417.246826171875,10.625114440917969,4.269187927246094
732,1034.6617431640625,701.5958251953125,17.583539962768555,3.2497975826263428,639.2647705078125,16.838544845581055,3.0504136085510254,632.4036865234375,16.62212562561035,2.964305877685547,550.0684204101562,314.49432373046875,9.425405502319336,3.778587818145752,344.4769592285156,10.344149589538574,3.8513355255126953,352.3770446777344,10.123199462890625,3.9198427200317383
733,1032.92626953125,725.7466430664062,18.34550666809082,3.387777090072632,645.0462646484375,16.88372230529785,3.0974910259246826,621.6882934570312,16.4853458404541,2.9801669120788574,911.6963500976562,482.8908996582031,14.880970001220703,4.704215049743652,538.6926879882812,15.108448028564453,4.981678485870361,605.2212524414062,17.343168258666992,5.362288951873779
734,1023.4959106445312,710.573974609375,17.664655685424805,3.2364253997802734,632.6824951171875,16.749547958374023,3.050783634185791,620.5189208984375,16.377052307128906,2.9634358882904053,955.8203735351562,513.7192993164062,14.731095314025879,4.4071221351623535,579.1654052734375,16.012908935546875,4.502431869506836,627.9550170898438,17.00090789794922,4.858224391937256
735,1021.62890625,704.0810546875,17.458005905151367,3.2245113849639893,640.1961669921875,16.672866821289062,3.0289154052734375,618.345703125,16.378843307495117,2.9450833797454834,663.6658325195312,356.74072265625,11.055085182189941,4.06150484085083,417.00128173828125,13.508859634399414,4.228835582733154,431.543212890625,12.734522819519043,4.38699197769165
736,1031.916748046875,707.0216064453125,17.334749221801758,3.2177233695983887,640.9130249023438,16.891407012939453,3.0838871002197266,627.5363159179688,16.7384033203125,3.011044502258301,880.60791015625,477.9723815917969,12.517449378967285,4.977458477020264,533.1036376953125,14.5867338180542,4.66755485534668,577.2850952148438,14.238626480102539,4.859906196594238
737,1037.9263916015625,696.28515625,17.705533981323242,3.252127170562744,641.4743041992188,16.78034782409668,3.0491533279418945,636.5985717773438,16.541786193847656,2.9632816314697266,953.6852416992188,545.323486328125,15.962923049926758,4.562438488006592,554.7236328125,16.92365264892578,4.355947494506836,623.6710815429688,18.880781173706055,4.655370712280273
738,1039.3192138671875,719.257568359375,17.593965530395508,3.3039088249206543,643.5692749023438,16.79669189453125,3.076603412628174,630.4711303710938,16.528493881225586,2.9810822010040283,665.9548950195312,383.18280029296875,10.030867576599121,4.494604587554932,409.3234558105469,10.711637496948242,4.347639560699463,428.20294189453125,11.093997955322266,4.565689563751221
739,1033.445068359375,705.229248046875,17.415740966796875,3.1457974910736084,641.9317626953125,16.68484115600586,3.0061357021331787,629.2967529296875,16.656763076782227,2.9503462314605713,684.4939575195312,384.9902038574219,10.317108154296875,4.38392972946167,418.3841552734375,10.772210121154785,4.299831867218018,443.4816589355469,11.027684211730957,4.505566596984863
740,1030.404541015625,712.0106811523438,18.097124099731445,3.256967782974243,641.8104248046875,16.923274993896484,3.0546047687530518,624.2581787109375,16.55439567565918,2.971635580062866,618.76220703125,393.6513977050781,12.075331687927246,4.175650119781494,382.870849609375,11.009783744812012,3.933070421218872,385.8055419921875,10.946374893188477,4.031650543212891
741,1013.6622924804688,676.656982421875,17.108232498168945,3.139991044998169,635.4055786132812,16.715293884277344,3.027784585952759,620.0435791015625,16.420379638671875,2.9466872215270996,577.0455322265625,343.6954040527344,9.50173282623291,4.025964260101318,375.47149658203125,10.98785400390625,4.0295562744140625,361.29547119140625,10.260345458984375,3.9772613048553467
742,1025.910888671875,686.8245849609375,17.68596839904785,3.245211601257324,634.6820068359375,16.821256637573242,3.039984941482544,629.4589233398438,16.693889617919922,2.9668145179748535,681.1968994140625,422.3035583496094,13.054367065429688,4.367232322692871,439.08612060546875,12.714044570922852,4.037282466888428,422.7799377441406,12.573655128479004,4.084649562835693
743,1019.2702026367188,707.9517822265625,17.580394744873047,3.272050380706787,636.9857788085938,16.76683807373047,3.071807861328125,615.7890625,16.43015480041504,2.9739081859588623,711.53271484375,427.0967102050781,11.975319862365723,4.690646648406982,455.62060546875,13.189379692077637,4.50042724609375,446.7175598144531,12.894364356994629,4.528282165527344
744,1018.941650390625,689.2274169921875,17.449960708618164,3.1881396770477295,635.1549682617188,16.766963958740234,3.034564971923828,621.6270141601562,16.515268325805664,2.9420511722564697,1028.3609619140625,534.7252807617188,15.209247589111328,4.686341285705566,634.0750122070312,16.61536979675293,4.488504886627197,677.7208862304688,17.923139572143555,4.735549449920654
745,1024.6820068359375,701.2247924804688,17.813785552978516,3.3022077083587646,644.0853881835938,16.88905143737793,3.08138370513916,621.0889282226562,16.525760650634766,2.981294870376587,582.4664916992188,327.1927185058594,11.505255699157715,3.857271432876587,368.5265808105469,12.08547592163086,3.9537110328674316,373.7507019042969,11.995346069335938,4.01833438873291
746,1041.207763671875,723.8372802734375,17.88163185119629,3.3660178184509277,639.9757080078125,16.803987503051758,3.0788469314575195,632.0639038085938,16.681053161621094,2.9856014251708984,759.8565063476562,399.2049560546875,12.586770057678223,4.082170486450195,456.7464294433594,13.25825023651123,4.326169967651367,503.0710754394531,13.942427635192871,4.644750118255615
747,1030.375244140625,716.8092651367188,17.821632385253906,3.3329222202301025,639.2160034179688,16.911361694335938,3.0993714332580566,623.5676879882812,16.593080520629883,2.9682440757751465,694.2467651367188,337.4993591308594,9.80009937286377,3.907405376434326,426.151611328125,11.79842472076416,4.341464042663574,465.1514587402344,12.526880264282227,4.566112041473389
748,1041.8907470703125,712.158447265625,18.054244995117188,3.3355987071990967,645.8553466796875,17.032489776611328,3.1154887676239014,634.4865112304688,16.596973419189453,2.986952304840088,857.1702880859375,432.92950439453125,12.942073822021484,4.232661724090576,555.904541015625,16.039215087890625,4.678738594055176,560.5200805664062,16.017398834228516,4.601736068725586
749,1031.7593994140625,684.7238159179688,17.601228713989258,3.2028648853302,641.8278198242188,16.94823455810547,3.0696334838867188,633.7938842773438,16.80597686767578,3.017268657684326,553.1884765625,315.9333801269531,9.399471282958984,3.7868876457214355,362.728271484375,10.972250938415527,3.902726411819458,349.5899963378906,10.06218147277832,3.857783555984497
750,1025.7091064453125,693.7511596679688,17.474693298339844,3.281905174255371,648.1273803710938,16.96312713623047,3.0739362239837646,623.1455078125,16.5384464263916,2.9527881145477295,585.6185302734375,327.13226318359375,9.651339530944824,3.759733200073242,361.1211242675781,10.740937232971191,3.9732906818389893,379.1425476074219,11.320918083190918,4.144979953765869
751,1043.1971435546875,708.0236206054688,17.678634643554688,3.275261402130127,647.8167114257812,16.89325714111328,3.0703628063201904,636.4450073242188,16.64626693725586,2.9948692321777344,627.0684814453125,351.17987060546875,9.72122573852539,4.148936748504639,425.7352294921875,12.547764778137207,4.341441631317139,393.9939880371094,10.981637001037598,4.262906074523926
752,1049.7813720703125,726.0420532226562,18.08490753173828,3.2359533309936523,644.3453979492188,16.853548049926758,3.0596721172332764,638.665283203125,16.701061248779297,3.001621961593628,917.5552368164062,473.2557067871094,11.869171142578125,4.993429660797119,572.8211669921875,15.591697692871094,5.004202842712402,603.7321166992188,17.103422164916992,5.148472309112549
753,1045.344970703125,721.2608642578125,18.75518226623535,3.4355461597442627,639.3365478515625,17.131698608398438,3.127004623413086,637.1658325195312,16.815162658691406,3.014328956604004,911.4881591796875,498.85382080078125,14.929999351501465,4.25060510635376,586.0044555664062,17.0631160736084,4.784634113311768,586.0307006835938,15.944705963134766,4.697220802307129
754,1030.3983154296875,692.8895263671875,17.246944427490234,3.1478312015533447,640.1680908203125,16.61343765258789,3.00905442237854,630.48095703125,16.508935928344727,2.9541473388671875,643.1292724609375,343.9559631347656,9.954763412475586,4.043546676635742,393.9670715332031,11.18729019165039,4.178523540496826,421.7522888183594,11.205337524414062,4.4077911376953125
755,1018.5965576171875,702.8648681640625,17.88350486755371,3.281682252883911,635.9823608398438,17.00383186340332,3.064209222793579,616.9422607421875,16.621200561523438,2.981539726257324,607.9924926757812,317.0559997558594,9.996962547302246,3.5851008892059326,358.8430480957031,11.835532188415527,3.7621078491210938,405.2227783203125,12.21386432647705,4.120417594909668
756,1040.851318359375,723.6961669921875,17.690797805786133,3.3227832317352295,645.0308227539062,17.00316619873047,3.1112115383148193,630.2332763671875,16.576452255249023,2.9646706581115723,642.2272338867188,350.36907958984375,9.796591758728027,4.0926690101623535,380.1268005371094,11.182403564453125,4.052724361419678,423.0785217285156,11.108892440795898,4.341484069824219
757,1022.0396118164062,697.7177124023438,17.705360412597656,3.272538661956787,636.5010375976562,16.829614639282227,3.0661067962646484,621.77392578125,16.524288177490234,2.9739887714385986,621.3673706054688,331.3236083984375,9.096270561218262,4.037869930267334,365.8198547363281,10.203770637512207,3.9046072959899902,412.2242736816406,10.527047157287598,4.244811058044434
758,1021.5111083984375,695.95654296875,17.462182998657227,3.2139170169830322,632.5873413085938,16.777080535888672,3.0282607078552246,622.9479370117188,16.6163387298584,2.9481871128082275,783.6505126953125,418.5823974609375,11.305811882019043,4.415562152862549,479.53662109375,12.828577995300293,4.439727306365967,514.2147827148438,12.797143936157227,4.683718681335449
759,1027.701416015625,714.2887573242188,17.7053165435791,3.26011061668396,634.4473266601562,16.71637725830078,3.060397148132324,623.0805053710938,16.512537002563477,2.9684057235717773,758.852294921875,412.2173156738281,10.540148735046387,4.663674831390381,483.1845397949219,12.128097534179688,4.668078899383545,490.23175048828125,12.341976165771484,4.819297790527344
760,1006.2440795898438,684.499755859375,17.223440170288086,3.1848526000976562,632.6012573242188,16.6197566986084,3.0319461822509766,611.1136474609375,16.316560745239258,2.929487466812134,633.4847412109375,336.70257568359375,9.267379760742188,4.005004405975342,399.6826171875,10.449462890625,4.153994083404541,412.5692138671875,10.484875679016113,4.230508327484131
761,1018.658935546875,695.9417114257812,17.533437728881836,3.231825590133667,636.286376953125,16.77289390563965,3.036543607711792,618.9906005859375,16.522043228149414,2.946155548095703,723.2452392578125,365.8798522949219,11.148571968078613,3.913705348968506,441.6004943847656,13.12491512298584,4.266351699829102,481.0011291503906,12.987448692321777,4.381380558013916
762,1034.7413330078125,687.9842529296875,17.441221237182617,3.262737274169922,648.0720825195312,16.738941192626953,3.0932013988494873,633.9244384765625,16.397964477539062,2.976702928543091,716.1961669921875,367.2369689941406,11.452387809753418,3.9911646842956543,491.4441223144531,13.813931465148926,4.46564245223999,458.5918273925781,12.977481842041016,4.34929084777832
763,1029.5615234375,694.950927734375,17.269521713256836,3.1052393913269043,638.9652099609375,16.840837478637695,2.9979963302612305,629.38671875,16.760988235473633,2.9606142044067383,769.1435546875,472.6559753417969,11.719919204711914,4.991049289703369,517.8190307617188,13.002256393432617,4.716863632202148,472.00103759765625,11.953314781188965,4.494673252105713
764,1048.533935546875,746.24267578125,18.811084747314453,3.5390894412994385,646.7822875976562,17.241941452026367,3.1693191528320312,630.62646484375,16.78079605102539,3.0203261375427246,599.3394775390625,372.0457458496094,10.271543502807617,4.311664581298828,410.469482421875,11.514680862426758,4.081143379211426,364.5848693847656,11.640026092529297,3.9299118518829346
765,1045.7763671875,731.0026245117188,18.243284225463867,3.3480801582336426,650.9470825195312,16.93058967590332,3.0894224643707275,631.1913452148438,16.65947914123535,2.9950311183929443,833.03759765625,460.9010925292969,13.056111335754395,4.340142726898193,563.50146484375,16.864030838012695,4.653963565826416,525.716796875,15.31676959991455,4.664389610290527
766,1026.604736328125,694.9744262695312,16.82728385925293,3.1507811546325684,641.818603515625,16.476709365844727,3.047670364379883,625.5669555664062,16.282384872436523,2.977355718612671,754.8999633789062,434.5129699707031,13.423532485961914,4.508458614349365,460.3802795410156,13.677064895629883,4.525173187255859,486.4319763183594,13.782654762268066,4.691721439361572
767,1013.8472290039062,699.8204956054688,17.48398208618164,3.172072410583496,629.803955078125,16.572175979614258,3.0007855892181396,614.9598388671875,16.492300033569336,2.949202060699463,855.6006469726562,500.7782897949219,12.690244674682617,5.2539849281311035,506.35076904296875,13.987129211425781,4.861095428466797,553.4619750976562,14.475178718566895,5.203758716583252
768,1081.0380859375,778.9866333007812,19.553958892822266,3.8768513202667236,670.5419311523438,17.748254776000977,3.337873935699463,646.1796264648438,17.01527214050293,3.120342969894409,763.592529296875,390.31915283203125,11.230842590332031,4.32207727432251,461.5274658203125,12.997153282165527,4.454840660095215,508.03851318359375,13.754717826843262,4.659759521484375
769,1047.6966552734375,701.0924682617188,17.39878273010254,3.1898248195648193,654.57177734375,17.042755126953125,3.097679615020752,640.9972534179688,16.7539005279541,3.017904758453369,687.5521240234375,359.6508483886719,10.752181053161621,4.087565898895264,405.603271484375,11.827991485595703,4.067264556884766,457.9758605957031,12.177886962890625,4.344084739685059
770,1050.6160888671875,703.8311767578125,18.09947967529297,3.345355987548828,653.1065673828125,17.267505645751953,3.1052496433258057,643.5347900390625,17.03234100341797,3.026109218597412,713.2130737304688,357.9786682128906,11.79139232635498,3.4947099685668945,426.62042236328125,14.00876522064209,4.016165256500244,477.8333435058594,13.467101097106934,4.317461967468262
771,1015.7815551757812,701.9882202148438,17.18665313720703,3.260908842086792,635.0187377929688,16.616464614868164,3.0392534732818604,614.6793823242188,16.52358627319336,2.9630768299102783,875.8035278320312,443.5745849609375,11.870951652526855,4.755814075469971,520.909912109375,13.853996276855469,4.945007801055908,586.4581909179688,14.199308395385742,5.325417995452881
772,1012.6642456054688,683.5927124023438,17.107973098754883,3.163654088973999,626.150146484375,16.485092163085938,3.02951979637146,619.741455078125,16.373390197753906,2.947625160217285,758.9639282226562,414.5009460449219,11.048934936523438,4.577093124389648,474.4326171875,12.207965850830078,4.485278606414795,492.2839050292969,12.302957534790039,4.702178955078125
773,1021.080810546875,707.1834716796875,18.017642974853516,3.325293779373169,634.1935424804688,16.824954986572266,3.067288875579834,618.667724609375,16.493818283081055,2.9504992961883545,716.400146484375,394.6885070800781,11.016324043273926,4.384644985198975,460.9827575683594,12.083511352539062,4.480847358703613,459.6988220214844,11.467697143554688,4.439002513885498
774,1014.0030517578125,687.72265625,17.22077751159668,3.128582000732422,636.64794921875,16.755550384521484,3.0122785568237305,616.69189453125,16.467388153076172,2.929456949234009,712.2218627929688,377.1837463378906,11.036083221435547,4.283586502075195,444.9078674316406,12.498994827270508,4.3717217445373535,465.59442138671875,12.689814567565918,4.470272541046143
775,1029.84521484375,720.3872680664062,17.75899314880371,3.231719493865967,641.518798828125,16.661344528198242,3.014843225479126,621.2734985351562,16.52768898010254,2.9586756229400635,759.4744262695312,448.04302978515625,11.174910545349121,4.870847225189209,531.2914428710938,14.443445205688477,4.924835681915283,465.67413330078125,12.098553657531738,4.651443958282471
776,1051.712890625,724.3505859375,18.161054611206055,3.219205379486084,658.1937866210938,17.113605499267578,3.0403716564178467,636.9495849609375,16.897478103637695,2.9828150272369385,893.4299926757812,451.76861572265625,12.570886611938477,4.250985622406006,556.893310546875,14.496557235717773,4.32238245010376,590.8312377929688,15.162823677062988,4.36873722076416
777,1029.6968994140625,696.38623046875,17.59290313720703,3.2098171710968018,636.4173583984375,16.584217071533203,3.0008840560913086,629.8558349609375,16.32166862487793,2.9097211360931396,930.5291137695312,560.8803100585938,16.2503719329834,4.89701509475708,573.8751220703125,15.718670845031738,4.685380935668945,590.1024780273438,16.551433563232422,4.923145771026611
778,1028.0067138671875,700.722412109375,17.750825881958008,3.3578455448150635,641.8844604492188,17.090036392211914,3.1242074966430664,625.224609375,16.70058822631836,3.0068740844726562,650.5497436523438,330.68194580078125,9.217046737670898,3.9472694396972656,398.3465576171875,11.057581901550293,4.157670021057129,431.8411560058594,11.415465354919434,4.404778480529785
779,1015.5352172851562,687.328857421875,17.252620697021484,3.1798322200775146,633.1002197265625,16.847063064575195,3.031175374984741,619.4064331054688,16.596221923828125,2.9416420459747314,664.7362060546875,353.7093505859375,9.96439266204834,3.9502453804016113,395.53436279296875,11.718354225158691,4.1054792404174805,439.963134765625,11.7394437789917,4.384923458099365
780,1017.4086303710938,691.5877685546875,17.30101776123047,3.195861339569092,631.6286010742188,16.645917892456055,3.0156939029693604,620.4437866210938,16.456693649291992,2.923865795135498,1759.7122802734375,935.9674682617188,20.079795837402344,5.051157474517822,1095.9964599609375,22.992218017578125,5.112735748291016,1150.1231689453125,23.483190536499023,5.4387593269348145
781,1037.564697265625,715.3399047851562,17.32610321044922,3.2512450218200684,649.9854736328125,16.723865509033203,3.1086771488189697,627.9671020507812,16.43079948425293,3.0110344886779785,783.38427734375,393.74212646484375,11.008625030517578,4.418789386749268,478.0641174316406,14.389820098876953,4.548593044281006,521.8423461914062,14.148618698120117,4.875825881958008
782,1037.28125,694.927490234375,17.04416847229004,3.139343500137329,646.3170776367188,16.82545280456543,3.038774013519287,634.9078979492188,16.74532699584961,2.977527379989624,780.4528198242188,462.36468505859375,12.367968559265137,4.844737529754639,481.837158203125,12.390384674072266,4.5955657958984375,497.1922912597656,12.299138069152832,4.746996879577637
783,1017.87548828125,699.3751220703125,17.753149032592773,3.3460958003997803,629.7992553710938,16.700151443481445,3.079655408859253,619.1232299804688,16.430204391479492,2.955364465713501,614.7579956054688,328.1576843261719,9.41193675994873,3.905548334121704,370.2799072265625,10.969322204589844,3.9209694862365723,405.22674560546875,10.878241539001465,4.149993896484375
784,1032.10009765625,703.2606201171875,17.284137725830078,3.1945459842681885,634.8399658203125,16.465848922729492,3.0026001930236816,630.6697387695312,16.591445922851562,2.9472849369049072,892.415283203125,498.975830078125,12.487606048583984,5.169861793518066,527.39599609375,13.21603012084961,5.179764747619629,584.5037231445312,13.523855209350586,5.545441627502441
785,1030.461181640625,706.7928466796875,18.297935485839844,3.451535701751709,647.6630249023438,17.10053062438965,3.142580509185791,624.1243286132812,16.608051300048828,3.0010626316070557,648.7415161132812,326.37445068359375,8.878652572631836,3.924332618713379,408.7799377441406,10.807134628295898,4.223556995391846,428.1952209472656,11.112638473510742,4.375278949737549
786,1027.5318603515625,700.24267578125,17.303722381591797,3.2038397789001465,636.588134765625,16.61197853088379,3.035977602005005,626.4827270507812,16.414186477661133,2.959872245788574,523.9092407226562,278.91705322265625,9.152935981750488,3.493497610092163,322.3638000488281,9.726069450378418,3.7586536407470703,343.5249938964844,10.303425788879395,3.9240007400512695
787,1032.5255126953125,725.655517578125,17.839017868041992,3.192099094390869,638.8907470703125,16.705678939819336,3.0241787433624268,623.16162109375,16.48798179626465,2.924252510070801,710.6294555664062,408.8472900390625,11.154581069946289,4.670905590057373,431.3071594238281,11.320089340209961,4.5600504875183105,458.5831298828125,12.203695297241211,4.818004131317139
788,1022.8914794921875,702.6563720703125,17.27450180053711,3.238903045654297,633.4246215820312,16.577476501464844,3.0111947059631348,622.0672607421875,16.279359817504883,2.929180145263672,813.5282592773438,432.6639099121094,13.052907943725586,4.317389965057373,511.7284851074219,16.467315673828125,4.374447822570801,530.2105102539062,15.557090759277344,4.49918794631958
789,1032.7879638671875,703.1290283203125,17.315813064575195,3.2137563228607178,647.4532470703125,16.862825393676758,3.0331199169158936,627.6131591796875,16.498836517333984,2.9294018745422363,672.9033203125,337.9118347167969,9.959844589233398,4.030011177062988,493.36236572265625,15.734506607055664,4.591328144073486,423.5210266113281,12.779895782470703,4.427350997924805
790,1021.06884765625,688.1951293945312,17.52631950378418,3.1725146770477295,638.5560302734375,16.893312454223633,3.060760259628296,623.0435791015625,16.578399658203125,2.9546499252319336,691.1637573242188,418.74212646484375,13.108281135559082,4.55652379989624,460.5871276855469,15.58607292175293,4.559427738189697,427.36492919921875,13.264575958251953,4.5651326179504395
791,1022.0807495117188,701.6190185546875,17.508098602294922,3.2201197147369385,640.73193359375,16.77141571044922,3.033797264099121,619.3755493164062,16.437625885009766,2.9554977416992188,690.08447265625,409.5835876464844,11.510420799255371,4.671339511871338,428.9606628417969,12.484268188476562,4.559695720672607,438.5211486816406,12.596549987792969,4.715279579162598
792,1008.0530395507812,681.05810546875,17.401111602783203,3.2213425636291504,628.3380737304688,16.812559127807617,3.0128543376922607,615.234130859375,16.607955932617188,2.936190128326416,697.3358154296875,398.5130615234375,11.247884750366211,4.543002605438232,423.2937316894531,11.82917594909668,4.4488301277160645,450.79376220703125,12.773709297180176,4.709224700927734
793,1013.4302978515625,692.492431640625,17.79916000366211,3.250844717025757,628.7582397460938,16.768869400024414,3.016839027404785,617.0550537109375,16.57062530517578,2.936788558959961,847.4988403320312,506.7161865234375,15.846134185791016,4.311598300933838,510.302001953125,15.516465187072754,4.213005542755127,542.393310546875,15.277714729309082,4.405956745147705
794,1018.2257690429688,696.7078247070312,17.37644386291504,3.2033541202545166,629.2892456054688,16.5985164642334,3.0132031440734863,620.4266357421875,16.409801483154297,2.9437599182128906,676.8544311523438,397.04547119140625,12.128588676452637,4.423362731933594,414.0322570800781,11.95889663696289,4.446743488311768,433.53118896484375,12.230626106262207,4.682655334472656
795,999.1552124023438,678.6019897460938,16.956140518188477,3.102773666381836,624.1621704101562,16.56572914123535,2.9805245399475098,608.3259887695312,16.347244262695312,2.9001801013946533,753.150634765625,445.71990966796875,12.316237449645996,4.71964693069458,457.1498107910156,12.752339363098145,4.534472465515137,482.2897033691406,12.596846580505371,4.835103988647461
796,999.5086669921875,681.1768798828125,16.969017028808594,3.1642119884490967,621.6604614257812,16.468538284301758,2.988921880722046,608.657470703125,16.2900390625,2.904482126235962,669.4412231445312,374.75341796875,10.6115140914917,4.322500228881836,419.8222351074219,11.61355209350586,4.3051629066467285,431.0686340332031,11.34061050415039,4.459680557250977
797,1011.6450805664062,684.16796875,17.12833023071289,3.090301752090454,627.45556640625,16.665115356445312,2.9810824394226074,618.157958984375,16.582115173339844,2.92047119140625,750.284912109375,444.59027099609375,11.914641380310059,4.684778213500977,474.4134826660156,13.228860855102539,4.6162333488464355,474.583740234375,12.282140731811523,4.714330196380615
798,1003.2777709960938,668.4830932617188,17.135005950927734,3.159306526184082,636.7762451171875,16.696332931518555,2.990915298461914,611.7000122070312,16.27031707763672,2.8900203704833984,673.9223022460938,388.47552490234375,11.831087112426758,4.215970039367676,413.1171875,12.309830665588379,4.146936893463135,433.4444580078125,12.440644264221191,4.36586856842041
799,1019.6021118164062,696.1690673828125,17.55803871154785,3.178272247314453,628.514892578125,16.531293869018555,2.9738171100616455,622.1971435546875,16.457557678222656,2.9143600463867188,695.9617309570312,411.3240966796875,10.499570846557617,4.699709892272949,439.300048828125,11.647906303405762,4.579460144042969,440.7744445800781,10.946077346801758,4.635283470153809
800,1013.2008056640625,692.6583251953125,17.745643615722656,3.2674014568328857,633.4315795898438,16.870655059814453,3.0497405529022217,615.373779296875,16.62139320373535,2.9451003074645996,826.2633056640625,485.1206970214844,14.344351768493652,4.864339351654053,526.6342163085938,15.297205924987793,4.731274127960205,522.73681640625,14.936952590942383,4.8306884765625
801,1006.103515625,679.6177368164062,17.068098068237305,3.1306605339050293,629.1143798828125,16.542213439941406,2.990220785140991,613.4837646484375,16.236310958862305,2.9129984378814697,669.0443725585938,419.7767639160156,13.845626831054688,4.217981338500977,434.6797180175781,13.785527229309082,4.0943098068237305,412.70745849609375,12.774635314941406,4.106544494628906
802,1007.66796875,677.3436889648438,16.92982292175293,3.148125171661377,636.5181884765625,16.702924728393555,3.0179636478424072,613.5093994140625,16.44667625427246,2.9264440536499023,688.9932861328125,389.1912841796875,11.102949142456055,4.4073286056518555,471.05389404296875,13.277095794677734,4.714445114135742,430.9198303222656,11.978581428527832,4.564919948577881
803,999.586181640625,679.1038208007812,16.801233291625977,3.098787307739258,630.244384765625,16.401042938232422,2.969036817550659,606.7816772460938,16.227975845336914,2.8943912982940674,619.171630859375,360.0146789550781,10.476458549499512,4.106473445892334,421.9955749511719,12.77612590789795,4.373507976531982,384.5684814453125,11.631638526916504,4.257861614227295
804,1023.2474975585938,697.07861328125,17.546966552734375,3.291287422180176,636.3881225585938,16.85514259338379,3.041486978530884,623.2073974609375,16.54011344909668,2.9371273517608643,739.1068115234375,423.7392272949219,11.75693130493164,4.693077087402344,486.234375,13.67599105834961,4.850226402282715,466.11474609375,13.416569709777832,4.825605392456055
805,1008.2271118164062,698.8450927734375,17.654714584350586,3.2192647457122803,626.77734375,16.692163467407227,3.0129411220550537,610.540283203125,16.31952667236328,2.918604850769043,593.6935424804688,339.9425354003906,10.022989273071289,4.144047260284424,390.90399169921875,11.62640380859375,4.171838760375977,374.4395751953125,11.182758331298828,4.1990556716918945
806,1008.0203247070312,682.3590698242188,16.885263442993164,3.0925512313842773,628.4276733398438,16.473052978515625,2.984726667404175,614.784423828125,16.34574317932129,2.909001111984253,632.1469116210938,366.4710388183594,9.430033683776855,4.374390125274658,400.44091796875,10.426980972290039,4.328953742980957,402.0733337402344,10.756284713745117,4.405055999755859
807,1016.9761962890625,686.8014526367188,17.417152404785156,3.1696345806121826,629.6365356445312,16.694719314575195,2.9981648921966553,622.0447387695312,16.572324752807617,2.9308173656463623,629.9868774414062,391.14739990234375,11.502695083618164,4.605401515960693,408.71856689453125,11.971442222595215,4.364973068237305,390.0270690917969,11.686763763427734,4.3521037101745605
808,1017.40478515625,692.0723876953125,17.595672607421875,3.2770848274230957,636.4879150390625,16.781688690185547,3.0538382530212402,618.8367309570312,16.444408416748047,2.952282667160034,667.145263671875,378.855224609375,11.373872756958008,4.220007419586182,454.02667236328125,13.472493171691895,4.474122047424316,417.2807312011719,11.633145332336426,4.268032073974609
809,1003.9141235351562,693.76025390625,18.15138053894043,3.297837734222412,631.30517578125,16.917160034179688,3.0286507606506348,606.39453125,16.501441955566406,2.931938409805298,794.505859375,478.7484436035156,15.546591758728027,4.477097034454346,524.396728515625,15.295940399169922,4.678658962249756,493.5622253417969,14.031656265258789,4.551429748535156
810,1021.4481201171875,694.588623046875,17.38204002380371,3.206048011779785,642.5452270507812,16.987051010131836,3.0551319122314453,620.30810546875,16.68645477294922,2.9646143913269043,817.4114990234375,498.68572998046875,13.99974536895752,4.387497425079346,540.4869995117188,14.099077224731445,4.670447826385498,505.65972900390625,13.757935523986816,4.605508327484131
811,1031.5465087890625,714.6683959960938,17.70822525024414,3.243589401245117,638.8773193359375,16.812448501586914,3.0297741889953613,625.482666015625,16.529272079467773,2.9426889419555664,857.9696655273438,417.7076416015625,12.658455848693848,3.7524235248565674,554.9404296875,16.766496658325195,4.368118762969971,566.17529296875,15.959753036499023,4.401134014129639
812,1028.76708984375,682.7847290039062,17.348594665527344,3.199571132659912,635.5574951171875,16.84414291381836,3.051921844482422,633.2642822265625,16.800853729248047,2.9868626594543457,715.6824951171875,382.02301025390625,11.990832328796387,4.234666347503662,436.9389953613281,12.739490509033203,4.303040504455566,469.9939270019531,13.023896217346191,4.499316215515137
813,1016.8257446289062,687.2119750976562,17.406341552734375,3.190413475036621,639.5548095703125,16.89673614501953,3.052828550338745,618.7957153320312,16.612308502197266,2.9531826972961426,755.9729614257812,418.9859619140625,10.78634262084961,4.664682865142822,519.9248657226562,13.577445983886719,4.901739120483398,474.2996826171875,11.428256034851074,4.676509380340576
814,1004.093505859375,683.94189453125,17.466325759887695,3.1565492153167725,627.9671020507812,16.670358657836914,3.0001394748687744,610.5209350585938,16.465177536010742,2.9286210536956787,706.429931640625,400.3267517089844,10.808395385742188,4.434751510620117,466.5136413574219,12.460465431213379,4.62928581237793,446.3777770996094,11.415453910827637,4.527061939239502
815,1011.2444458007812,692.1322021484375,17.875194549560547,3.252127170562744,629.37890625,16.877330780029297,3.033050060272217,614.7911376953125,16.472665786743164,2.925429105758667,915.4249877929688,510.9732971191406,14.143747329711914,4.454523086547852,584.92529296875,15.813065528869629,4.772264003753662,586.6553955078125,15.253568649291992,4.724616527557373
816,1018.9064331054688,685.4298706054688,17.005271911621094,3.1342597007751465,637.0985107421875,16.689157485961914,2.9976840019226074,622.1478271484375,16.469778060913086,2.9227395057678223,710.0213012695312,390.0446472167969,11.253283500671387,4.40372371673584,438.4564208984375,12.364179611206055,4.50186014175415,461.4709167480469,12.1541748046875,4.703081130981445
817,997.0746459960938,676.53955078125,17.081560134887695,3.1387643814086914,619.379638671875,16.462017059326172,2.971306562423706,608.2988891601562,16.332780838012695,2.898238182067871,728.6619262695312,386.1749572753906,11.565879821777344,4.019242763519287,457.0355224609375,13.840473175048828,4.212434768676758,475.6987609863281,13.584078788757324,4.485230922698975
818,1000.1666870117188,677.8797607421875,16.850656509399414,3.1029152870178223,626.4326171875,16.578907012939453,2.9695355892181396,608.8729858398438,16.36163902282715,2.893385171890259,689.716552734375,398.2419738769531,11.674517631530762,4.503668785095215,406.4591064453125,11.356513023376465,4.332187175750732,448.3061828613281,11.700993537902832,4.661376476287842
819,1009.5648803710938,677.7578125,17.04873275756836,3.1051015853881836,628.9767456054688,16.583425521850586,2.9860074520111084,617.54443359375,16.452768325805664,2.9171762466430664,626.3555297851562,347.0155029296875,10.024460792541504,4.195150375366211,374.23431396484375,10.429722785949707,4.10238790512085,409.98052978515625,11.105568885803223,4.401604652404785
820,1006.0777587890625,710.2488403320312,17.78778839111328,3.4181439876556396,623.387939453125,16.55950164794922,3.041429281234741,605.9867553710938,16.16425895690918,2.89802885055542,792.7438354492188,468.91571044921875,13.162483215332031,4.817140579223633,515.8324584960938,15.091422080993652,4.783421039581299,497.3193054199219,12.979713439941406,4.671201229095459
821,997.1435546875,674.4991455078125,17.271421432495117,3.12302303314209,624.8323974609375,16.604223251342773,3.0009615421295166,607.3441162109375,16.340606689453125,2.9254026412963867,658.8732299804688,389.4326477050781,10.68864631652832,4.482933521270752,405.6126403808594,10.475065231323242,4.265795707702637,420.3595886230469,10.43225383758545,4.361936092376709
822,999.1688842773438,666.0187377929688,17.043071746826172,3.1095972061157227,623.1038818359375,16.502029418945312,2.9701287746429443,612.4321899414062,16.42229461669922,2.899665355682373,693.8834838867188,415.25604248046875,12.164017677307129,4.66241979598999,435.0645446777344,11.777349472045898,4.432188510894775,438.78729248046875,11.396003723144531,4.4956254959106445
823,1005.4693603515625,712.0411376953125,17.914451599121094,3.3131766319274902,626.1900634765625,16.597665786743164,3.015825033187866,604.0,16.18793296813965,2.8951146602630615,589.2653198242188,327.4472351074219,11.360732078552246,3.6315176486968994,368.3379821777344,11.729047775268555,3.8642072677612305,380.52978515625,11.65748405456543,3.9832050800323486
824,1000.7573852539062,684.0126342773438,17.395143508911133,3.2697768211364746,623.881591796875,16.557615280151367,2.9914371967315674,608.3890380859375,16.32398796081543,2.9051616191864014,748.2710571289062,381.9189147949219,12.854450225830078,4.049941062927246,462.76068115234375,13.67989730834961,4.581557750701904,494.8671875,14.37424373626709,4.816645622253418
825,1020.4895629882812,699.134765625,16.996959686279297,3.188986301422119,630.3582153320312,16.619094848632812,3.014453649520874,621.6417236328125,16.437002182006836,2.9313108921051025,725.5847778320312,373.9480285644531,9.520883560180664,4.4113569259643555,491.3196716308594,11.7540283203125,4.902388095855713,466.00439453125,12.203532218933105,4.871608734130859
826,1011.2021484375,697.9417724609375,17.779056549072266,3.220717191696167,633.7266845703125,16.754457473754883,3.018613815307617,611.70166015625,16.315200805664062,2.9137380123138428,827.1249389648438,460.2856750488281,13.298983573913574,4.4111247062683105,519.2513427734375,14.971626281738281,4.270946502685547,533.2637329101562,15.461004257202148,4.34919548034668
827,1020.2321166992188,704.073974609375,17.7746639251709,3.2560174465179443,633.0107421875,16.74610137939453,3.012263059616089,619.1066284179688,16.517902374267578,2.932588815689087,815.1876220703125,414.1608581542969,11.564810752868652,4.533444404602051,529.4515380859375,13.89098834991455,4.949946403503418,532.1039428710938,14.143670082092285,4.9984941482543945
828,1008.57275390625,677.4138793945312,17.11818504333496,3.1226491928100586,632.8536376953125,16.5845947265625,2.97885799407959,615.4924926757812,16.40778350830078,2.8940305709838867,698.9068603515625,387.03350830078125,11.715911865234375,4.216796875,455.955078125,13.117130279541016,4.4209465980529785,446.0103759765625,12.895313262939453,4.537210464477539
829,1005.0010375976562,678.30859375,17.503599166870117,3.1372971534729004,626.089599609375,16.749637603759766,2.978165626525879,613.6814575195312,16.523509979248047,2.910611391067505,911.0469360351562,457.9573669433594,13.696794509887695,4.303804874420166,573.9219360351562,16.787965774536133,4.7759623527526855,601.4832153320312,17.0509090423584,4.872672080993652
830,1009.7490234375,699.1083984375,17.64148712158203,3.261430025100708,629.432373046875,16.60947036743164,3.0099377632141113,611.1868286132812,16.407066345214844,2.930854320526123,872.2059326171875,482.0735168457031,12.144593238830566,4.9217352867126465,568.5756225585938,15.179986000061035,5.003246784210205,557.0111694335938,14.420554161071777,4.947131156921387
831,1008.125732421875,695.8053588867188,17.802072525024414,3.3428027629852295,629.03076171875,16.70953369140625,3.0493786334991455,610.6748657226562,16.468809127807617,2.949734687805176,661.9846801757812,294.9927978515625,9.599321365356445,3.6116061210632324,420.9658203125,13.263883590698242,4.350551605224609,447.19708251953125,13.037531852722168,4.454052448272705
832,1025.5908203125,716.107177734375,17.86204719543457,3.306581974029541,632.201171875,16.749670028686523,3.0463292598724365,621.0983276367188,16.438417434692383,2.9472010135650635,649.67236328125,329.19287109375,10.851278305053711,3.8021931648254395,381.15472412109375,11.61536693572998,4.092914581298828,436.5680847167969,12.776700019836426,4.426360130310059
833,1020.2432861328125,687.6497192382812,17.05784034729004,3.142404556274414,645.1609497070312,16.762069702148438,3.0402121543884277,620.3999633789062,16.496999740600586,2.963888168334961,616.9429931640625,334.3514099121094,10.003288269042969,3.934109926223755,408.6158447265625,12.191746711730957,4.352085590362549,394.05279541015625,10.70116138458252,4.23473596572876
834,1024.09765625,683.041748046875,17.332719802856445,3.1621785163879395,637.3709106445312,16.820775985717773,3.009164571762085,627.9737548828125,16.499177932739258,2.930488348007202,731.4653930664062,427.61224365234375,12.595842361450195,4.378226280212402,472.66119384765625,14.146592140197754,4.391353130340576,461.3833312988281,13.673863410949707,4.342042446136475
835,1005.4148559570312,674.6936645507812,17.023988723754883,3.1545329093933105,626.6931762695312,16.527605056762695,2.980315923690796,614.998779296875,16.48750877380371,2.915308713912964,677.4968872070312,437.7272644042969,12.388310432434082,4.021099090576172,436.6962890625,12.236766815185547,4.137307643890381,415.1697692871094,11.346132278442383,4.092248439788818
836,1013.930908203125,675.7802734375,17.13388442993164,3.134988307952881,631.0391235351562,16.639719009399414,3.0082170963287354,621.8850708007812,16.597942352294922,2.9520180225372314,813.0839233398438,504.90863037109375,14.049543380737305,4.494654178619385,520.180419921875,14.284648895263672,4.691529750823975,505.55718994140625,13.358344078063965,4.556431293487549
837,1013.7583618164062,696.3970336914062,17.76251220703125,3.197758197784424,632.0787353515625,16.729814529418945,3.0062713623046875,615.215576171875,16.503524780273438,2.9208664894104004,848.6377563476562,462.8161315917969,11.781798362731934,4.7350921630859375,553.8258666992188,15.04531478881836,5.079467296600342,543.645263671875,13.219767570495605,4.908469200134277
838,1070.1287841796875,760.2240600585938,19.40968894958496,3.6556289196014404,661.8173828125,17.54175567626953,3.2176129817962646,643.5161743164062,16.915006637573242,3.014608860015869,914.409423828125,410.8047790527344,12.411139488220215,3.9588022232055664,579.0469970703125,16.320457458496094,4.4658122062683105,617.453857421875,16.307714462280273,4.4263176918029785
839,1021.5504150390625,689.9259643554688,17.36284065246582,3.197643995285034,641.063232421875,16.893381118774414,3.04246187210083,622.2534790039062,16.646812438964844,2.9574811458587646,775.8427124023438,394.4227600097656,11.930887222290039,4.217413425445557,482.8373107910156,13.109793663024902,4.659027099609375,512.6646728515625,13.339750289916992,4.867784023284912
840,1004.533447265625,681.51318359375,17.355497360229492,3.185913324356079,628.4959716796875,16.784866333007812,3.0117928981781006,611.53076171875,16.55860137939453,2.94939923286438,819.6231079101562,422.3150329589844,11.638481140136719,4.617595672607422,493.43536376953125,13.620872497558594,4.774153232574463,544.89794921875,13.907766342163086,5.11747932434082
841,1012.5317993164062,676.0771484375,17.451030731201172,3.2570266723632812,629.23046875,16.703636169433594,3.049912452697754,620.9396362304688,16.44512939453125,2.9300308227539062,606.5546875,329.5549011230469,9.58419132232666,3.652888774871826,388.9661560058594,11.903090476989746,3.964402198791504,390.99835205078125,11.146966934204102,4.016218185424805
842,1007.6600952148438,691.7891235351562,17.532567977905273,3.2313973903656006,632.5794677734375,16.799667358398438,3.021014451980591,610.3494262695312,16.423078536987305,2.8999435901641846,583.5238647460938,327.0838317871094,11.259958267211914,3.876605272293091,354.86395263671875,10.087182998657227,4.005453109741211,378.9395446777344,10.790847778320312,4.269846439361572
843,1007.4194946289062,696.4771728515625,17.383743286132812,3.2558023929595947,629.7194213867188,16.716943740844727,3.0284788608551025,609.560546875,16.431001663208008,2.9234235286712646,584.243408203125,339.4153137207031,10.599128723144531,3.756545305252075,395.43798828125,12.249406814575195,4.165961265563965,363.7874450683594,10.77523422241211,3.980412483215332
844,1021.4360961914062,713.8416137695312,18.336471557617188,3.386359691619873,636.5299682617188,17.031667709350586,3.0513627529144287,616.3245239257812,16.509151458740234,2.9099807739257812,636.37109375,320.4384765625,9.265104293823242,3.8575923442840576,396.6804504394531,10.96937084197998,4.266193866729736,421.2354431152344,11.419350624084473,4.446866989135742
845,997.7998046875,673.094970703125,16.765146255493164,3.009509801864624,621.2503662109375,16.45583724975586,2.9733726978302,609.4961547851562,16.342525482177734,2.9255495071411133,748.4164428710938,409.20306396484375,11.1978759765625,4.562875747680664,471.12200927734375,12.871763229370117,4.730072498321533,484.3189697265625,12.131207466125488,4.830957889556885
846,1012.433837890625,703.36572265625,17.749814987182617,3.2931365966796875,627.0988159179688,16.721336364746094,3.0355682373046875,613.29443359375,16.390357971191406,2.9161524772644043,675.2990112304688,402.5830078125,10.900588035583496,4.382648944854736,429.11444091796875,12.347460746765137,4.294789791107178,425.7897033691406,11.896446228027344,4.298182010650635
847,1022.263427734375,699.6466064453125,17.327791213989258,3.178327798843384,640.8649291992188,16.499099731445312,3.004296064376831,620.1100463867188,16.249746322631836,2.9071686267852783,710.1755981445312,356.2108154296875,10.947112083435059,4.094658374786377,459.1561279296875,15.033885955810547,4.4777140617370605,465.56549072265625,14.540285110473633,4.590439319610596
848,1004.3092041015625,684.8790893554688,16.90739631652832,3.1571669578552246,627.0316772460938,16.368207931518555,2.9654979705810547,610.7359008789062,16.18986701965332,2.8765506744384766,740.1768798828125,394.4348449707031,10.39931869506836,4.481826305389404,452.49737548828125,12.179532051086426,4.646695613861084,486.09716796875,12.163661003112793,4.84074592590332
